/*******************************************************************************
 * Size: 24 px
 * Bpp: 4
 * Opts: --font src\Figtree-SemiBold.ttf --size 24 --bpp 4 --format lvgl --range 0x20-0x7E,0xA0-0x17F,0x2013-0x2014,0x2018-0x201E,0x2022,0x2026,0x20AC --no-compress --lv-include lvgl.h --lv-font-name fig_sb_24 -o fig_sb_24.c
 ******************************************************************************/

#ifdef LV_LVGL_H_INCLUDE_SIMPLE
#include "lvgl.h"
#else
#include "lvgl.h"
#endif

#ifndef FIG_SB_24
#define FIG_SB_24 1
#endif

#if FIG_SB_24

/*-----------------
 *    BITMAPS
 *----------------*/

/*Store the image of the glyphs*/
static LV_ATTRIBUTE_LARGE_CONST const uint8_t glyph_bitmap[] = {
    /* U+0020 " " */

    /* U+0021 "!" */
    0xc, 0xff, 0x20, 0xcf, 0xf2, 0xc, 0xff, 0x10,
    0xbf, 0xf1, 0xb, 0xff, 0x10, 0xbf, 0xf1, 0xb,
    0xff, 0x0, 0xaf, 0xf0, 0xa, 0xff, 0x0, 0xaf,
    0xf0, 0xa, 0xff, 0x0, 0x35, 0x40, 0x0, 0x41,
    0x0, 0xbf, 0xf1, 0xf, 0xff, 0x50, 0x6f, 0xb0,

    /* U+0022 "\"" */
    0x8f, 0xf0, 0xff, 0x87, 0xff, 0xf, 0xf7, 0x7f,
    0xe0, 0xef, 0x76, 0xfd, 0xd, 0xf6, 0x5f, 0xc0,
    0xdf, 0x54, 0xc9, 0x9, 0xc4,

    /* U+0023 "#" */
    0x0, 0x0, 0xd, 0xf3, 0x0, 0x9f, 0x70, 0x0,
    0x0, 0x0, 0xff, 0x0, 0xc, 0xf4, 0x0, 0x0,
    0x0, 0x3f, 0xd0, 0x0, 0xff, 0x10, 0x0, 0x0,
    0x6, 0xfa, 0x0, 0x2f, 0xe0, 0x0, 0xb, 0xff,
    0xff, 0xff, 0xff, 0xff, 0xff, 0xc0, 0xbd, 0xdf,
    0xfe, 0xdd, 0xef, 0xed, 0xd8, 0x0, 0x0, 0xef,
    0x20, 0x9, 0xf6, 0x0, 0x0, 0x0, 0xf, 0xf0,
    0x0, 0xcf, 0x40, 0x0, 0x0, 0x2, 0xfd, 0x0,
    0xe, 0xf2, 0x0, 0x0, 0x0, 0x4f, 0xb0, 0x0,
    0xff, 0x0, 0x0, 0x9f, 0xff, 0xff, 0xff, 0xff,
    0xff, 0xfe, 0x9, 0xdd, 0xff, 0xed, 0xde, 0xfe,
    0xdd, 0xa0, 0x0, 0xc, 0xf3, 0x0, 0x8f, 0x70,
    0x0, 0x0, 0x0, 0xff, 0x10, 0xb, 0xf5, 0x0,
    0x0, 0x0, 0x2f, 0xe0, 0x0, 0xdf, 0x20, 0x0,
    0x0, 0x4, 0xfb, 0x0, 0xf, 0xf0, 0x0, 0x0,

    /* U+0024 "$" */
    0x0, 0x0, 0x2a, 0xa0, 0x0, 0x0, 0x0, 0x0,
    0x3f, 0xf1, 0x0, 0x0, 0x0, 0x0, 0x4f, 0xf1,
    0x0, 0x0, 0x0, 0x5d, 0xff, 0xff, 0xb2, 0x0,
    0x8, 0xff, 0xff, 0xff, 0xff, 0x40, 0x2f, 0xfd,
    0x40, 0x17, 0xff, 0xe0, 0x6f, 0xf5, 0x0, 0x0,
    0x6a, 0x50, 0x6f, 0xf4, 0x0, 0x0, 0x0, 0x0,
    0x3f, 0xfd, 0x40, 0x0, 0x0, 0x0, 0xa, 0xff,
    0xfe, 0xb6, 0x10, 0x0, 0x0, 0x7e, 0xff, 0xff,
    0xf6, 0x0, 0x0, 0x0, 0x48, 0xcf, 0xff, 0x70,
    0x0, 0x0, 0x0, 0x3, 0xef, 0xf1, 0x0, 0x0,
    0x0, 0x0, 0x7f, 0xf4, 0x6c, 0xd1, 0x0, 0x0,
    0x9f, 0xf3, 0x8f, 0xfd, 0x63, 0x49, 0xff, 0xe0,
    0x9, 0xff, 0xff, 0xff, 0xff, 0x40, 0x0, 0x4a,
    0xef, 0xfd, 0x91, 0x0, 0x0, 0x0, 0x3f, 0xf1,
    0x0, 0x0, 0x0, 0x0, 0x3f, 0xf1, 0x0, 0x0,
    0x0, 0x0, 0x3f, 0xf1, 0x0, 0x0,

    /* U+0025 "%" */
    0x4, 0xcf, 0xea, 0x20, 0x0, 0x0, 0x3f, 0xf8,
    0x0, 0x5f, 0xfe, 0xff, 0xe2, 0x0, 0x1, 0xef,
    0xc0, 0x0, 0xcf, 0x70, 0xa, 0xf8, 0x0, 0xb,
    0xfe, 0x20, 0x0, 0xef, 0x20, 0x5, 0xfa, 0x0,
    0x7f, 0xf5, 0x0, 0x0, 0xbf, 0x91, 0x1c, 0xf8,
    0x3, 0xff, 0x80, 0x0, 0x0, 0x3f, 0xff, 0xff,
    0xd1, 0x1e, 0xfc, 0x0, 0x0, 0x0, 0x2, 0x9c,
    0xc8, 0x10, 0xaf, 0xe2, 0x0, 0x0, 0x0, 0x0,
    0x0, 0x0, 0x6, 0xff, 0x50, 0x0, 0x0, 0x0,
    0x0, 0x0, 0x0, 0x3f, 0xf8, 0x8, 0xef, 0xd5,
    0x0, 0x0, 0x0, 0x0, 0xdf, 0xc0, 0xaf, 0xfe,
    0xff, 0x60, 0x0, 0x0, 0xa, 0xfe, 0x23, 0xff,
    0x20, 0x5f, 0xe0, 0x0, 0x0, 0x6f, 0xf5, 0x6,
    0xf9, 0x0, 0xe, 0xf2, 0x0, 0x3, 0xff, 0x80,
    0x6, 0xfa, 0x0, 0xe, 0xf2, 0x0, 0xd, 0xfc,
    0x0, 0x3, 0xff, 0x20, 0x6f, 0xe0, 0x0, 0xaf,
    0xe2, 0x0, 0x0, 0xaf, 0xfe, 0xff, 0x60, 0x6,
    0xff, 0x50, 0x0, 0x0, 0x8, 0xef, 0xd5, 0x0,

    /* U+0026 "&" */
    0x0, 0x7, 0xdf, 0xec, 0x50, 0x0, 0x0, 0x0,
    0xb, 0xff, 0xff, 0xff, 0x90, 0x0, 0x0, 0x5,
    0xff, 0xb3, 0x3b, 0xff, 0x30, 0x0, 0x0, 0x8f,
    0xf1, 0x0, 0x2f, 0xf6, 0x0, 0x0, 0x5, 0xff,
    0x60, 0x6, 0xff, 0x40, 0x0, 0x0, 0xc, 0xff,
    0x47, 0xff, 0xb0, 0x0, 0x0, 0x0, 0x1e, 0xff,
    0xff, 0xa0, 0x0, 0x0, 0x0, 0x0, 0xaf, 0xff,
    0x90, 0x0, 0x0, 0x0, 0x2, 0xdf, 0xff, 0xfe,
    0x20, 0x2, 0x21, 0x1, 0xef, 0xf5, 0x4f, 0xfe,
    0x11, 0xff, 0x70, 0x9f, 0xf4, 0x0, 0x5f, 0xfd,
    0x7f, 0xf4, 0xc, 0xff, 0x0, 0x0, 0x6f, 0xff,
    0xfe, 0x0, 0xcf, 0xf2, 0x0, 0x0, 0x9f, 0xff,
    0x60, 0x7, 0xff, 0xd6, 0x56, 0xaf, 0xff, 0xf8,
    0x0, 0xb, 0xff, 0xff, 0xff, 0xff, 0xef, 0xf4,
    0x0, 0x6, 0xcf, 0xfe, 0xc7, 0x12, 0xff, 0xe2,

    /* U+0027 "'" */
    0x8f, 0xf0, 0x7f, 0xf0, 0x7f, 0xe0, 0x6f, 0xd0,
    0x5f, 0xc0, 0x4c, 0x90,

    /* U+0028 "(" */
    0x0, 0x0, 0x11, 0x10, 0x0, 0x3f, 0xf8, 0x0,
    0xc, 0xfd, 0x0, 0x7, 0xff, 0x30, 0x1, 0xff,
    0xa0, 0x0, 0x7f, 0xf3, 0x0, 0xe, 0xfd, 0x0,
    0x3, 0xff, 0x80, 0x0, 0x7f, 0xf4, 0x0, 0xa,
    0xff, 0x0, 0x0, 0xbf, 0xf0, 0x0, 0xc, 0xfe,
    0x0, 0x0, 0xbf, 0xf0, 0x0, 0x9, 0xff, 0x10,
    0x0, 0x6f, 0xf4, 0x0, 0x3, 0xff, 0x80, 0x0,
    0xd, 0xfd, 0x0, 0x0, 0x7f, 0xf4, 0x0, 0x0,
    0xef, 0xb0, 0x0, 0x6, 0xff, 0x40, 0x0, 0xc,
    0xfe, 0x0, 0x0, 0x2f, 0xf9,

    /* U+0029 ")" */
    0x1, 0x11, 0x0, 0x0, 0xa, 0xff, 0x10, 0x0,
    0x1, 0xef, 0xb0, 0x0, 0x0, 0x6f, 0xf5, 0x0,
    0x0, 0xd, 0xfe, 0x0, 0x0, 0x5, 0xff, 0x50,
    0x0, 0x0, 0xff, 0xb0, 0x0, 0x0, 0xaf, 0xf1,
    0x0, 0x0, 0x6f, 0xf5, 0x0, 0x0, 0x3f, 0xf8,
    0x0, 0x0, 0x1f, 0xf9, 0x0, 0x0, 0xf, 0xfa,
    0x0, 0x0, 0x1f, 0xf9, 0x0, 0x0, 0x3f, 0xf7,
    0x0, 0x0, 0x6f, 0xf4, 0x0, 0x0, 0xaf, 0xf1,
    0x0, 0x0, 0xff, 0xb0, 0x0, 0x6, 0xff, 0x50,
    0x0, 0xd, 0xfd, 0x0, 0x0, 0x7f, 0xf4, 0x0,
    0x1, 0xff, 0xa0, 0x0, 0xb, 0xfe, 0x10, 0x0,

    /* U+002A "*" */
    0x0, 0x2, 0xfc, 0x0, 0x0, 0x0, 0x1, 0xfb,
    0x0, 0x0, 0x2d, 0x72, 0xfa, 0x28, 0xb0, 0x7f,
    0xff, 0xff, 0xff, 0xf1, 0x2, 0x6d, 0xff, 0xb5,
    0x10, 0x0, 0x3f, 0xef, 0xd1, 0x0, 0x2, 0xef,
    0x48, 0xfc, 0x0, 0x2, 0xd9, 0x0, 0xd9, 0x0,
    0x0, 0x0, 0x0, 0x0, 0x0,

    /* U+002B "+" */
    0x0, 0x0, 0x6b, 0x70, 0x0, 0x0, 0x0, 0x0,
    0x9f, 0xa0, 0x0, 0x0, 0x0, 0x0, 0x9f, 0xa0,
    0x0, 0x0, 0x0, 0x0, 0x9f, 0xa0, 0x0, 0x0,
    0x22, 0x22, 0xaf, 0xb2, 0x22, 0x20, 0xff, 0xff,
    0xff, 0xff, 0xff, 0xf1, 0xff, 0xff, 0xff, 0xff,
    0xff, 0xf1, 0x0, 0x0, 0x9f, 0xa0, 0x0, 0x0,
    0x0, 0x0, 0x9f, 0xa0, 0x0, 0x0, 0x0, 0x0,
    0x9f, 0xa0, 0x0, 0x0, 0x0, 0x0, 0x9f, 0xa0,
    0x0, 0x0,

    /* U+002C "," */
    0x0, 0x45, 0x50, 0x0, 0xff, 0xb0, 0x4, 0xff,
    0x50, 0x8, 0xfe, 0x0, 0xc, 0xf8, 0x0, 0x1f,
    0xf1, 0x0,

    /* U+002D "-" */
    0x24, 0x44, 0x44, 0x42, 0xaf, 0xff, 0xff, 0xf8,
    0xaf, 0xff, 0xff, 0xf8,

    /* U+002E "." */
    0x3, 0x10, 0x9f, 0xf3, 0xdf, 0xf6, 0x5e, 0xc1,

    /* U+002F "/" */
    0x0, 0x0, 0x0, 0x8, 0x84, 0x0, 0x0, 0x0,
    0x5f, 0xf4, 0x0, 0x0, 0x0, 0xbf, 0xe0, 0x0,
    0x0, 0x0, 0xff, 0x90, 0x0, 0x0, 0x6, 0xff,
    0x30, 0x0, 0x0, 0xb, 0xfe, 0x0, 0x0, 0x0,
    0x1f, 0xf9, 0x0, 0x0, 0x0, 0x6f, 0xf3, 0x0,
    0x0, 0x0, 0xbf, 0xe0, 0x0, 0x0, 0x1, 0xff,
    0x90, 0x0, 0x0, 0x6, 0xff, 0x30, 0x0, 0x0,
    0xc, 0xfe, 0x0, 0x0, 0x0, 0x1f, 0xf8, 0x0,
    0x0, 0x0, 0x6f, 0xf3, 0x0, 0x0, 0x0, 0xcf,
    0xe0, 0x0, 0x0, 0x1, 0xff, 0x80, 0x0, 0x0,
    0x7, 0xff, 0x30, 0x0, 0x0, 0xc, 0xfd, 0x0,
    0x0, 0x0, 0x2f, 0xf8, 0x0, 0x0, 0x0, 0x7f,
    0xf3, 0x0, 0x0, 0x0,

    /* U+0030 "0" */
    0x0, 0x0, 0x29, 0xdf, 0xfb, 0x50, 0x0, 0x0,
    0x0, 0x5f, 0xff, 0xff, 0xff, 0xb0, 0x0, 0x0,
    0x5f, 0xff, 0xb7, 0x9e, 0xff, 0xc0, 0x0, 0xe,
    0xff, 0x50, 0x0, 0x1c, 0xff, 0x60, 0x6, 0xff,
    0x80, 0x0, 0x0, 0x1f, 0xfe, 0x0, 0xbf, 0xf1,
    0x0, 0x0, 0x0, 0x9f, 0xf3, 0xe, 0xfd, 0x0,
    0x0, 0x0, 0x5, 0xff, 0x60, 0xff, 0xb0, 0x0,
    0x0, 0x0, 0x3f, 0xf7, 0xf, 0xfb, 0x0, 0x0,
    0x0, 0x3, 0xff, 0x70, 0xef, 0xd0, 0x0, 0x0,
    0x0, 0x5f, 0xf6, 0xb, 0xff, 0x10, 0x0, 0x0,
    0x9, 0xff, 0x30, 0x6f, 0xf8, 0x0, 0x0, 0x1,
    0xff, 0xe0, 0x0, 0xef, 0xf5, 0x0, 0x1, 0xcf,
    0xf6, 0x0, 0x4, 0xff, 0xfb, 0x89, 0xef, 0xfc,
    0x0, 0x0, 0x5, 0xff, 0xff, 0xff, 0xfb, 0x0,
    0x0, 0x0, 0x2, 0x9e, 0xff, 0xc6, 0x0, 0x0,

    /* U+0031 "1" */
    0x0, 0x7, 0xff, 0x90, 0x4c, 0xff, 0xf9, 0xcf,
    0xff, 0xff, 0x9c, 0xfd, 0x6f, 0xf9, 0x54, 0x1,
    0xff, 0x90, 0x0, 0x1f, 0xf9, 0x0, 0x1, 0xff,
    0x90, 0x0, 0x1f, 0xf9, 0x0, 0x1, 0xff, 0x90,
    0x0, 0x1f, 0xf9, 0x0, 0x1, 0xff, 0x90, 0x0,
    0x1f, 0xf9, 0x0, 0x1, 0xff, 0x90, 0x0, 0x1f,
    0xf9, 0x0, 0x1, 0xff, 0x90, 0x0, 0x1f, 0xf9,

    /* U+0032 "2" */
    0x0, 0x4, 0xae, 0xfe, 0xb6, 0x0, 0x0, 0xa,
    0xff, 0xff, 0xff, 0xfc, 0x0, 0x9, 0xff, 0xfa,
    0x8a, 0xff, 0xfa, 0x2, 0xff, 0xf3, 0x0, 0x2,
    0xff, 0xf1, 0x14, 0x76, 0x0, 0x0, 0xa, 0xff,
    0x30, 0x0, 0x0, 0x0, 0x0, 0xbf, 0xf2, 0x0,
    0x0, 0x0, 0x0, 0x5f, 0xfd, 0x0, 0x0, 0x0,
    0x0, 0x7f, 0xff, 0x30, 0x0, 0x0, 0x1, 0xbf,
    0xfe, 0x40, 0x0, 0x0, 0x5, 0xff, 0xfc, 0x20,
    0x0, 0x0, 0x9, 0xff, 0xf7, 0x0, 0x0, 0x0,
    0x9, 0xff, 0xe3, 0x0, 0x0, 0x0, 0x3, 0xff,
    0xf2, 0x0, 0x0, 0x0, 0x0, 0x9f, 0xfd, 0x66,
    0x66, 0x66, 0x63, 0xb, 0xff, 0xff, 0xff, 0xff,
    0xff, 0x80, 0xbf, 0xff, 0xff, 0xff, 0xff, 0xf8,

    /* U+0033 "3" */
    0x0, 0x4a, 0xef, 0xeb, 0x50, 0x0, 0x9, 0xff,
    0xff, 0xff, 0xfb, 0x0, 0x6f, 0xfd, 0x86, 0x8e,
    0xff, 0x80, 0x4, 0x80, 0x0, 0x2, 0xff, 0xc0,
    0x0, 0x0, 0x0, 0x0, 0xff, 0xc0, 0x0, 0x0,
    0x1, 0x4c, 0xff, 0x50, 0x0, 0x7, 0xff, 0xff,
    0xe5, 0x0, 0x0, 0x7, 0xff, 0xff, 0xc2, 0x0,
    0x0, 0x1, 0x45, 0x8f, 0xfe, 0x30, 0x0, 0x0,
    0x0, 0x2, 0xff, 0xc0, 0x0, 0x0, 0x0, 0x0,
    0xaf, 0xf1, 0x0, 0x0, 0x0, 0x0, 0xaf, 0xf3,
    0x4a, 0xe2, 0x0, 0x2, 0xff, 0xf0, 0x7f, 0xfe,
    0x86, 0x8f, 0xff, 0x90, 0x9, 0xff, 0xff, 0xff,
    0xfb, 0x0, 0x0, 0x4a, 0xdf, 0xeb, 0x50, 0x0,

    /* U+0034 "4" */
    0x0, 0x0, 0x0, 0x2, 0xff, 0xf3, 0x0, 0x0,
    0x0, 0x0, 0x0, 0xcf, 0xff, 0x30, 0x0, 0x0,
    0x0, 0x0, 0x8f, 0xff, 0xf3, 0x0, 0x0, 0x0,
    0x0, 0x4f, 0xfe, 0xff, 0x30, 0x0, 0x0, 0x0,
    0x1e, 0xfc, 0x7f, 0xf3, 0x0, 0x0, 0x0, 0xb,
    0xfe, 0x17, 0xff, 0x30, 0x0, 0x0, 0x7, 0xff,
    0x50, 0x7f, 0xf3, 0x0, 0x0, 0x3, 0xff, 0x90,
    0x7, 0xff, 0x30, 0x0, 0x1, 0xef, 0xd0, 0x0,
    0x7f, 0xf3, 0x0, 0x0, 0xaf, 0xf2, 0x0, 0x7,
    0xff, 0x30, 0x0, 0x2f, 0xff, 0xff, 0xff, 0xff,
    0xff, 0xff, 0x53, 0xff, 0xff, 0xff, 0xff, 0xff,
    0xff, 0xf5, 0x16, 0x66, 0x66, 0x66, 0xaf, 0xf8,
    0x66, 0x20, 0x0, 0x0, 0x0, 0x7, 0xff, 0x30,
    0x0, 0x0, 0x0, 0x0, 0x0, 0x7f, 0xf3, 0x0,
    0x0, 0x0, 0x0, 0x0, 0x7, 0xff, 0x30, 0x0,

    /* U+0035 "5" */
    0x5, 0xff, 0xff, 0xff, 0xff, 0xf0, 0x7, 0xff,
    0xff, 0xff, 0xff, 0xf0, 0x9, 0xff, 0x87, 0x77,
    0x77, 0x70, 0xb, 0xff, 0x0, 0x0, 0x0, 0x0,
    0xc, 0xfd, 0x0, 0x0, 0x0, 0x0, 0xe, 0xfc,
    0x8d, 0xfe, 0xa3, 0x0, 0xf, 0xff, 0xff, 0xff,
    0xff, 0x60, 0x2f, 0xff, 0x72, 0x38, 0xff, 0xf2,
    0x0, 0x32, 0x0, 0x0, 0x8f, 0xf9, 0x0, 0x0,
    0x0, 0x0, 0x1f, 0xfc, 0x0, 0x0, 0x0, 0x0,
    0xf, 0xfd, 0x0, 0x0, 0x0, 0x0, 0x2f, 0xfb,
    0x3a, 0xf4, 0x0, 0x0, 0xaf, 0xf6, 0x5f, 0xff,
    0xa6, 0x7c, 0xff, 0xd0, 0x6, 0xff, 0xff, 0xff,
    0xfd, 0x20, 0x0, 0x18, 0xdf, 0xfd, 0x70, 0x0,

    /* U+0036 "6" */
    0x0, 0x0, 0x3a, 0xef, 0xfc, 0x82, 0x0, 0x0,
    0x6, 0xff, 0xff, 0xff, 0xff, 0x30, 0x0, 0x5f,
    0xfe, 0x96, 0x79, 0xe9, 0x0, 0x0, 0xef, 0xc1,
    0x0, 0x0, 0x0, 0x0, 0x5, 0xff, 0x20, 0x0,
    0x0, 0x0, 0x0, 0xa, 0xfc, 0x19, 0xdf, 0xea,
    0x20, 0x0, 0xd, 0xfb, 0xef, 0xff, 0xff, 0xf5,
    0x0, 0xf, 0xff, 0xfc, 0x65, 0x9f, 0xff, 0x30,
    0xf, 0xff, 0xb0, 0x0, 0x6, 0xff, 0xa0, 0xf,
    0xff, 0x30, 0x0, 0x0, 0xef, 0xe0, 0xe, 0xff,
    0x10, 0x0, 0x0, 0xbf, 0xf0, 0xb, 0xff, 0x30,
    0x0, 0x0, 0xef, 0xf0, 0x5, 0xff, 0xb0, 0x0,
    0x7, 0xff, 0xb0, 0x0, 0xdf, 0xfd, 0x76, 0xaf,
    0xff, 0x30, 0x0, 0x2e, 0xff, 0xff, 0xff, 0xf5,
    0x0, 0x0, 0x0, 0x8d, 0xff, 0xd9, 0x20, 0x0,

    /* U+0037 "7" */
    0x2f, 0xff, 0xff, 0xff, 0xff, 0xff, 0x72, 0xff,
    0xff, 0xff, 0xff, 0xff, 0xf7, 0x18, 0x88, 0x88,
    0x88, 0x8e, 0xff, 0x30, 0x0, 0x0, 0x0, 0x2,
    0xff, 0xb0, 0x0, 0x0, 0x0, 0x0, 0xbf, 0xf3,
    0x0, 0x0, 0x0, 0x0, 0x3f, 0xfa, 0x0, 0x0,
    0x0, 0x0, 0xc, 0xff, 0x20, 0x0, 0x0, 0x0,
    0x5, 0xff, 0x90, 0x0, 0x0, 0x0, 0x0, 0xdf,
    0xf2, 0x0, 0x0, 0x0, 0x0, 0x6f, 0xf9, 0x0,
    0x0, 0x0, 0x0, 0xe, 0xff, 0x10, 0x0, 0x0,
    0x0, 0x7, 0xff, 0x80, 0x0, 0x0, 0x0, 0x0,
    0xef, 0xf1, 0x0, 0x0, 0x0, 0x0, 0x8f, 0xf8,
    0x0, 0x0, 0x0, 0x0, 0x1f, 0xfe, 0x0, 0x0,
    0x0, 0x0, 0x9, 0xff, 0x70, 0x0, 0x0, 0x0,

    /* U+0038 "8" */
    0x0, 0x18, 0xde, 0xfe, 0xb6, 0x0, 0x0, 0x4f,
    0xff, 0xff, 0xff, 0xfd, 0x10, 0xe, 0xff, 0xb5,
    0x46, 0xdf, 0xfa, 0x3, 0xff, 0xa0, 0x0, 0x0,
    0xef, 0xf0, 0x3f, 0xf8, 0x0, 0x0, 0xd, 0xfe,
    0x0, 0xcf, 0xf6, 0x10, 0x29, 0xff, 0x70, 0x1,
    0xaf, 0xff, 0xff, 0xff, 0x70, 0x0, 0x1a, 0xff,
    0xff, 0xff, 0xf7, 0x0, 0xc, 0xff, 0xb6, 0x47,
    0xdf, 0xf8, 0x7, 0xff, 0x80, 0x0, 0x0, 0xcf,
    0xf2, 0xcf, 0xf1, 0x0, 0x0, 0x5, 0xff, 0x7d,
    0xff, 0x0, 0x0, 0x0, 0x5f, 0xf8, 0xbf, 0xf8,
    0x0, 0x0, 0xc, 0xff, 0x64, 0xff, 0xfb, 0x65,
    0x7e, 0xff, 0xe0, 0x7, 0xff, 0xff, 0xff, 0xff,
    0xe3, 0x0, 0x2, 0x9d, 0xff, 0xec, 0x70, 0x0,

    /* U+0039 "9" */
    0x0, 0x5, 0xae, 0xfe, 0xb5, 0x0, 0x0, 0xa,
    0xff, 0xff, 0xff, 0xfb, 0x0, 0x9, 0xff, 0xf8,
    0x67, 0xef, 0xf9, 0x1, 0xff, 0xf2, 0x0, 0x0,
    0xcf, 0xf2, 0x3f, 0xf9, 0x0, 0x0, 0x5, 0xff,
    0x73, 0xff, 0x90, 0x0, 0x0, 0x5f, 0xfa, 0xf,
    0xfe, 0x10, 0x0, 0xc, 0xff, 0xc0, 0x8f, 0xfe,
    0x74, 0x6c, 0xff, 0xfc, 0x0, 0xaf, 0xff, 0xff,
    0xfc, 0xdf, 0xb0, 0x0, 0x5b, 0xef, 0xd7, 0xe,
    0xfa, 0x0, 0x0, 0x0, 0x0, 0x2, 0xff, 0x60,
    0x0, 0x0, 0x0, 0x0, 0x8f, 0xf2, 0x0, 0x21,
    0x0, 0x0, 0x4f, 0xfb, 0x0, 0xd, 0xf9, 0x77,
    0xbf, 0xff, 0x20, 0x6, 0xff, 0xff, 0xff, 0xff,
    0x40, 0x0, 0x3, 0x9d, 0xff, 0xd9, 0x20, 0x0,

    /* U+003A ":" */
    0xa, 0xf7, 0x4, 0xff, 0xf0, 0x1e, 0xfc, 0x0,
    0x14, 0x0, 0x0, 0x0, 0x0, 0x0, 0x0, 0x0,
    0x0, 0x0, 0x0, 0x0, 0x1, 0x40, 0x1, 0xef,
    0xc0, 0x3f, 0xff, 0x0, 0xaf, 0x80,

    /* U+003B ";" */
    0x0, 0xbf, 0x70, 0x5, 0xff, 0xf0, 0x1, 0xff,
    0xb0, 0x0, 0x14, 0x0, 0x0, 0x0, 0x0, 0x0,
    0x0, 0x0, 0x0, 0x0, 0x0, 0x0, 0x0, 0x0,
    0x0, 0x0, 0x0, 0x0, 0xcf, 0xe0, 0x1, 0xff,
    0x80, 0x5, 0xff, 0x20, 0x9, 0xfc, 0x0, 0xd,
    0xf5, 0x0, 0x5, 0x50, 0x0,

    /* U+003C "<" */
    0x0, 0x0, 0x0, 0x5, 0xa0, 0x0, 0x1, 0x7e,
    0xfd, 0x0, 0x29, 0xff, 0xff, 0x84, 0xbf, 0xff,
    0xe7, 0x10, 0xef, 0xfc, 0x50, 0x0, 0xe, 0xff,
    0xb4, 0x0, 0x0, 0x4c, 0xff, 0xfd, 0x71, 0x0,
    0x3, 0xaf, 0xff, 0xf8, 0x0, 0x0, 0x18, 0xef,
    0xd0, 0x0, 0x0, 0x0, 0x6a,

    /* U+003D "=" */
    0x4f, 0xff, 0xff, 0xff, 0xff, 0x54, 0xff, 0xff,
    0xff, 0xff, 0xf5, 0x2, 0x22, 0x22, 0x22, 0x22,
    0x0, 0x0, 0x0, 0x0, 0x0, 0x0, 0x2, 0x22,
    0x22, 0x22, 0x22, 0x4, 0xff, 0xff, 0xff, 0xff,
    0xf5, 0x4f, 0xff, 0xff, 0xff, 0xff, 0x50,

    /* U+003E ">" */
    0x86, 0x0, 0x0, 0x0, 0xb, 0xfe, 0x81, 0x0,
    0x0, 0x7f, 0xff, 0xfa, 0x30, 0x0, 0x6, 0xdf,
    0xff, 0xc5, 0x0, 0x0, 0x4b, 0xff, 0xf0, 0x0,
    0x4, 0xbf, 0xff, 0x0, 0x6d, 0xff, 0xfc, 0x57,
    0xef, 0xff, 0xa3, 0x0, 0xbf, 0xe8, 0x10, 0x0,
    0x9, 0x60, 0x0, 0x0, 0x0,

    /* U+003F "?" */
    0x0, 0x29, 0xdf, 0xec, 0x60, 0x0, 0x5, 0xff,
    0xff, 0xff, 0xfd, 0x10, 0x1f, 0xff, 0x96, 0x8d,
    0xff, 0xb0, 0x4, 0x73, 0x0, 0x0, 0xcf, 0xf1,
    0x0, 0x0, 0x0, 0x0, 0x6f, 0xf4, 0x0, 0x0,
    0x0, 0x0, 0xaf, 0xf2, 0x0, 0x0, 0x33, 0x5b,
    0xff, 0xa0, 0x0, 0x0, 0xff, 0xff, 0xf9, 0x0,
    0x0, 0x0, 0xff, 0xd6, 0x20, 0x0, 0x0, 0x0,
    0xff, 0xa0, 0x0, 0x0, 0x0, 0x0, 0xff, 0xa0,
    0x0, 0x0, 0x0, 0x0, 0x0, 0x0, 0x0, 0x0,
    0x0, 0x0, 0x14, 0x0, 0x0, 0x0, 0x0, 0x2,
    0xff, 0xb0, 0x0, 0x0, 0x0, 0x5, 0xff, 0xf0,
    0x0, 0x0, 0x0, 0x0, 0xbf, 0x70, 0x0, 0x0,

    /* U+0040 "@" */
    0x0, 0x0, 0x0, 0x1, 0x6a, 0xde, 0xfe, 0xc8,
    0x40, 0x0, 0x0, 0x0, 0x0, 0x0, 0x29, 0xff,
    0xff, 0xff, 0xff, 0xff, 0xc3, 0x0, 0x0, 0x0,
    0x0, 0x5f, 0xff, 0xa6, 0x20, 0x0, 0x38, 0xef,
    0xf7, 0x0, 0x0, 0x0, 0x5f, 0xfb, 0x20, 0x0,
    0x0, 0x0, 0x0, 0xaf, 0xf6, 0x0, 0x0, 0x3f,
    0xf9, 0x0, 0x4b, 0xef, 0xc5, 0x1c, 0xc2, 0x7f,
    0xf3, 0x0, 0xc, 0xfa, 0x0, 0x7f, 0xff, 0xff,
    0xfb, 0xff, 0x30, 0xaf, 0xb0, 0x4, 0xff, 0x10,
    0x3f, 0xff, 0x74, 0x6d, 0xff, 0xf3, 0x1, 0xff,
    0x20, 0x9f, 0x90, 0xa, 0xff, 0x40, 0x0, 0xd,
    0xff, 0x30, 0xa, 0xf7, 0xd, 0xf4, 0x0, 0xff,
    0xb0, 0x0, 0x0, 0x5f, 0xf3, 0x0, 0x6f, 0xa0,
    0xff, 0x20, 0x1f, 0xf8, 0x0, 0x0, 0x1, 0xff,
    0x30, 0x5, 0xfc, 0xf, 0xf1, 0x1, 0xff, 0x80,
    0x0, 0x0, 0x1f, 0xf3, 0x0, 0x5f, 0xc0, 0xff,
    0x20, 0xf, 0xfb, 0x0, 0x0, 0x5, 0xff, 0x30,
    0x7, 0xfb, 0xd, 0xf4, 0x0, 0xaf, 0xf4, 0x0,
    0x0, 0xdf, 0xf3, 0x0, 0xcf, 0x60, 0x9f, 0x90,
    0x3, 0xff, 0xf7, 0x45, 0xdf, 0xff, 0x50, 0x6f,
    0xe1, 0x4, 0xff, 0x10, 0x7, 0xff, 0xff, 0xff,
    0x7c, 0xff, 0xef, 0xf4, 0x0, 0xc, 0xfa, 0x0,
    0x4, 0xbe, 0xfb, 0x40, 0x1b, 0xfe, 0xb3, 0x0,
    0x0, 0x3f, 0xf9, 0x0, 0x0, 0x0, 0x0, 0x0,
    0x0, 0x0, 0x0, 0x0, 0x0, 0x5f, 0xfb, 0x20,
    0x0, 0x0, 0x0, 0x0, 0x0, 0x0, 0x0, 0x0,
    0x0, 0x5f, 0xff, 0xa6, 0x21, 0x1, 0x5c, 0x40,
    0x0, 0x0, 0x0, 0x0, 0x0, 0x2a, 0xff, 0xff,
    0xff, 0xff, 0xfd, 0x0, 0x0, 0x0, 0x0, 0x0,
    0x0, 0x1, 0x6b, 0xde, 0xfe, 0xb6, 0x10, 0x0,
    0x0, 0x0,

    /* U+0041 "A" */
    0x0, 0x0, 0x0, 0x4f, 0xff, 0x10, 0x0, 0x0,
    0x0, 0x0, 0x0, 0xb, 0xff, 0xf7, 0x0, 0x0,
    0x0, 0x0, 0x0, 0x2, 0xff, 0xff, 0xe0, 0x0,
    0x0, 0x0, 0x0, 0x0, 0x8f, 0xfc, 0xff, 0x50,
    0x0, 0x0, 0x0, 0x0, 0xe, 0xfd, 0x1f, 0xfb,
    0x0, 0x0, 0x0, 0x0, 0x6, 0xff, 0x70, 0xaf,
    0xf2, 0x0, 0x0, 0x0, 0x0, 0xcf, 0xf1, 0x3,
    0xff, 0x90, 0x0, 0x0, 0x0, 0x3f, 0xf9, 0x0,
    0xd, 0xff, 0x0, 0x0, 0x0, 0xa, 0xff, 0x30,
    0x0, 0x6f, 0xf6, 0x0, 0x0, 0x1, 0xff, 0xe6,
    0x66, 0x67, 0xff, 0xd0, 0x0, 0x0, 0x7f, 0xff,
    0xff, 0xff, 0xff, 0xff, 0x40, 0x0, 0xe, 0xff,
    0xff, 0xff, 0xff, 0xff, 0xfa, 0x0, 0x5, 0xff,
    0x90, 0x0, 0x0, 0x0, 0xdf, 0xf1, 0x0, 0xbf,
    0xf2, 0x0, 0x0, 0x0, 0x6, 0xff, 0x80, 0x2f,
    0xfc, 0x0, 0x0, 0x0, 0x0, 0xf, 0xfe, 0x9,
    0xff, 0x50, 0x0, 0x0, 0x0, 0x0, 0x9f, 0xf5,

    /* U+0042 "B" */
    0xf, 0xff, 0xff, 0xfe, 0xc7, 0x0, 0x0, 0xff,
    0xff, 0xff, 0xff, 0xfd, 0x20, 0xf, 0xfc, 0x33,
    0x46, 0xdf, 0xfb, 0x0, 0xff, 0xb0, 0x0, 0x0,
    0xef, 0xf0, 0xf, 0xfb, 0x0, 0x0, 0xb, 0xff,
    0x20, 0xff, 0xb0, 0x0, 0x0, 0xef, 0xf0, 0xf,
    0xfc, 0x44, 0x46, 0xcf, 0xf8, 0x0, 0xff, 0xff,
    0xff, 0xff, 0xf9, 0x0, 0xf, 0xff, 0xff, 0xff,
    0xff, 0xf5, 0x0, 0xff, 0xb0, 0x0, 0x16, 0xef,
    0xf2, 0xf, 0xfb, 0x0, 0x0, 0x5, 0xff, 0x90,
    0xff, 0xb0, 0x0, 0x0, 0x2f, 0xfb, 0xf, 0xfb,
    0x0, 0x0, 0x8, 0xff, 0x90, 0xff, 0xd7, 0x77,
    0x7b, 0xff, 0xf4, 0xf, 0xff, 0xff, 0xff, 0xff,
    0xf9, 0x0, 0xff, 0xff, 0xff, 0xfe, 0xb4, 0x0,

    /* U+0043 "C" */
    0x0, 0x0, 0x3, 0x9d, 0xff, 0xea, 0x50, 0x0,
    0x0, 0x0, 0xa, 0xff, 0xff, 0xff, 0xff, 0xd3,
    0x0, 0x0, 0xd, 0xff, 0xfc, 0x98, 0xaf, 0xff,
    0xf4, 0x0, 0xb, 0xff, 0xd3, 0x0, 0x0, 0x19,
    0xff, 0xf1, 0x4, 0xff, 0xe1, 0x0, 0x0, 0x0,
    0x8, 0xfb, 0x30, 0xbf, 0xf5, 0x0, 0x0, 0x0,
    0x0, 0x1, 0x0, 0xe, 0xff, 0x0, 0x0, 0x0,
    0x0, 0x0, 0x0, 0x0, 0xff, 0xd0, 0x0, 0x0,
    0x0, 0x0, 0x0, 0x0, 0xf, 0xfd, 0x0, 0x0,
    0x0, 0x0, 0x0, 0x0, 0x0, 0xef, 0xf0, 0x0,
    0x0, 0x0, 0x0, 0x0, 0x0, 0xb, 0xff, 0x50,
    0x0, 0x0, 0x0, 0x0, 0x40, 0x0, 0x5f, 0xfe,
    0x10, 0x0, 0x0, 0x0, 0x8f, 0xe5, 0x0, 0xbf,
    0xfd, 0x20, 0x0, 0x0, 0x9f, 0xff, 0x10, 0x1,
    0xdf, 0xff, 0xc8, 0x8a, 0xef, 0xff, 0x40, 0x0,
    0x0, 0xaf, 0xff, 0xff, 0xff, 0xfd, 0x30, 0x0,
    0x0, 0x0, 0x39, 0xdf, 0xfe, 0xa5, 0x0, 0x0,

    /* U+0044 "D" */
    0xf, 0xff, 0xff, 0xfe, 0xb7, 0x10, 0x0, 0x0,
    0xff, 0xff, 0xff, 0xff, 0xff, 0x50, 0x0, 0xf,
    0xfe, 0x88, 0x9b, 0xff, 0xff, 0x80, 0x0, 0xff,
    0xc0, 0x0, 0x0, 0x8f, 0xff, 0x50, 0xf, 0xfc,
    0x0, 0x0, 0x0, 0x6f, 0xfe, 0x0, 0xff, 0xc0,
    0x0, 0x0, 0x0, 0xbf, 0xf6, 0xf, 0xfc, 0x0,
    0x0, 0x0, 0x5, 0xff, 0x90, 0xff, 0xc0, 0x0,
    0x0, 0x0, 0x2f, 0xfb, 0xf, 0xfc, 0x0, 0x0,
    0x0, 0x2, 0xff, 0xb0, 0xff, 0xc0, 0x0, 0x0,
    0x0, 0x5f, 0xf9, 0xf, 0xfc, 0x0, 0x0, 0x0,
    0xb, 0xff, 0x50, 0xff, 0xc0, 0x0, 0x0, 0x6,
    0xff, 0xe0, 0xf, 0xfc, 0x0, 0x0, 0x8, 0xff,
    0xf5, 0x0, 0xff, 0xe8, 0x89, 0xaf, 0xff, 0xf8,
    0x0, 0xf, 0xff, 0xff, 0xff, 0xff, 0xf5, 0x0,
    0x0, 0xff, 0xff, 0xff, 0xec, 0x71, 0x0, 0x0,

    /* U+0045 "E" */
    0xf, 0xff, 0xff, 0xff, 0xff, 0xf5, 0xf, 0xff,
    0xff, 0xff, 0xff, 0xf5, 0xf, 0xfe, 0x88, 0x88,
    0x88, 0x82, 0xf, 0xfc, 0x0, 0x0, 0x0, 0x0,
    0xf, 0xfc, 0x0, 0x0, 0x0, 0x0, 0xf, 0xfc,
    0x0, 0x0, 0x0, 0x0, 0xf, 0xfe, 0x77, 0x77,
    0x77, 0x30, 0xf, 0xff, 0xff, 0xff, 0xff, 0x70,
    0xf, 0xff, 0xff, 0xff, 0xff, 0x70, 0xf, 0xfc,
    0x0, 0x0, 0x0, 0x0, 0xf, 0xfc, 0x0, 0x0,
    0x0, 0x0, 0xf, 0xfc, 0x0, 0x0, 0x0, 0x0,
    0xf, 0xfc, 0x0, 0x0, 0x0, 0x0, 0xf, 0xfe,
    0x77, 0x77, 0x77, 0x73, 0xf, 0xff, 0xff, 0xff,
    0xff, 0xf6, 0xf, 0xff, 0xff, 0xff, 0xff, 0xf6,

    /* U+0046 "F" */
    0xf, 0xff, 0xff, 0xff, 0xff, 0xf7, 0xf, 0xff,
    0xff, 0xff, 0xff, 0xf7, 0xf, 0xfe, 0x88, 0x88,
    0x88, 0x83, 0xf, 0xfc, 0x0, 0x0, 0x0, 0x0,
    0xf, 0xfc, 0x0, 0x0, 0x0, 0x0, 0xf, 0xfc,
    0x0, 0x0, 0x0, 0x0, 0xf, 0xfe, 0x77, 0x77,
    0x77, 0x20, 0xf, 0xff, 0xff, 0xff, 0xff, 0x50,
    0xf, 0xff, 0xff, 0xff, 0xff, 0x50, 0xf, 0xfc,
    0x0, 0x0, 0x0, 0x0, 0xf, 0xfc, 0x0, 0x0,
    0x0, 0x0, 0xf, 0xfc, 0x0, 0x0, 0x0, 0x0,
    0xf, 0xfc, 0x0, 0x0, 0x0, 0x0, 0xf, 0xfc,
    0x0, 0x0, 0x0, 0x0, 0xf, 0xfc, 0x0, 0x0,
    0x0, 0x0, 0xf, 0xfc, 0x0, 0x0, 0x0, 0x0,

    /* U+0047 "G" */
    0x0, 0x0, 0x2, 0x8c, 0xef, 0xec, 0x82, 0x0,
    0x0, 0x0, 0x0, 0x8f, 0xff, 0xff, 0xff, 0xff,
    0x80, 0x0, 0x0, 0xc, 0xff, 0xfe, 0xa8, 0x9c,
    0xff, 0xfb, 0x0, 0x0, 0xaf, 0xfe, 0x50, 0x0,
    0x0, 0x2c, 0xfb, 0x20, 0x4, 0xff, 0xe2, 0x0,
    0x0, 0x0, 0x0, 0x30, 0x0, 0xa, 0xff, 0x60,
    0x0, 0x0, 0x0, 0x0, 0x0, 0x0, 0xe, 0xff,
    0x0, 0x0, 0x0, 0x0, 0x0, 0x0, 0x0, 0xf,
    0xfd, 0x0, 0x0, 0x0, 0x6f, 0xff, 0xff, 0xf4,
    0xf, 0xfd, 0x0, 0x0, 0x0, 0x6f, 0xff, 0xff,
    0xf4, 0xe, 0xff, 0x0, 0x0, 0x0, 0x13, 0x33,
    0x9f, 0xf3, 0xa, 0xff, 0x50, 0x0, 0x0, 0x0,
    0x0, 0xaf, 0xf1, 0x4, 0xff, 0xe1, 0x0, 0x0,
    0x0, 0x3, 0xff, 0xc0, 0x0, 0xaf, 0xfe, 0x40,
    0x0, 0x0, 0x3e, 0xff, 0x50, 0x0, 0xc, 0xff,
    0xfd, 0x98, 0x8c, 0xff, 0xf9, 0x0, 0x0, 0x0,
    0x8f, 0xff, 0xff, 0xff, 0xff, 0x80, 0x0, 0x0,
    0x0, 0x2, 0x8c, 0xef, 0xec, 0x82, 0x0, 0x0,

    /* U+0048 "H" */
    0xf, 0xfc, 0x0, 0x0, 0x0, 0x0, 0xcf, 0xf0,
    0xf, 0xfc, 0x0, 0x0, 0x0, 0x0, 0xcf, 0xf0,
    0xf, 0xfc, 0x0, 0x0, 0x0, 0x0, 0xcf, 0xf0,
    0xf, 0xfc, 0x0, 0x0, 0x0, 0x0, 0xcf, 0xf0,
    0xf, 0xfc, 0x0, 0x0, 0x0, 0x0, 0xcf, 0xf0,
    0xf, 0xfc, 0x0, 0x0, 0x0, 0x0, 0xcf, 0xf0,
    0xf, 0xfe, 0x77, 0x77, 0x77, 0x77, 0xef, 0xf0,
    0xf, 0xff, 0xff, 0xff, 0xff, 0xff, 0xff, 0xf0,
    0xf, 0xff, 0xff, 0xff, 0xff, 0xff, 0xff, 0xf0,
    0xf, 0xfc, 0x0, 0x0, 0x0, 0x0, 0xcf, 0xf0,
    0xf, 0xfc, 0x0, 0x0, 0x0, 0x0, 0xcf, 0xf0,
    0xf, 0xfc, 0x0, 0x0, 0x0, 0x0, 0xcf, 0xf0,
    0xf, 0xfc, 0x0, 0x0, 0x0, 0x0, 0xcf, 0xf0,
    0xf, 0xfc, 0x0, 0x0, 0x0, 0x0, 0xcf, 0xf0,
    0xf, 0xfc, 0x0, 0x0, 0x0, 0x0, 0xcf, 0xf0,
    0xf, 0xfc, 0x0, 0x0, 0x0, 0x0, 0xcf, 0xf0,

    /* U+0049 "I" */
    0xf, 0xfc, 0xf, 0xfc, 0xf, 0xfc, 0xf, 0xfc,
    0xf, 0xfc, 0xf, 0xfc, 0xf, 0xfc, 0xf, 0xfc,
    0xf, 0xfc, 0xf, 0xfc, 0xf, 0xfc, 0xf, 0xfc,
    0xf, 0xfc, 0xf, 0xfc, 0xf, 0xfc, 0xf, 0xfc,

    /* U+004A "J" */
    0x0, 0x0, 0x0, 0x0, 0xaf, 0xf2, 0x0, 0x0,
    0x0, 0x0, 0xaf, 0xf2, 0x0, 0x0, 0x0, 0x0,
    0xaf, 0xf2, 0x0, 0x0, 0x0, 0x0, 0xaf, 0xf2,
    0x0, 0x0, 0x0, 0x0, 0xaf, 0xf2, 0x0, 0x0,
    0x0, 0x0, 0xaf, 0xf2, 0x0, 0x0, 0x0, 0x0,
    0xaf, 0xf2, 0x0, 0x0, 0x0, 0x0, 0xaf, 0xf2,
    0x0, 0x0, 0x0, 0x0, 0xaf, 0xf2, 0x0, 0x0,
    0x0, 0x0, 0xaf, 0xf2, 0x0, 0x0, 0x0, 0x0,
    0xaf, 0xf2, 0x1, 0x40, 0x0, 0x0, 0xdf, 0xf1,
    0x8f, 0xf2, 0x0, 0x7, 0xff, 0xe0, 0x4f, 0xff,
    0xa8, 0xcf, 0xff, 0x60, 0x7, 0xff, 0xff, 0xff,
    0xf8, 0x0, 0x0, 0x4b, 0xef, 0xda, 0x30, 0x0,

    /* U+004B "K" */
    0xf, 0xfb, 0x0, 0x0, 0x2, 0xef, 0xf8, 0x0,
    0xff, 0xb0, 0x0, 0x2, 0xef, 0xf8, 0x0, 0xf,
    0xfb, 0x0, 0x2, 0xef, 0xf8, 0x0, 0x0, 0xff,
    0xb0, 0x2, 0xef, 0xf8, 0x0, 0x0, 0xf, 0xfb,
    0x2, 0xef, 0xf8, 0x0, 0x0, 0x0, 0xff, 0xb2,
    0xef, 0xf8, 0x0, 0x0, 0x0, 0xf, 0xfd, 0xef,
    0xf8, 0x0, 0x0, 0x0, 0x0, 0xff, 0xff, 0xff,
    0x20, 0x0, 0x0, 0x0, 0xf, 0xff, 0xff, 0xfd,
    0x10, 0x0, 0x0, 0x0, 0xff, 0xf9, 0x9f, 0xfc,
    0x0, 0x0, 0x0, 0xf, 0xfc, 0x0, 0xbf, 0xfa,
    0x0, 0x0, 0x0, 0xff, 0xb0, 0x1, 0xdf, 0xf7,
    0x0, 0x0, 0xf, 0xfb, 0x0, 0x2, 0xef, 0xf5,
    0x0, 0x0, 0xff, 0xb0, 0x0, 0x4, 0xff, 0xf3,
    0x0, 0xf, 0xfb, 0x0, 0x0, 0x6, 0xff, 0xe1,
    0x0, 0xff, 0xb0, 0x0, 0x0, 0x8, 0xff, 0xc0,

    /* U+004C "L" */
    0xf, 0xfc, 0x0, 0x0, 0x0, 0x0, 0xf, 0xfc,
    0x0, 0x0, 0x0, 0x0, 0xf, 0xfc, 0x0, 0x0,
    0x0, 0x0, 0xf, 0xfc, 0x0, 0x0, 0x0, 0x0,
    0xf, 0xfc, 0x0, 0x0, 0x0, 0x0, 0xf, 0xfc,
    0x0, 0x0, 0x0, 0x0, 0xf, 0xfc, 0x0, 0x0,
    0x0, 0x0, 0xf, 0xfc, 0x0, 0x0, 0x0, 0x0,
    0xf, 0xfc, 0x0, 0x0, 0x0, 0x0, 0xf, 0xfc,
    0x0, 0x0, 0x0, 0x0, 0xf, 0xfc, 0x0, 0x0,
    0x0, 0x0, 0xf, 0xfc, 0x0, 0x0, 0x0, 0x0,
    0xf, 0xfc, 0x0, 0x0, 0x0, 0x0, 0xf, 0xfe,
    0x77, 0x77, 0x77, 0x73, 0xf, 0xff, 0xff, 0xff,
    0xff, 0xf6, 0xf, 0xff, 0xff, 0xff, 0xff, 0xf6,

    /* U+004D "M" */
    0xf, 0xff, 0x50, 0x0, 0x0, 0x0, 0x0, 0xdf,
    0xf7, 0xf, 0xff, 0xe1, 0x0, 0x0, 0x0, 0x9,
    0xff, 0xf7, 0xf, 0xff, 0xfb, 0x0, 0x0, 0x0,
    0x4f, 0xff, 0xf7, 0xf, 0xff, 0xff, 0x70, 0x0,
    0x1, 0xef, 0xff, 0xf7, 0xf, 0xfd, 0xef, 0xf3,
    0x0, 0xb, 0xff, 0xcf, 0xf7, 0xf, 0xfc, 0x5f,
    0xfd, 0x0, 0x6f, 0xfc, 0x4f, 0xf7, 0xf, 0xfc,
    0x9, 0xff, 0x92, 0xff, 0xe1, 0x4f, 0xf7, 0xf,
    0xfc, 0x0, 0xdf, 0xfe, 0xff, 0x50, 0x4f, 0xf7,
    0xf, 0xfc, 0x0, 0x3f, 0xff, 0xfa, 0x0, 0x4f,
    0xf7, 0xf, 0xfc, 0x0, 0x7, 0xff, 0xd0, 0x0,
    0x4f, 0xf7, 0xf, 0xfc, 0x0, 0x0, 0xcf, 0x30,
    0x0, 0x4f, 0xf7, 0xf, 0xfc, 0x0, 0x0, 0x17,
    0x0, 0x0, 0x4f, 0xf7, 0xf, 0xfc, 0x0, 0x0,
    0x0, 0x0, 0x0, 0x4f, 0xf7, 0xf, 0xfc, 0x0,
    0x0, 0x0, 0x0, 0x0, 0x4f, 0xf7, 0xf, 0xfc,
    0x0, 0x0, 0x0, 0x0, 0x0, 0x4f, 0xf7, 0xf,
    0xfc, 0x0, 0x0, 0x0, 0x0, 0x0, 0x4f, 0xf7,

    /* U+004E "N" */
    0xf, 0xff, 0x40, 0x0, 0x0, 0x0, 0x3f, 0xf9,
    0xf, 0xff, 0xe1, 0x0, 0x0, 0x0, 0x3f, 0xf9,
    0xf, 0xff, 0xfc, 0x0, 0x0, 0x0, 0x3f, 0xf9,
    0xf, 0xff, 0xff, 0x90, 0x0, 0x0, 0x3f, 0xf9,
    0xf, 0xfe, 0xef, 0xf5, 0x0, 0x0, 0x3f, 0xf9,
    0xf, 0xfc, 0x4f, 0xff, 0x20, 0x0, 0x3f, 0xf9,
    0xf, 0xfc, 0x8, 0xff, 0xd0, 0x0, 0x3f, 0xf9,
    0xf, 0xfc, 0x0, 0xbf, 0xfa, 0x0, 0x3f, 0xf9,
    0xf, 0xfc, 0x0, 0x1e, 0xff, 0x60, 0x3f, 0xf9,
    0xf, 0xfc, 0x0, 0x3, 0xff, 0xf3, 0x3f, 0xf9,
    0xf, 0xfc, 0x0, 0x0, 0x7f, 0xfe, 0x4f, 0xf9,
    0xf, 0xfc, 0x0, 0x0, 0xa, 0xff, 0xef, 0xf9,
    0xf, 0xfc, 0x0, 0x0, 0x0, 0xdf, 0xff, 0xf9,
    0xf, 0xfc, 0x0, 0x0, 0x0, 0x2f, 0xff, 0xf9,
    0xf, 0xfc, 0x0, 0x0, 0x0, 0x5, 0xff, 0xf9,
    0xf, 0xfc, 0x0, 0x0, 0x0, 0x0, 0x9f, 0xf9,

    /* U+004F "O" */
    0x0, 0x0, 0x3, 0x9d, 0xff, 0xec, 0x81, 0x0,
    0x0, 0x0, 0x0, 0x9f, 0xff, 0xff, 0xff, 0xff,
    0x70, 0x0, 0x0, 0xd, 0xff, 0xfd, 0x98, 0xae,
    0xff, 0xfa, 0x0, 0x0, 0xaf, 0xfd, 0x30, 0x0,
    0x0, 0x6f, 0xff, 0x70, 0x4, 0xff, 0xe1, 0x0,
    0x0, 0x0, 0x4, 0xff, 0xf1, 0xb, 0xff, 0x50,
    0x0, 0x0, 0x0, 0x0, 0x9f, 0xf7, 0xe, 0xff,
    0x0, 0x0, 0x0, 0x0, 0x0, 0x3f, 0xfb, 0xf,
    0xfd, 0x0, 0x0, 0x0, 0x0, 0x0, 0x1f, 0xfd,
    0xf, 0xfd, 0x0, 0x0, 0x0, 0x0, 0x0, 0xf,
    0xfd, 0xe, 0xff, 0x0, 0x0, 0x0, 0x0, 0x0,
    0x3f, 0xfb, 0xb, 0xff, 0x50, 0x0, 0x0, 0x0,
    0x0, 0x9f, 0xf7, 0x4, 0xff, 0xe1, 0x0, 0x0,
    0x0, 0x3, 0xff, 0xf2, 0x0, 0xbf, 0xfd, 0x30,
    0x0, 0x0, 0x5f, 0xff, 0x80, 0x0, 0xd, 0xff,
    0xfc, 0x98, 0x9d, 0xff, 0xfb, 0x0, 0x0, 0x0,
    0x9f, 0xff, 0xff, 0xff, 0xff, 0x70, 0x0, 0x0,
    0x0, 0x3, 0x9d, 0xff, 0xfc, 0x82, 0x0, 0x0,

    /* U+0050 "P" */
    0xf, 0xff, 0xff, 0xff, 0xc7, 0x10, 0x0, 0xff,
    0xff, 0xff, 0xff, 0xfe, 0x30, 0xf, 0xfe, 0x88,
    0x89, 0xef, 0xfe, 0x10, 0xff, 0xc0, 0x0, 0x0,
    0xbf, 0xf7, 0xf, 0xfc, 0x0, 0x0, 0x2, 0xff,
    0xa0, 0xff, 0xc0, 0x0, 0x0, 0x1f, 0xfb, 0xf,
    0xfc, 0x0, 0x0, 0x5, 0xff, 0x90, 0xff, 0xc0,
    0x0, 0x5, 0xef, 0xf4, 0xf, 0xff, 0xff, 0xff,
    0xff, 0xfa, 0x0, 0xff, 0xff, 0xff, 0xff, 0xf9,
    0x0, 0xf, 0xfe, 0x88, 0x87, 0x61, 0x0, 0x0,
    0xff, 0xc0, 0x0, 0x0, 0x0, 0x0, 0xf, 0xfc,
    0x0, 0x0, 0x0, 0x0, 0x0, 0xff, 0xc0, 0x0,
    0x0, 0x0, 0x0, 0xf, 0xfc, 0x0, 0x0, 0x0,
    0x0, 0x0, 0xff, 0xc0, 0x0, 0x0, 0x0, 0x0,

    /* U+0051 "Q" */
    0x0, 0x0, 0x3, 0x9d, 0xff, 0xec, 0x81, 0x0,
    0x0, 0x0, 0x0, 0x9f, 0xff, 0xff, 0xff, 0xff,
    0x70, 0x0, 0x0, 0xd, 0xff, 0xfd, 0x98, 0xae,
    0xff, 0xfa, 0x0, 0x0, 0xaf, 0xfd, 0x30, 0x0,
    0x0, 0x6f, 0xff, 0x80, 0x4, 0xff, 0xe1, 0x0,
    0x0, 0x0, 0x3, 0xff, 0xf2, 0xb, 0xff, 0x50,
    0x0, 0x0, 0x0, 0x0, 0x9f, 0xf8, 0xe, 0xff,
    0x0, 0x0, 0x0, 0x0, 0x0, 0x3f, 0xfb, 0xf,
    0xfd, 0x0, 0x0, 0x0, 0x0, 0x0, 0x1f, 0xfd,
    0xf, 0xfd, 0x0, 0x0, 0x0, 0x0, 0x0, 0xf,
    0xfc, 0xe, 0xff, 0x0, 0x0, 0x0, 0x7, 0x10,
    0x3f, 0xfb, 0xb, 0xff, 0x50, 0x0, 0x0, 0xaf,
    0xd1, 0x8f, 0xf6, 0x4, 0xff, 0xe1, 0x0, 0x0,
    0x7f, 0xfe, 0xff, 0xf1, 0x0, 0xbf, 0xfd, 0x30,
    0x0, 0x6, 0xff, 0xff, 0x60, 0x0, 0xd, 0xff,
    0xfc, 0x98, 0x9e, 0xff, 0xff, 0x40, 0x0, 0x0,
    0x9f, 0xff, 0xff, 0xff, 0xff, 0xff, 0xf4, 0x0,
    0x0, 0x3, 0x9d, 0xff, 0xec, 0x71, 0x4f, 0xf3,
    0x0, 0x0, 0x0, 0x0, 0x0, 0x0, 0x0, 0x3,
    0x30,

    /* U+0052 "R" */
    0xf, 0xff, 0xff, 0xff, 0xd8, 0x10, 0x0, 0xf,
    0xff, 0xff, 0xff, 0xff, 0xe4, 0x0, 0xf, 0xfe,
    0x88, 0x89, 0xef, 0xff, 0x10, 0xf, 0xfc, 0x0,
    0x0, 0xb, 0xff, 0x80, 0xf, 0xfc, 0x0, 0x0,
    0x2, 0xff, 0xb0, 0xf, 0xfc, 0x0, 0x0, 0x2,
    0xff, 0xb0, 0xf, 0xfc, 0x0, 0x0, 0xa, 0xff,
    0x70, 0xf, 0xfe, 0x88, 0x89, 0xdf, 0xfe, 0x0,
    0xf, 0xff, 0xff, 0xff, 0xff, 0xd2, 0x0, 0xf,
    0xff, 0xff, 0xff, 0xfb, 0x0, 0x0, 0xf, 0xfc,
    0x0, 0x1e, 0xff, 0x20, 0x0, 0xf, 0xfc, 0x0,
    0x6, 0xff, 0xb0, 0x0, 0xf, 0xfc, 0x0, 0x0,
    0xcf, 0xf5, 0x0, 0xf, 0xfc, 0x0, 0x0, 0x3f,
    0xfe, 0x0, 0xf, 0xfc, 0x0, 0x0, 0x9, 0xff,
    0x80, 0xf, 0xfc, 0x0, 0x0, 0x1, 0xef, 0xf2,

    /* U+0053 "S" */
    0x0, 0x18, 0xce, 0xff, 0xc7, 0x0, 0x0, 0x3e,
    0xff, 0xff, 0xff, 0xfd, 0x10, 0xe, 0xff, 0xd7,
    0x68, 0xef, 0xfd, 0x4, 0xff, 0xd0, 0x0, 0x0,
    0xcf, 0xe4, 0x5f, 0xf8, 0x0, 0x0, 0x1, 0x20,
    0x4, 0xff, 0xc0, 0x0, 0x0, 0x0, 0x0, 0xd,
    0xff, 0xd7, 0x30, 0x0, 0x0, 0x0, 0x1b, 0xff,
    0xff, 0xfa, 0x50, 0x0, 0x0, 0x4, 0x9e, 0xff,
    0xff, 0xb1, 0x0, 0x0, 0x0, 0x1, 0x6d, 0xff,
    0xd0, 0x0, 0x0, 0x0, 0x0, 0xb, 0xff, 0x50,
    0x4, 0x0, 0x0, 0x0, 0x6f, 0xf8, 0xaf, 0xf7,
    0x0, 0x0, 0xb, 0xff, 0x65, 0xff, 0xfc, 0x76,
    0x8d, 0xff, 0xf1, 0x6, 0xff, 0xff, 0xff, 0xff,
    0xf4, 0x0, 0x1, 0x7c, 0xef, 0xfc, 0x81, 0x0,

    /* U+0054 "T" */
    0xbf, 0xff, 0xff, 0xff, 0xff, 0xff, 0xf6, 0xbf,
    0xff, 0xff, 0xff, 0xff, 0xff, 0xf6, 0x58, 0x88,
    0x8c, 0xff, 0xa8, 0x88, 0x83, 0x0, 0x0, 0x8,
    0xff, 0x40, 0x0, 0x0, 0x0, 0x0, 0x8, 0xff,
    0x40, 0x0, 0x0, 0x0, 0x0, 0x8, 0xff, 0x40,
    0x0, 0x0, 0x0, 0x0, 0x8, 0xff, 0x40, 0x0,
    0x0, 0x0, 0x0, 0x8, 0xff, 0x40, 0x0, 0x0,
    0x0, 0x0, 0x8, 0xff, 0x40, 0x0, 0x0, 0x0,
    0x0, 0x8, 0xff, 0x40, 0x0, 0x0, 0x0, 0x0,
    0x8, 0xff, 0x40, 0x0, 0x0, 0x0, 0x0, 0x8,
    0xff, 0x40, 0x0, 0x0, 0x0, 0x0, 0x8, 0xff,
    0x40, 0x0, 0x0, 0x0, 0x0, 0x8, 0xff, 0x40,
    0x0, 0x0, 0x0, 0x0, 0x8, 0xff, 0x40, 0x0,
    0x0, 0x0, 0x0, 0x8, 0xff, 0x40, 0x0, 0x0,

    /* U+0055 "U" */
    0x4f, 0xf8, 0x0, 0x0, 0x0, 0x9, 0xff, 0x24,
    0xff, 0x80, 0x0, 0x0, 0x0, 0x9f, 0xf2, 0x4f,
    0xf8, 0x0, 0x0, 0x0, 0x9, 0xff, 0x24, 0xff,
    0x80, 0x0, 0x0, 0x0, 0x9f, 0xf2, 0x4f, 0xf8,
    0x0, 0x0, 0x0, 0x9, 0xff, 0x24, 0xff, 0x80,
    0x0, 0x0, 0x0, 0x9f, 0xf2, 0x4f, 0xf8, 0x0,
    0x0, 0x0, 0x9, 0xff, 0x24, 0xff, 0x80, 0x0,
    0x0, 0x0, 0x9f, 0xf2, 0x4f, 0xf8, 0x0, 0x0,
    0x0, 0x9, 0xff, 0x23, 0xff, 0x80, 0x0, 0x0,
    0x0, 0x9f, 0xf2, 0x2f, 0xf9, 0x0, 0x0, 0x0,
    0xa, 0xff, 0x10, 0xff, 0xe0, 0x0, 0x0, 0x0,
    0xef, 0xf0, 0xb, 0xff, 0xa1, 0x0, 0x1, 0xbf,
    0xf9, 0x0, 0x2f, 0xff, 0xea, 0x8a, 0xff, 0xfe,
    0x10, 0x0, 0x4e, 0xff, 0xff, 0xff, 0xfd, 0x30,
    0x0, 0x0, 0x17, 0xce, 0xfe, 0xb6, 0x0, 0x0,

    /* U+0056 "V" */
    0x9f, 0xf6, 0x0, 0x0, 0x0, 0x0, 0x5, 0xff,
    0xa2, 0xff, 0xc0, 0x0, 0x0, 0x0, 0x0, 0xcf,
    0xf3, 0xb, 0xff, 0x30, 0x0, 0x0, 0x0, 0x2f,
    0xfc, 0x0, 0x4f, 0xf9, 0x0, 0x0, 0x0, 0x9,
    0xff, 0x50, 0x0, 0xdf, 0xf1, 0x0, 0x0, 0x0,
    0xff, 0xe0, 0x0, 0x7, 0xff, 0x70, 0x0, 0x0,
    0x6f, 0xf8, 0x0, 0x0, 0x1f, 0xfd, 0x0, 0x0,
    0xd, 0xff, 0x10, 0x0, 0x0, 0x9f, 0xf4, 0x0,
    0x3, 0xff, 0xa0, 0x0, 0x0, 0x2, 0xff, 0xb0,
    0x0, 0xaf, 0xf3, 0x0, 0x0, 0x0, 0xb, 0xff,
    0x10, 0x1f, 0xfd, 0x0, 0x0, 0x0, 0x0, 0x5f,
    0xf8, 0x7, 0xff, 0x60, 0x0, 0x0, 0x0, 0x0,
    0xef, 0xe0, 0xef, 0xe0, 0x0, 0x0, 0x0, 0x0,
    0x7, 0xff, 0xaf, 0xf8, 0x0, 0x0, 0x0, 0x0,
    0x0, 0x1f, 0xff, 0xff, 0x20, 0x0, 0x0, 0x0,
    0x0, 0x0, 0x9f, 0xff, 0xb0, 0x0, 0x0, 0x0,
    0x0, 0x0, 0x3, 0xff, 0xf4, 0x0, 0x0, 0x0,

    /* U+0057 "W" */
    0xaf, 0xf2, 0x0, 0x0, 0x0, 0xdf, 0xf3, 0x0,
    0x0, 0x0, 0xcf, 0xf0, 0x5f, 0xf7, 0x0, 0x0,
    0x2, 0xff, 0xf8, 0x0, 0x0, 0x1, 0xff, 0xb0,
    0xf, 0xfc, 0x0, 0x0, 0x6, 0xff, 0xfd, 0x0,
    0x0, 0x6, 0xff, 0x60, 0xb, 0xff, 0x10, 0x0,
    0xb, 0xff, 0xff, 0x20, 0x0, 0xb, 0xff, 0x10,
    0x5, 0xff, 0x60, 0x0, 0xf, 0xfd, 0xff, 0x60,
    0x0, 0x1f, 0xfc, 0x0, 0x1, 0xff, 0xb0, 0x0,
    0x5f, 0xf4, 0xef, 0xb0, 0x0, 0x6f, 0xf6, 0x0,
    0x0, 0xbf, 0xf1, 0x0, 0xaf, 0xf0, 0xaf, 0xf0,
    0x0, 0xbf, 0xf1, 0x0, 0x0, 0x6f, 0xf5, 0x0,
    0xef, 0xb0, 0x5f, 0xf5, 0x0, 0xff, 0xc0, 0x0,
    0x0, 0x1f, 0xfa, 0x3, 0xff, 0x60, 0x1f, 0xfa,
    0x5, 0xff, 0x70, 0x0, 0x0, 0xc, 0xff, 0x8,
    0xff, 0x10, 0xc, 0xfe, 0xa, 0xff, 0x20, 0x0,
    0x0, 0x7, 0xff, 0x4d, 0xfd, 0x0, 0x7, 0xff,
    0x4f, 0xfd, 0x0, 0x0, 0x0, 0x2, 0xff, 0xbf,
    0xf8, 0x0, 0x2, 0xff, 0xcf, 0xf8, 0x0, 0x0,
    0x0, 0x0, 0xdf, 0xff, 0xf3, 0x0, 0x0, 0xef,
    0xff, 0xf3, 0x0, 0x0, 0x0, 0x0, 0x8f, 0xff,
    0xe0, 0x0, 0x0, 0x9f, 0xff, 0xe0, 0x0, 0x0,
    0x0, 0x0, 0x3f, 0xff, 0xa0, 0x0, 0x0, 0x4f,
    0xff, 0x90, 0x0, 0x0, 0x0, 0x0, 0xe, 0xff,
    0x50, 0x0, 0x0, 0xf, 0xff, 0x40, 0x0, 0x0,

    /* U+0058 "X" */
    0x5f, 0xfe, 0x10, 0x0, 0x0, 0x5, 0xff, 0xe1,
    0x8, 0xff, 0xb0, 0x0, 0x0, 0x1e, 0xff, 0x30,
    0x0, 0xcf, 0xf7, 0x0, 0x0, 0xcf, 0xf7, 0x0,
    0x0, 0x1e, 0xff, 0x30, 0x8, 0xff, 0xb0, 0x0,
    0x0, 0x4, 0xff, 0xe1, 0x4f, 0xfe, 0x10, 0x0,
    0x0, 0x0, 0x8f, 0xfb, 0xef, 0xf3, 0x0, 0x0,
    0x0, 0x0, 0xb, 0xff, 0xff, 0x60, 0x0, 0x0,
    0x0, 0x0, 0x1, 0xef, 0xfa, 0x0, 0x0, 0x0,
    0x0, 0x0, 0x3, 0xff, 0xfd, 0x0, 0x0, 0x0,
    0x0, 0x0, 0x1e, 0xff, 0xff, 0xa0, 0x0, 0x0,
    0x0, 0x0, 0xaf, 0xf8, 0xcf, 0xf6, 0x0, 0x0,
    0x0, 0x6, 0xff, 0xc0, 0x2f, 0xff, 0x20, 0x0,
    0x0, 0x3f, 0xff, 0x20, 0x6, 0xff, 0xd0, 0x0,
    0x0, 0xdf, 0xf5, 0x0, 0x0, 0xbf, 0xf9, 0x0,
    0xa, 0xff, 0xa0, 0x0, 0x0, 0x1e, 0xff, 0x50,
    0x6f, 0xfe, 0x10, 0x0, 0x0, 0x4, 0xff, 0xf2,

    /* U+0059 "Y" */
    0x7f, 0xfb, 0x0, 0x0, 0x0, 0x9, 0xff, 0x90,
    0xdf, 0xf5, 0x0, 0x0, 0x3, 0xff, 0xe0, 0x3,
    0xff, 0xe1, 0x0, 0x0, 0xdf, 0xf4, 0x0, 0x8,
    0xff, 0x90, 0x0, 0x7f, 0xfa, 0x0, 0x0, 0xd,
    0xff, 0x30, 0x2f, 0xfe, 0x10, 0x0, 0x0, 0x4f,
    0xfd, 0xb, 0xff, 0x50, 0x0, 0x0, 0x0, 0x9f,
    0xfc, 0xff, 0xb0, 0x0, 0x0, 0x0, 0x1, 0xef,
    0xff, 0xf2, 0x0, 0x0, 0x0, 0x0, 0x5, 0xff,
    0xf6, 0x0, 0x0, 0x0, 0x0, 0x0, 0xd, 0xff,
    0x0, 0x0, 0x0, 0x0, 0x0, 0x0, 0xdf, 0xf0,
    0x0, 0x0, 0x0, 0x0, 0x0, 0xd, 0xff, 0x0,
    0x0, 0x0, 0x0, 0x0, 0x0, 0xdf, 0xf0, 0x0,
    0x0, 0x0, 0x0, 0x0, 0xd, 0xff, 0x0, 0x0,
    0x0, 0x0, 0x0, 0x0, 0xdf, 0xf0, 0x0, 0x0,
    0x0, 0x0, 0x0, 0xd, 0xff, 0x0, 0x0, 0x0,

    /* U+005A "Z" */
    0xf, 0xff, 0xff, 0xff, 0xff, 0xff, 0xff, 0x40,
    0xff, 0xff, 0xff, 0xff, 0xff, 0xff, 0xf4, 0x8,
    0x88, 0x88, 0x88, 0x88, 0xcf, 0xff, 0x20, 0x0,
    0x0, 0x0, 0x0, 0x3f, 0xff, 0x60, 0x0, 0x0,
    0x0, 0x0, 0x2e, 0xff, 0x80, 0x0, 0x0, 0x0,
    0x0, 0x1d, 0xff, 0xa0, 0x0, 0x0, 0x0, 0x0,
    0xc, 0xff, 0xb0, 0x0, 0x0, 0x0, 0x0, 0xb,
    0xff, 0xc0, 0x0, 0x0, 0x0, 0x0, 0x9, 0xff,
    0xd1, 0x0, 0x0, 0x0, 0x0, 0x7, 0xff, 0xe2,
    0x0, 0x0, 0x0, 0x0, 0x6, 0xff, 0xf3, 0x0,
    0x0, 0x0, 0x0, 0x4, 0xff, 0xf5, 0x0, 0x0,
    0x0, 0x0, 0x3, 0xff, 0xf6, 0x0, 0x0, 0x0,
    0x0, 0x0, 0xef, 0xfe, 0x88, 0x88, 0x88, 0x88,
    0x81, 0xf, 0xff, 0xff, 0xff, 0xff, 0xff, 0xff,
    0x30, 0xff, 0xff, 0xff, 0xff, 0xff, 0xff, 0xf3,

    /* U+005B "[" */
    0xf, 0xff, 0xf8, 0xf, 0xff, 0xf8, 0xf, 0xfa,
    0x63, 0xf, 0xf6, 0x0, 0xf, 0xf6, 0x0, 0xf,
    0xf6, 0x0, 0xf, 0xf6, 0x0, 0xf, 0xf6, 0x0,
    0xf, 0xf6, 0x0, 0xf, 0xf6, 0x0, 0xf, 0xf6,
    0x0, 0xf, 0xf6, 0x0, 0xf, 0xf6, 0x0, 0xf,
    0xf6, 0x0, 0xf, 0xf6, 0x0, 0xf, 0xf6, 0x0,
    0xf, 0xf6, 0x0, 0xf, 0xf6, 0x0, 0xf, 0xfa,
    0x63, 0xf, 0xff, 0xf8, 0xf, 0xff, 0xf8,

    /* U+005C "\\" */
    0x48, 0x70, 0x0, 0x0, 0x0, 0x4f, 0xf4, 0x0,
    0x0, 0x0, 0xf, 0xfa, 0x0, 0x0, 0x0, 0xa,
    0xff, 0x0, 0x0, 0x0, 0x4, 0xff, 0x50, 0x0,
    0x0, 0x0, 0xef, 0xa0, 0x0, 0x0, 0x0, 0x9f,
    0xf0, 0x0, 0x0, 0x0, 0x4f, 0xf5, 0x0, 0x0,
    0x0, 0xe, 0xfa, 0x0, 0x0, 0x0, 0x9, 0xff,
    0x0, 0x0, 0x0, 0x4, 0xff, 0x50, 0x0, 0x0,
    0x0, 0xef, 0xb0, 0x0, 0x0, 0x0, 0x9f, 0xf1,
    0x0, 0x0, 0x0, 0x4f, 0xf6, 0x0, 0x0, 0x0,
    0xe, 0xfb, 0x0, 0x0, 0x0, 0x9, 0xff, 0x10,
    0x0, 0x0, 0x3, 0xff, 0x60, 0x0, 0x0, 0x0,
    0xef, 0xb0, 0x0, 0x0, 0x0, 0x9f, 0xf1, 0x0,
    0x0, 0x0, 0x3f, 0xf6,

    /* U+005D "]" */
    0x7f, 0xff, 0xf1, 0x7f, 0xff, 0xf1, 0x36, 0x9f,
    0xf1, 0x0, 0x5f, 0xf1, 0x0, 0x5f, 0xf1, 0x0,
    0x5f, 0xf1, 0x0, 0x5f, 0xf1, 0x0, 0x5f, 0xf1,
    0x0, 0x5f, 0xf1, 0x0, 0x5f, 0xf1, 0x0, 0x5f,
    0xf1, 0x0, 0x5f, 0xf1, 0x0, 0x5f, 0xf1, 0x0,
    0x5f, 0xf1, 0x0, 0x5f, 0xf1, 0x0, 0x5f, 0xf1,
    0x0, 0x5f, 0xf1, 0x0, 0x5f, 0xf1, 0x36, 0x9f,
    0xf1, 0x7f, 0xff, 0xf1, 0x7f, 0xff, 0xf1,

    /* U+005E "^" */
    0x0, 0x0, 0x48, 0x81, 0x0, 0x0, 0x0, 0xe,
    0xff, 0x90, 0x0, 0x0, 0x7, 0xff, 0xff, 0x10,
    0x0, 0x0, 0xef, 0x8e, 0xf9, 0x0, 0x0, 0x7f,
    0xf1, 0x6f, 0xf1, 0x0, 0xe, 0xf8, 0x0, 0xdf,
    0x90, 0x6, 0xff, 0x10, 0x5, 0xff, 0x10, 0xef,
    0x80, 0x0, 0xd, 0xf9,

    /* U+005F "_" */
    0x24, 0x44, 0x44, 0x44, 0x44, 0x9, 0xff, 0xff,
    0xff, 0xff, 0xf0, 0x9f, 0xff, 0xff, 0xff, 0xff,
    0x0,

    /* U+0060 "`" */
    0x7f, 0xf9, 0x0, 0x7, 0xff, 0x80, 0x0, 0x6f,
    0xf7,

    /* U+0061 "a" */
    0x0, 0x6, 0xce, 0xfd, 0x91, 0x0, 0x0, 0xbf,
    0xff, 0xff, 0xfe, 0x20, 0x8, 0xff, 0xc6, 0x5b,
    0xff, 0xb0, 0x1, 0x68, 0x0, 0x0, 0xcf, 0xf1,
    0x0, 0x0, 0x0, 0x0, 0x7f, 0xf4, 0x0, 0x4b,
    0xef, 0xff, 0xff, 0xf5, 0x7, 0xff, 0xff, 0xff,
    0xff, 0xf5, 0xf, 0xfe, 0x41, 0x0, 0x6f, 0xf5,
    0x2f, 0xf9, 0x0, 0x0, 0xbf, 0xf5, 0x1f, 0xff,
    0x63, 0x5b, 0xff, 0xf4, 0x8, 0xff, 0xff, 0xff,
    0xdf, 0xf4, 0x0, 0x5c, 0xef, 0xd7, 0x3f, 0xf4,

    /* U+0062 "b" */
    0x8f, 0xf2, 0x0, 0x0, 0x0, 0x0, 0x8, 0xff,
    0x20, 0x0, 0x0, 0x0, 0x0, 0x8f, 0xf2, 0x0,
    0x0, 0x0, 0x0, 0x8, 0xff, 0x20, 0x0, 0x0,
    0x0, 0x0, 0x8f, 0xf2, 0x4b, 0xfe, 0xc6, 0x0,
    0x8, 0xff, 0x9f, 0xff, 0xff, 0xfa, 0x0, 0x8f,
    0xff, 0xe8, 0x6a, 0xff, 0xf7, 0x8, 0xff, 0xe1,
    0x0, 0x5, 0xff, 0xe0, 0x8f, 0xf7, 0x0, 0x0,
    0xb, 0xff, 0x38, 0xff, 0x30, 0x0, 0x0, 0x7f,
    0xf5, 0x8f, 0xf3, 0x0, 0x0, 0x7, 0xff, 0x58,
    0xff, 0x70, 0x0, 0x0, 0xbf, 0xf3, 0x8f, 0xfe,
    0x10, 0x0, 0x5f, 0xfe, 0x8, 0xff, 0xfe, 0x86,
    0xaf, 0xff, 0x70, 0x8f, 0xf8, 0xff, 0xff, 0xff,
    0xa0, 0x8, 0xff, 0x4, 0xcf, 0xfc, 0x60, 0x0,

    /* U+0063 "c" */
    0x0, 0x1, 0x7c, 0xef, 0xc7, 0x10, 0x0, 0x3,
    0xef, 0xff, 0xff, 0xfe, 0x30, 0x2, 0xff, 0xfc,
    0x88, 0xdf, 0xfe, 0x0, 0xaf, 0xf8, 0x0, 0x0,
    0x9d, 0x81, 0xf, 0xfd, 0x0, 0x0, 0x0, 0x0,
    0x2, 0xff, 0xa0, 0x0, 0x0, 0x0, 0x0, 0x2f,
    0xfa, 0x0, 0x0, 0x0, 0x0, 0x0, 0xff, 0xd0,
    0x0, 0x0, 0x1, 0x0, 0xa, 0xff, 0x80, 0x0,
    0x9, 0xfa, 0x20, 0x2e, 0xff, 0xc8, 0x8c, 0xff,
    0xe0, 0x0, 0x3e, 0xff, 0xff, 0xff, 0xe2, 0x0,
    0x0, 0x17, 0xce, 0xfd, 0x71, 0x0,

    /* U+0064 "d" */
    0x0, 0x0, 0x0, 0x0, 0x0, 0xff, 0xb0, 0x0,
    0x0, 0x0, 0x0, 0xf, 0xfb, 0x0, 0x0, 0x0,
    0x0, 0x0, 0xff, 0xb0, 0x0, 0x0, 0x0, 0x0,
    0xf, 0xfb, 0x0, 0x4, 0xbe, 0xfc, 0x60, 0xff,
    0xb0, 0x8, 0xff, 0xff, 0xff, 0x9f, 0xfb, 0x4,
    0xff, 0xfb, 0x78, 0xdf, 0xff, 0xb0, 0xbf, 0xf7,
    0x0, 0x0, 0xcf, 0xfb, 0xf, 0xfd, 0x0, 0x0,
    0x4, 0xff, 0xb2, 0xff, 0xa0, 0x0, 0x0, 0xf,
    0xfb, 0x2f, 0xfa, 0x0, 0x0, 0x0, 0xff, 0xb0,
    0xff, 0xd0, 0x0, 0x0, 0x4f, 0xfb, 0xb, 0xff,
    0x70, 0x0, 0xc, 0xff, 0xb0, 0x4f, 0xff, 0xb6,
    0x8d, 0xff, 0xfb, 0x0, 0x7f, 0xff, 0xff, 0xfa,
    0xef, 0xb0, 0x0, 0x4b, 0xef, 0xd6, 0xd, 0xfb,

    /* U+0065 "e" */
    0x0, 0x1, 0x8d, 0xfe, 0xc6, 0x0, 0x0, 0x4,
    0xef, 0xff, 0xff, 0xfc, 0x0, 0x2, 0xff, 0xe7,
    0x45, 0x9f, 0xfa, 0x0, 0xaf, 0xe1, 0x0, 0x0,
    0x7f, 0xf2, 0xf, 0xff, 0xff, 0xff, 0xff, 0xff,
    0x72, 0xff, 0xff, 0xff, 0xff, 0xff, 0xf9, 0x2f,
    0xfb, 0x0, 0x0, 0x0, 0x0, 0x0, 0xff, 0xe0,
    0x0, 0x0, 0x2, 0x0, 0xa, 0xff, 0x90, 0x0,
    0x8, 0xfa, 0x10, 0x2f, 0xff, 0xc7, 0x6b, 0xff,
    0xd0, 0x0, 0x4e, 0xff, 0xff, 0xff, 0xd2, 0x0,
    0x0, 0x18, 0xdf, 0xec, 0x70, 0x0,

    /* U+0066 "f" */
    0x0, 0x2, 0xae, 0xfd, 0x80, 0x0, 0xd, 0xff,
    0xff, 0xc0, 0x0, 0x3f, 0xfc, 0x55, 0x20, 0x0,
    0x5f, 0xf6, 0x0, 0x0, 0x6f, 0xff, 0xff, 0xff,
    0x80, 0x6f, 0xff, 0xff, 0xff, 0x80, 0x2, 0x6f,
    0xf7, 0x22, 0x10, 0x0, 0x5f, 0xf6, 0x0, 0x0,
    0x0, 0x5f, 0xf6, 0x0, 0x0, 0x0, 0x5f, 0xf6,
    0x0, 0x0, 0x0, 0x5f, 0xf6, 0x0, 0x0, 0x0,
    0x5f, 0xf6, 0x0, 0x0, 0x0, 0x5f, 0xf6, 0x0,
    0x0, 0x0, 0x5f, 0xf6, 0x0, 0x0, 0x0, 0x5f,
    0xf6, 0x0, 0x0, 0x0, 0x5f, 0xf6, 0x0, 0x0,

    /* U+0067 "g" */
    0x0, 0x4, 0xbe, 0xfc, 0x60, 0xef, 0xd0, 0x7,
    0xff, 0xff, 0xff, 0x9e, 0xfd, 0x4, 0xff, 0xfa,
    0x56, 0xcf, 0xff, 0xd0, 0xbf, 0xf8, 0x0, 0x0,
    0xcf, 0xfd, 0xf, 0xff, 0x0, 0x0, 0x3, 0xff,
    0xd2, 0xff, 0xc0, 0x0, 0x0, 0xf, 0xfd, 0x2f,
    0xfc, 0x0, 0x0, 0x0, 0xff, 0xd0, 0xff, 0xf0,
    0x0, 0x0, 0x3f, 0xfd, 0xc, 0xff, 0x80, 0x0,
    0xb, 0xff, 0xd0, 0x4f, 0xff, 0x94, 0x4a, 0xff,
    0xfd, 0x0, 0x8f, 0xff, 0xff, 0xfa, 0xef, 0xc0,
    0x0, 0x4b, 0xef, 0xd6, 0xe, 0xfb, 0x0, 0x0,
    0x0, 0x0, 0x1, 0xff, 0x90, 0x1, 0x0, 0x0,
    0x0, 0xaf, 0xf4, 0x0, 0xce, 0x96, 0x57, 0xdf,
    0xfb, 0x0, 0x3f, 0xff, 0xff, 0xff, 0xfc, 0x10,
    0x0, 0x39, 0xce, 0xfe, 0xc6, 0x0, 0x0,

    /* U+0068 "h" */
    0x7f, 0xf3, 0x0, 0x0, 0x0, 0x0, 0x7f, 0xf3,
    0x0, 0x0, 0x0, 0x0, 0x7f, 0xf3, 0x0, 0x0,
    0x0, 0x0, 0x7f, 0xf3, 0x0, 0x0, 0x0, 0x0,
    0x7f, 0xf3, 0x5c, 0xfe, 0xb3, 0x0, 0x7f, 0xfa,
    0xff, 0xff, 0xff, 0x40, 0x7f, 0xff, 0xd8, 0x8d,
    0xff, 0xd0, 0x7f, 0xfd, 0x0, 0x0, 0xdf, 0xf2,
    0x7f, 0xf6, 0x0, 0x0, 0x8f, 0xf4, 0x7f, 0xf4,
    0x0, 0x0, 0x6f, 0xf5, 0x7f, 0xf3, 0x0, 0x0,
    0x5f, 0xf5, 0x7f, 0xf3, 0x0, 0x0, 0x5f, 0xf5,
    0x7f, 0xf3, 0x0, 0x0, 0x5f, 0xf5, 0x7f, 0xf3,
    0x0, 0x0, 0x5f, 0xf5, 0x7f, 0xf3, 0x0, 0x0,
    0x5f, 0xf5, 0x7f, 0xf3, 0x0, 0x0, 0x5f, 0xf5,

    /* U+0069 "i" */
    0x5, 0x50, 0x6f, 0xf6, 0x7f, 0xf7, 0x7, 0x70,
    0x0, 0x0, 0x5f, 0xf5, 0x5f, 0xf5, 0x5f, 0xf5,
    0x5f, 0xf5, 0x5f, 0xf5, 0x5f, 0xf5, 0x5f, 0xf5,
    0x5f, 0xf5, 0x5f, 0xf5, 0x5f, 0xf5, 0x5f, 0xf5,
    0x5f, 0xf5,

    /* U+006A "j" */
    0x0, 0x0, 0x17, 0x40, 0x0, 0x0, 0xbf, 0xf3,
    0x0, 0x0, 0xbf, 0xf3, 0x0, 0x0, 0x29, 0x60,
    0x0, 0x0, 0x0, 0x0, 0x0, 0x0, 0x9f, 0xf1,
    0x0, 0x0, 0x9f, 0xf1, 0x0, 0x0, 0x9f, 0xf1,
    0x0, 0x0, 0x9f, 0xf1, 0x0, 0x0, 0x9f, 0xf1,
    0x0, 0x0, 0x9f, 0xf1, 0x0, 0x0, 0x9f, 0xf1,
    0x0, 0x0, 0x9f, 0xf1, 0x0, 0x0, 0x9f, 0xf1,
    0x0, 0x0, 0x9f, 0xf1, 0x0, 0x0, 0x9f, 0xf1,
    0x0, 0x0, 0x9f, 0xf1, 0x0, 0x0, 0x9f, 0xf0,
    0x0, 0x0, 0xbf, 0xf0, 0x7, 0x88, 0xff, 0xd0,
    0x1f, 0xff, 0xff, 0x60, 0x2a, 0xef, 0xc5, 0x0,

    /* U+006B "k" */
    0x8f, 0xf2, 0x0, 0x0, 0x0, 0x0, 0x8f, 0xf2,
    0x0, 0x0, 0x0, 0x0, 0x8f, 0xf2, 0x0, 0x0,
    0x0, 0x0, 0x8f, 0xf2, 0x0, 0x0, 0x0, 0x0,
    0x8f, 0xf2, 0x0, 0xc, 0xff, 0x70, 0x8f, 0xf2,
    0x0, 0xbf, 0xf8, 0x0, 0x8f, 0xf2, 0xa, 0xff,
    0xa0, 0x0, 0x8f, 0xf2, 0x9f, 0xfb, 0x0, 0x0,
    0x8f, 0xfa, 0xff, 0xc0, 0x0, 0x0, 0x8f, 0xff,
    0xff, 0xc0, 0x0, 0x0, 0x8f, 0xff, 0xff, 0xf7,
    0x0, 0x0, 0x8f, 0xfe, 0x3e, 0xff, 0x20, 0x0,
    0x8f, 0xf4, 0x4, 0xff, 0xd0, 0x0, 0x8f, 0xf2,
    0x0, 0x9f, 0xf8, 0x0, 0x8f, 0xf2, 0x0, 0xd,
    0xff, 0x40, 0x8f, 0xf2, 0x0, 0x3, 0xff, 0xe1,

    /* U+006C "l" */
    0x8f, 0xf2, 0x8f, 0xf2, 0x8f, 0xf2, 0x8f, 0xf2,
    0x8f, 0xf2, 0x8f, 0xf2, 0x8f, 0xf2, 0x8f, 0xf2,
    0x8f, 0xf2, 0x8f, 0xf2, 0x8f, 0xf2, 0x8f, 0xf2,
    0x8f, 0xf2, 0x8f, 0xf2, 0x8f, 0xf2, 0x8f, 0xf2,

    /* U+006D "m" */
    0x8f, 0xf1, 0x7d, 0xfe, 0x80, 0x1, 0x9e, 0xfd,
    0x60, 0x8, 0xff, 0xbf, 0xff, 0xff, 0xc1, 0xdf,
    0xff, 0xff, 0x70, 0x8f, 0xff, 0xd8, 0x9f, 0xff,
    0xdf, 0xa7, 0xbf, 0xff, 0x18, 0xff, 0xc0, 0x0,
    0x5f, 0xff, 0x70, 0x0, 0xaf, 0xf5, 0x8f, 0xf5,
    0x0, 0x0, 0xff, 0xf0, 0x0, 0x5, 0xff, 0x78,
    0xff, 0x30, 0x0, 0xe, 0xfd, 0x0, 0x0, 0x3f,
    0xf7, 0x8f, 0xf2, 0x0, 0x0, 0xdf, 0xd0, 0x0,
    0x2, 0xff, 0x78, 0xff, 0x20, 0x0, 0xd, 0xfd,
    0x0, 0x0, 0x2f, 0xf7, 0x8f, 0xf2, 0x0, 0x0,
    0xdf, 0xd0, 0x0, 0x2, 0xff, 0x78, 0xff, 0x20,
    0x0, 0xd, 0xfd, 0x0, 0x0, 0x2f, 0xf7, 0x8f,
    0xf2, 0x0, 0x0, 0xdf, 0xd0, 0x0, 0x2, 0xff,
    0x78, 0xff, 0x20, 0x0, 0xd, 0xfd, 0x0, 0x0,
    0x2f, 0xf7,

    /* U+006E "n" */
    0x8f, 0xf0, 0x6d, 0xfe, 0xb3, 0x0, 0x8f, 0xfa,
    0xff, 0xff, 0xff, 0x40, 0x8f, 0xff, 0xd8, 0x8d,
    0xff, 0xd0, 0x8f, 0xfd, 0x0, 0x0, 0xef, 0xf1,
    0x8f, 0xf6, 0x0, 0x0, 0x8f, 0xf4, 0x8f, 0xf3,
    0x0, 0x0, 0x6f, 0xf4, 0x8f, 0xf2, 0x0, 0x0,
    0x6f, 0xf5, 0x8f, 0xf2, 0x0, 0x0, 0x6f, 0xf5,
    0x8f, 0xf2, 0x0, 0x0, 0x6f, 0xf5, 0x8f, 0xf2,
    0x0, 0x0, 0x6f, 0xf5, 0x8f, 0xf2, 0x0, 0x0,
    0x6f, 0xf5, 0x8f, 0xf2, 0x0, 0x0, 0x6f, 0xf5,

    /* U+006F "o" */
    0x0, 0x1, 0x8d, 0xfe, 0xc7, 0x10, 0x0, 0x0,
    0x4e, 0xff, 0xff, 0xff, 0xe3, 0x0, 0x2, 0xff,
    0xfb, 0x77, 0xcf, 0xfe, 0x10, 0xa, 0xff, 0x70,
    0x0, 0x9, 0xff, 0x90, 0xf, 0xfd, 0x0, 0x0,
    0x0, 0xef, 0xe0, 0x2f, 0xfa, 0x0, 0x0, 0x0,
    0xbf, 0xf0, 0x2f, 0xfa, 0x0, 0x0, 0x0, 0xbf,
    0xf0, 0xf, 0xfd, 0x0, 0x0, 0x0, 0xef, 0xe0,
    0xa, 0xff, 0x80, 0x0, 0x9, 0xff, 0x90, 0x2,
    0xff, 0xfc, 0x88, 0xcf, 0xfe, 0x10, 0x0, 0x4e,
    0xff, 0xff, 0xff, 0xe3, 0x0, 0x0, 0x1, 0x8d,
    0xff, 0xd7, 0x10, 0x0,

    /* U+0070 "p" */
    0x6f, 0xf2, 0x3b, 0xef, 0xc6, 0x0, 0x6, 0xff,
    0x8f, 0xff, 0xff, 0xfc, 0x0, 0x6f, 0xff, 0xf9,
    0x69, 0xff, 0xf9, 0x6, 0xff, 0xf3, 0x0, 0x3,
    0xff, 0xf1, 0x6f, 0xf9, 0x0, 0x0, 0x9, 0xff,
    0x56, 0xff, 0x50, 0x0, 0x0, 0x5f, 0xf7, 0x6f,
    0xf5, 0x0, 0x0, 0x5, 0xff, 0x76, 0xff, 0x90,
    0x0, 0x0, 0x9f, 0xf5, 0x6f, 0xff, 0x20, 0x0,
    0x3f, 0xff, 0x16, 0xff, 0xff, 0x86, 0x9f, 0xff,
    0x90, 0x6f, 0xf9, 0xff, 0xff, 0xff, 0xc0, 0x6,
    0xff, 0x43, 0xbe, 0xfc, 0x60, 0x0, 0x6f, 0xf4,
    0x0, 0x0, 0x0, 0x0, 0x6, 0xff, 0x40, 0x0,
    0x0, 0x0, 0x0, 0x6f, 0xf4, 0x0, 0x0, 0x0,
    0x0, 0x6, 0xff, 0x40, 0x0, 0x0, 0x0, 0x0,
    0x6f, 0xf4, 0x0, 0x0, 0x0, 0x0, 0x0,

    /* U+0071 "q" */
    0x0, 0x4, 0xbe, 0xfd, 0x60, 0xdf, 0xb0, 0x8,
    0xff, 0xff, 0xff, 0xae, 0xfb, 0x4, 0xff, 0xfb,
    0x77, 0xdf, 0xff, 0xb0, 0xbf, 0xf7, 0x0, 0x0,
    0xcf, 0xfb, 0xf, 0xfe, 0x0, 0x0, 0x4, 0xff,
    0xb2, 0xff, 0xa0, 0x0, 0x0, 0xf, 0xfb, 0x2f,
    0xfa, 0x0, 0x0, 0x0, 0xff, 0xb0, 0xff, 0xe0,
    0x0, 0x0, 0x4f, 0xfb, 0xb, 0xff, 0x80, 0x0,
    0xc, 0xff, 0xb0, 0x4f, 0xff, 0xb6, 0x7d, 0xff,
    0xfb, 0x0, 0x7f, 0xff, 0xff, 0xf9, 0xff, 0xb0,
    0x0, 0x4b, 0xef, 0xc6, 0xf, 0xfb, 0x0, 0x0,
    0x0, 0x0, 0x0, 0xff, 0xb0, 0x0, 0x0, 0x0,
    0x0, 0xf, 0xfb, 0x0, 0x0, 0x0, 0x0, 0x0,
    0xff, 0xb0, 0x0, 0x0, 0x0, 0x0, 0xf, 0xfb,
    0x0, 0x0, 0x0, 0x0, 0x0, 0xff, 0xb0,

    /* U+0072 "r" */
    0x8f, 0xf2, 0x2a, 0xe6, 0x8f, 0xf7, 0xff, 0xf6,
    0x8f, 0xff, 0xfb, 0x83, 0x8f, 0xfe, 0x30, 0x0,
    0x8f, 0xf6, 0x0, 0x0, 0x8f, 0xf3, 0x0, 0x0,
    0x8f, 0xf2, 0x0, 0x0, 0x8f, 0xf2, 0x0, 0x0,
    0x8f, 0xf2, 0x0, 0x0, 0x8f, 0xf2, 0x0, 0x0,
    0x8f, 0xf2, 0x0, 0x0, 0x8f, 0xf2, 0x0, 0x0,

    /* U+0073 "s" */
    0x0, 0x18, 0xdf, 0xec, 0x60, 0x0, 0xd, 0xff,
    0xff, 0xff, 0xc0, 0x6, 0xff, 0xc5, 0x6b, 0xfe,
    0x30, 0x8f, 0xf3, 0x0, 0x5, 0x0, 0x5, 0xff,
    0xd6, 0x20, 0x0, 0x0, 0xa, 0xff, 0xff, 0xe7,
    0x0, 0x0, 0x5, 0xbf, 0xff, 0xfa, 0x0, 0x0,
    0x0, 0x15, 0xcf, 0xf4, 0x2, 0x86, 0x0, 0x3,
    0xff, 0x70, 0xef, 0xfa, 0x56, 0xcf, 0xf5, 0x3,
    0xef, 0xff, 0xff, 0xfb, 0x0, 0x1, 0x8d, 0xff,
    0xc7, 0x0,

    /* U+0074 "t" */
    0x0, 0x58, 0x80, 0x0, 0x0, 0xa, 0xff, 0x0,
    0x0, 0x0, 0xaf, 0xf0, 0x0, 0x0, 0xa, 0xff,
    0x0, 0x0, 0x9f, 0xff, 0xff, 0xff, 0x49, 0xff,
    0xff, 0xff, 0xf4, 0x24, 0xbf, 0xf4, 0x44, 0x10,
    0xa, 0xff, 0x0, 0x0, 0x0, 0xaf, 0xf0, 0x0,
    0x0, 0xa, 0xff, 0x0, 0x0, 0x0, 0xaf, 0xf0,
    0x0, 0x0, 0xa, 0xff, 0x0, 0x0, 0x0, 0x9f,
    0xf2, 0x0, 0x0, 0x7, 0xff, 0xc7, 0xa0, 0x0,
    0x1e, 0xff, 0xff, 0x70, 0x0, 0x2a, 0xef, 0xb3,

    /* U+0075 "u" */
    0xcf, 0xe0, 0x0, 0x0, 0x9f, 0xf0, 0xcf, 0xe0,
    0x0, 0x0, 0x9f, 0xf0, 0xcf, 0xe0, 0x0, 0x0,
    0x9f, 0xf0, 0xcf, 0xe0, 0x0, 0x0, 0x9f, 0xf0,
    0xcf, 0xe0, 0x0, 0x0, 0x9f, 0xf0, 0xcf, 0xe0,
    0x0, 0x0, 0x9f, 0xf0, 0xcf, 0xe0, 0x0, 0x0,
    0xaf, 0xf0, 0xbf, 0xf0, 0x0, 0x0, 0xdf, 0xf0,
    0x9f, 0xf7, 0x0, 0x5, 0xff, 0xf0, 0x4f, 0xff,
    0xa7, 0xaf, 0xff, 0xf0, 0xb, 0xff, 0xff, 0xff,
    0xbf, 0xf0, 0x0, 0x7d, 0xfe, 0xa2, 0x8f, 0xf0,

    /* U+0076 "v" */
    0x9f, 0xf2, 0x0, 0x0, 0x2, 0xff, 0x93, 0xff,
    0x80, 0x0, 0x0, 0x9f, 0xf3, 0xc, 0xfe, 0x0,
    0x0, 0xe, 0xfc, 0x0, 0x5f, 0xf5, 0x0, 0x5,
    0xff, 0x50, 0x0, 0xef, 0xb0, 0x0, 0xcf, 0xe0,
    0x0, 0x8, 0xff, 0x20, 0x2f, 0xf8, 0x0, 0x0,
    0x2f, 0xf8, 0x8, 0xff, 0x20, 0x0, 0x0, 0xbf,
    0xe0, 0xef, 0xb0, 0x0, 0x0, 0x4, 0xff, 0xaf,
    0xf5, 0x0, 0x0, 0x0, 0xd, 0xff, 0xfe, 0x0,
    0x0, 0x0, 0x0, 0x7f, 0xff, 0x70, 0x0, 0x0,
    0x0, 0x1, 0xff, 0xf1, 0x0, 0x0,

    /* U+0077 "w" */
    0x9f, 0xf1, 0x0, 0x0, 0xbf, 0xf4, 0x0, 0x0,
    0x8f, 0xf2, 0x4f, 0xf7, 0x0, 0x0, 0xff, 0xf9,
    0x0, 0x0, 0xef, 0xc0, 0xe, 0xfc, 0x0, 0x5,
    0xff, 0xfe, 0x0, 0x3, 0xff, 0x70, 0x9, 0xff,
    0x10, 0xa, 0xfe, 0xff, 0x40, 0x9, 0xff, 0x10,
    0x3, 0xff, 0x70, 0xf, 0xf6, 0xdf, 0x90, 0xe,
    0xfc, 0x0, 0x0, 0xef, 0xc0, 0x5f, 0xf1, 0x8f,
    0xe0, 0x3f, 0xf7, 0x0, 0x0, 0x8f, 0xf1, 0xaf,
    0xc0, 0x3f, 0xf4, 0x9f, 0xf1, 0x0, 0x0, 0x3f,
    0xf7, 0xff, 0x70, 0xd, 0xf9, 0xef, 0xc0, 0x0,
    0x0, 0xe, 0xff, 0xff, 0x20, 0x8, 0xff, 0xff,
    0x60, 0x0, 0x0, 0x8, 0xff, 0xfc, 0x0, 0x3,
    0xff, 0xff, 0x10, 0x0, 0x0, 0x3, 0xff, 0xf7,
    0x0, 0x0, 0xef, 0xfb, 0x0, 0x0, 0x0, 0x0,
    0xdf, 0xf2, 0x0, 0x0, 0x9f, 0xf6, 0x0, 0x0,

    /* U+0078 "x" */
    0x2f, 0xff, 0x10, 0x0, 0xbf, 0xf6, 0x0, 0x6f,
    0xfb, 0x0, 0x6f, 0xfb, 0x0, 0x0, 0xaf, 0xf6,
    0x2f, 0xfe, 0x10, 0x0, 0x0, 0xef, 0xfc, 0xff,
    0x40, 0x0, 0x0, 0x3, 0xff, 0xff, 0x90, 0x0,
    0x0, 0x0, 0x8, 0xff, 0xd0, 0x0, 0x0, 0x0,
    0x0, 0xcf, 0xff, 0x20, 0x0, 0x0, 0x0, 0x8f,
    0xff, 0xfd, 0x0, 0x0, 0x0, 0x4f, 0xfc, 0x7f,
    0xf9, 0x0, 0x0, 0x1e, 0xff, 0x20, 0xcf, 0xf4,
    0x0, 0xa, 0xff, 0x70, 0x2, 0xff, 0xe1, 0x6,
    0xff, 0xc0, 0x0, 0x7, 0xff, 0xb0,

    /* U+0079 "y" */
    0xaf, 0xf4, 0x0, 0x0, 0x0, 0xef, 0xf0, 0x3f,
    0xfb, 0x0, 0x0, 0x5, 0xff, 0x90, 0xb, 0xff,
    0x10, 0x0, 0xb, 0xff, 0x20, 0x4, 0xff, 0x80,
    0x0, 0x2f, 0xfb, 0x0, 0x0, 0xdf, 0xe0, 0x0,
    0x8f, 0xf5, 0x0, 0x0, 0x6f, 0xf5, 0x0, 0xef,
    0xe0, 0x0, 0x0, 0xe, 0xfc, 0x5, 0xff, 0x70,
    0x0, 0x0, 0x7, 0xff, 0x2c, 0xff, 0x10, 0x0,
    0x0, 0x1, 0xff, 0xbf, 0xfa, 0x0, 0x0, 0x0,
    0x0, 0x9f, 0xff, 0xf3, 0x0, 0x0, 0x0, 0x0,
    0x2f, 0xff, 0xc0, 0x0, 0x0, 0x0, 0x0, 0xb,
    0xff, 0x60, 0x0, 0x0, 0x0, 0x0, 0xc, 0xfe,
    0x0, 0x0, 0x0, 0x0, 0x0, 0x3f, 0xf8, 0x0,
    0x0, 0x0, 0x6, 0x97, 0xef, 0xf1, 0x0, 0x0,
    0x0, 0xd, 0xff, 0xff, 0x60, 0x0, 0x0, 0x0,
    0x8, 0xdf, 0xd6, 0x0, 0x0, 0x0, 0x0,

    /* U+007A "z" */
    0x1f, 0xff, 0xff, 0xff, 0xff, 0xa1, 0xff, 0xff,
    0xff, 0xff, 0xfa, 0x3, 0x33, 0x33, 0x4f, 0xff,
    0x30, 0x0, 0x0, 0xc, 0xff, 0x60, 0x0, 0x0,
    0x9, 0xff, 0x90, 0x0, 0x0, 0x6, 0xff, 0xb0,
    0x0, 0x0, 0x3, 0xff, 0xd1, 0x0, 0x0, 0x1,
    0xef, 0xf2, 0x0, 0x0, 0x0, 0xcf, 0xf5, 0x0,
    0x0, 0x0, 0xaf, 0xfa, 0x33, 0x33, 0x32, 0x1f,
    0xff, 0xff, 0xff, 0xff, 0xb1, 0xff, 0xff, 0xff,
    0xff, 0xfb,

    /* U+007B "{" */
    0x0, 0x0, 0x0, 0x20, 0x0, 0x1, 0xbf, 0xf0,
    0x0, 0xa, 0xff, 0xf0, 0x0, 0xf, 0xfb, 0x10,
    0x0, 0x3f, 0xf4, 0x0, 0x0, 0x4f, 0xf2, 0x0,
    0x0, 0x5f, 0xf1, 0x0, 0x0, 0x6f, 0xf0, 0x0,
    0x0, 0x7f, 0xf0, 0x0, 0x2, 0xdf, 0xb0, 0x0,
    0xaf, 0xfc, 0x20, 0x0, 0xaf, 0xfb, 0x10, 0x0,
    0x3, 0xef, 0xa0, 0x0, 0x0, 0x8f, 0xf0, 0x0,
    0x0, 0x6f, 0xf0, 0x0, 0x0, 0x5f, 0xf1, 0x0,
    0x0, 0x5f, 0xf1, 0x0, 0x0, 0x4f, 0xf3, 0x0,
    0x0, 0x2f, 0xf5, 0x0, 0x0, 0xe, 0xfd, 0x40,
    0x0, 0x7, 0xff, 0xf0, 0x0, 0x0, 0x7d, 0xf0,

    /* U+007C "|" */
    0xb, 0xb1, 0xf, 0xf2, 0xf, 0xf2, 0xf, 0xf2,
    0xf, 0xf2, 0xf, 0xf2, 0xf, 0xf2, 0xf, 0xf2,
    0xf, 0xf2, 0xf, 0xf2, 0xf, 0xf2, 0xf, 0xf2,
    0xf, 0xf2, 0xf, 0xf2, 0xf, 0xf2, 0xf, 0xf2,
    0xf, 0xf2, 0xf, 0xf2, 0xf, 0xf2, 0xf, 0xf2,
    0xf, 0xf2, 0xf, 0xf2, 0xf, 0xf2, 0xf, 0xf2,

    /* U+007D "}" */
    0x11, 0x0, 0x0, 0x0, 0xaf, 0xd4, 0x0, 0x0,
    0xaf, 0xff, 0x10, 0x0, 0x7, 0xff, 0x60, 0x0,
    0x0, 0xef, 0x90, 0x0, 0x0, 0xcf, 0xa0, 0x0,
    0x0, 0xbf, 0xb0, 0x0, 0x0, 0xaf, 0xb0, 0x0,
    0x0, 0x9f, 0xd0, 0x0, 0x0, 0x5f, 0xf5, 0x0,
    0x0, 0x9, 0xff, 0xf0, 0x0, 0x8, 0xff, 0xf0,
    0x0, 0x4f, 0xf6, 0x0, 0x0, 0x9f, 0xd0, 0x0,
    0x0, 0xaf, 0xc0, 0x0, 0x0, 0xbf, 0xb0, 0x0,
    0x0, 0xbf, 0xb0, 0x0, 0x0, 0xcf, 0xa0, 0x0,
    0x0, 0xff, 0x80, 0x0, 0x29, 0xff, 0x40, 0x0,
    0xaf, 0xfd, 0x0, 0x0, 0xae, 0xa1, 0x0, 0x0,

    /* U+007E "~" */
    0x0, 0x27, 0x74, 0x0, 0x0, 0x0, 0x0, 0x6f,
    0xff, 0xfb, 0x0, 0x1, 0x21, 0x2f, 0xff, 0xff,
    0xfa, 0x0, 0xaf, 0xa7, 0xfe, 0x22, 0xdf, 0xfb,
    0xaf, 0xf6, 0x6a, 0x60, 0x2, 0xef, 0xff, 0xfd,
    0x0, 0x0, 0x0, 0x1, 0xae, 0xfa, 0x10,

    /* U+00A0 " " */

    /* U+00A1 "¡" */
    0x6, 0xfb, 0x0, 0xff, 0xf5, 0xb, 0xff, 0x10,
    0x3, 0x10, 0x0, 0x0, 0x0, 0x35, 0x40, 0xa,
    0xff, 0x0, 0xaf, 0xf0, 0xa, 0xff, 0x0, 0xaf,
    0xf0, 0xb, 0xff, 0x0, 0xbf, 0xf1, 0xb, 0xff,
    0x10, 0xbf, 0xf1, 0xc, 0xff, 0x10, 0xcf, 0xf2,
    0xc, 0xff, 0x20,

    /* U+00A2 "¢" */
    0x0, 0x0, 0x0, 0xeb, 0x0, 0x0, 0x0, 0x0,
    0x0, 0xe, 0xc0, 0x0, 0x0, 0x0, 0x3, 0xbf,
    0xff, 0xfb, 0x30, 0x0, 0x6, 0xff, 0xff, 0xff,
    0xff, 0x50, 0x3, 0xff, 0xf8, 0xed, 0x9f, 0xff,
    0x20, 0xbf, 0xf4, 0xe, 0xb0, 0x59, 0x40, 0xf,
    0xfc, 0x0, 0xeb, 0x0, 0x0, 0x2, 0xff, 0x90,
    0xe, 0xb0, 0x0, 0x0, 0x1f, 0xfa, 0x0, 0xeb,
    0x0, 0x0, 0x0, 0xef, 0xe0, 0xe, 0xb0, 0x14,
    0x0, 0x8, 0xff, 0xb0, 0xeb, 0xb, 0xfe, 0x30,
    0xd, 0xff, 0xff, 0xee, 0xff, 0xc0, 0x0, 0x1c,
    0xff, 0xff, 0xff, 0xb1, 0x0, 0x0, 0x4, 0x8f,
    0xe9, 0x40, 0x0, 0x0, 0x0, 0x0, 0xeb, 0x0,
    0x0, 0x0, 0x0, 0x0, 0xe, 0xb0, 0x0, 0x0,

    /* U+00A3 "£" */
    0x0, 0x1, 0x8d, 0xff, 0xd8, 0x10, 0x0, 0x2,
    0xef, 0xff, 0xff, 0xfe, 0x20, 0x0, 0xbf, 0xfc,
    0x65, 0xbf, 0xfb, 0x0, 0xf, 0xfd, 0x0, 0x0,
    0xdf, 0xf0, 0x2, 0xff, 0x90, 0x0, 0x3, 0x57,
    0x0, 0x2f, 0xf9, 0x0, 0x0, 0x0, 0x0, 0x2,
    0xff, 0x90, 0x0, 0x0, 0x0, 0xe, 0xff, 0xff,
    0xff, 0xff, 0x70, 0x0, 0xef, 0xff, 0xff, 0xff,
    0xf7, 0x0, 0x2, 0x5f, 0xfa, 0x33, 0x33, 0x10,
    0x0, 0x2, 0xff, 0x90, 0x0, 0x0, 0x0, 0x0,
    0x2f, 0xf9, 0x0, 0x0, 0x0, 0x0, 0x3, 0xff,
    0x70, 0x0, 0x0, 0x0, 0x7, 0xdf, 0xf9, 0x77,
    0x77, 0x77, 0x70, 0xef, 0xff, 0xff, 0xff, 0xff,
    0xff, 0x2e, 0xff, 0xff, 0xff, 0xff, 0xff, 0xf2,

    /* U+00A4 "¤" */
    0x3, 0x80, 0x0, 0x0, 0x9, 0x20, 0x1e, 0xfb,
    0xbf, 0xfb, 0xcf, 0xe0, 0x6, 0xff, 0xff, 0xff,
    0xff, 0x50, 0x1, 0xff, 0xd5, 0x5c, 0xff, 0x10,
    0x6, 0xff, 0x20, 0x2, 0xff, 0x60, 0x7, 0xff,
    0x0, 0x0, 0xff, 0x80, 0x6, 0xff, 0x20, 0x2,
    0xff, 0x60, 0x1, 0xff, 0xd5, 0x5d, 0xff, 0x10,
    0x7, 0xff, 0xff, 0xff, 0xff, 0x70, 0x1e, 0xfa,
    0xbf, 0xfb, 0xaf, 0xd0, 0x2, 0x70, 0x0, 0x0,
    0x7, 0x10,

    /* U+00A5 "¥" */
    0x8f, 0xfa, 0x0, 0x0, 0x0, 0xcf, 0xf4, 0xd,
    0xff, 0x30, 0x0, 0x6, 0xff, 0xb0, 0x4, 0xff,
    0xc0, 0x0, 0xe, 0xff, 0x20, 0x0, 0xaf, 0xf5,
    0x0, 0x8f, 0xf7, 0x0, 0x0, 0x1f, 0xfe, 0x2,
    0xff, 0xd0, 0x0, 0x0, 0x7, 0xff, 0x8b, 0xff,
    0x40, 0x0, 0x0, 0x0, 0xdf, 0xff, 0xfa, 0x0,
    0x0, 0x0, 0x89, 0xcf, 0xff, 0xfb, 0x96, 0x0,
    0x0, 0xef, 0xff, 0xff, 0xff, 0xfa, 0x0, 0x0,
    0x0, 0x7, 0xff, 0x40, 0x0, 0x0, 0x0, 0xef,
    0xff, 0xff, 0xff, 0xfa, 0x0, 0x0, 0x89, 0x9c,
    0xff, 0xb9, 0x96, 0x0, 0x0, 0x0, 0x7, 0xff,
    0x40, 0x0, 0x0, 0x0, 0x0, 0x7, 0xff, 0x40,
    0x0, 0x0, 0x0, 0x0, 0x7, 0xff, 0x40, 0x0,
    0x0, 0x0, 0x0, 0x7, 0xff, 0x40, 0x0, 0x0,

    /* U+00A6 "¦" */
    0x9f, 0x99, 0xf9, 0x9f, 0x99, 0xf9, 0x9f, 0x99,
    0xf9, 0x9f, 0x99, 0xf9, 0x9f, 0x99, 0xf9, 0x35,
    0x30, 0x0, 0x0, 0x2, 0x52, 0x9f, 0x99, 0xf9,
    0x9f, 0x99, 0xf9, 0x9f, 0x99, 0xf9, 0x9f, 0x99,
    0xf9, 0x9f, 0x99, 0xf9,

    /* U+00A7 "§" */
    0x0, 0x2a, 0xdf, 0xeb, 0x30, 0x0, 0x3f, 0xff,
    0xff, 0xff, 0x50, 0xb, 0xfc, 0x10, 0x1a, 0xff,
    0x10, 0xef, 0x50, 0x0, 0x5, 0x10, 0xd, 0xf9,
    0x0, 0x0, 0x0, 0x0, 0x6f, 0xfd, 0x84, 0x0,
    0x0, 0x0, 0xbf, 0xff, 0xfe, 0x70, 0x0, 0x5f,
    0xfd, 0xbe, 0xff, 0x80, 0xc, 0xfa, 0x0, 0x8,
    0xff, 0x10, 0xef, 0x60, 0x0, 0x1f, 0xf3, 0xc,
    0xfc, 0x10, 0x8, 0xff, 0x10, 0x3f, 0xff, 0xdf,
    0xff, 0x80, 0x0, 0x3b, 0xff, 0xff, 0xe1, 0x0,
    0x0, 0x1, 0x5a, 0xff, 0xb0, 0x0, 0x0, 0x0,
    0x4, 0xff, 0x20, 0x49, 0x0, 0x0, 0x1f, 0xf3,
    0x1f, 0xfb, 0x20, 0x2a, 0xff, 0x0, 0x5f, 0xff,
    0xff, 0xff, 0x60, 0x0, 0x28, 0xcd, 0xda, 0x30,
    0x0,

    /* U+00A8 "¨" */
    0x5c, 0x60, 0x0, 0x4c, 0x70, 0xdf, 0xf0, 0x0,
    0xbf, 0xf0, 0x7f, 0x80, 0x0, 0x5f, 0xa0,

    /* U+00A9 "©" */
    0x0, 0x0, 0x0, 0x6b, 0xef, 0xec, 0x81, 0x0,
    0x0, 0x0, 0x0, 0x6, 0xef, 0xff, 0xef, 0xff,
    0xf8, 0x0, 0x0, 0x0, 0x8, 0xff, 0x93, 0x0,
    0x2, 0x8e, 0xfc, 0x0, 0x0, 0x6, 0xfe, 0x40,
    0x0, 0x0, 0x0, 0x2d, 0xfa, 0x0, 0x1, 0xff,
    0x40, 0x8, 0xdf, 0xd8, 0x0, 0x1e, 0xf4, 0x0,
    0x8f, 0xa0, 0xc, 0xff, 0xef, 0xfc, 0x0, 0x6f,
    0xb0, 0xc, 0xf4, 0x7, 0xfd, 0x20, 0x1c, 0xf7,
    0x1, 0xff, 0x0, 0xff, 0x10, 0xbf, 0x50, 0x0,
    0x12, 0x0, 0xd, 0xf2, 0xf, 0xf0, 0xd, 0xf3,
    0x0, 0x0, 0x0, 0x0, 0xcf, 0x40, 0xff, 0x10,
    0xbf, 0x50, 0x0, 0x14, 0x0, 0xd, 0xf3, 0xd,
    0xf4, 0x7, 0xfd, 0x20, 0x2d, 0xf8, 0x0, 0xff,
    0x0, 0x8f, 0xa0, 0xc, 0xff, 0xef, 0xfc, 0x0,
    0x6f, 0xb0, 0x1, 0xff, 0x40, 0x8, 0xdf, 0xd8,
    0x0, 0x1e, 0xf4, 0x0, 0x7, 0xfe, 0x30, 0x0,
    0x0, 0x0, 0x1c, 0xfa, 0x0, 0x0, 0x9, 0xff,
    0x93, 0x0, 0x1, 0x7e, 0xfc, 0x0, 0x0, 0x0,
    0x6, 0xef, 0xff, 0xef, 0xff, 0xf8, 0x0, 0x0,
    0x0, 0x0, 0x0, 0x7b, 0xef, 0xec, 0x82, 0x0,
    0x0, 0x0,

    /* U+00AA "ª" */
    0x0, 0x7a, 0x94, 0x0, 0xd, 0xff, 0xff, 0x60,
    0x19, 0xb1, 0x5f, 0xe0, 0x0, 0x0, 0x1f, 0xf1,
    0x9, 0xff, 0xff, 0xf2, 0x5f, 0xd4, 0x4f, 0xf2,
    0x4f, 0xe8, 0xbf, 0xf2, 0x9, 0xef, 0x9c, 0xf2,

    /* U+00AB "«" */
    0x0, 0xa, 0xff, 0x80, 0x6f, 0xfb, 0x0, 0x6,
    0xff, 0xb0, 0x3f, 0xfe, 0x10, 0x2, 0xff, 0xe1,
    0xd, 0xff, 0x40, 0x0, 0xdf, 0xf4, 0xa, 0xff,
    0x70, 0x0, 0x9f, 0xf9, 0x6, 0xff, 0xc0, 0x0,
    0x4, 0xff, 0xd0, 0x1e, 0xff, 0x20, 0x0, 0x8,
    0xff, 0xa0, 0x4f, 0xfd, 0x0, 0x0, 0xb, 0xff,
    0x60, 0x8f, 0xfa, 0x0, 0x0, 0x1e, 0xff, 0x20,
    0xbf, 0xf6, 0x0, 0x0, 0x37, 0x75, 0x1, 0x77,
    0x60,

    /* U+00AC "¬" */
    0x33, 0x33, 0x33, 0x33, 0x3e, 0xff, 0xff, 0xff,
    0xfd, 0xef, 0xff, 0xff, 0xff, 0xd0, 0x0, 0x0,
    0x6, 0xfd, 0x0, 0x0, 0x0, 0x6f, 0xd0, 0x0,
    0x0, 0x3, 0x86,

    /* U+00AE "®" */
    0x0, 0x0, 0x0, 0x1, 0x0, 0x0, 0x0, 0x0,
    0x0, 0x6, 0xdf, 0xff, 0xc5, 0x0, 0x0, 0x0,
    0x2d, 0xfb, 0x75, 0x6b, 0xfb, 0x0, 0x0, 0x1d,
    0xd3, 0xff, 0xfd, 0x34, 0xeb, 0x0, 0x8, 0xf2,
    0x1f, 0x84, 0xcd, 0x4, 0xf6, 0x0, 0xea, 0x1,
    0xf5, 0x6, 0xf1, 0xc, 0xc0, 0x2f, 0x70, 0x1f,
    0x61, 0xbe, 0x0, 0x9f, 0x2, 0xf6, 0x1, 0xff,
    0xff, 0x50, 0x9, 0xf0, 0xf, 0x90, 0x1f, 0x88,
    0xf2, 0x0, 0xbd, 0x0, 0xae, 0x11, 0xf5, 0xc,
    0xc0, 0x2f, 0x70, 0x2, 0xfb, 0x15, 0x10, 0x15,
    0x3d, 0xd0, 0x0, 0x3, 0xee, 0x74, 0x24, 0x8f,
    0xd2, 0x0, 0x0, 0x2, 0xaf, 0xff, 0xff, 0x91,
    0x0, 0x0, 0x0, 0x0, 0x3, 0x43, 0x0, 0x0,
    0x0,

    /* U+00AF "¯" */
    0x4, 0x44, 0x44, 0x44, 0x13, 0xff, 0xff, 0xff,
    0xf6, 0x3f, 0xff, 0xff, 0xff, 0x60,

    /* U+00B0 "°" */
    0x0, 0x3a, 0xca, 0x30, 0x4, 0xff, 0xff, 0xf4,
    0xd, 0xf8, 0x8, 0xfc, 0xf, 0xf1, 0x1, 0xff,
    0xd, 0xf6, 0x6, 0xfc, 0x5, 0xff, 0xef, 0xf5,
    0x0, 0x5d, 0xfd, 0x50,

    /* U+00B1 "±" */
    0x0, 0x0, 0x9f, 0xa0, 0x0, 0x0, 0x0, 0x0,
    0x9f, 0xa0, 0x0, 0x0, 0x0, 0x0, 0x9f, 0xa0,
    0x0, 0x0, 0x1, 0x11, 0x9f, 0xa1, 0x11, 0x10,
    0xff, 0xff, 0xff, 0xff, 0xff, 0xf1, 0xff, 0xff,
    0xff, 0xff, 0xff, 0xf1, 0x0, 0x0, 0x9f, 0xa0,
    0x0, 0x0, 0x0, 0x0, 0x9f, 0xa0, 0x0, 0x0,
    0x0, 0x0, 0x9f, 0xa0, 0x0, 0x0, 0x0, 0x0,
    0x7c, 0x80, 0x0, 0x0, 0x0, 0x0, 0x0, 0x0,
    0x0, 0x0, 0xde, 0xee, 0xee, 0xee, 0xee, 0xe0,
    0xff, 0xff, 0xff, 0xff, 0xff, 0xf1,

    /* U+00B2 "²" */
    0x1, 0xae, 0xfc, 0x40, 0x1e, 0xff, 0xff, 0xf4,
    0x5e, 0xe2, 0xa, 0xfa, 0x0, 0x0, 0x8, 0xfb,
    0x0, 0x0, 0x6f, 0xf5, 0x0, 0x1a, 0xff, 0x70,
    0x1, 0xdf, 0xd3, 0x0, 0xc, 0xfc, 0x10, 0x0,
    0x2f, 0xfe, 0xdd, 0xdc, 0x3f, 0xff, 0xff, 0xfe,

    /* U+00B3 "³" */
    0x0, 0x8e, 0xfc, 0x40, 0xb, 0xff, 0xef, 0xf4,
    0x7, 0xa1, 0xa, 0xf9, 0x0, 0x0, 0x1c, 0xf6,
    0x0, 0xf, 0xff, 0x80, 0x0, 0xb, 0xdf, 0xd1,
    0x0, 0x0, 0x8, 0xfa, 0x7, 0xa1, 0x8, 0xfb,
    0xd, 0xff, 0xef, 0xf6, 0x1, 0x9e, 0xfd, 0x60,

    /* U+00B4 "´" */
    0x0, 0xaf, 0xf6, 0x9, 0xff, 0x60, 0x8f, 0xf5,
    0x0,

    /* U+00B5 "µ" */
    0xcf, 0xe0, 0x0, 0x0, 0x9f, 0xf0, 0xcf, 0xe0,
    0x0, 0x0, 0x9f, 0xf0, 0xcf, 0xe0, 0x0, 0x0,
    0x9f, 0xf0, 0xcf, 0xe0, 0x0, 0x0, 0x9f, 0xf0,
    0xcf, 0xe0, 0x0, 0x0, 0x9f, 0xf0, 0xcf, 0xe0,
    0x0, 0x0, 0x9f, 0xf0, 0xcf, 0xe0, 0x0, 0x0,
    0xaf, 0xf0, 0xcf, 0xf0, 0x0, 0x0, 0xdf, 0xf0,
    0xcf, 0xf7, 0x0, 0x5, 0xff, 0xf0, 0xcf, 0xff,
    0xa7, 0xaf, 0xff, 0xf0, 0xcf, 0xff, 0xff, 0xff,
    0xdf, 0xf0, 0xcf, 0xb8, 0xef, 0xd6, 0x8f, 0xf0,
    0xcf, 0xb0, 0x0, 0x0, 0x0, 0x0, 0xcf, 0xb0,
    0x0, 0x0, 0x0, 0x0, 0xcf, 0xb0, 0x0, 0x0,
    0x0, 0x0, 0xcf, 0xb0, 0x0, 0x0, 0x0, 0x0,
    0xcf, 0xb0, 0x0, 0x0, 0x0, 0x0,

    /* U+00B6 "¶" */
    0x0, 0x7, 0xcf, 0xff, 0xff, 0xfb, 0x1, 0xdf,
    0xff, 0xff, 0xff, 0xfb, 0xb, 0xff, 0xff, 0xff,
    0xbb, 0xfb, 0x3f, 0xff, 0xff, 0xff, 0x76, 0xfb,
    0x7f, 0xff, 0xff, 0xff, 0x76, 0xfb, 0x8f, 0xff,
    0xff, 0xff, 0x76, 0xfb, 0x6f, 0xff, 0xff, 0xff,
    0x76, 0xfb, 0x2f, 0xff, 0xff, 0xff, 0x76, 0xfb,
    0x9, 0xff, 0xff, 0xff, 0x76, 0xfb, 0x0, 0xaf,
    0xff, 0xff, 0x76, 0xfb, 0x0, 0x4, 0x9c, 0xef,
    0x76, 0xfb, 0x0, 0x0, 0x0, 0xaf, 0x76, 0xfb,
    0x0, 0x0, 0x0, 0xaf, 0x76, 0xfb, 0x0, 0x0,
    0x0, 0xaf, 0x76, 0xfb, 0x0, 0x0, 0x0, 0xaf,
    0x76, 0xfb, 0x0, 0x0, 0x0, 0xaf, 0x76, 0xfb,
    0x0, 0x0, 0x0, 0xaf, 0x76, 0xfb, 0x0, 0x0,
    0x0, 0xaf, 0x76, 0xfb, 0x0, 0x0, 0x0, 0x58,
    0x33, 0x85,

    /* U+00B7 "·" */
    0x2, 0x30, 0x4f, 0xf7, 0x8f, 0xfb, 0x2d, 0xe4,

    /* U+00B8 "¸" */
    0x0, 0x0, 0x0, 0x1, 0xfa, 0x0, 0x3, 0xdf,
    0x90, 0x0, 0xe, 0xf1, 0x7b, 0xaf, 0xf0, 0x5d,
    0xfd, 0x50,

    /* U+00B9 "¹" */
    0x1, 0x8f, 0xf0, 0x2f, 0xff, 0xf0, 0x2e, 0x9f,
    0xf0, 0x0, 0xf, 0xf0, 0x0, 0xf, 0xf0, 0x0,
    0xf, 0xf0, 0x0, 0xf, 0xf0, 0x0, 0xf, 0xf0,
    0x0, 0xf, 0xf0, 0x0, 0xf, 0xf0,

    /* U+00BA "º" */
    0x0, 0x6c, 0xdb, 0x30, 0x0, 0x9f, 0xff, 0xff,
    0x40, 0x2f, 0xf5, 0x9, 0xfd, 0x6, 0xfc, 0x0,
    0xf, 0xf1, 0x6f, 0xc0, 0x0, 0xff, 0x12, 0xff,
    0x30, 0x7f, 0xe0, 0xa, 0xff, 0xff, 0xf5, 0x0,
    0x8, 0xef, 0xd5, 0x0,

    /* U+00BB "»" */
    0x5f, 0xfc, 0x2, 0xff, 0xe1, 0x0, 0x0, 0x9f,
    0xf8, 0x5, 0xff, 0xc0, 0x0, 0x0, 0xdf, 0xf4,
    0x9, 0xff, 0x80, 0x0, 0x2, 0xff, 0xe2, 0xd,
    0xff, 0x40, 0x0, 0x6, 0xff, 0xc0, 0x2f, 0xfe,
    0x10, 0x0, 0xcf, 0xf6, 0x8, 0xff, 0xa0, 0x0,
    0x8f, 0xfa, 0x4, 0xff, 0xd0, 0x0, 0x4f, 0xfd,
    0x1, 0xef, 0xf2, 0x0, 0x1e, 0xff, 0x20, 0xbf,
    0xf6, 0x0, 0x3, 0x77, 0x40, 0x27, 0x76, 0x0,
    0x0,

    /* U+00BC "¼" */
    0x0, 0x3d, 0xd0, 0x0, 0x0, 0x0, 0x3, 0xdc,
    0x0, 0x0, 0x3, 0xef, 0xf0, 0x0, 0x0, 0x0,
    0xd, 0xf5, 0x0, 0x0, 0x2f, 0xff, 0xf0, 0x0,
    0x0, 0x0, 0x8f, 0xa0, 0x0, 0x0, 0x2c, 0x7f,
    0xf0, 0x0, 0x0, 0x3, 0xfe, 0x10, 0x0, 0x0,
    0x0, 0xf, 0xf0, 0x0, 0x0, 0xd, 0xf4, 0x0,
    0x0, 0x0, 0x0, 0xf, 0xf0, 0x0, 0x0, 0x9f,
    0x90, 0x0, 0x0, 0x0, 0x0, 0xf, 0xf0, 0x0,
    0x4, 0xfd, 0x0, 0x0, 0x0, 0x0, 0x0, 0xf,
    0xf0, 0x0, 0x1e, 0xf3, 0x0, 0xc, 0xfd, 0x0,
    0x0, 0xf, 0xf0, 0x0, 0xaf, 0x80, 0x0, 0x8f,
    0xfd, 0x0, 0x0, 0xf, 0xf0, 0x5, 0xfd, 0x0,
    0x3, 0xfd, 0xfd, 0x0, 0x0, 0x0, 0x0, 0x1e,
    0xf3, 0x0, 0xd, 0xf5, 0xfd, 0x0, 0x0, 0x0,
    0x0, 0xbf, 0x70, 0x0, 0x9f, 0x63, 0xfd, 0x0,
    0x0, 0x0, 0x6, 0xfc, 0x0, 0x5, 0xfb, 0x3,
    0xfd, 0x0, 0x0, 0x0, 0x2f, 0xf2, 0x0, 0xd,
    0xfd, 0xcd, 0xff, 0xc6, 0x0, 0x0, 0xcf, 0x70,
    0x0, 0xe, 0xff, 0xff, 0xff, 0xf8, 0x0, 0x7,
    0xfc, 0x0, 0x0, 0x0, 0x0, 0x3, 0xfd, 0x0,
    0x0, 0x2f, 0xf2, 0x0, 0x0, 0x0, 0x0, 0x3,
    0xfd, 0x0,

    /* U+00BD "½" */
    0x2, 0x9f, 0xf0, 0x0, 0x0, 0x0, 0x4, 0xfd,
    0x0, 0x0, 0x2f, 0xff, 0xf0, 0x0, 0x0, 0x0,
    0x1e, 0xf3, 0x0, 0x0, 0x2c, 0x7f, 0xf0, 0x0,
    0x0, 0x0, 0xbf, 0x70, 0x0, 0x0, 0x0, 0xf,
    0xf0, 0x0, 0x0, 0x7, 0xfb, 0x0, 0x0, 0x0,
    0x0, 0xf, 0xf0, 0x0, 0x0, 0x3f, 0xe1, 0x0,
    0x0, 0x0, 0x0, 0xf, 0xf0, 0x0, 0x0, 0xdf,
    0x40, 0x0, 0x0, 0x0, 0x0, 0xf, 0xf0, 0x0,
    0xa, 0xf9, 0x1, 0x9e, 0xfc, 0x50, 0x0, 0xf,
    0xf0, 0x0, 0x5f, 0xd0, 0xd, 0xff, 0xff, 0xf4,
    0x0, 0xf, 0xf0, 0x2, 0xff, 0x20, 0x5f, 0xf2,
    0x9, 0xfa, 0x0, 0xd, 0xd0, 0xc, 0xf6, 0x0,
    0x2, 0x30, 0x8, 0xfb, 0x0, 0x0, 0x0, 0x8f,
    0xb0, 0x0, 0x0, 0x0, 0x6f, 0xf5, 0x0, 0x0,
    0x3, 0xfe, 0x10, 0x0, 0x0, 0x1a, 0xff, 0x70,
    0x0, 0x0, 0x1e, 0xf4, 0x0, 0x0, 0x1, 0xef,
    0xe4, 0x0, 0x0, 0x0, 0xaf, 0x80, 0x0, 0x0,
    0xc, 0xfd, 0x10, 0x0, 0x0, 0x6, 0xfc, 0x0,
    0x0, 0x0, 0x2f, 0xfe, 0xdd, 0xdc, 0x0, 0x2f,
    0xf2, 0x0, 0x0, 0x0, 0x2f, 0xff, 0xff, 0xfe,

    /* U+00BE "¾" */
    0x0, 0x5a, 0xb9, 0x20, 0x0, 0x0, 0x0, 0x5,
    0xc9, 0x0, 0x0, 0x9, 0xff, 0xff, 0xf2, 0x0,
    0x0, 0x0, 0x1f, 0xf2, 0x0, 0x0, 0xa, 0xd3,
    0x1c, 0xf8, 0x0, 0x0, 0x0, 0xbf, 0x70, 0x0,
    0x0, 0x0, 0x0, 0xa, 0xf8, 0x0, 0x0, 0x7,
    0xfc, 0x0, 0x0, 0x0, 0x0, 0xb, 0xcf, 0xc1,
    0x0, 0x0, 0x2f, 0xf2, 0x0, 0x0, 0x0, 0x0,
    0xf, 0xff, 0x80, 0x0, 0x0, 0xcf, 0x60, 0x0,
    0x0, 0x0, 0x0, 0x0, 0x2c, 0xf7, 0x0, 0x8,
    0xfb, 0x0, 0x0, 0x0, 0x0, 0x0, 0x0, 0x6,
    0xfc, 0x0, 0x3f, 0xe1, 0x0, 0xc, 0xe8, 0x0,
    0xc, 0xf4, 0x1b, 0xfa, 0x0, 0xdf, 0x50, 0x0,
    0xaf, 0xf9, 0x0, 0xa, 0xff, 0xff, 0xf3, 0x9,
    0xfa, 0x0, 0x6, 0xff, 0xf9, 0x0, 0x0, 0x6b,
    0xca, 0x30, 0x4f, 0xe1, 0x0, 0x2f, 0xf9, 0xf9,
    0x0, 0x0, 0x0, 0x0, 0x1, 0xef, 0x40, 0x0,
    0xcf, 0x57, 0xf9, 0x0, 0x0, 0x0, 0x0, 0xa,
    0xf9, 0x0, 0x8, 0xf9, 0x7, 0xf9, 0x0, 0x0,
    0x0, 0x0, 0x5f, 0xd0, 0x0, 0x1f, 0xfc, 0xce,
    0xfe, 0xc3, 0x0, 0x0, 0x1, 0xef, 0x30, 0x0,
    0x1f, 0xff, 0xff, 0xff, 0xf4, 0x0, 0x0, 0xb,
    0xf8, 0x0, 0x0, 0x0, 0x0, 0x7, 0xf9, 0x0,
    0x0, 0x0, 0x6f, 0xc0, 0x0, 0x0, 0x0, 0x0,
    0x7, 0xf9, 0x0,

    /* U+00BF "¿" */
    0x0, 0x0, 0x1c, 0xe5, 0x0, 0x0, 0x0, 0x6,
    0xff, 0xd0, 0x0, 0x0, 0x0, 0x3f, 0xfa, 0x0,
    0x0, 0x0, 0x0, 0x24, 0x0, 0x0, 0x0, 0x0,
    0x0, 0x0, 0x0, 0x0, 0x0, 0x1, 0xff, 0x80,
    0x0, 0x0, 0x0, 0x1f, 0xf8, 0x0, 0x0, 0x0,
    0x49, 0xff, 0x90, 0x0, 0x2, 0xdf, 0xff, 0xf9,
    0x0, 0x1, 0xef, 0xf8, 0x43, 0x20, 0x0, 0x7f,
    0xf5, 0x0, 0x0, 0x0, 0xb, 0xff, 0x0, 0x0,
    0x0, 0x0, 0xaf, 0xf0, 0x0, 0x0, 0x0, 0x7,
    0xff, 0x70, 0x0, 0xb, 0x94, 0x1e, 0xff, 0xb7,
    0x7d, 0xff, 0x80, 0x4f, 0xff, 0xff, 0xff, 0xb0,
    0x0, 0x19, 0xdf, 0xec, 0x60, 0x0,

    /* U+00C0 "À" */
    0x0, 0x0, 0x5, 0x88, 0x30, 0x0, 0x0, 0x0,
    0x0, 0x0, 0x0, 0x1d, 0xfe, 0x20, 0x0, 0x0,
    0x0, 0x0, 0x0, 0x0, 0x1c, 0xfe, 0x20, 0x0,
    0x0, 0x0, 0x0, 0x0, 0x0, 0x17, 0x85, 0x0,
    0x0, 0x0, 0x0, 0x0, 0x0, 0x0, 0x0, 0x0,
    0x0, 0x0, 0x0, 0x0, 0x0, 0x4, 0xff, 0xf1,
    0x0, 0x0, 0x0, 0x0, 0x0, 0x0, 0xbf, 0xff,
    0x70, 0x0, 0x0, 0x0, 0x0, 0x0, 0x2f, 0xff,
    0xfe, 0x0, 0x0, 0x0, 0x0, 0x0, 0x8, 0xff,
    0xcf, 0xf5, 0x0, 0x0, 0x0, 0x0, 0x0, 0xef,
    0xd1, 0xff, 0xb0, 0x0, 0x0, 0x0, 0x0, 0x6f,
    0xf7, 0xa, 0xff, 0x20, 0x0, 0x0, 0x0, 0xc,
    0xff, 0x10, 0x3f, 0xf9, 0x0, 0x0, 0x0, 0x3,
    0xff, 0x90, 0x0, 0xdf, 0xf0, 0x0, 0x0, 0x0,
    0xaf, 0xf3, 0x0, 0x6, 0xff, 0x60, 0x0, 0x0,
    0x1f, 0xfe, 0x66, 0x66, 0x7f, 0xfd, 0x0, 0x0,
    0x7, 0xff, 0xff, 0xff, 0xff, 0xff, 0xf4, 0x0,
    0x0, 0xef, 0xff, 0xff, 0xff, 0xff, 0xff, 0xa0,
    0x0, 0x5f, 0xf9, 0x0, 0x0, 0x0, 0xd, 0xff,
    0x10, 0xb, 0xff, 0x20, 0x0, 0x0, 0x0, 0x6f,
    0xf8, 0x2, 0xff, 0xc0, 0x0, 0x0, 0x0, 0x0,
    0xff, 0xe0, 0x9f, 0xf5, 0x0, 0x0, 0x0, 0x0,
    0x9, 0xff, 0x50,

    /* U+00C1 "Á" */
    0x0, 0x0, 0x0, 0x0, 0x7, 0x87, 0x10, 0x0,
    0x0, 0x0, 0x0, 0x0, 0xa, 0xff, 0x60, 0x0,
    0x0, 0x0, 0x0, 0x0, 0x8, 0xff, 0x50, 0x0,
    0x0, 0x0, 0x0, 0x0, 0x1, 0x88, 0x40, 0x0,
    0x0, 0x0, 0x0, 0x0, 0x0, 0x0, 0x0, 0x0,
    0x0, 0x0, 0x0, 0x0, 0x0, 0x4, 0xff, 0xf1,
    0x0, 0x0, 0x0, 0x0, 0x0, 0x0, 0xbf, 0xff,
    0x70, 0x0, 0x0, 0x0, 0x0, 0x0, 0x2f, 0xff,
    0xfe, 0x0, 0x0, 0x0, 0x0, 0x0, 0x8, 0xff,
    0xcf, 0xf5, 0x0, 0x0, 0x0, 0x0, 0x0, 0xef,
    0xd1, 0xff, 0xb0, 0x0, 0x0, 0x0, 0x0, 0x6f,
    0xf7, 0xa, 0xff, 0x20, 0x0, 0x0, 0x0, 0xc,
    0xff, 0x10, 0x3f, 0xf9, 0x0, 0x0, 0x0, 0x3,
    0xff, 0x90, 0x0, 0xdf, 0xf0, 0x0, 0x0, 0x0,
    0xaf, 0xf3, 0x0, 0x6, 0xff, 0x60, 0x0, 0x0,
    0x1f, 0xfe, 0x66, 0x66, 0x7f, 0xfd, 0x0, 0x0,
    0x7, 0xff, 0xff, 0xff, 0xff, 0xff, 0xf4, 0x0,
    0x0, 0xef, 0xff, 0xff, 0xff, 0xff, 0xff, 0xa0,
    0x0, 0x5f, 0xf9, 0x0, 0x0, 0x0, 0xd, 0xff,
    0x10, 0xb, 0xff, 0x20, 0x0, 0x0, 0x0, 0x6f,
    0xf8, 0x2, 0xff, 0xc0, 0x0, 0x0, 0x0, 0x0,
    0xff, 0xe0, 0x9f, 0xf5, 0x0, 0x0, 0x0, 0x0,
    0x9, 0xff, 0x50,

    /* U+00C2 "Â" */
    0x0, 0x0, 0x0, 0xaf, 0xff, 0x40, 0x0, 0x0,
    0x0, 0x0, 0x0, 0x9f, 0xfa, 0xff, 0x40, 0x0,
    0x0, 0x0, 0x0, 0x9f, 0xe2, 0x6, 0xff, 0x40,
    0x0, 0x0, 0x0, 0x0, 0x0, 0x0, 0x0, 0x0,
    0x0, 0x0, 0x0, 0x0, 0x0, 0x0, 0x0, 0x0,
    0x0, 0x0, 0x0, 0x0, 0x0, 0x4, 0xff, 0xf1,
    0x0, 0x0, 0x0, 0x0, 0x0, 0x0, 0xbf, 0xff,
    0x70, 0x0, 0x0, 0x0, 0x0, 0x0, 0x2f, 0xff,
    0xfe, 0x0, 0x0, 0x0, 0x0, 0x0, 0x8, 0xff,
    0xcf, 0xf5, 0x0, 0x0, 0x0, 0x0, 0x0, 0xef,
    0xd1, 0xff, 0xb0, 0x0, 0x0, 0x0, 0x0, 0x6f,
    0xf7, 0xa, 0xff, 0x20, 0x0, 0x0, 0x0, 0xc,
    0xff, 0x10, 0x3f, 0xf9, 0x0, 0x0, 0x0, 0x3,
    0xff, 0x90, 0x0, 0xdf, 0xf0, 0x0, 0x0, 0x0,
    0xaf, 0xf3, 0x0, 0x6, 0xff, 0x60, 0x0, 0x0,
    0x1f, 0xfe, 0x66, 0x66, 0x7f, 0xfd, 0x0, 0x0,
    0x7, 0xff, 0xff, 0xff, 0xff, 0xff, 0xf4, 0x0,
    0x0, 0xef, 0xff, 0xff, 0xff, 0xff, 0xff, 0xa0,
    0x0, 0x5f, 0xf9, 0x0, 0x0, 0x0, 0xd, 0xff,
    0x10, 0xb, 0xff, 0x20, 0x0, 0x0, 0x0, 0x6f,
    0xf8, 0x2, 0xff, 0xc0, 0x0, 0x0, 0x0, 0x0,
    0xff, 0xe0, 0x9f, 0xf5, 0x0, 0x0, 0x0, 0x0,
    0x9, 0xff, 0x50,

    /* U+00C3 "Ã" */
    0x0, 0x0, 0x2, 0xac, 0x70, 0x0, 0x0, 0x0,
    0x0, 0x0, 0x1, 0xef, 0xff, 0x81, 0xed, 0x0,
    0x0, 0x0, 0x0, 0x4e, 0x91, 0xdf, 0xff, 0x80,
    0x0, 0x0, 0x0, 0x0, 0x0, 0x1, 0xac, 0x80,
    0x0, 0x0, 0x0, 0x0, 0x0, 0x0, 0x0, 0x0,
    0x0, 0x0, 0x0, 0x0, 0x0, 0x4, 0xff, 0xf1,
    0x0, 0x0, 0x0, 0x0, 0x0, 0x0, 0xbf, 0xff,
    0x70, 0x0, 0x0, 0x0, 0x0, 0x0, 0x2f, 0xff,
    0xfe, 0x0, 0x0, 0x0, 0x0, 0x0, 0x8, 0xff,
    0xcf, 0xf5, 0x0, 0x0, 0x0, 0x0, 0x0, 0xef,
    0xd1, 0xff, 0xb0, 0x0, 0x0, 0x0, 0x0, 0x6f,
    0xf7, 0xa, 0xff, 0x20, 0x0, 0x0, 0x0, 0xc,
    0xff, 0x10, 0x3f, 0xf9, 0x0, 0x0, 0x0, 0x3,
    0xff, 0x90, 0x0, 0xdf, 0xf0, 0x0, 0x0, 0x0,
    0xaf, 0xf3, 0x0, 0x6, 0xff, 0x60, 0x0, 0x0,
    0x1f, 0xfe, 0x66, 0x66, 0x7f, 0xfd, 0x0, 0x0,
    0x7, 0xff, 0xff, 0xff, 0xff, 0xff, 0xf4, 0x0,
    0x0, 0xef, 0xff, 0xff, 0xff, 0xff, 0xff, 0xa0,
    0x0, 0x5f, 0xf9, 0x0, 0x0, 0x0, 0xd, 0xff,
    0x10, 0xb, 0xff, 0x20, 0x0, 0x0, 0x0, 0x6f,
    0xf8, 0x2, 0xff, 0xc0, 0x0, 0x0, 0x0, 0x0,
    0xff, 0xe0, 0x9f, 0xf5, 0x0, 0x0, 0x0, 0x0,
    0x9, 0xff, 0x50,

    /* U+00C4 "Ä" */
    0x0, 0x0, 0xaf, 0x60, 0x0, 0x8f, 0x70, 0x0,
    0x0, 0x0, 0xf, 0xfc, 0x0, 0xe, 0xfd, 0x0,
    0x0, 0x0, 0x0, 0x7c, 0x40, 0x0, 0x6c, 0x50,
    0x0, 0x0, 0x0, 0x0, 0x0, 0x0, 0x0, 0x0,
    0x0, 0x0, 0x0, 0x0, 0x0, 0x0, 0x0, 0x0,
    0x0, 0x0, 0x0, 0x0, 0x0, 0x4, 0xff, 0xf1,
    0x0, 0x0, 0x0, 0x0, 0x0, 0x0, 0xbf, 0xff,
    0x70, 0x0, 0x0, 0x0, 0x0, 0x0, 0x2f, 0xff,
    0xfe, 0x0, 0x0, 0x0, 0x0, 0x0, 0x8, 0xff,
    0xcf, 0xf5, 0x0, 0x0, 0x0, 0x0, 0x0, 0xef,
    0xd1, 0xff, 0xb0, 0x0, 0x0, 0x0, 0x0, 0x6f,
    0xf7, 0xa, 0xff, 0x20, 0x0, 0x0, 0x0, 0xc,
    0xff, 0x10, 0x3f, 0xf9, 0x0, 0x0, 0x0, 0x3,
    0xff, 0x90, 0x0, 0xdf, 0xf0, 0x0, 0x0, 0x0,
    0xaf, 0xf3, 0x0, 0x6, 0xff, 0x60, 0x0, 0x0,
    0x1f, 0xfe, 0x66, 0x66, 0x7f, 0xfd, 0x0, 0x0,
    0x7, 0xff, 0xff, 0xff, 0xff, 0xff, 0xf4, 0x0,
    0x0, 0xef, 0xff, 0xff, 0xff, 0xff, 0xff, 0xa0,
    0x0, 0x5f, 0xf9, 0x0, 0x0, 0x0, 0xd, 0xff,
    0x10, 0xb, 0xff, 0x20, 0x0, 0x0, 0x0, 0x6f,
    0xf8, 0x2, 0xff, 0xc0, 0x0, 0x0, 0x0, 0x0,
    0xff, 0xe0, 0x9f, 0xf5, 0x0, 0x0, 0x0, 0x0,
    0x9, 0xff, 0x50,

    /* U+00C5 "Å" */
    0x0, 0x0, 0x0, 0x3c, 0xfb, 0x10, 0x0, 0x0,
    0x0, 0x0, 0x0, 0xe, 0xfb, 0xfb, 0x0, 0x0,
    0x0, 0x0, 0x0, 0x2, 0xf9, 0xd, 0xf0, 0x0,
    0x0, 0x0, 0x0, 0x0, 0xe, 0xfa, 0xfc, 0x0,
    0x0, 0x0, 0x0, 0x0, 0x0, 0x3c, 0xfb, 0x10,
    0x0, 0x0, 0x0, 0x0, 0x0, 0x0, 0x0, 0x0,
    0x0, 0x0, 0x0, 0x0, 0x0, 0x0, 0x4f, 0xff,
    0x10, 0x0, 0x0, 0x0, 0x0, 0x0, 0xb, 0xff,
    0xf7, 0x0, 0x0, 0x0, 0x0, 0x0, 0x2, 0xff,
    0xff, 0xe0, 0x0, 0x0, 0x0, 0x0, 0x0, 0x8f,
    0xfc, 0xff, 0x50, 0x0, 0x0, 0x0, 0x0, 0xe,
    0xfd, 0x1f, 0xfb, 0x0, 0x0, 0x0, 0x0, 0x6,
    0xff, 0x70, 0xaf, 0xf2, 0x0, 0x0, 0x0, 0x0,
    0xcf, 0xf1, 0x3, 0xff, 0x90, 0x0, 0x0, 0x0,
    0x3f, 0xf9, 0x0, 0xd, 0xff, 0x0, 0x0, 0x0,
    0xa, 0xff, 0x30, 0x0, 0x6f, 0xf6, 0x0, 0x0,
    0x1, 0xff, 0xe6, 0x66, 0x67, 0xff, 0xd0, 0x0,
    0x0, 0x7f, 0xff, 0xff, 0xff, 0xff, 0xff, 0x40,
    0x0, 0xe, 0xff, 0xff, 0xff, 0xff, 0xff, 0xfa,
    0x0, 0x5, 0xff, 0x90, 0x0, 0x0, 0x0, 0xdf,
    0xf1, 0x0, 0xbf, 0xf2, 0x0, 0x0, 0x0, 0x6,
    0xff, 0x80, 0x2f, 0xfc, 0x0, 0x0, 0x0, 0x0,
    0xf, 0xfe, 0x9, 0xff, 0x50, 0x0, 0x0, 0x0,
    0x0, 0x9f, 0xf5,

    /* U+00C6 "Æ" */
    0x0, 0x0, 0x0, 0x0, 0x4, 0xff, 0xff, 0xff,
    0xff, 0xff, 0xff, 0x70, 0x0, 0x0, 0x0, 0x0,
    0xdf, 0xff, 0xff, 0xff, 0xff, 0xff, 0xf7, 0x0,
    0x0, 0x0, 0x0, 0x8f, 0xfb, 0xff, 0xf8, 0x88,
    0x88, 0x88, 0x30, 0x0, 0x0, 0x0, 0x2f, 0xfe,
    0xe, 0xfe, 0x0, 0x0, 0x0, 0x0, 0x0, 0x0,
    0x0, 0xb, 0xff, 0x40, 0xef, 0xe0, 0x0, 0x0,
    0x0, 0x0, 0x0, 0x0, 0x5, 0xff, 0xa0, 0xe,
    0xfe, 0x0, 0x0, 0x0, 0x0, 0x0, 0x0, 0x0,
    0xef, 0xf1, 0x0, 0xef, 0xf7, 0x77, 0x77, 0x74,
    0x0, 0x0, 0x0, 0x9f, 0xf6, 0x0, 0xe, 0xff,
    0xff, 0xff, 0xff, 0x90, 0x0, 0x0, 0x3f, 0xfc,
    0x0, 0x0, 0xef, 0xff, 0xff, 0xff, 0xf9, 0x0,
    0x0, 0xc, 0xff, 0x96, 0x66, 0x6f, 0xfe, 0x0,
    0x0, 0x0, 0x0, 0x0, 0x6, 0xff, 0xff, 0xff,
    0xff, 0xff, 0xe0, 0x0, 0x0, 0x0, 0x0, 0x1,
    0xef, 0xff, 0xff, 0xff, 0xff, 0xfe, 0x0, 0x0,
    0x0, 0x0, 0x0, 0xaf, 0xf7, 0x0, 0x0, 0x0,
    0xef, 0xe0, 0x0, 0x0, 0x0, 0x0, 0x4f, 0xfd,
    0x0, 0x0, 0x0, 0xe, 0xff, 0x77, 0x77, 0x77,
    0x74, 0xd, 0xff, 0x40, 0x0, 0x0, 0x0, 0xef,
    0xff, 0xff, 0xff, 0xff, 0x87, 0xff, 0xa0, 0x0,
    0x0, 0x0, 0xe, 0xff, 0xff, 0xff, 0xff, 0xf8,

    /* U+00C7 "Ç" */
    0x0, 0x0, 0x3, 0x9d, 0xff, 0xea, 0x50, 0x0,
    0x0, 0x0, 0xa, 0xff, 0xff, 0xff, 0xff, 0xd3,
    0x0, 0x0, 0xd, 0xff, 0xfc, 0x98, 0xaf, 0xff,
    0xf4, 0x0, 0xb, 0xff, 0xd3, 0x0, 0x0, 0x19,
    0xff, 0xf1, 0x4, 0xff, 0xe1, 0x0, 0x0, 0x0,
    0x8, 0xfb, 0x30, 0xbf, 0xf5, 0x0, 0x0, 0x0,
    0x0, 0x1, 0x0, 0xe, 0xff, 0x0, 0x0, 0x0,
    0x0, 0x0, 0x0, 0x0, 0xff, 0xd0, 0x0, 0x0,
    0x0, 0x0, 0x0, 0x0, 0xf, 0xfd, 0x0, 0x0,
    0x0, 0x0, 0x0, 0x0, 0x0, 0xef, 0xf0, 0x0,
    0x0, 0x0, 0x0, 0x0, 0x0, 0xb, 0xff, 0x50,
    0x0, 0x0, 0x0, 0x0, 0x40, 0x0, 0x5f, 0xfe,
    0x10, 0x0, 0x0, 0x0, 0x8f, 0xe5, 0x0, 0xbf,
    0xfd, 0x20, 0x0, 0x0, 0x9f, 0xff, 0x10, 0x1,
    0xdf, 0xff, 0xc8, 0x8a, 0xef, 0xff, 0x40, 0x0,
    0x0, 0xaf, 0xff, 0xff, 0xff, 0xfd, 0x30, 0x0,
    0x0, 0x0, 0x39, 0xdf, 0xfe, 0xa5, 0x0, 0x0,
    0x0, 0x0, 0x0, 0x4, 0xfa, 0x0, 0x0, 0x0,
    0x0, 0x0, 0x0, 0x0, 0x4c, 0xfa, 0x0, 0x0,
    0x0, 0x0, 0x0, 0x0, 0x0, 0x1f, 0xf0, 0x0,
    0x0, 0x0, 0x0, 0x0, 0x9, 0xab, 0xfd, 0x0,
    0x0, 0x0, 0x0, 0x0, 0x0, 0x7e, 0xfc, 0x30,
    0x0, 0x0, 0x0,

    /* U+00C8 "È" */
    0x0, 0x7, 0x87, 0x10, 0x0, 0x0, 0x0, 0x3,
    0xef, 0xc0, 0x0, 0x0, 0x0, 0x0, 0x3e, 0xfc,
    0x0, 0x0, 0x0, 0x0, 0x2, 0x88, 0x40, 0x0,
    0x0, 0x0, 0x0, 0x0, 0x0, 0x0, 0xf, 0xff,
    0xff, 0xff, 0xff, 0xf5, 0xf, 0xff, 0xff, 0xff,
    0xff, 0xf5, 0xf, 0xfe, 0x88, 0x88, 0x88, 0x82,
    0xf, 0xfc, 0x0, 0x0, 0x0, 0x0, 0xf, 0xfc,
    0x0, 0x0, 0x0, 0x0, 0xf, 0xfc, 0x0, 0x0,
    0x0, 0x0, 0xf, 0xfe, 0x77, 0x77, 0x77, 0x30,
    0xf, 0xff, 0xff, 0xff, 0xff, 0x70, 0xf, 0xff,
    0xff, 0xff, 0xff, 0x70, 0xf, 0xfc, 0x0, 0x0,
    0x0, 0x0, 0xf, 0xfc, 0x0, 0x0, 0x0, 0x0,
    0xf, 0xfc, 0x0, 0x0, 0x0, 0x0, 0xf, 0xfc,
    0x0, 0x0, 0x0, 0x0, 0xf, 0xfe, 0x77, 0x77,
    0x77, 0x73, 0xf, 0xff, 0xff, 0xff, 0xff, 0xf6,
    0xf, 0xff, 0xff, 0xff, 0xff, 0xf6,

    /* U+00C9 "É" */
    0x0, 0x0, 0x0, 0x17, 0x87, 0x0, 0x0, 0x0,
    0x0, 0xcf, 0xf3, 0x0, 0x0, 0x0, 0xb, 0xfe,
    0x30, 0x0, 0x0, 0x0, 0x38, 0x82, 0x0, 0x0,
    0x0, 0x0, 0x0, 0x0, 0x0, 0x0, 0xf, 0xff,
    0xff, 0xff, 0xff, 0xf5, 0xf, 0xff, 0xff, 0xff,
    0xff, 0xf5, 0xf, 0xfe, 0x88, 0x88, 0x88, 0x82,
    0xf, 0xfc, 0x0, 0x0, 0x0, 0x0, 0xf, 0xfc,
    0x0, 0x0, 0x0, 0x0, 0xf, 0xfc, 0x0, 0x0,
    0x0, 0x0, 0xf, 0xfe, 0x77, 0x77, 0x77, 0x30,
    0xf, 0xff, 0xff, 0xff, 0xff, 0x70, 0xf, 0xff,
    0xff, 0xff, 0xff, 0x70, 0xf, 0xfc, 0x0, 0x0,
    0x0, 0x0, 0xf, 0xfc, 0x0, 0x0, 0x0, 0x0,
    0xf, 0xfc, 0x0, 0x0, 0x0, 0x0, 0xf, 0xfc,
    0x0, 0x0, 0x0, 0x0, 0xf, 0xfe, 0x77, 0x77,
    0x77, 0x73, 0xf, 0xff, 0xff, 0xff, 0xff, 0xf6,
    0xf, 0xff, 0xff, 0xff, 0xff, 0xf6,

    /* U+00CA "Ê" */
    0x0, 0x0, 0xcf, 0xfe, 0x20, 0x0, 0x0, 0xc,
    0xfd, 0xbf, 0xe2, 0x0, 0x0, 0xcf, 0xc1, 0xa,
    0xfe, 0x20, 0x0, 0x0, 0x0, 0x0, 0x0, 0x0,
    0x0, 0x0, 0x0, 0x0, 0x0, 0x0, 0xf, 0xff,
    0xff, 0xff, 0xff, 0xf5, 0xf, 0xff, 0xff, 0xff,
    0xff, 0xf5, 0xf, 0xfe, 0x88, 0x88, 0x88, 0x82,
    0xf, 0xfc, 0x0, 0x0, 0x0, 0x0, 0xf, 0xfc,
    0x0, 0x0, 0x0, 0x0, 0xf, 0xfc, 0x0, 0x0,
    0x0, 0x0, 0xf, 0xfe, 0x77, 0x77, 0x77, 0x30,
    0xf, 0xff, 0xff, 0xff, 0xff, 0x70, 0xf, 0xff,
    0xff, 0xff, 0xff, 0x70, 0xf, 0xfc, 0x0, 0x0,
    0x0, 0x0, 0xf, 0xfc, 0x0, 0x0, 0x0, 0x0,
    0xf, 0xfc, 0x0, 0x0, 0x0, 0x0, 0xf, 0xfc,
    0x0, 0x0, 0x0, 0x0, 0xf, 0xfe, 0x77, 0x77,
    0x77, 0x73, 0xf, 0xff, 0xff, 0xff, 0xff, 0xf6,
    0xf, 0xff, 0xff, 0xff, 0xff, 0xf6,

    /* U+00CB "Ë" */
    0x0, 0xce, 0x30, 0x0, 0xbe, 0x40, 0x4, 0xff,
    0x80, 0x2, 0xff, 0xa0, 0x0, 0xab, 0x20, 0x0,
    0x9c, 0x30, 0x0, 0x0, 0x0, 0x0, 0x0, 0x0,
    0x0, 0x0, 0x0, 0x0, 0x0, 0x0, 0xf, 0xff,
    0xff, 0xff, 0xff, 0xf5, 0xf, 0xff, 0xff, 0xff,
    0xff, 0xf5, 0xf, 0xfe, 0x88, 0x88, 0x88, 0x82,
    0xf, 0xfc, 0x0, 0x0, 0x0, 0x0, 0xf, 0xfc,
    0x0, 0x0, 0x0, 0x0, 0xf, 0xfc, 0x0, 0x0,
    0x0, 0x0, 0xf, 0xfe, 0x77, 0x77, 0x77, 0x30,
    0xf, 0xff, 0xff, 0xff, 0xff, 0x70, 0xf, 0xff,
    0xff, 0xff, 0xff, 0x70, 0xf, 0xfc, 0x0, 0x0,
    0x0, 0x0, 0xf, 0xfc, 0x0, 0x0, 0x0, 0x0,
    0xf, 0xfc, 0x0, 0x0, 0x0, 0x0, 0xf, 0xfc,
    0x0, 0x0, 0x0, 0x0, 0xf, 0xfe, 0x77, 0x77,
    0x77, 0x73, 0xf, 0xff, 0xff, 0xff, 0xff, 0xf6,
    0xf, 0xff, 0xff, 0xff, 0xff, 0xf6,

    /* U+00CC "Ì" */
    0x58, 0x83, 0x0, 0x1d, 0xfe, 0x20, 0x1, 0xcf,
    0xe2, 0x0, 0x7, 0x85, 0x0, 0x0, 0x0, 0x0,
    0xff, 0xc0, 0x0, 0xff, 0xc0, 0x0, 0xff, 0xc0,
    0x0, 0xff, 0xc0, 0x0, 0xff, 0xc0, 0x0, 0xff,
    0xc0, 0x0, 0xff, 0xc0, 0x0, 0xff, 0xc0, 0x0,
    0xff, 0xc0, 0x0, 0xff, 0xc0, 0x0, 0xff, 0xc0,
    0x0, 0xff, 0xc0, 0x0, 0xff, 0xc0, 0x0, 0xff,
    0xc0, 0x0, 0xff, 0xc0, 0x0, 0xff, 0xc0,

    /* U+00CD "Í" */
    0x0, 0x7, 0x87, 0x10, 0x9, 0xff, 0x60, 0x8,
    0xff, 0x50, 0x1, 0x88, 0x40, 0x0, 0x0, 0x0,
    0x0, 0x0, 0xff, 0xc0, 0x0, 0xf, 0xfc, 0x0,
    0x0, 0xff, 0xc0, 0x0, 0xf, 0xfc, 0x0, 0x0,
    0xff, 0xc0, 0x0, 0xf, 0xfc, 0x0, 0x0, 0xff,
    0xc0, 0x0, 0xf, 0xfc, 0x0, 0x0, 0xff, 0xc0,
    0x0, 0xf, 0xfc, 0x0, 0x0, 0xff, 0xc0, 0x0,
    0xf, 0xfc, 0x0, 0x0, 0xff, 0xc0, 0x0, 0xf,
    0xfc, 0x0, 0x0, 0xff, 0xc0, 0x0, 0xf, 0xfc,
    0x0, 0x0,

    /* U+00CE "Î" */
    0x0, 0x9, 0xff, 0xf4, 0x0, 0x0, 0x9f, 0xfa,
    0xff, 0x40, 0x9, 0xfe, 0x30, 0x6f, 0xf4, 0x0,
    0x0, 0x0, 0x0, 0x0, 0x0, 0x0, 0x0, 0x0,
    0x0, 0x0, 0x0, 0xff, 0xc0, 0x0, 0x0, 0x0,
    0xff, 0xc0, 0x0, 0x0, 0x0, 0xff, 0xc0, 0x0,
    0x0, 0x0, 0xff, 0xc0, 0x0, 0x0, 0x0, 0xff,
    0xc0, 0x0, 0x0, 0x0, 0xff, 0xc0, 0x0, 0x0,
    0x0, 0xff, 0xc0, 0x0, 0x0, 0x0, 0xff, 0xc0,
    0x0, 0x0, 0x0, 0xff, 0xc0, 0x0, 0x0, 0x0,
    0xff, 0xc0, 0x0, 0x0, 0x0, 0xff, 0xc0, 0x0,
    0x0, 0x0, 0xff, 0xc0, 0x0, 0x0, 0x0, 0xff,
    0xc0, 0x0, 0x0, 0x0, 0xff, 0xc0, 0x0, 0x0,
    0x0, 0xff, 0xc0, 0x0, 0x0, 0x0, 0xff, 0xc0,
    0x0,

    /* U+00CF "Ï" */
    0x6f, 0xa0, 0xaf, 0x6c, 0xff, 0x1f, 0xfc, 0x4c,
    0x80, 0x7c, 0x40, 0x0, 0x0, 0x0, 0x0, 0x0,
    0x0, 0x0, 0xf, 0xfc, 0x0, 0x0, 0xff, 0xc0,
    0x0, 0xf, 0xfc, 0x0, 0x0, 0xff, 0xc0, 0x0,
    0xf, 0xfc, 0x0, 0x0, 0xff, 0xc0, 0x0, 0xf,
    0xfc, 0x0, 0x0, 0xff, 0xc0, 0x0, 0xf, 0xfc,
    0x0, 0x0, 0xff, 0xc0, 0x0, 0xf, 0xfc, 0x0,
    0x0, 0xff, 0xc0, 0x0, 0xf, 0xfc, 0x0, 0x0,
    0xff, 0xc0, 0x0, 0xf, 0xfc, 0x0, 0x0, 0xff,
    0xc0, 0x0,

    /* U+00D0 "Ð" */
    0x0, 0xbf, 0xff, 0xff, 0xfc, 0x82, 0x0, 0x0,
    0x0, 0xb, 0xff, 0xff, 0xff, 0xff, 0xf8, 0x0,
    0x0, 0x0, 0xbf, 0xf9, 0x88, 0xae, 0xff, 0xfc,
    0x0, 0x0, 0xb, 0xff, 0x0, 0x0, 0x6, 0xff,
    0xfa, 0x0, 0x0, 0xbf, 0xf0, 0x0, 0x0, 0x3,
    0xff, 0xf4, 0x0, 0xb, 0xff, 0x0, 0x0, 0x0,
    0x7, 0xff, 0xa0, 0x0, 0xbf, 0xf1, 0x0, 0x0,
    0x0, 0x1f, 0xfe, 0x7, 0xff, 0xff, 0xff, 0xf5,
    0x0, 0x0, 0xef, 0xf0, 0x7f, 0xff, 0xff, 0xff,
    0x50, 0x0, 0xe, 0xff, 0x0, 0xb, 0xff, 0x0,
    0x0, 0x0, 0x1, 0xff, 0xe0, 0x0, 0xbf, 0xf0,
    0x0, 0x0, 0x0, 0x7f, 0xfa, 0x0, 0xb, 0xff,
    0x0, 0x0, 0x0, 0x3f, 0xff, 0x30, 0x0, 0xbf,
    0xf0, 0x0, 0x0, 0x5f, 0xff, 0xa0, 0x0, 0xb,
    0xff, 0x88, 0x8a, 0xef, 0xff, 0xc0, 0x0, 0x0,
    0xbf, 0xff, 0xff, 0xff, 0xff, 0x80, 0x0, 0x0,
    0xb, 0xff, 0xff, 0xff, 0xc8, 0x20, 0x0, 0x0,

    /* U+00D1 "Ñ" */
    0x0, 0x0, 0x4, 0xbb, 0x50, 0x0, 0x0, 0x0,
    0x0, 0x0, 0x2f, 0xff, 0xf6, 0x4e, 0xa0, 0x0,
    0x0, 0x0, 0x7e, 0x73, 0xff, 0xff, 0x50, 0x0,
    0x0, 0x0, 0x0, 0x0, 0x3b, 0xb6, 0x0, 0x0,
    0x0, 0x0, 0x0, 0x0, 0x0, 0x0, 0x0, 0x0,
    0xf, 0xff, 0x40, 0x0, 0x0, 0x0, 0x3f, 0xf9,
    0xf, 0xff, 0xe1, 0x0, 0x0, 0x0, 0x3f, 0xf9,
    0xf, 0xff, 0xfc, 0x0, 0x0, 0x0, 0x3f, 0xf9,
    0xf, 0xff, 0xff, 0x90, 0x0, 0x0, 0x3f, 0xf9,
    0xf, 0xfe, 0xef, 0xf5, 0x0, 0x0, 0x3f, 0xf9,
    0xf, 0xfc, 0x4f, 0xff, 0x20, 0x0, 0x3f, 0xf9,
    0xf, 0xfc, 0x8, 0xff, 0xd0, 0x0, 0x3f, 0xf9,
    0xf, 0xfc, 0x0, 0xbf, 0xfa, 0x0, 0x3f, 0xf9,
    0xf, 0xfc, 0x0, 0x1e, 0xff, 0x60, 0x3f, 0xf9,
    0xf, 0xfc, 0x0, 0x3, 0xff, 0xf3, 0x3f, 0xf9,
    0xf, 0xfc, 0x0, 0x0, 0x7f, 0xfe, 0x4f, 0xf9,
    0xf, 0xfc, 0x0, 0x0, 0xa, 0xff, 0xef, 0xf9,
    0xf, 0xfc, 0x0, 0x0, 0x0, 0xdf, 0xff, 0xf9,
    0xf, 0xfc, 0x0, 0x0, 0x0, 0x2f, 0xff, 0xf9,
    0xf, 0xfc, 0x0, 0x0, 0x0, 0x5, 0xff, 0xf9,
    0xf, 0xfc, 0x0, 0x0, 0x0, 0x0, 0x9f, 0xf9,

    /* U+00D2 "Ò" */
    0x0, 0x0, 0x0, 0x7f, 0xfa, 0x0, 0x0, 0x0,
    0x0, 0x0, 0x0, 0x0, 0x6, 0xff, 0x90, 0x0,
    0x0, 0x0, 0x0, 0x0, 0x0, 0x0, 0x5f, 0xf8,
    0x0, 0x0, 0x0, 0x0, 0x0, 0x0, 0x0, 0x0,
    0x0, 0x0, 0x0, 0x0, 0x0, 0x0, 0x0, 0x0,
    0x0, 0x0, 0x0, 0x0, 0x0, 0x0, 0x0, 0x3,
    0x9d, 0xff, 0xec, 0x81, 0x0, 0x0, 0x0, 0x0,
    0x9f, 0xff, 0xff, 0xff, 0xff, 0x70, 0x0, 0x0,
    0xd, 0xff, 0xfd, 0x98, 0xae, 0xff, 0xfa, 0x0,
    0x0, 0xaf, 0xfd, 0x30, 0x0, 0x0, 0x6f, 0xff,
    0x70, 0x4, 0xff, 0xe1, 0x0, 0x0, 0x0, 0x4,
    0xff, 0xf1, 0xb, 0xff, 0x50, 0x0, 0x0, 0x0,
    0x0, 0x9f, 0xf7, 0xe, 0xff, 0x0, 0x0, 0x0,
    0x0, 0x0, 0x3f, 0xfb, 0xf, 0xfd, 0x0, 0x0,
    0x0, 0x0, 0x0, 0x1f, 0xfd, 0xf, 0xfd, 0x0,
    0x0, 0x0, 0x0, 0x0, 0xf, 0xfd, 0xe, 0xff,
    0x0, 0x0, 0x0, 0x0, 0x0, 0x3f, 0xfb, 0xb,
    0xff, 0x50, 0x0, 0x0, 0x0, 0x0, 0x9f, 0xf7,
    0x4, 0xff, 0xe1, 0x0, 0x0, 0x0, 0x3, 0xff,
    0xf2, 0x0, 0xbf, 0xfd, 0x30, 0x0, 0x0, 0x5f,
    0xff, 0x80, 0x0, 0xd, 0xff, 0xfc, 0x98, 0x9d,
    0xff, 0xfb, 0x0, 0x0, 0x0, 0x9f, 0xff, 0xff,
    0xff, 0xff, 0x70, 0x0, 0x0, 0x0, 0x3, 0x9d,
    0xff, 0xfc, 0x82, 0x0, 0x0,

    /* U+00D3 "Ó" */
    0x0, 0x0, 0x0, 0x0, 0x3, 0xff, 0xe2, 0x0,
    0x0, 0x0, 0x0, 0x0, 0x0, 0x2e, 0xfd, 0x10,
    0x0, 0x0, 0x0, 0x0, 0x0, 0x2, 0xef, 0xd1,
    0x0, 0x0, 0x0, 0x0, 0x0, 0x0, 0x0, 0x0,
    0x0, 0x0, 0x0, 0x0, 0x0, 0x0, 0x0, 0x0,
    0x0, 0x0, 0x0, 0x0, 0x0, 0x0, 0x0, 0x3,
    0x9d, 0xff, 0xec, 0x81, 0x0, 0x0, 0x0, 0x0,
    0x9f, 0xff, 0xff, 0xff, 0xff, 0x70, 0x0, 0x0,
    0xd, 0xff, 0xfd, 0x98, 0xae, 0xff, 0xfa, 0x0,
    0x0, 0xaf, 0xfd, 0x30, 0x0, 0x0, 0x6f, 0xff,
    0x70, 0x4, 0xff, 0xe1, 0x0, 0x0, 0x0, 0x4,
    0xff, 0xf1, 0xb, 0xff, 0x50, 0x0, 0x0, 0x0,
    0x0, 0x9f, 0xf7, 0xe, 0xff, 0x0, 0x0, 0x0,
    0x0, 0x0, 0x3f, 0xfb, 0xf, 0xfd, 0x0, 0x0,
    0x0, 0x0, 0x0, 0x1f, 0xfd, 0xf, 0xfd, 0x0,
    0x0, 0x0, 0x0, 0x0, 0xf, 0xfd, 0xe, 0xff,
    0x0, 0x0, 0x0, 0x0, 0x0, 0x3f, 0xfb, 0xb,
    0xff, 0x50, 0x0, 0x0, 0x0, 0x0, 0x9f, 0xf7,
    0x4, 0xff, 0xe1, 0x0, 0x0, 0x0, 0x3, 0xff,
    0xf2, 0x0, 0xbf, 0xfd, 0x30, 0x0, 0x0, 0x5f,
    0xff, 0x80, 0x0, 0xd, 0xff, 0xfc, 0x98, 0x9d,
    0xff, 0xfb, 0x0, 0x0, 0x0, 0x9f, 0xff, 0xff,
    0xff, 0xff, 0x70, 0x0, 0x0, 0x0, 0x3, 0x9d,
    0xff, 0xfc, 0x82, 0x0, 0x0,

    /* U+00D4 "Ô" */
    0x0, 0x0, 0x0, 0x2, 0x88, 0x70, 0x0, 0x0,
    0x0, 0x0, 0x0, 0x0, 0x1e, 0xff, 0xfa, 0x0,
    0x0, 0x0, 0x0, 0x0, 0x0, 0xcf, 0xd6, 0xff,
    0x70, 0x0, 0x0, 0x0, 0x0, 0xa, 0xfe, 0x20,
    0x5f, 0xf5, 0x0, 0x0, 0x0, 0x0, 0x0, 0x0,
    0x0, 0x0, 0x0, 0x0, 0x0, 0x0, 0x0, 0x0,
    0x0, 0x0, 0x0, 0x0, 0x0, 0x0, 0x0, 0x0,
    0x3, 0x9d, 0xff, 0xec, 0x81, 0x0, 0x0, 0x0,
    0x0, 0x9f, 0xff, 0xff, 0xff, 0xff, 0x70, 0x0,
    0x0, 0xd, 0xff, 0xfd, 0x98, 0xae, 0xff, 0xfa,
    0x0, 0x0, 0xaf, 0xfd, 0x30, 0x0, 0x0, 0x6f,
    0xff, 0x70, 0x4, 0xff, 0xe1, 0x0, 0x0, 0x0,
    0x4, 0xff, 0xf1, 0xb, 0xff, 0x50, 0x0, 0x0,
    0x0, 0x0, 0x9f, 0xf7, 0xe, 0xff, 0x0, 0x0,
    0x0, 0x0, 0x0, 0x3f, 0xfb, 0xf, 0xfd, 0x0,
    0x0, 0x0, 0x0, 0x0, 0x1f, 0xfd, 0xf, 0xfd,
    0x0, 0x0, 0x0, 0x0, 0x0, 0xf, 0xfd, 0xe,
    0xff, 0x0, 0x0, 0x0, 0x0, 0x0, 0x3f, 0xfb,
    0xb, 0xff, 0x50, 0x0, 0x0, 0x0, 0x0, 0x9f,
    0xf7, 0x4, 0xff, 0xe1, 0x0, 0x0, 0x0, 0x3,
    0xff, 0xf2, 0x0, 0xbf, 0xfd, 0x30, 0x0, 0x0,
    0x5f, 0xff, 0x80, 0x0, 0xd, 0xff, 0xfc, 0x98,
    0x9d, 0xff, 0xfb, 0x0, 0x0, 0x0, 0x9f, 0xff,
    0xff, 0xff, 0xff, 0x70, 0x0, 0x0, 0x0, 0x3,
    0x9d, 0xff, 0xfc, 0x82, 0x0, 0x0,

    /* U+00D5 "Õ" */
    0x0, 0x0, 0x0, 0x4d, 0xfc, 0x30, 0xba, 0x0,
    0x0, 0x0, 0x0, 0x1, 0xff, 0xef, 0xfe, 0xfa,
    0x0, 0x0, 0x0, 0x0, 0x3, 0xb6, 0x6, 0xef,
    0xb1, 0x0, 0x0, 0x0, 0x0, 0x0, 0x0, 0x0,
    0x0, 0x0, 0x0, 0x0, 0x0, 0x0, 0x0, 0x0,
    0x0, 0x0, 0x0, 0x0, 0x0, 0x0, 0x0, 0x3,
    0x9d, 0xff, 0xec, 0x81, 0x0, 0x0, 0x0, 0x0,
    0x9f, 0xff, 0xff, 0xff, 0xff, 0x70, 0x0, 0x0,
    0xd, 0xff, 0xfd, 0x98, 0xae, 0xff, 0xfa, 0x0,
    0x0, 0xaf, 0xfd, 0x30, 0x0, 0x0, 0x6f, 0xff,
    0x70, 0x4, 0xff, 0xe1, 0x0, 0x0, 0x0, 0x4,
    0xff, 0xf1, 0xb, 0xff, 0x50, 0x0, 0x0, 0x0,
    0x0, 0x9f, 0xf7, 0xe, 0xff, 0x0, 0x0, 0x0,
    0x0, 0x0, 0x3f, 0xfb, 0xf, 0xfd, 0x0, 0x0,
    0x0, 0x0, 0x0, 0x1f, 0xfd, 0xf, 0xfd, 0x0,
    0x0, 0x0, 0x0, 0x0, 0xf, 0xfd, 0xe, 0xff,
    0x0, 0x0, 0x0, 0x0, 0x0, 0x3f, 0xfb, 0xb,
    0xff, 0x50, 0x0, 0x0, 0x0, 0x0, 0x9f, 0xf7,
    0x4, 0xff, 0xe1, 0x0, 0x0, 0x0, 0x3, 0xff,
    0xf2, 0x0, 0xbf, 0xfd, 0x30, 0x0, 0x0, 0x5f,
    0xff, 0x80, 0x0, 0xd, 0xff, 0xfc, 0x98, 0x9d,
    0xff, 0xfb, 0x0, 0x0, 0x0, 0x9f, 0xff, 0xff,
    0xff, 0xff, 0x70, 0x0, 0x0, 0x0, 0x3, 0x9d,
    0xff, 0xfc, 0x82, 0x0, 0x0,

    /* U+00D6 "Ö" */
    0x0, 0x0, 0x7, 0xc4, 0x0, 0x6, 0xc5, 0x0,
    0x0, 0x0, 0x0, 0xf, 0xfb, 0x0, 0xf, 0xfd,
    0x0, 0x0, 0x0, 0x0, 0xa, 0xf5, 0x0, 0x8,
    0xf7, 0x0, 0x0, 0x0, 0x0, 0x0, 0x0, 0x0,
    0x0, 0x0, 0x0, 0x0, 0x0, 0x0, 0x0, 0x0,
    0x0, 0x0, 0x0, 0x0, 0x0, 0x0, 0x0, 0x0,
    0x0, 0x0, 0x0, 0x0, 0x0, 0x0, 0x0, 0x0,
    0x3, 0x9d, 0xff, 0xec, 0x81, 0x0, 0x0, 0x0,
    0x0, 0x9f, 0xff, 0xff, 0xff, 0xff, 0x70, 0x0,
    0x0, 0xd, 0xff, 0xfd, 0x98, 0xae, 0xff, 0xfa,
    0x0, 0x0, 0xaf, 0xfd, 0x30, 0x0, 0x0, 0x6f,
    0xff, 0x70, 0x4, 0xff, 0xe1, 0x0, 0x0, 0x0,
    0x4, 0xff, 0xf1, 0xb, 0xff, 0x50, 0x0, 0x0,
    0x0, 0x0, 0x9f, 0xf7, 0xe, 0xff, 0x0, 0x0,
    0x0, 0x0, 0x0, 0x3f, 0xfb, 0xf, 0xfd, 0x0,
    0x0, 0x0, 0x0, 0x0, 0x1f, 0xfd, 0xf, 0xfd,
    0x0, 0x0, 0x0, 0x0, 0x0, 0xf, 0xfd, 0xe,
    0xff, 0x0, 0x0, 0x0, 0x0, 0x0, 0x3f, 0xfb,
    0xb, 0xff, 0x50, 0x0, 0x0, 0x0, 0x0, 0x9f,
    0xf7, 0x4, 0xff, 0xe1, 0x0, 0x0, 0x0, 0x3,
    0xff, 0xf2, 0x0, 0xbf, 0xfd, 0x30, 0x0, 0x0,
    0x5f, 0xff, 0x80, 0x0, 0xd, 0xff, 0xfc, 0x98,
    0x9d, 0xff, 0xfb, 0x0, 0x0, 0x0, 0x9f, 0xff,
    0xff, 0xff, 0xff, 0x70, 0x0, 0x0, 0x0, 0x3,
    0x9d, 0xff, 0xfc, 0x82, 0x0, 0x0,

    /* U+00D7 "×" */
    0x2, 0x60, 0x0, 0x0, 0x52, 0x1, 0xef, 0x70,
    0x0, 0x6f, 0xe2, 0x9, 0xff, 0x70, 0x6f, 0xfa,
    0x0, 0x8, 0xff, 0xbf, 0xfa, 0x0, 0x0, 0x8,
    0xff, 0xf9, 0x0, 0x0, 0x0, 0x7f, 0xff, 0x90,
    0x0, 0x0, 0x8f, 0xfc, 0xff, 0x90, 0x0, 0x8f,
    0xf8, 0x7, 0xff, 0x90, 0x1e, 0xf8, 0x0, 0x7,
    0xfe, 0x20, 0x26, 0x0, 0x0, 0x6, 0x20,

    /* U+00D8 "Ø" */
    0x0, 0x0, 0x3, 0x9d, 0xff, 0xec, 0x82, 0x1e,
    0xfa, 0x0, 0x0, 0x9, 0xff, 0xff, 0xff, 0xff,
    0xfd, 0xfd, 0x0, 0x0, 0xd, 0xff, 0xfd, 0x98,
    0xae, 0xff, 0xff, 0x20, 0x0, 0xb, 0xff, 0xe4,
    0x0, 0x0, 0xb, 0xff, 0xf6, 0x0, 0x4, 0xff,
    0xe1, 0x0, 0x0, 0x7, 0xff, 0xff, 0xf1, 0x0,
    0xbf, 0xf6, 0x0, 0x0, 0x7, 0xff, 0x39, 0xff,
    0x60, 0xe, 0xff, 0x0, 0x0, 0x6, 0xff, 0x40,
    0x2f, 0xfb, 0x0, 0xff, 0xd0, 0x0, 0x6, 0xff,
    0x40, 0x0, 0xff, 0xc0, 0xf, 0xfd, 0x0, 0x5,
    0xff, 0x40, 0x0, 0xf, 0xfd, 0x0, 0xef, 0xf0,
    0x5, 0xff, 0x50, 0x0, 0x2, 0xff, 0xb0, 0x9,
    0xff, 0x64, 0xff, 0x50, 0x0, 0x0, 0x8f, 0xf8,
    0x0, 0x3f, 0xfe, 0xff, 0x60, 0x0, 0x0, 0x3f,
    0xff, 0x20, 0x0, 0x9f, 0xff, 0x90, 0x0, 0x0,
    0x5e, 0xff, 0x80, 0x0, 0x3, 0xff, 0xff, 0xd9,
    0x89, 0xdf, 0xff, 0xb0, 0x0, 0x1, 0xdf, 0xef,
    0xff, 0xff, 0xff, 0xff, 0x80, 0x0, 0x0, 0xbf,
    0xd0, 0x39, 0xcf, 0xfe, 0xc7, 0x10, 0x0, 0x0,

    /* U+00D9 "Ù" */
    0x0, 0x0, 0x6f, 0xfa, 0x0, 0x0, 0x0, 0x0,
    0x0, 0x0, 0x5f, 0xfa, 0x0, 0x0, 0x0, 0x0,
    0x0, 0x0, 0x5f, 0xf9, 0x0, 0x0, 0x0, 0x0,
    0x0, 0x0, 0x0, 0x0, 0x0, 0x0, 0x0, 0x0,
    0x0, 0x0, 0x0, 0x0, 0x0, 0x4, 0xff, 0x80,
    0x0, 0x0, 0x0, 0x9f, 0xf2, 0x4f, 0xf8, 0x0,
    0x0, 0x0, 0x9, 0xff, 0x24, 0xff, 0x80, 0x0,
    0x0, 0x0, 0x9f, 0xf2, 0x4f, 0xf8, 0x0, 0x0,
    0x0, 0x9, 0xff, 0x24, 0xff, 0x80, 0x0, 0x0,
    0x0, 0x9f, 0xf2, 0x4f, 0xf8, 0x0, 0x0, 0x0,
    0x9, 0xff, 0x24, 0xff, 0x80, 0x0, 0x0, 0x0,
    0x9f, 0xf2, 0x4f, 0xf8, 0x0, 0x0, 0x0, 0x9,
    0xff, 0x24, 0xff, 0x80, 0x0, 0x0, 0x0, 0x9f,
    0xf2, 0x3f, 0xf8, 0x0, 0x0, 0x0, 0x9, 0xff,
    0x22, 0xff, 0x90, 0x0, 0x0, 0x0, 0xaf, 0xf1,
    0xf, 0xfe, 0x0, 0x0, 0x0, 0xe, 0xff, 0x0,
    0xbf, 0xfa, 0x10, 0x0, 0x1b, 0xff, 0x90, 0x2,
    0xff, 0xfe, 0xa8, 0xaf, 0xff, 0xe1, 0x0, 0x4,
    0xef, 0xff, 0xff, 0xff, 0xd3, 0x0, 0x0, 0x1,
    0x7c, 0xef, 0xeb, 0x60, 0x0, 0x0,

    /* U+00DA "Ú" */
    0x0, 0x0, 0x0, 0x2, 0xef, 0xd1, 0x0, 0x0,
    0x0, 0x0, 0x2, 0xef, 0xd1, 0x0, 0x0, 0x0,
    0x0, 0x1, 0xdf, 0xd1, 0x0, 0x0, 0x0, 0x0,
    0x0, 0x0, 0x0, 0x0, 0x0, 0x0, 0x0, 0x0,
    0x0, 0x0, 0x0, 0x0, 0x0, 0x4, 0xff, 0x80,
    0x0, 0x0, 0x0, 0x9f, 0xf2, 0x4f, 0xf8, 0x0,
    0x0, 0x0, 0x9, 0xff, 0x24, 0xff, 0x80, 0x0,
    0x0, 0x0, 0x9f, 0xf2, 0x4f, 0xf8, 0x0, 0x0,
    0x0, 0x9, 0xff, 0x24, 0xff, 0x80, 0x0, 0x0,
    0x0, 0x9f, 0xf2, 0x4f, 0xf8, 0x0, 0x0, 0x0,
    0x9, 0xff, 0x24, 0xff, 0x80, 0x0, 0x0, 0x0,
    0x9f, 0xf2, 0x4f, 0xf8, 0x0, 0x0, 0x0, 0x9,
    0xff, 0x24, 0xff, 0x80, 0x0, 0x0, 0x0, 0x9f,
    0xf2, 0x3f, 0xf8, 0x0, 0x0, 0x0, 0x9, 0xff,
    0x22, 0xff, 0x90, 0x0, 0x0, 0x0, 0xaf, 0xf1,
    0xf, 0xfe, 0x0, 0x0, 0x0, 0xe, 0xff, 0x0,
    0xbf, 0xfa, 0x10, 0x0, 0x1b, 0xff, 0x90, 0x2,
    0xff, 0xfe, 0xa8, 0xaf, 0xff, 0xe1, 0x0, 0x4,
    0xef, 0xff, 0xff, 0xff, 0xd3, 0x0, 0x0, 0x1,
    0x7c, 0xef, 0xeb, 0x60, 0x0, 0x0,

    /* U+00DB "Û" */
    0x0, 0x0, 0x2, 0x88, 0x70, 0x0, 0x0, 0x0,
    0x0, 0x1, 0xdf, 0xff, 0xb0, 0x0, 0x0, 0x0,
    0x0, 0xbf, 0xe6, 0xff, 0x80, 0x0, 0x0, 0x0,
    0x9f, 0xe2, 0x4, 0xff, 0x60, 0x0, 0x0, 0x0,
    0x0, 0x0, 0x0, 0x0, 0x0, 0x0, 0x0, 0x0,
    0x0, 0x0, 0x0, 0x0, 0x0, 0x4f, 0xf8, 0x0,
    0x0, 0x0, 0x9, 0xff, 0x24, 0xff, 0x80, 0x0,
    0x0, 0x0, 0x9f, 0xf2, 0x4f, 0xf8, 0x0, 0x0,
    0x0, 0x9, 0xff, 0x24, 0xff, 0x80, 0x0, 0x0,
    0x0, 0x9f, 0xf2, 0x4f, 0xf8, 0x0, 0x0, 0x0,
    0x9, 0xff, 0x24, 0xff, 0x80, 0x0, 0x0, 0x0,
    0x9f, 0xf2, 0x4f, 0xf8, 0x0, 0x0, 0x0, 0x9,
    0xff, 0x24, 0xff, 0x80, 0x0, 0x0, 0x0, 0x9f,
    0xf2, 0x4f, 0xf8, 0x0, 0x0, 0x0, 0x9, 0xff,
    0x23, 0xff, 0x80, 0x0, 0x0, 0x0, 0x9f, 0xf2,
    0x2f, 0xf9, 0x0, 0x0, 0x0, 0xa, 0xff, 0x10,
    0xff, 0xe0, 0x0, 0x0, 0x0, 0xef, 0xf0, 0xb,
    0xff, 0xa1, 0x0, 0x1, 0xbf, 0xf9, 0x0, 0x2f,
    0xff, 0xea, 0x8a, 0xff, 0xfe, 0x10, 0x0, 0x4e,
    0xff, 0xff, 0xff, 0xfd, 0x30, 0x0, 0x0, 0x17,
    0xce, 0xfe, 0xb6, 0x0, 0x0,

    /* U+00DC "Ü" */
    0x0, 0x6, 0xc5, 0x0, 0x5, 0xc6, 0x0, 0x0,
    0x0, 0xff, 0xd0, 0x0, 0xdf, 0xe0, 0x0, 0x0,
    0x9, 0xf7, 0x0, 0x7, 0xf8, 0x0, 0x0, 0x0,
    0x0, 0x0, 0x0, 0x0, 0x0, 0x0, 0x0, 0x0,
    0x0, 0x0, 0x0, 0x0, 0x0, 0x0, 0x0, 0x0,
    0x0, 0x0, 0x0, 0x0, 0x0, 0x4f, 0xf8, 0x0,
    0x0, 0x0, 0x9, 0xff, 0x24, 0xff, 0x80, 0x0,
    0x0, 0x0, 0x9f, 0xf2, 0x4f, 0xf8, 0x0, 0x0,
    0x0, 0x9, 0xff, 0x24, 0xff, 0x80, 0x0, 0x0,
    0x0, 0x9f, 0xf2, 0x4f, 0xf8, 0x0, 0x0, 0x0,
    0x9, 0xff, 0x24, 0xff, 0x80, 0x0, 0x0, 0x0,
    0x9f, 0xf2, 0x4f, 0xf8, 0x0, 0x0, 0x0, 0x9,
    0xff, 0x24, 0xff, 0x80, 0x0, 0x0, 0x0, 0x9f,
    0xf2, 0x4f, 0xf8, 0x0, 0x0, 0x0, 0x9, 0xff,
    0x23, 0xff, 0x80, 0x0, 0x0, 0x0, 0x9f, 0xf2,
    0x2f, 0xf9, 0x0, 0x0, 0x0, 0xa, 0xff, 0x10,
    0xff, 0xe0, 0x0, 0x0, 0x0, 0xef, 0xf0, 0xb,
    0xff, 0xa1, 0x0, 0x1, 0xbf, 0xf9, 0x0, 0x2f,
    0xff, 0xea, 0x8a, 0xff, 0xfe, 0x10, 0x0, 0x4e,
    0xff, 0xff, 0xff, 0xfd, 0x30, 0x0, 0x0, 0x17,
    0xce, 0xfe, 0xb6, 0x0, 0x0,

    /* U+00DD "Ý" */
    0x0, 0x0, 0x0, 0x0, 0x46, 0x62, 0x0, 0x0,
    0x0, 0x0, 0x0, 0x4f, 0xfc, 0x0, 0x0, 0x0,
    0x0, 0x0, 0x1e, 0xfd, 0x10, 0x0, 0x0, 0x0,
    0x0, 0xc, 0xfe, 0x10, 0x0, 0x0, 0x0, 0x0,
    0x0, 0x11, 0x0, 0x0, 0x0, 0x7, 0xff, 0xb0,
    0x0, 0x0, 0x0, 0x9f, 0xf9, 0xd, 0xff, 0x50,
    0x0, 0x0, 0x3f, 0xfe, 0x0, 0x3f, 0xfe, 0x10,
    0x0, 0xd, 0xff, 0x40, 0x0, 0x8f, 0xf9, 0x0,
    0x7, 0xff, 0xa0, 0x0, 0x0, 0xdf, 0xf3, 0x2,
    0xff, 0xe1, 0x0, 0x0, 0x4, 0xff, 0xd0, 0xbf,
    0xf5, 0x0, 0x0, 0x0, 0x9, 0xff, 0xcf, 0xfb,
    0x0, 0x0, 0x0, 0x0, 0x1e, 0xff, 0xff, 0x20,
    0x0, 0x0, 0x0, 0x0, 0x5f, 0xff, 0x60, 0x0,
    0x0, 0x0, 0x0, 0x0, 0xdf, 0xf0, 0x0, 0x0,
    0x0, 0x0, 0x0, 0xd, 0xff, 0x0, 0x0, 0x0,
    0x0, 0x0, 0x0, 0xdf, 0xf0, 0x0, 0x0, 0x0,
    0x0, 0x0, 0xd, 0xff, 0x0, 0x0, 0x0, 0x0,
    0x0, 0x0, 0xdf, 0xf0, 0x0, 0x0, 0x0, 0x0,
    0x0, 0xd, 0xff, 0x0, 0x0, 0x0, 0x0, 0x0,
    0x0, 0xdf, 0xf0, 0x0, 0x0, 0x0,

    /* U+00DE "Þ" */
    0xef, 0xe0, 0x0, 0x0, 0x0, 0x0, 0xef, 0xe0,
    0x0, 0x0, 0x0, 0x0, 0xef, 0xff, 0xff, 0xfd,
    0x81, 0x0, 0xef, 0xff, 0xff, 0xff, 0xfe, 0x40,
    0xef, 0xf7, 0x77, 0x8d, 0xff, 0xe1, 0xef, 0xe0,
    0x0, 0x0, 0xbf, 0xf8, 0xef, 0xe0, 0x0, 0x0,
    0x2f, 0xfd, 0xef, 0xe0, 0x0, 0x0, 0xf, 0xfe,
    0xef, 0xe0, 0x0, 0x0, 0x1f, 0xfd, 0xef, 0xe0,
    0x0, 0x0, 0xaf, 0xf8, 0xef, 0xf8, 0x88, 0x8d,
    0xff, 0xf2, 0xef, 0xff, 0xff, 0xff, 0xff, 0x50,
    0xef, 0xff, 0xff, 0xfe, 0x92, 0x0, 0xef, 0xe0,
    0x0, 0x0, 0x0, 0x0, 0xef, 0xe0, 0x0, 0x0,
    0x0, 0x0, 0xef, 0xe0, 0x0, 0x0, 0x0, 0x0,

    /* U+00DF "ß" */
    0x0, 0x18, 0xdf, 0xfd, 0x91, 0x0, 0x3, 0xff,
    0xff, 0xff, 0xff, 0x40, 0xe, 0xff, 0xb5, 0x5a,
    0xff, 0xe0, 0x5f, 0xfa, 0x0, 0x0, 0x9f, 0xf4,
    0x7f, 0xf4, 0x0, 0x0, 0x5f, 0xf5, 0x8f, 0xf3,
    0x0, 0x0, 0xbf, 0xf3, 0x8f, 0xf3, 0x5, 0x9d,
    0xff, 0xb0, 0x8f, 0xf3, 0x9, 0xff, 0xfe, 0x10,
    0x8f, 0xf3, 0x9, 0xff, 0xff, 0xc0, 0x8f, 0xf3,
    0x0, 0x3, 0xbf, 0xf8, 0x8f, 0xf3, 0x0, 0x0,
    0xf, 0xfd, 0x8f, 0xf3, 0x0, 0x0, 0xd, 0xfe,
    0x8f, 0xf3, 0x0, 0x0, 0x3f, 0xfd, 0x8f, 0xf3,
    0x4, 0x7a, 0xff, 0xf7, 0x8f, 0xf3, 0xb, 0xff,
    0xff, 0xc0, 0x8f, 0xf3, 0xb, 0xff, 0xc6, 0x0,

    /* U+00E0 "à" */
    0x0, 0xb, 0xff, 0x50, 0x0, 0x0, 0x0, 0x0,
    0xaf, 0xf4, 0x0, 0x0, 0x0, 0x0, 0x9, 0xed,
    0x30, 0x0, 0x0, 0x0, 0x0, 0x0, 0x0, 0x0,
    0x0, 0x6, 0xce, 0xfd, 0x91, 0x0, 0x0, 0xbf,
    0xff, 0xff, 0xfe, 0x20, 0x8, 0xff, 0xc6, 0x5b,
    0xff, 0xb0, 0x1, 0x68, 0x0, 0x0, 0xcf, 0xf1,
    0x0, 0x0, 0x0, 0x0, 0x7f, 0xf4, 0x0, 0x4b,
    0xef, 0xff, 0xff, 0xf5, 0x7, 0xff, 0xff, 0xff,
    0xff, 0xf5, 0xf, 0xfe, 0x41, 0x0, 0x6f, 0xf5,
    0x2f, 0xf9, 0x0, 0x0, 0xbf, 0xf5, 0x1f, 0xff,
    0x63, 0x5b, 0xff, 0xf4, 0x8, 0xff, 0xff, 0xff,
    0xdf, 0xf4, 0x0, 0x5c, 0xef, 0xd7, 0x3f, 0xf4,

    /* U+00E1 "á" */
    0x0, 0x0, 0x0, 0x8f, 0xf8, 0x0, 0x0, 0x0,
    0x8, 0xff, 0x70, 0x0, 0x0, 0x0, 0x5d, 0xd6,
    0x0, 0x0, 0x0, 0x0, 0x0, 0x0, 0x0, 0x0,
    0x0, 0x6, 0xce, 0xfd, 0x91, 0x0, 0x0, 0xbf,
    0xff, 0xff, 0xfe, 0x20, 0x8, 0xff, 0xc6, 0x5b,
    0xff, 0xb0, 0x1, 0x68, 0x0, 0x0, 0xcf, 0xf1,
    0x0, 0x0, 0x0, 0x0, 0x7f, 0xf4, 0x0, 0x4b,
    0xef, 0xff, 0xff, 0xf5, 0x7, 0xff, 0xff, 0xff,
    0xff, 0xf5, 0xf, 0xfe, 0x41, 0x0, 0x6f, 0xf5,
    0x2f, 0xf9, 0x0, 0x0, 0xbf, 0xf5, 0x1f, 0xff,
    0x63, 0x5b, 0xff, 0xf4, 0x8, 0xff, 0xff, 0xff,
    0xdf, 0xf4, 0x0, 0x5c, 0xef, 0xd7, 0x3f, 0xf4,

    /* U+00E2 "â" */
    0x0, 0x2, 0xef, 0xfd, 0x20, 0x0, 0x0, 0x3e,
    0xfa, 0xaf, 0xe2, 0x0, 0x1, 0xab, 0x60, 0x7,
    0xba, 0x10, 0x0, 0x0, 0x0, 0x0, 0x0, 0x0,
    0x0, 0x6, 0xce, 0xfd, 0x91, 0x0, 0x0, 0xbf,
    0xff, 0xff, 0xfe, 0x20, 0x8, 0xff, 0xc6, 0x5b,
    0xff, 0xb0, 0x1, 0x68, 0x0, 0x0, 0xcf, 0xf1,
    0x0, 0x0, 0x0, 0x0, 0x7f, 0xf4, 0x0, 0x4b,
    0xef, 0xff, 0xff, 0xf5, 0x7, 0xff, 0xff, 0xff,
    0xff, 0xf5, 0xf, 0xfe, 0x41, 0x0, 0x6f, 0xf5,
    0x2f, 0xf9, 0x0, 0x0, 0xbf, 0xf5, 0x1f, 0xff,
    0x63, 0x5b, 0xff, 0xf4, 0x8, 0xff, 0xff, 0xff,
    0xdf, 0xf4, 0x0, 0x5c, 0xef, 0xd7, 0x3f, 0xf4,

    /* U+00E3 "ã" */
    0x0, 0x9, 0xef, 0xa2, 0x6e, 0x80, 0x0, 0x6f,
    0xee, 0xff, 0xff, 0x30, 0x0, 0x7b, 0x20, 0x8c,
    0xb4, 0x0, 0x0, 0x0, 0x0, 0x0, 0x0, 0x0,
    0x0, 0x6, 0xce, 0xfd, 0x91, 0x0, 0x0, 0xbf,
    0xff, 0xff, 0xfe, 0x20, 0x8, 0xff, 0xc6, 0x5b,
    0xff, 0xb0, 0x1, 0x68, 0x0, 0x0, 0xcf, 0xf1,
    0x0, 0x0, 0x0, 0x0, 0x7f, 0xf4, 0x0, 0x4b,
    0xef, 0xff, 0xff, 0xf5, 0x7, 0xff, 0xff, 0xff,
    0xff, 0xf5, 0xf, 0xfe, 0x41, 0x0, 0x6f, 0xf5,
    0x2f, 0xf9, 0x0, 0x0, 0xbf, 0xf5, 0x1f, 0xff,
    0x63, 0x5b, 0xff, 0xf4, 0x8, 0xff, 0xff, 0xff,
    0xdf, 0xf4, 0x0, 0x5c, 0xef, 0xd7, 0x3f, 0xf4,

    /* U+00E4 "ä" */
    0x0, 0x55, 0x0, 0x0, 0x46, 0x0, 0x5, 0xff,
    0x50, 0x3, 0xff, 0x70, 0x4, 0xff, 0x40, 0x2,
    0xff, 0x50, 0x0, 0x33, 0x0, 0x0, 0x23, 0x0,
    0x0, 0x0, 0x0, 0x0, 0x0, 0x0, 0x0, 0x6,
    0xce, 0xfd, 0x91, 0x0, 0x0, 0xbf, 0xff, 0xff,
    0xfe, 0x20, 0x8, 0xff, 0xc6, 0x5b, 0xff, 0xb0,
    0x1, 0x68, 0x0, 0x0, 0xcf, 0xf1, 0x0, 0x0,
    0x0, 0x0, 0x7f, 0xf4, 0x0, 0x4b, 0xef, 0xff,
    0xff, 0xf5, 0x7, 0xff, 0xff, 0xff, 0xff, 0xf5,
    0xf, 0xfe, 0x41, 0x0, 0x6f, 0xf5, 0x2f, 0xf9,
    0x0, 0x0, 0xbf, 0xf5, 0x1f, 0xff, 0x63, 0x5b,
    0xff, 0xf4, 0x8, 0xff, 0xff, 0xff, 0xdf, 0xf4,
    0x0, 0x5c, 0xef, 0xd7, 0x3f, 0xf4,

    /* U+00E5 "å" */
    0x0, 0x0, 0x7e, 0xe8, 0x0, 0x0, 0x0, 0x4,
    0xfd, 0xcf, 0x50, 0x0, 0x0, 0x8, 0xf4, 0x3f,
    0x90, 0x0, 0x0, 0x4, 0xfd, 0xcf, 0x60, 0x0,
    0x0, 0x0, 0x7e, 0xe7, 0x0, 0x0, 0x0, 0x0,
    0x0, 0x0, 0x0, 0x0, 0x0, 0x6, 0xce, 0xfd,
    0x91, 0x0, 0x0, 0xbf, 0xff, 0xff, 0xfe, 0x20,
    0x8, 0xff, 0xc6, 0x5b, 0xff, 0xb0, 0x1, 0x68,
    0x0, 0x0, 0xcf, 0xf1, 0x0, 0x0, 0x0, 0x0,
    0x7f, 0xf4, 0x0, 0x4b, 0xef, 0xff, 0xff, 0xf5,
    0x7, 0xff, 0xff, 0xff, 0xff, 0xf5, 0xf, 0xfe,
    0x41, 0x0, 0x6f, 0xf5, 0x2f, 0xf9, 0x0, 0x0,
    0xbf, 0xf5, 0x1f, 0xff, 0x63, 0x5b, 0xff, 0xf4,
    0x8, 0xff, 0xff, 0xff, 0xdf, 0xf4, 0x0, 0x5c,
    0xef, 0xd7, 0x3f, 0xf4,

    /* U+00E6 "æ" */
    0x0, 0x18, 0xdf, 0xfc, 0x60, 0x2, 0x9d, 0xfe,
    0xa3, 0x0, 0x0, 0x2e, 0xff, 0xff, 0xff, 0x96,
    0xff, 0xff, 0xff, 0xf6, 0x0, 0xc, 0xff, 0x73,
    0x4a, 0xff, 0xff, 0xd5, 0x35, 0xdf, 0xf3, 0x0,
    0x4, 0x40, 0x0, 0xd, 0xff, 0xe1, 0x0, 0x1,
    0xef, 0xc0, 0x0, 0x0, 0x0, 0x0, 0x9f, 0xfb,
    0x55, 0x55, 0x5b, 0xff, 0x10, 0x5, 0xce, 0xff,
    0xff, 0xff, 0xff, 0xff, 0xff, 0xff, 0xf4, 0x8,
    0xff, 0xfc, 0xbb, 0xdf, 0xfd, 0xbb, 0xbb, 0xbb,
    0xbb, 0x40, 0xff, 0xd0, 0x0, 0x8, 0xff, 0x90,
    0x0, 0x0, 0x0, 0x0, 0x2f, 0xf8, 0x0, 0x0,
    0xdf, 0xff, 0x30, 0x0, 0x9, 0xb4, 0x0, 0xff,
    0xe3, 0x2, 0xbf, 0xff, 0xff, 0x96, 0x6c, 0xff,
    0xc0, 0x8, 0xff, 0xff, 0xff, 0xf4, 0x7f, 0xff,
    0xff, 0xff, 0xc1, 0x0, 0x5, 0xce, 0xfd, 0x92,
    0x0, 0x3a, 0xef, 0xec, 0x60, 0x0,

    /* U+00E7 "ç" */
    0x0, 0x1, 0x7c, 0xef, 0xc7, 0x10, 0x0, 0x3,
    0xef, 0xff, 0xff, 0xfe, 0x30, 0x2, 0xff, 0xfc,
    0x88, 0xdf, 0xfe, 0x0, 0xaf, 0xf8, 0x0, 0x0,
    0x9d, 0x81, 0xf, 0xfd, 0x0, 0x0, 0x0, 0x0,
    0x2, 0xff, 0xa0, 0x0, 0x0, 0x0, 0x0, 0x2f,
    0xfa, 0x0, 0x0, 0x0, 0x0, 0x0, 0xff, 0xd0,
    0x0, 0x0, 0x1, 0x0, 0xa, 0xff, 0x80, 0x0,
    0x9, 0xfa, 0x20, 0x2e, 0xff, 0xc8, 0x8c, 0xff,
    0xe0, 0x0, 0x3e, 0xff, 0xff, 0xff, 0xe2, 0x0,
    0x0, 0x17, 0xef, 0xfd, 0x71, 0x0, 0x0, 0x0,
    0x7, 0xf7, 0x0, 0x0, 0x0, 0x0, 0x0, 0x6d,
    0xf7, 0x0, 0x0, 0x0, 0x0, 0x0, 0x4f, 0xc0,
    0x0, 0x0, 0x0, 0xc, 0x9c, 0xfa, 0x0, 0x0,
    0x0, 0x0, 0x9e, 0xfb, 0x10, 0x0, 0x0,

    /* U+00E8 "è" */
    0x0, 0x1, 0xcf, 0xf3, 0x0, 0x0, 0x0, 0x0,
    0x0, 0xbf, 0xf3, 0x0, 0x0, 0x0, 0x0, 0x0,
    0xae, 0xd2, 0x0, 0x0, 0x0, 0x0, 0x0, 0x0,
    0x0, 0x0, 0x0, 0x1, 0x8d, 0xfe, 0xc6, 0x0,
    0x0, 0x4, 0xef, 0xff, 0xff, 0xfc, 0x0, 0x2,
    0xff, 0xe7, 0x45, 0x9f, 0xfa, 0x0, 0xaf, 0xe1,
    0x0, 0x0, 0x7f, 0xf2, 0xf, 0xff, 0xff, 0xff,
    0xff, 0xff, 0x72, 0xff, 0xff, 0xff, 0xff, 0xff,
    0xf9, 0x2f, 0xfb, 0x0, 0x0, 0x0, 0x0, 0x0,
    0xff, 0xe0, 0x0, 0x0, 0x2, 0x0, 0xa, 0xff,
    0x90, 0x0, 0x8, 0xfa, 0x10, 0x2f, 0xff, 0xc7,
    0x6b, 0xff, 0xd0, 0x0, 0x4e, 0xff, 0xff, 0xff,
    0xd2, 0x0, 0x0, 0x18, 0xdf, 0xec, 0x70, 0x0,

    /* U+00E9 "é" */
    0x0, 0x0, 0x0, 0x9, 0xff, 0x70, 0x0, 0x0,
    0x0, 0x9, 0xff, 0x60, 0x0, 0x0, 0x0, 0x6,
    0xed, 0x50, 0x0, 0x0, 0x0, 0x0, 0x0, 0x0,
    0x0, 0x0, 0x0, 0x1, 0x8d, 0xfe, 0xc6, 0x0,
    0x0, 0x4, 0xef, 0xff, 0xff, 0xfc, 0x0, 0x2,
    0xff, 0xe7, 0x45, 0x9f, 0xfa, 0x0, 0xaf, 0xe1,
    0x0, 0x0, 0x7f, 0xf2, 0xf, 0xff, 0xff, 0xff,
    0xff, 0xff, 0x72, 0xff, 0xff, 0xff, 0xff, 0xff,
    0xf9, 0x2f, 0xfb, 0x0, 0x0, 0x0, 0x0, 0x0,
    0xff, 0xe0, 0x0, 0x0, 0x2, 0x0, 0xa, 0xff,
    0x90, 0x0, 0x8, 0xfa, 0x10, 0x2f, 0xff, 0xc7,
    0x6b, 0xff, 0xd0, 0x0, 0x4e, 0xff, 0xff, 0xff,
    0xd2, 0x0, 0x0, 0x18, 0xdf, 0xec, 0x70, 0x0,

    /* U+00EA "ê" */
    0x0, 0x0, 0x3e, 0xff, 0xc1, 0x0, 0x0, 0x0,
    0x4f, 0xf9, 0xbf, 0xd2, 0x0, 0x0, 0x2a, 0xb5,
    0x0, 0x8b, 0x90, 0x0, 0x0, 0x0, 0x0, 0x0,
    0x0, 0x0, 0x0, 0x1, 0x8d, 0xfe, 0xc6, 0x0,
    0x0, 0x4, 0xef, 0xff, 0xff, 0xfc, 0x0, 0x2,
    0xff, 0xe7, 0x45, 0x9f, 0xfa, 0x0, 0xaf, 0xe1,
    0x0, 0x0, 0x7f, 0xf2, 0xf, 0xff, 0xff, 0xff,
    0xff, 0xff, 0x72, 0xff, 0xff, 0xff, 0xff, 0xff,
    0xf9, 0x2f, 0xfb, 0x0, 0x0, 0x0, 0x0, 0x0,
    0xff, 0xe0, 0x0, 0x0, 0x2, 0x0, 0xa, 0xff,
    0x90, 0x0, 0x8, 0xfa, 0x10, 0x2f, 0xff, 0xc7,
    0x6b, 0xff, 0xd0, 0x0, 0x4e, 0xff, 0xff, 0xff,
    0xd2, 0x0, 0x0, 0x18, 0xdf, 0xec, 0x70, 0x0,

    /* U+00EB "ë" */
    0x0, 0x6, 0x50, 0x0, 0x5, 0x50, 0x0, 0x6,
    0xff, 0x40, 0x5, 0xff, 0x50, 0x0, 0x5f, 0xf3,
    0x0, 0x3f, 0xf4, 0x0, 0x0, 0x32, 0x0, 0x0,
    0x33, 0x0, 0x0, 0x0, 0x0, 0x0, 0x0, 0x0,
    0x0, 0x0, 0x18, 0xdf, 0xec, 0x60, 0x0, 0x0,
    0x4e, 0xff, 0xff, 0xff, 0xc0, 0x0, 0x2f, 0xfe,
    0x74, 0x59, 0xff, 0xa0, 0xa, 0xfe, 0x10, 0x0,
    0x7, 0xff, 0x20, 0xff, 0xff, 0xff, 0xff, 0xff,
    0xf7, 0x2f, 0xff, 0xff, 0xff, 0xff, 0xff, 0x92,
    0xff, 0xb0, 0x0, 0x0, 0x0, 0x0, 0xf, 0xfe,
    0x0, 0x0, 0x0, 0x20, 0x0, 0xaf, 0xf9, 0x0,
    0x0, 0x8f, 0xa1, 0x2, 0xff, 0xfc, 0x76, 0xbf,
    0xfd, 0x0, 0x4, 0xef, 0xff, 0xff, 0xfd, 0x20,
    0x0, 0x1, 0x8d, 0xfe, 0xc7, 0x0, 0x0,

    /* U+00EC "ì" */
    0xb, 0xff, 0x40, 0x0, 0x9, 0xff, 0x50, 0x0,
    0x7, 0xbb, 0x20, 0x0, 0x0, 0x0, 0x0, 0x5f,
    0xf5, 0x0, 0x5, 0xff, 0x50, 0x0, 0x5f, 0xf5,
    0x0, 0x5, 0xff, 0x50, 0x0, 0x5f, 0xf5, 0x0,
    0x5, 0xff, 0x50, 0x0, 0x5f, 0xf5, 0x0, 0x5,
    0xff, 0x50, 0x0, 0x5f, 0xf5, 0x0, 0x5, 0xff,
    0x50, 0x0, 0x5f, 0xf5, 0x0, 0x5, 0xff, 0x50,

    /* U+00ED "í" */
    0x0, 0x9f, 0xf7, 0x0, 0xaf, 0xf5, 0x0, 0x5b,
    0xb3, 0x0, 0x0, 0x0, 0x0, 0x0, 0x5f, 0xf5,
    0x0, 0x5, 0xff, 0x50, 0x0, 0x5f, 0xf5, 0x0,
    0x5, 0xff, 0x50, 0x0, 0x5f, 0xf5, 0x0, 0x5,
    0xff, 0x50, 0x0, 0x5f, 0xf5, 0x0, 0x5, 0xff,
    0x50, 0x0, 0x5f, 0xf5, 0x0, 0x5, 0xff, 0x50,
    0x0, 0x5f, 0xf5, 0x0, 0x5, 0xff, 0x50, 0x0,

    /* U+00EE "î" */
    0x0, 0x3e, 0xff, 0xd2, 0x0, 0x4, 0xff, 0x89,
    0xfe, 0x30, 0x18, 0x84, 0x0, 0x58, 0x80, 0x0,
    0x0, 0x0, 0x0, 0x0, 0x0, 0x5, 0xff, 0x50,
    0x0, 0x0, 0x5, 0xff, 0x50, 0x0, 0x0, 0x5,
    0xff, 0x50, 0x0, 0x0, 0x5, 0xff, 0x50, 0x0,
    0x0, 0x5, 0xff, 0x50, 0x0, 0x0, 0x5, 0xff,
    0x50, 0x0, 0x0, 0x5, 0xff, 0x50, 0x0, 0x0,
    0x5, 0xff, 0x50, 0x0, 0x0, 0x5, 0xff, 0x50,
    0x0, 0x0, 0x5, 0xff, 0x50, 0x0, 0x0, 0x5,
    0xff, 0x50, 0x0, 0x0, 0x5, 0xff, 0x50, 0x0,

    /* U+00EF "ï" */
    0x4, 0x60, 0x6, 0x40, 0x3f, 0xf7, 0x7f, 0xf3,
    0x2f, 0xf6, 0x6f, 0xf2, 0x2, 0x40, 0x3, 0x20,
    0x0, 0x0, 0x0, 0x0, 0x0, 0x5f, 0xf5, 0x0,
    0x0, 0x5f, 0xf5, 0x0, 0x0, 0x5f, 0xf5, 0x0,
    0x0, 0x5f, 0xf5, 0x0, 0x0, 0x5f, 0xf5, 0x0,
    0x0, 0x5f, 0xf5, 0x0, 0x0, 0x5f, 0xf5, 0x0,
    0x0, 0x5f, 0xf5, 0x0, 0x0, 0x5f, 0xf5, 0x0,
    0x0, 0x5f, 0xf5, 0x0, 0x0, 0x5f, 0xf5, 0x0,
    0x0, 0x5f, 0xf5, 0x0,

    /* U+00F0 "ð" */
    0x0, 0x2, 0xc8, 0x30, 0x0, 0x0, 0x0, 0x0,
    0x5f, 0xff, 0xc3, 0x3c, 0x20, 0x0, 0x3, 0xae,
    0xff, 0xff, 0xd2, 0x0, 0x0, 0x0, 0x9, 0xff,
    0xf6, 0x0, 0x0, 0x0, 0x3, 0xfd, 0xdf, 0xf2,
    0x0, 0x0, 0x0, 0x6, 0x2, 0xff, 0x90, 0x0,
    0x2, 0x9d, 0xfe, 0x9a, 0xff, 0x0, 0x5, 0xff,
    0xff, 0xff, 0xff, 0xf4, 0x3, 0xff, 0xfa, 0x67,
    0xdf, 0xff, 0x70, 0xbf, 0xf7, 0x0, 0x0, 0xdf,
    0xfa, 0xf, 0xfd, 0x0, 0x0, 0x4, 0xff, 0xb2,
    0xff, 0xa0, 0x0, 0x0, 0xf, 0xfb, 0x2f, 0xf9,
    0x0, 0x0, 0x0, 0xff, 0xb0, 0xff, 0xd0, 0x0,
    0x0, 0x4f, 0xf8, 0xa, 0xff, 0x60, 0x0, 0xc,
    0xff, 0x30, 0x2f, 0xff, 0xa6, 0x7d, 0xff, 0xa0,
    0x0, 0x4f, 0xff, 0xff, 0xff, 0xb0, 0x0, 0x0,
    0x18, 0xdf, 0xec, 0x60, 0x0,

    /* U+00F1 "ñ" */
    0x0, 0x2b, 0xfe, 0x60, 0x7b, 0x30, 0x0, 0xcf,
    0xef, 0xfe, 0xfe, 0x0, 0x0, 0xba, 0x3, 0xcf,
    0xd3, 0x0, 0x0, 0x0, 0x0, 0x0, 0x0, 0x0,
    0x8f, 0xf0, 0x6d, 0xfe, 0xb3, 0x0, 0x8f, 0xfa,
    0xff, 0xff, 0xff, 0x40, 0x8f, 0xff, 0xd8, 0x8d,
    0xff, 0xd0, 0x8f, 0xfd, 0x0, 0x0, 0xef, 0xf1,
    0x8f, 0xf6, 0x0, 0x0, 0x8f, 0xf4, 0x8f, 0xf3,
    0x0, 0x0, 0x6f, 0xf4, 0x8f, 0xf2, 0x0, 0x0,
    0x6f, 0xf5, 0x8f, 0xf2, 0x0, 0x0, 0x6f, 0xf5,
    0x8f, 0xf2, 0x0, 0x0, 0x6f, 0xf5, 0x8f, 0xf2,
    0x0, 0x0, 0x6f, 0xf5, 0x8f, 0xf2, 0x0, 0x0,
    0x6f, 0xf5, 0x8f, 0xf2, 0x0, 0x0, 0x6f, 0xf5,

    /* U+00F2 "ò" */
    0x0, 0x1, 0xdf, 0xf3, 0x0, 0x0, 0x0, 0x0,
    0x0, 0xc, 0xfe, 0x30, 0x0, 0x0, 0x0, 0x0,
    0x0, 0xae, 0xc1, 0x0, 0x0, 0x0, 0x0, 0x0,
    0x0, 0x0, 0x0, 0x0, 0x0, 0x1, 0x8d, 0xfe,
    0xc7, 0x10, 0x0, 0x0, 0x4e, 0xff, 0xff, 0xff,
    0xe3, 0x0, 0x2, 0xff, 0xfb, 0x77, 0xcf, 0xfe,
    0x10, 0xa, 0xff, 0x70, 0x0, 0x9, 0xff, 0x90,
    0xf, 0xfd, 0x0, 0x0, 0x0, 0xef, 0xe0, 0x2f,
    0xfa, 0x0, 0x0, 0x0, 0xbf, 0xf0, 0x2f, 0xfa,
    0x0, 0x0, 0x0, 0xbf, 0xf0, 0xf, 0xfd, 0x0,
    0x0, 0x0, 0xef, 0xe0, 0xa, 0xff, 0x80, 0x0,
    0x9, 0xff, 0x90, 0x2, 0xff, 0xfc, 0x88, 0xcf,
    0xfe, 0x10, 0x0, 0x4e, 0xff, 0xff, 0xff, 0xe3,
    0x0, 0x0, 0x1, 0x8d, 0xff, 0xd7, 0x10, 0x0,

    /* U+00F3 "ó" */
    0x0, 0x0, 0x0, 0xa, 0xff, 0x60, 0x0, 0x0,
    0x0, 0x0, 0x9f, 0xf5, 0x0, 0x0, 0x0, 0x0,
    0x7, 0xed, 0x40, 0x0, 0x0, 0x0, 0x0, 0x0,
    0x0, 0x0, 0x0, 0x0, 0x0, 0x1, 0x8d, 0xfe,
    0xc7, 0x10, 0x0, 0x0, 0x4e, 0xff, 0xff, 0xff,
    0xe3, 0x0, 0x2, 0xff, 0xfb, 0x77, 0xcf, 0xfe,
    0x10, 0xa, 0xff, 0x70, 0x0, 0x9, 0xff, 0x90,
    0xf, 0xfd, 0x0, 0x0, 0x0, 0xef, 0xe0, 0x2f,
    0xfa, 0x0, 0x0, 0x0, 0xbf, 0xf0, 0x2f, 0xfa,
    0x0, 0x0, 0x0, 0xbf, 0xf0, 0xf, 0xfd, 0x0,
    0x0, 0x0, 0xef, 0xe0, 0xa, 0xff, 0x80, 0x0,
    0x9, 0xff, 0x90, 0x2, 0xff, 0xfc, 0x88, 0xcf,
    0xfe, 0x10, 0x0, 0x4e, 0xff, 0xff, 0xff, 0xe3,
    0x0, 0x0, 0x1, 0x8d, 0xff, 0xd7, 0x10, 0x0,

    /* U+00F4 "ô" */
    0x0, 0x0, 0x3e, 0xff, 0xc1, 0x0, 0x0, 0x0,
    0x4, 0xff, 0x8c, 0xfd, 0x10, 0x0, 0x0, 0x2a,
    0xb5, 0x0, 0x8b, 0x90, 0x0, 0x0, 0x0, 0x0,
    0x0, 0x0, 0x0, 0x0, 0x0, 0x1, 0x8d, 0xfe,
    0xc7, 0x10, 0x0, 0x0, 0x4e, 0xff, 0xff, 0xff,
    0xe3, 0x0, 0x2, 0xff, 0xfb, 0x77, 0xcf, 0xfe,
    0x10, 0xa, 0xff, 0x70, 0x0, 0x9, 0xff, 0x90,
    0xf, 0xfd, 0x0, 0x0, 0x0, 0xef, 0xe0, 0x2f,
    0xfa, 0x0, 0x0, 0x0, 0xbf, 0xf0, 0x2f, 0xfa,
    0x0, 0x0, 0x0, 0xbf, 0xf0, 0xf, 0xfd, 0x0,
    0x0, 0x0, 0xef, 0xe0, 0xa, 0xff, 0x80, 0x0,
    0x9, 0xff, 0x90, 0x2, 0xff, 0xfc, 0x88, 0xcf,
    0xfe, 0x10, 0x0, 0x4e, 0xff, 0xff, 0xff, 0xe3,
    0x0, 0x0, 0x1, 0x8d, 0xff, 0xd7, 0x10, 0x0,

    /* U+00F5 "õ" */
    0x0, 0x0, 0xaf, 0xe9, 0x18, 0xe6, 0x0, 0x0,
    0x8, 0xfe, 0xff, 0xff, 0xf1, 0x0, 0x0, 0x9,
    0xb1, 0x19, 0xcb, 0x30, 0x0, 0x0, 0x0, 0x0,
    0x0, 0x0, 0x0, 0x0, 0x0, 0x1, 0x8d, 0xfe,
    0xc7, 0x10, 0x0, 0x0, 0x4e, 0xff, 0xff, 0xff,
    0xe3, 0x0, 0x2, 0xff, 0xfb, 0x77, 0xcf, 0xfe,
    0x10, 0xa, 0xff, 0x70, 0x0, 0x9, 0xff, 0x90,
    0xf, 0xfd, 0x0, 0x0, 0x0, 0xef, 0xe0, 0x2f,
    0xfa, 0x0, 0x0, 0x0, 0xbf, 0xf0, 0x2f, 0xfa,
    0x0, 0x0, 0x0, 0xbf, 0xf0, 0xf, 0xfd, 0x0,
    0x0, 0x0, 0xef, 0xe0, 0xa, 0xff, 0x80, 0x0,
    0x9, 0xff, 0x90, 0x2, 0xff, 0xfc, 0x88, 0xcf,
    0xfe, 0x10, 0x0, 0x4e, 0xff, 0xff, 0xff, 0xe3,
    0x0, 0x0, 0x1, 0x8d, 0xff, 0xd7, 0x10, 0x0,

    /* U+00F6 "ö" */
    0x0, 0x6, 0x40, 0x0, 0x5, 0x50, 0x0, 0x0,
    0x7f, 0xf3, 0x0, 0x5f, 0xf4, 0x0, 0x0, 0x6f,
    0xf2, 0x0, 0x4f, 0xf3, 0x0, 0x0, 0x3, 0x20,
    0x0, 0x3, 0x30, 0x0, 0x0, 0x0, 0x0, 0x0,
    0x0, 0x0, 0x0, 0x0, 0x1, 0x8d, 0xfe, 0xc7,
    0x10, 0x0, 0x0, 0x4e, 0xff, 0xff, 0xff, 0xe3,
    0x0, 0x2, 0xff, 0xfb, 0x77, 0xcf, 0xfe, 0x10,
    0xa, 0xff, 0x70, 0x0, 0x9, 0xff, 0x90, 0xf,
    0xfd, 0x0, 0x0, 0x0, 0xef, 0xe0, 0x2f, 0xfa,
    0x0, 0x0, 0x0, 0xbf, 0xf0, 0x2f, 0xfa, 0x0,
    0x0, 0x0, 0xbf, 0xf0, 0xf, 0xfd, 0x0, 0x0,
    0x0, 0xef, 0xe0, 0xa, 0xff, 0x80, 0x0, 0x9,
    0xff, 0x90, 0x2, 0xff, 0xfc, 0x88, 0xcf, 0xfe,
    0x10, 0x0, 0x4e, 0xff, 0xff, 0xff, 0xe3, 0x0,
    0x0, 0x1, 0x8d, 0xff, 0xd7, 0x10, 0x0,

    /* U+00F7 "÷" */
    0x0, 0x0, 0x6f, 0x70, 0x0, 0x0, 0x0, 0xb,
    0xfb, 0x0, 0x0, 0x0, 0x0, 0x17, 0x20, 0x0,
    0x0, 0x33, 0x33, 0x33, 0x33, 0x31, 0x4f, 0xff,
    0xff, 0xff, 0xff, 0x54, 0xff, 0xff, 0xff, 0xff,
    0xf5, 0x0, 0x0, 0x0, 0x0, 0x0, 0x0, 0x0,
    0x1, 0x72, 0x0, 0x0, 0x0, 0x0, 0xaf, 0xb0,
    0x0, 0x0, 0x0, 0x6, 0xf7, 0x0, 0x0,

    /* U+00F8 "ø" */
    0x0, 0x1, 0x8d, 0xff, 0xd8, 0x9f, 0xe1, 0x0,
    0x4f, 0xff, 0xff, 0xff, 0xff, 0x30, 0x3, 0xff,
    0xfb, 0x77, 0xdf, 0xfe, 0x10, 0xb, 0xff, 0x60,
    0x2, 0xef, 0xff, 0x80, 0xf, 0xfc, 0x0, 0x1d,
    0xf9, 0xff, 0xd0, 0x2f, 0xf9, 0x0, 0xcf, 0xa0,
    0xbf, 0xf0, 0x3f, 0xf8, 0xc, 0xfb, 0x0, 0xcf,
    0xf0, 0xf, 0xfc, 0xbf, 0xc0, 0x1, 0xff, 0xd0,
    0xb, 0xff, 0xfc, 0x0, 0xa, 0xff, 0x80, 0x2,
    0xff, 0xfc, 0x78, 0xdf, 0xfe, 0x10, 0x5, 0xff,
    0xff, 0xff, 0xff, 0xd2, 0x0, 0x2f, 0xf8, 0xad,
    0xff, 0xc7, 0x0, 0x0,

    /* U+00F9 "ù" */
    0x0, 0x2d, 0xfe, 0x20, 0x0, 0x0, 0x0, 0x1,
    0xcf, 0xe2, 0x0, 0x0, 0x0, 0x0, 0x9, 0xb9,
    0x0, 0x0, 0x0, 0x0, 0x0, 0x0, 0x0, 0x0,
    0xcf, 0xe0, 0x0, 0x0, 0x9f, 0xf0, 0xcf, 0xe0,
    0x0, 0x0, 0x9f, 0xf0, 0xcf, 0xe0, 0x0, 0x0,
    0x9f, 0xf0, 0xcf, 0xe0, 0x0, 0x0, 0x9f, 0xf0,
    0xcf, 0xe0, 0x0, 0x0, 0x9f, 0xf0, 0xcf, 0xe0,
    0x0, 0x0, 0x9f, 0xf0, 0xcf, 0xe0, 0x0, 0x0,
    0xaf, 0xf0, 0xbf, 0xf0, 0x0, 0x0, 0xdf, 0xf0,
    0x9f, 0xf7, 0x0, 0x5, 0xff, 0xf0, 0x4f, 0xff,
    0xa7, 0xaf, 0xff, 0xf0, 0xb, 0xff, 0xff, 0xff,
    0xbf, 0xf0, 0x0, 0x7d, 0xfe, 0xa2, 0x8f, 0xf0,

    /* U+00FA "ú" */
    0x0, 0x0, 0x1, 0xcf, 0xf4, 0x0, 0x0, 0x0,
    0x1c, 0xfe, 0x20, 0x0, 0x0, 0x0, 0x8b, 0xa1,
    0x0, 0x0, 0x0, 0x0, 0x0, 0x0, 0x0, 0x0,
    0xcf, 0xe0, 0x0, 0x0, 0x9f, 0xf0, 0xcf, 0xe0,
    0x0, 0x0, 0x9f, 0xf0, 0xcf, 0xe0, 0x0, 0x0,
    0x9f, 0xf0, 0xcf, 0xe0, 0x0, 0x0, 0x9f, 0xf0,
    0xcf, 0xe0, 0x0, 0x0, 0x9f, 0xf0, 0xcf, 0xe0,
    0x0, 0x0, 0x9f, 0xf0, 0xcf, 0xe0, 0x0, 0x0,
    0xaf, 0xf0, 0xbf, 0xf0, 0x0, 0x0, 0xdf, 0xf0,
    0x9f, 0xf7, 0x0, 0x5, 0xff, 0xf0, 0x4f, 0xff,
    0xa7, 0xaf, 0xff, 0xf0, 0xb, 0xff, 0xff, 0xff,
    0xbf, 0xf0, 0x0, 0x7d, 0xfe, 0xa2, 0x8f, 0xf0,

    /* U+00FB "û" */
    0x0, 0x6, 0xff, 0xfa, 0x0, 0x0, 0x0, 0x8f,
    0xe6, 0xcf, 0xc1, 0x0, 0x3, 0x88, 0x20, 0x7,
    0x86, 0x0, 0x0, 0x0, 0x0, 0x0, 0x0, 0x0,
    0xcf, 0xe0, 0x0, 0x0, 0x9f, 0xf0, 0xcf, 0xe0,
    0x0, 0x0, 0x9f, 0xf0, 0xcf, 0xe0, 0x0, 0x0,
    0x9f, 0xf0, 0xcf, 0xe0, 0x0, 0x0, 0x9f, 0xf0,
    0xcf, 0xe0, 0x0, 0x0, 0x9f, 0xf0, 0xcf, 0xe0,
    0x0, 0x0, 0x9f, 0xf0, 0xcf, 0xe0, 0x0, 0x0,
    0xaf, 0xf0, 0xbf, 0xf0, 0x0, 0x0, 0xdf, 0xf0,
    0x9f, 0xf7, 0x0, 0x5, 0xff, 0xf0, 0x4f, 0xff,
    0xa7, 0xaf, 0xff, 0xf0, 0xb, 0xff, 0xff, 0xff,
    0xbf, 0xf0, 0x0, 0x7d, 0xfe, 0xa2, 0x8f, 0xf0,

    /* U+00FC "ü" */
    0x1, 0x73, 0x0, 0x0, 0x64, 0x0, 0xa, 0xff,
    0x10, 0x8, 0xff, 0x20, 0x8, 0xfe, 0x0, 0x7,
    0xff, 0x10, 0x0, 0x41, 0x0, 0x0, 0x42, 0x0,
    0x0, 0x0, 0x0, 0x0, 0x0, 0x0, 0xcf, 0xe0,
    0x0, 0x0, 0x9f, 0xf0, 0xcf, 0xe0, 0x0, 0x0,
    0x9f, 0xf0, 0xcf, 0xe0, 0x0, 0x0, 0x9f, 0xf0,
    0xcf, 0xe0, 0x0, 0x0, 0x9f, 0xf0, 0xcf, 0xe0,
    0x0, 0x0, 0x9f, 0xf0, 0xcf, 0xe0, 0x0, 0x0,
    0x9f, 0xf0, 0xcf, 0xe0, 0x0, 0x0, 0xaf, 0xf0,
    0xbf, 0xf0, 0x0, 0x0, 0xdf, 0xf0, 0x9f, 0xf7,
    0x0, 0x5, 0xff, 0xf0, 0x4f, 0xff, 0xa7, 0xaf,
    0xff, 0xf0, 0xb, 0xff, 0xff, 0xff, 0xbf, 0xf0,
    0x0, 0x7d, 0xfe, 0xa2, 0x8f, 0xf0,

    /* U+00FD "ý" */
    0x0, 0x0, 0x0, 0x1d, 0xfe, 0x30, 0x0, 0x0,
    0x0, 0x1, 0xdf, 0xd2, 0x0, 0x0, 0x0, 0x0,
    0x9, 0xba, 0x10, 0x0, 0x0, 0x0, 0x0, 0x0,
    0x0, 0x0, 0x0, 0x0, 0xaf, 0xf4, 0x0, 0x0,
    0x0, 0xef, 0xf0, 0x3f, 0xfb, 0x0, 0x0, 0x5,
    0xff, 0x90, 0xb, 0xff, 0x10, 0x0, 0xb, 0xff,
    0x20, 0x4, 0xff, 0x80, 0x0, 0x2f, 0xfb, 0x0,
    0x0, 0xdf, 0xe0, 0x0, 0x8f, 0xf5, 0x0, 0x0,
    0x6f, 0xf5, 0x0, 0xef, 0xe0, 0x0, 0x0, 0xe,
    0xfc, 0x5, 0xff, 0x70, 0x0, 0x0, 0x7, 0xff,
    0x2c, 0xff, 0x10, 0x0, 0x0, 0x1, 0xff, 0xbf,
    0xfa, 0x0, 0x0, 0x0, 0x0, 0x9f, 0xff, 0xf3,
    0x0, 0x0, 0x0, 0x0, 0x2f, 0xff, 0xc0, 0x0,
    0x0, 0x0, 0x0, 0xb, 0xff, 0x60, 0x0, 0x0,
    0x0, 0x0, 0xc, 0xfe, 0x0, 0x0, 0x0, 0x0,
    0x0, 0x3f, 0xf8, 0x0, 0x0, 0x0, 0x6, 0x97,
    0xef, 0xf1, 0x0, 0x0, 0x0, 0xd, 0xff, 0xff,
    0x60, 0x0, 0x0, 0x0, 0x8, 0xdf, 0xd6, 0x0,
    0x0, 0x0, 0x0,

    /* U+00FE "þ" */
    0x8f, 0xf2, 0x0, 0x0, 0x0, 0x0, 0x8, 0xff,
    0x20, 0x0, 0x0, 0x0, 0x0, 0x8f, 0xf2, 0x0,
    0x0, 0x0, 0x0, 0x8, 0xff, 0x20, 0x0, 0x0,
    0x0, 0x0, 0x8f, 0xf2, 0x4b, 0xfe, 0xc6, 0x0,
    0x8, 0xff, 0x9f, 0xff, 0xff, 0xfa, 0x0, 0x8f,
    0xff, 0xe8, 0x6a, 0xff, 0xf7, 0x8, 0xff, 0xe1,
    0x0, 0x5, 0xff, 0xe0, 0x8f, 0xf7, 0x0, 0x0,
    0xb, 0xff, 0x38, 0xff, 0x30, 0x0, 0x0, 0x7f,
    0xf5, 0x8f, 0xf3, 0x0, 0x0, 0x7, 0xff, 0x58,
    0xff, 0x70, 0x0, 0x0, 0xbf, 0xf3, 0x8f, 0xfe,
    0x10, 0x0, 0x5f, 0xfe, 0x8, 0xff, 0xfe, 0x86,
    0xaf, 0xff, 0x70, 0x8f, 0xf9, 0xff, 0xff, 0xff,
    0xa0, 0x8, 0xff, 0x24, 0xcf, 0xfc, 0x60, 0x0,
    0x8f, 0xf2, 0x0, 0x0, 0x0, 0x0, 0x8, 0xff,
    0x20, 0x0, 0x0, 0x0, 0x0, 0x8f, 0xf2, 0x0,
    0x0, 0x0, 0x0, 0x8, 0xff, 0x20, 0x0, 0x0,
    0x0, 0x0, 0x8f, 0xf2, 0x0, 0x0, 0x0, 0x0,
    0x0,

    /* U+00FF "ÿ" */
    0x0, 0x17, 0x30, 0x0, 0x6, 0x30, 0x0, 0x0,
    0xbf, 0xf0, 0x0, 0x9f, 0xf1, 0x0, 0x0, 0x9f,
    0xe0, 0x0, 0x8f, 0xe0, 0x0, 0x0, 0x4, 0x10,
    0x0, 0x4, 0x10, 0x0, 0x0, 0x0, 0x0, 0x0,
    0x0, 0x0, 0x0, 0xaf, 0xf4, 0x0, 0x0, 0x0,
    0xef, 0xf0, 0x3f, 0xfb, 0x0, 0x0, 0x5, 0xff,
    0x90, 0xb, 0xff, 0x10, 0x0, 0xb, 0xff, 0x20,
    0x4, 0xff, 0x80, 0x0, 0x2f, 0xfb, 0x0, 0x0,
    0xdf, 0xe0, 0x0, 0x8f, 0xf5, 0x0, 0x0, 0x6f,
    0xf5, 0x0, 0xef, 0xe0, 0x0, 0x0, 0xe, 0xfc,
    0x5, 0xff, 0x70, 0x0, 0x0, 0x7, 0xff, 0x2c,
    0xff, 0x10, 0x0, 0x0, 0x1, 0xff, 0xbf, 0xfa,
    0x0, 0x0, 0x0, 0x0, 0x9f, 0xff, 0xf3, 0x0,
    0x0, 0x0, 0x0, 0x2f, 0xff, 0xc0, 0x0, 0x0,
    0x0, 0x0, 0xb, 0xff, 0x60, 0x0, 0x0, 0x0,
    0x0, 0xc, 0xfe, 0x0, 0x0, 0x0, 0x0, 0x0,
    0x3f, 0xf8, 0x0, 0x0, 0x0, 0x6, 0x97, 0xef,
    0xf1, 0x0, 0x0, 0x0, 0xd, 0xff, 0xff, 0x60,
    0x0, 0x0, 0x0, 0x8, 0xdf, 0xd6, 0x0, 0x0,
    0x0, 0x0,

    /* U+0100 "Ā" */
    0x0, 0x0, 0x6f, 0xff, 0xff, 0xff, 0x30, 0x0,
    0x0, 0x0, 0x6, 0xff, 0xff, 0xff, 0xf3, 0x0,
    0x0, 0x0, 0x0, 0x14, 0x44, 0x44, 0x44, 0x0,
    0x0, 0x0, 0x0, 0x0, 0x0, 0x0, 0x0, 0x0,
    0x0, 0x0, 0x0, 0x0, 0x0, 0x4f, 0xff, 0x10,
    0x0, 0x0, 0x0, 0x0, 0x0, 0xb, 0xff, 0xf7,
    0x0, 0x0, 0x0, 0x0, 0x0, 0x2, 0xff, 0xff,
    0xe0, 0x0, 0x0, 0x0, 0x0, 0x0, 0x8f, 0xfc,
    0xff, 0x50, 0x0, 0x0, 0x0, 0x0, 0xe, 0xfd,
    0x1f, 0xfb, 0x0, 0x0, 0x0, 0x0, 0x6, 0xff,
    0x70, 0xaf, 0xf2, 0x0, 0x0, 0x0, 0x0, 0xcf,
    0xf1, 0x3, 0xff, 0x90, 0x0, 0x0, 0x0, 0x3f,
    0xf9, 0x0, 0xd, 0xff, 0x0, 0x0, 0x0, 0xa,
    0xff, 0x30, 0x0, 0x6f, 0xf6, 0x0, 0x0, 0x1,
    0xff, 0xe6, 0x66, 0x67, 0xff, 0xd0, 0x0, 0x0,
    0x7f, 0xff, 0xff, 0xff, 0xff, 0xff, 0x40, 0x0,
    0xe, 0xff, 0xff, 0xff, 0xff, 0xff, 0xfa, 0x0,
    0x5, 0xff, 0x90, 0x0, 0x0, 0x0, 0xdf, 0xf1,
    0x0, 0xbf, 0xf2, 0x0, 0x0, 0x0, 0x6, 0xff,
    0x80, 0x2f, 0xfc, 0x0, 0x0, 0x0, 0x0, 0xf,
    0xfe, 0x9, 0xff, 0x50, 0x0, 0x0, 0x0, 0x0,
    0x9f, 0xf5,

    /* U+0101 "ā" */
    0x0, 0xcf, 0xff, 0xff, 0xfd, 0x0, 0x0, 0xcf,
    0xff, 0xff, 0xfd, 0x0, 0x0, 0x34, 0x44, 0x44,
    0x43, 0x0, 0x0, 0x0, 0x0, 0x0, 0x0, 0x0,
    0x0, 0x6, 0xce, 0xfd, 0x91, 0x0, 0x0, 0xbf,
    0xff, 0xff, 0xfe, 0x20, 0x8, 0xff, 0xc6, 0x5b,
    0xff, 0xb0, 0x1, 0x68, 0x0, 0x0, 0xcf, 0xf1,
    0x0, 0x0, 0x0, 0x0, 0x7f, 0xf4, 0x0, 0x4b,
    0xef, 0xff, 0xff, 0xf5, 0x7, 0xff, 0xff, 0xff,
    0xff, 0xf5, 0xf, 0xfe, 0x41, 0x0, 0x6f, 0xf5,
    0x2f, 0xf9, 0x0, 0x0, 0xbf, 0xf5, 0x1f, 0xff,
    0x63, 0x5b, 0xff, 0xf4, 0x8, 0xff, 0xff, 0xff,
    0xdf, 0xf4, 0x0, 0x5c, 0xef, 0xd7, 0x3f, 0xf4,

    /* U+0102 "Ă" */
    0x0, 0x0, 0x78, 0x50, 0x0, 0x68, 0x50, 0x0,
    0x0, 0x0, 0xb, 0xfe, 0x30, 0x5f, 0xf8, 0x0,
    0x0, 0x0, 0x0, 0x3f, 0xff, 0xff, 0xfd, 0x10,
    0x0, 0x0, 0x0, 0x0, 0x19, 0xde, 0xc8, 0x0,
    0x0, 0x0, 0x0, 0x0, 0x0, 0x0, 0x0, 0x0,
    0x0, 0x0, 0x0, 0x0, 0x0, 0x4, 0xff, 0xf1,
    0x0, 0x0, 0x0, 0x0, 0x0, 0x0, 0xbf, 0xff,
    0x70, 0x0, 0x0, 0x0, 0x0, 0x0, 0x2f, 0xff,
    0xfe, 0x0, 0x0, 0x0, 0x0, 0x0, 0x8, 0xff,
    0xcf, 0xf5, 0x0, 0x0, 0x0, 0x0, 0x0, 0xef,
    0xd1, 0xff, 0xb0, 0x0, 0x0, 0x0, 0x0, 0x6f,
    0xf7, 0xa, 0xff, 0x20, 0x0, 0x0, 0x0, 0xc,
    0xff, 0x10, 0x3f, 0xf9, 0x0, 0x0, 0x0, 0x3,
    0xff, 0x90, 0x0, 0xdf, 0xf0, 0x0, 0x0, 0x0,
    0xaf, 0xf3, 0x0, 0x6, 0xff, 0x60, 0x0, 0x0,
    0x1f, 0xfe, 0x66, 0x66, 0x7f, 0xfd, 0x0, 0x0,
    0x7, 0xff, 0xff, 0xff, 0xff, 0xff, 0xf4, 0x0,
    0x0, 0xef, 0xff, 0xff, 0xff, 0xff, 0xff, 0xa0,
    0x0, 0x5f, 0xf9, 0x0, 0x0, 0x0, 0xd, 0xff,
    0x10, 0xb, 0xff, 0x20, 0x0, 0x0, 0x0, 0x6f,
    0xf8, 0x2, 0xff, 0xc0, 0x0, 0x0, 0x0, 0x0,
    0xff, 0xe0, 0x9f, 0xf5, 0x0, 0x0, 0x0, 0x0,
    0x9, 0xff, 0x50,

    /* U+0103 "ă" */
    0x2, 0xff, 0x91, 0x7, 0xff, 0x30, 0x0, 0xaf,
    0xff, 0xff, 0xfb, 0x0, 0x0, 0x6, 0xbe, 0xec,
    0x60, 0x0, 0x0, 0x0, 0x0, 0x0, 0x0, 0x0,
    0x0, 0x6, 0xce, 0xfd, 0x91, 0x0, 0x0, 0xbf,
    0xff, 0xff, 0xfe, 0x20, 0x8, 0xff, 0xc6, 0x5b,
    0xff, 0xb0, 0x1, 0x68, 0x0, 0x0, 0xcf, 0xf1,
    0x0, 0x0, 0x0, 0x0, 0x7f, 0xf4, 0x0, 0x4b,
    0xef, 0xff, 0xff, 0xf5, 0x7, 0xff, 0xff, 0xff,
    0xff, 0xf5, 0xf, 0xfe, 0x41, 0x0, 0x6f, 0xf5,
    0x2f, 0xf9, 0x0, 0x0, 0xbf, 0xf5, 0x1f, 0xff,
    0x63, 0x5b, 0xff, 0xf4, 0x8, 0xff, 0xff, 0xff,
    0xdf, 0xf4, 0x0, 0x5c, 0xef, 0xd7, 0x3f, 0xf4,

    /* U+0104 "Ą" */
    0x0, 0x0, 0x0, 0x4f, 0xff, 0x10, 0x0, 0x0,
    0x0, 0x0, 0x0, 0x0, 0xbf, 0xff, 0x70, 0x0,
    0x0, 0x0, 0x0, 0x0, 0x2, 0xff, 0xff, 0xe0,
    0x0, 0x0, 0x0, 0x0, 0x0, 0x8, 0xff, 0xcf,
    0xf5, 0x0, 0x0, 0x0, 0x0, 0x0, 0xe, 0xfd,
    0x1f, 0xfb, 0x0, 0x0, 0x0, 0x0, 0x0, 0x6f,
    0xf7, 0xa, 0xff, 0x20, 0x0, 0x0, 0x0, 0x0,
    0xcf, 0xf1, 0x3, 0xff, 0x90, 0x0, 0x0, 0x0,
    0x3, 0xff, 0x90, 0x0, 0xdf, 0xf0, 0x0, 0x0,
    0x0, 0xa, 0xff, 0x30, 0x0, 0x6f, 0xf6, 0x0,
    0x0, 0x0, 0x1f, 0xfe, 0x66, 0x66, 0x7f, 0xfd,
    0x0, 0x0, 0x0, 0x7f, 0xff, 0xff, 0xff, 0xff,
    0xff, 0x40, 0x0, 0x0, 0xef, 0xff, 0xff, 0xff,
    0xff, 0xff, 0xa0, 0x0, 0x5, 0xff, 0x90, 0x0,
    0x0, 0x0, 0xdf, 0xf1, 0x0, 0xb, 0xff, 0x20,
    0x0, 0x0, 0x0, 0x6f, 0xf8, 0x0, 0x2f, 0xfc,
    0x0, 0x0, 0x0, 0x0, 0xf, 0xfe, 0x0, 0x9f,
    0xf5, 0x0, 0x0, 0x0, 0x0, 0x9, 0xff, 0x60,
    0x0, 0x0, 0x0, 0x0, 0x0, 0x0, 0x5, 0xfd,
    0x20, 0x0, 0x0, 0x0, 0x0, 0x0, 0x0, 0x3f,
    0xe1, 0x0, 0x0, 0x0, 0x0, 0x0, 0x0, 0x0,
    0x8f, 0xc0, 0x0, 0x0, 0x0, 0x0, 0x0, 0x0,
    0x0, 0x5f, 0xff, 0xb0, 0x0, 0x0, 0x0, 0x0,
    0x0, 0x0, 0x7, 0xdf, 0xd1,

    /* U+0105 "ą" */
    0x0, 0x6, 0xce, 0xfd, 0x91, 0x0, 0x0, 0xbf,
    0xff, 0xff, 0xfe, 0x20, 0x8, 0xff, 0xc6, 0x5b,
    0xff, 0xb0, 0x1, 0x68, 0x0, 0x0, 0xcf, 0xf1,
    0x0, 0x0, 0x0, 0x0, 0x7f, 0xf4, 0x0, 0x4b,
    0xef, 0xff, 0xff, 0xf5, 0x7, 0xff, 0xff, 0xff,
    0xff, 0xf5, 0xf, 0xfe, 0x41, 0x0, 0x6f, 0xf5,
    0x2f, 0xf9, 0x0, 0x0, 0xbf, 0xf5, 0x1f, 0xff,
    0x63, 0x5b, 0xff, 0xf4, 0x8, 0xff, 0xff, 0xff,
    0xdf, 0xf4, 0x0, 0x5c, 0xef, 0xd7, 0x3f, 0xf4,
    0x0, 0x0, 0x0, 0x0, 0x9f, 0xa0, 0x0, 0x0,
    0x0, 0x8, 0xfb, 0x0, 0x0, 0x0, 0x0, 0xd,
    0xf7, 0x0, 0x0, 0x0, 0x0, 0xa, 0xff, 0xf6,
    0x0, 0x0, 0x0, 0x1, 0xae, 0xf9,

    /* U+0106 "Ć" */
    0x0, 0x0, 0x0, 0x0, 0x5, 0xff, 0xb0, 0x0,
    0x0, 0x0, 0x0, 0x0, 0x4, 0xff, 0xa0, 0x0,
    0x0, 0x0, 0x0, 0x0, 0x3, 0xff, 0xa0, 0x0,
    0x0, 0x0, 0x0, 0x0, 0x0, 0x0, 0x0, 0x0,
    0x0, 0x0, 0x0, 0x0, 0x0, 0x0, 0x0, 0x0,
    0x0, 0x0, 0x0, 0x0, 0x0, 0x39, 0xdf, 0xfe,
    0xa5, 0x0, 0x0, 0x0, 0x0, 0xaf, 0xff, 0xff,
    0xff, 0xfd, 0x30, 0x0, 0x0, 0xdf, 0xff, 0xc9,
    0x8a, 0xff, 0xff, 0x40, 0x0, 0xbf, 0xfd, 0x30,
    0x0, 0x1, 0x9f, 0xff, 0x10, 0x4f, 0xfe, 0x10,
    0x0, 0x0, 0x0, 0x8f, 0xb3, 0xb, 0xff, 0x50,
    0x0, 0x0, 0x0, 0x0, 0x10, 0x0, 0xef, 0xf0,
    0x0, 0x0, 0x0, 0x0, 0x0, 0x0, 0xf, 0xfd,
    0x0, 0x0, 0x0, 0x0, 0x0, 0x0, 0x0, 0xff,
    0xd0, 0x0, 0x0, 0x0, 0x0, 0x0, 0x0, 0xe,
    0xff, 0x0, 0x0, 0x0, 0x0, 0x0, 0x0, 0x0,
    0xbf, 0xf5, 0x0, 0x0, 0x0, 0x0, 0x4, 0x0,
    0x5, 0xff, 0xe1, 0x0, 0x0, 0x0, 0x8, 0xfe,
    0x50, 0xb, 0xff, 0xd2, 0x0, 0x0, 0x9, 0xff,
    0xf1, 0x0, 0x1d, 0xff, 0xfc, 0x88, 0xae, 0xff,
    0xf4, 0x0, 0x0, 0xa, 0xff, 0xff, 0xff, 0xff,
    0xd3, 0x0, 0x0, 0x0, 0x3, 0x9d, 0xff, 0xea,
    0x50, 0x0, 0x0,

    /* U+0107 "ć" */
    0x0, 0x0, 0x0, 0x8, 0xff, 0x80, 0x0, 0x0,
    0x0, 0x8, 0xff, 0x70, 0x0, 0x0, 0x0, 0x5,
    0xed, 0x60, 0x0, 0x0, 0x0, 0x0, 0x0, 0x0,
    0x0, 0x0, 0x0, 0x1, 0x7c, 0xef, 0xc7, 0x10,
    0x0, 0x3, 0xef, 0xff, 0xff, 0xfe, 0x30, 0x2,
    0xff, 0xfc, 0x88, 0xdf, 0xfe, 0x0, 0xaf, 0xf8,
    0x0, 0x0, 0x9d, 0x81, 0xf, 0xfd, 0x0, 0x0,
    0x0, 0x0, 0x2, 0xff, 0xa0, 0x0, 0x0, 0x0,
    0x0, 0x2f, 0xfa, 0x0, 0x0, 0x0, 0x0, 0x0,
    0xff, 0xd0, 0x0, 0x0, 0x1, 0x0, 0xa, 0xff,
    0x80, 0x0, 0x9, 0xfa, 0x20, 0x2e, 0xff, 0xc8,
    0x8c, 0xff, 0xe0, 0x0, 0x3e, 0xff, 0xff, 0xff,
    0xe2, 0x0, 0x0, 0x17, 0xce, 0xfd, 0x71, 0x0,

    /* U+0108 "Ĉ" */
    0x0, 0x0, 0x0, 0x4, 0x88, 0x60, 0x0, 0x0,
    0x0, 0x0, 0x0, 0x3, 0xff, 0xff, 0x70, 0x0,
    0x0, 0x0, 0x0, 0x1, 0xef, 0xc8, 0xff, 0x50,
    0x0, 0x0, 0x0, 0x0, 0xcf, 0xc0, 0x8, 0xff,
    0x30, 0x0, 0x0, 0x0, 0x0, 0x0, 0x0, 0x0,
    0x0, 0x0, 0x0, 0x0, 0x0, 0x0, 0x0, 0x0,
    0x0, 0x0, 0x0, 0x0, 0x0, 0x3, 0x9d, 0xff,
    0xea, 0x50, 0x0, 0x0, 0x0, 0xa, 0xff, 0xff,
    0xff, 0xff, 0xd3, 0x0, 0x0, 0xd, 0xff, 0xfc,
    0x98, 0xaf, 0xff, 0xf4, 0x0, 0xb, 0xff, 0xd3,
    0x0, 0x0, 0x19, 0xff, 0xf1, 0x4, 0xff, 0xe1,
    0x0, 0x0, 0x0, 0x8, 0xfb, 0x30, 0xbf, 0xf5,
    0x0, 0x0, 0x0, 0x0, 0x1, 0x0, 0xe, 0xff,
    0x0, 0x0, 0x0, 0x0, 0x0, 0x0, 0x0, 0xff,
    0xd0, 0x0, 0x0, 0x0, 0x0, 0x0, 0x0, 0xf,
    0xfd, 0x0, 0x0, 0x0, 0x0, 0x0, 0x0, 0x0,
    0xef, 0xf0, 0x0, 0x0, 0x0, 0x0, 0x0, 0x0,
    0xb, 0xff, 0x50, 0x0, 0x0, 0x0, 0x0, 0x40,
    0x0, 0x5f, 0xfe, 0x10, 0x0, 0x0, 0x0, 0x8f,
    0xe5, 0x0, 0xbf, 0xfd, 0x20, 0x0, 0x0, 0x9f,
    0xff, 0x10, 0x1, 0xdf, 0xff, 0xc8, 0x8a, 0xef,
    0xff, 0x40, 0x0, 0x0, 0xaf, 0xff, 0xff, 0xff,
    0xfd, 0x30, 0x0, 0x0, 0x0, 0x39, 0xdf, 0xfe,
    0xa5, 0x0, 0x0,

    /* U+0109 "ĉ" */
    0x0, 0x0, 0x2e, 0xff, 0xd2, 0x0, 0x0, 0x0,
    0x3e, 0xfa, 0xaf, 0xe2, 0x0, 0x0, 0x1a, 0xb6,
    0x0, 0x7b, 0xa1, 0x0, 0x0, 0x0, 0x0, 0x0,
    0x0, 0x0, 0x0, 0x1, 0x7c, 0xef, 0xc7, 0x10,
    0x0, 0x3, 0xef, 0xff, 0xff, 0xfe, 0x30, 0x2,
    0xff, 0xfc, 0x88, 0xdf, 0xfe, 0x0, 0xaf, 0xf8,
    0x0, 0x0, 0x9d, 0x81, 0xf, 0xfd, 0x0, 0x0,
    0x0, 0x0, 0x2, 0xff, 0xa0, 0x0, 0x0, 0x0,
    0x0, 0x2f, 0xfa, 0x0, 0x0, 0x0, 0x0, 0x0,
    0xff, 0xd0, 0x0, 0x0, 0x1, 0x0, 0xa, 0xff,
    0x80, 0x0, 0x9, 0xfa, 0x20, 0x2e, 0xff, 0xc8,
    0x8c, 0xff, 0xe0, 0x0, 0x3e, 0xff, 0xff, 0xff,
    0xe2, 0x0, 0x0, 0x17, 0xce, 0xfd, 0x71, 0x0,

    /* U+010A "Ċ" */
    0x0, 0x0, 0x0, 0x0, 0xce, 0x50, 0x0, 0x0,
    0x0, 0x0, 0x0, 0x0, 0x4f, 0xfc, 0x0, 0x0,
    0x0, 0x0, 0x0, 0x0, 0x1, 0xdf, 0x60, 0x0,
    0x0, 0x0, 0x0, 0x0, 0x0, 0x0, 0x0, 0x0,
    0x0, 0x0, 0x0, 0x0, 0x0, 0x0, 0x0, 0x0,
    0x0, 0x0, 0x0, 0x0, 0x0, 0x0, 0x0, 0x0,
    0x0, 0x0, 0x0, 0x0, 0x0, 0x3, 0x9d, 0xff,
    0xea, 0x50, 0x0, 0x0, 0x0, 0xa, 0xff, 0xff,
    0xff, 0xff, 0xd3, 0x0, 0x0, 0xd, 0xff, 0xfc,
    0x98, 0xaf, 0xff, 0xf4, 0x0, 0xb, 0xff, 0xd3,
    0x0, 0x0, 0x19, 0xff, 0xf1, 0x4, 0xff, 0xe1,
    0x0, 0x0, 0x0, 0x8, 0xfb, 0x30, 0xbf, 0xf5,
    0x0, 0x0, 0x0, 0x0, 0x1, 0x0, 0xe, 0xff,
    0x0, 0x0, 0x0, 0x0, 0x0, 0x0, 0x0, 0xff,
    0xd0, 0x0, 0x0, 0x0, 0x0, 0x0, 0x0, 0xf,
    0xfd, 0x0, 0x0, 0x0, 0x0, 0x0, 0x0, 0x0,
    0xef, 0xf0, 0x0, 0x0, 0x0, 0x0, 0x0, 0x0,
    0xb, 0xff, 0x50, 0x0, 0x0, 0x0, 0x0, 0x40,
    0x0, 0x5f, 0xfe, 0x10, 0x0, 0x0, 0x0, 0x8f,
    0xe5, 0x0, 0xbf, 0xfd, 0x20, 0x0, 0x0, 0x9f,
    0xff, 0x10, 0x1, 0xdf, 0xff, 0xc8, 0x8a, 0xef,
    0xff, 0x40, 0x0, 0x0, 0xaf, 0xff, 0xff, 0xff,
    0xfd, 0x30, 0x0, 0x0, 0x0, 0x39, 0xdf, 0xfe,
    0xa5, 0x0, 0x0,

    /* U+010B "ċ" */
    0x0, 0x0, 0x0, 0x56, 0x0, 0x0, 0x0, 0x0,
    0x0, 0x5f, 0xf7, 0x0, 0x0, 0x0, 0x0, 0x6,
    0xff, 0x80, 0x0, 0x0, 0x0, 0x0, 0x6, 0x70,
    0x0, 0x0, 0x0, 0x0, 0x0, 0x0, 0x0, 0x0,
    0x0, 0x0, 0x17, 0xce, 0xfc, 0x71, 0x0, 0x0,
    0x3e, 0xff, 0xff, 0xff, 0xe3, 0x0, 0x2f, 0xff,
    0xc8, 0x8d, 0xff, 0xe0, 0xa, 0xff, 0x80, 0x0,
    0x9, 0xd8, 0x10, 0xff, 0xd0, 0x0, 0x0, 0x0,
    0x0, 0x2f, 0xfa, 0x0, 0x0, 0x0, 0x0, 0x2,
    0xff, 0xa0, 0x0, 0x0, 0x0, 0x0, 0xf, 0xfd,
    0x0, 0x0, 0x0, 0x10, 0x0, 0xaf, 0xf8, 0x0,
    0x0, 0x9f, 0xa2, 0x2, 0xef, 0xfc, 0x88, 0xcf,
    0xfe, 0x0, 0x3, 0xef, 0xff, 0xff, 0xfe, 0x20,
    0x0, 0x1, 0x7c, 0xef, 0xd7, 0x10, 0x0,

    /* U+010C "Č" */
    0x0, 0x0, 0xb, 0xfc, 0x10, 0x8f, 0xe2, 0x0,
    0x0, 0x0, 0x0, 0xb, 0xfd, 0x9f, 0xe2, 0x0,
    0x0, 0x0, 0x0, 0x0, 0xc, 0xff, 0xe3, 0x0,
    0x0, 0x0, 0x0, 0x0, 0x0, 0x0, 0x0, 0x0,
    0x0, 0x0, 0x0, 0x0, 0x0, 0x0, 0x0, 0x0,
    0x0, 0x0, 0x0, 0x0, 0x0, 0x39, 0xdf, 0xfe,
    0xa5, 0x0, 0x0, 0x0, 0x0, 0xaf, 0xff, 0xff,
    0xff, 0xfd, 0x30, 0x0, 0x0, 0xdf, 0xff, 0xc9,
    0x8a, 0xff, 0xff, 0x40, 0x0, 0xbf, 0xfd, 0x30,
    0x0, 0x1, 0x9f, 0xff, 0x10, 0x4f, 0xfe, 0x10,
    0x0, 0x0, 0x0, 0x8f, 0xb3, 0xb, 0xff, 0x50,
    0x0, 0x0, 0x0, 0x0, 0x10, 0x0, 0xef, 0xf0,
    0x0, 0x0, 0x0, 0x0, 0x0, 0x0, 0xf, 0xfd,
    0x0, 0x0, 0x0, 0x0, 0x0, 0x0, 0x0, 0xff,
    0xd0, 0x0, 0x0, 0x0, 0x0, 0x0, 0x0, 0xe,
    0xff, 0x0, 0x0, 0x0, 0x0, 0x0, 0x0, 0x0,
    0xbf, 0xf5, 0x0, 0x0, 0x0, 0x0, 0x4, 0x0,
    0x5, 0xff, 0xe1, 0x0, 0x0, 0x0, 0x8, 0xfe,
    0x50, 0xb, 0xff, 0xd2, 0x0, 0x0, 0x9, 0xff,
    0xf1, 0x0, 0x1d, 0xff, 0xfc, 0x88, 0xae, 0xff,
    0xf4, 0x0, 0x0, 0xa, 0xff, 0xff, 0xff, 0xff,
    0xd3, 0x0, 0x0, 0x0, 0x3, 0x9d, 0xff, 0xea,
    0x50, 0x0, 0x0,

    /* U+010D "č" */
    0x0, 0x1d, 0xfb, 0x0, 0xbf, 0xd1, 0x0, 0x0,
    0x1d, 0xfc, 0xcf, 0xc1, 0x0, 0x0, 0x0, 0x1b,
    0xee, 0xb0, 0x0, 0x0, 0x0, 0x0, 0x0, 0x0,
    0x0, 0x0, 0x0, 0x1, 0x7c, 0xef, 0xc7, 0x10,
    0x0, 0x3, 0xef, 0xff, 0xff, 0xfe, 0x30, 0x2,
    0xff, 0xfc, 0x88, 0xdf, 0xfe, 0x0, 0xaf, 0xf8,
    0x0, 0x0, 0x9d, 0x81, 0xf, 0xfd, 0x0, 0x0,
    0x0, 0x0, 0x2, 0xff, 0xa0, 0x0, 0x0, 0x0,
    0x0, 0x2f, 0xfa, 0x0, 0x0, 0x0, 0x0, 0x0,
    0xff, 0xd0, 0x0, 0x0, 0x1, 0x0, 0xa, 0xff,
    0x80, 0x0, 0x9, 0xfa, 0x20, 0x2e, 0xff, 0xc8,
    0x8c, 0xff, 0xe0, 0x0, 0x3e, 0xff, 0xff, 0xff,
    0xe2, 0x0, 0x0, 0x17, 0xce, 0xfd, 0x71, 0x0,

    /* U+010E "Ď" */
    0x0, 0x78, 0x50, 0x1, 0x78, 0x30, 0x0, 0x0,
    0x3, 0xff, 0x81, 0xdf, 0xa0, 0x0, 0x0, 0x0,
    0x3, 0xff, 0xff, 0xb0, 0x0, 0x0, 0x0, 0x0,
    0x3, 0x88, 0x70, 0x0, 0x0, 0x0, 0x0, 0x0,
    0x0, 0x0, 0x0, 0x0, 0x0, 0x0, 0xff, 0xff,
    0xff, 0xeb, 0x71, 0x0, 0x0, 0xf, 0xff, 0xff,
    0xff, 0xff, 0xf5, 0x0, 0x0, 0xff, 0xe8, 0x89,
    0xbf, 0xff, 0xf8, 0x0, 0xf, 0xfc, 0x0, 0x0,
    0x8, 0xff, 0xf5, 0x0, 0xff, 0xc0, 0x0, 0x0,
    0x6, 0xff, 0xe0, 0xf, 0xfc, 0x0, 0x0, 0x0,
    0xb, 0xff, 0x60, 0xff, 0xc0, 0x0, 0x0, 0x0,
    0x5f, 0xf9, 0xf, 0xfc, 0x0, 0x0, 0x0, 0x2,
    0xff, 0xb0, 0xff, 0xc0, 0x0, 0x0, 0x0, 0x2f,
    0xfb, 0xf, 0xfc, 0x0, 0x0, 0x0, 0x5, 0xff,
    0x90, 0xff, 0xc0, 0x0, 0x0, 0x0, 0xbf, 0xf5,
    0xf, 0xfc, 0x0, 0x0, 0x0, 0x6f, 0xfe, 0x0,
    0xff, 0xc0, 0x0, 0x0, 0x8f, 0xff, 0x50, 0xf,
    0xfe, 0x88, 0x9a, 0xff, 0xff, 0x80, 0x0, 0xff,
    0xff, 0xff, 0xff, 0xff, 0x50, 0x0, 0xf, 0xff,
    0xff, 0xfe, 0xc7, 0x10, 0x0, 0x0,

    /* U+010F "ď" */
    0x0, 0x0, 0x0, 0x0, 0x0, 0xff, 0xb0, 0xef,
    0x80, 0x0, 0x0, 0x0, 0x0, 0xf, 0xfb, 0x3f,
    0xf2, 0x0, 0x0, 0x0, 0x0, 0x0, 0xff, 0xb7,
    0xfc, 0x0, 0x0, 0x0, 0x0, 0x0, 0xf, 0xfb,
    0x9d, 0x50, 0x0, 0x4, 0xbe, 0xfc, 0x60, 0xff,
    0xb0, 0x0, 0x0, 0x8, 0xff, 0xff, 0xff, 0x9f,
    0xfb, 0x0, 0x0, 0x4, 0xff, 0xfb, 0x78, 0xdf,
    0xff, 0xb0, 0x0, 0x0, 0xbf, 0xf7, 0x0, 0x0,
    0xcf, 0xfb, 0x0, 0x0, 0xf, 0xfd, 0x0, 0x0,
    0x4, 0xff, 0xb0, 0x0, 0x2, 0xff, 0xa0, 0x0,
    0x0, 0xf, 0xfb, 0x0, 0x0, 0x2f, 0xfa, 0x0,
    0x0, 0x0, 0xff, 0xb0, 0x0, 0x0, 0xff, 0xd0,
    0x0, 0x0, 0x4f, 0xfb, 0x0, 0x0, 0xb, 0xff,
    0x70, 0x0, 0xc, 0xff, 0xb0, 0x0, 0x0, 0x4f,
    0xff, 0xb6, 0x8d, 0xff, 0xfb, 0x0, 0x0, 0x0,
    0x7f, 0xff, 0xff, 0xfa, 0xef, 0xb0, 0x0, 0x0,
    0x0, 0x4b, 0xef, 0xd6, 0xd, 0xfb, 0x0, 0x0,

    /* U+0110 "Đ" */
    0x0, 0xbf, 0xff, 0xff, 0xfc, 0x82, 0x0, 0x0,
    0x0, 0xb, 0xff, 0xff, 0xff, 0xff, 0xf8, 0x0,
    0x0, 0x0, 0xbf, 0xf9, 0x88, 0xae, 0xff, 0xfc,
    0x0, 0x0, 0xb, 0xff, 0x0, 0x0, 0x6, 0xff,
    0xfa, 0x0, 0x0, 0xbf, 0xf0, 0x0, 0x0, 0x3,
    0xff, 0xf4, 0x0, 0xb, 0xff, 0x0, 0x0, 0x0,
    0x7, 0xff, 0xa0, 0x0, 0xbf, 0xf1, 0x0, 0x0,
    0x0, 0x1f, 0xfe, 0x7, 0xff, 0xff, 0xff, 0xf5,
    0x0, 0x0, 0xef, 0xf0, 0x7f, 0xff, 0xff, 0xff,
    0x50, 0x0, 0xe, 0xff, 0x0, 0xb, 0xff, 0x0,
    0x0, 0x0, 0x1, 0xff, 0xe0, 0x0, 0xbf, 0xf0,
    0x0, 0x0, 0x0, 0x7f, 0xfa, 0x0, 0xb, 0xff,
    0x0, 0x0, 0x0, 0x3f, 0xff, 0x30, 0x0, 0xbf,
    0xf0, 0x0, 0x0, 0x5f, 0xff, 0xa0, 0x0, 0xb,
    0xff, 0x88, 0x8a, 0xef, 0xff, 0xc0, 0x0, 0x0,
    0xbf, 0xff, 0xff, 0xff, 0xff, 0x80, 0x0, 0x0,
    0xb, 0xff, 0xff, 0xff, 0xc8, 0x20, 0x0, 0x0,

    /* U+0111 "đ" */
    0x0, 0x0, 0x0, 0x0, 0x0, 0xff, 0xb0, 0x0,
    0x0, 0x0, 0x8, 0xff, 0xff, 0xff, 0xf6, 0x0,
    0x0, 0x0, 0x6c, 0xcc, 0xff, 0xfc, 0x40, 0x0,
    0x0, 0x0, 0x0, 0xf, 0xfb, 0x0, 0x0, 0x4,
    0xbe, 0xfc, 0x60, 0xff, 0xb0, 0x0, 0x8, 0xff,
    0xff, 0xff, 0x9f, 0xfb, 0x0, 0x4, 0xff, 0xfb,
    0x78, 0xdf, 0xff, 0xb0, 0x0, 0xbf, 0xf7, 0x0,
    0x0, 0xcf, 0xfb, 0x0, 0xf, 0xfd, 0x0, 0x0,
    0x4, 0xff, 0xb0, 0x2, 0xff, 0xa0, 0x0, 0x0,
    0xf, 0xfb, 0x0, 0x2f, 0xfa, 0x0, 0x0, 0x0,
    0xff, 0xb0, 0x0, 0xff, 0xd0, 0x0, 0x0, 0x4f,
    0xfb, 0x0, 0xb, 0xff, 0x70, 0x0, 0xc, 0xff,
    0xb0, 0x0, 0x4f, 0xff, 0xb6, 0x8d, 0xff, 0xfb,
    0x0, 0x0, 0x7f, 0xff, 0xff, 0xfa, 0xef, 0xb0,
    0x0, 0x0, 0x4b, 0xef, 0xd6, 0xd, 0xfb, 0x0,

    /* U+0112 "Ē" */
    0x0, 0xaf, 0xff, 0xff, 0xff, 0x0, 0x0, 0xaf,
    0xff, 0xff, 0xff, 0x0, 0x0, 0x24, 0x44, 0x44,
    0x44, 0x0, 0x0, 0x0, 0x0, 0x0, 0x0, 0x0,
    0xf, 0xff, 0xff, 0xff, 0xff, 0xf5, 0xf, 0xff,
    0xff, 0xff, 0xff, 0xf5, 0xf, 0xfe, 0x88, 0x88,
    0x88, 0x82, 0xf, 0xfc, 0x0, 0x0, 0x0, 0x0,
    0xf, 0xfc, 0x0, 0x0, 0x0, 0x0, 0xf, 0xfc,
    0x0, 0x0, 0x0, 0x0, 0xf, 0xfe, 0x77, 0x77,
    0x77, 0x30, 0xf, 0xff, 0xff, 0xff, 0xff, 0x70,
    0xf, 0xff, 0xff, 0xff, 0xff, 0x70, 0xf, 0xfc,
    0x0, 0x0, 0x0, 0x0, 0xf, 0xfc, 0x0, 0x0,
    0x0, 0x0, 0xf, 0xfc, 0x0, 0x0, 0x0, 0x0,
    0xf, 0xfc, 0x0, 0x0, 0x0, 0x0, 0xf, 0xfe,
    0x77, 0x77, 0x77, 0x73, 0xf, 0xff, 0xff, 0xff,
    0xff, 0xf6, 0xf, 0xff, 0xff, 0xff, 0xff, 0xf6,

    /* U+0113 "ē" */
    0x0, 0xd, 0xff, 0xff, 0xff, 0xc0, 0x0, 0x0,
    0xdf, 0xff, 0xff, 0xfc, 0x0, 0x0, 0x3, 0x44,
    0x44, 0x44, 0x30, 0x0, 0x0, 0x0, 0x0, 0x0,
    0x0, 0x0, 0x0, 0x1, 0x8d, 0xfe, 0xc6, 0x0,
    0x0, 0x4, 0xef, 0xff, 0xff, 0xfc, 0x0, 0x2,
    0xff, 0xe7, 0x45, 0x9f, 0xfa, 0x0, 0xaf, 0xe1,
    0x0, 0x0, 0x7f, 0xf2, 0xf, 0xff, 0xff, 0xff,
    0xff, 0xff, 0x72, 0xff, 0xff, 0xff, 0xff, 0xff,
    0xf9, 0x2f, 0xfb, 0x0, 0x0, 0x0, 0x0, 0x0,
    0xff, 0xe0, 0x0, 0x0, 0x2, 0x0, 0xa, 0xff,
    0x90, 0x0, 0x8, 0xfa, 0x10, 0x2f, 0xff, 0xc7,
    0x6b, 0xff, 0xd0, 0x0, 0x4e, 0xff, 0xff, 0xff,
    0xd2, 0x0, 0x0, 0x18, 0xdf, 0xec, 0x70, 0x0,

    /* U+0116 "Ė" */
    0x0, 0x0, 0x0, 0x0, 0x0, 0x0, 0x0, 0x0,
    0x1d, 0xf5, 0x0, 0x0, 0x0, 0x0, 0x5f, 0xfb,
    0x0, 0x0, 0x0, 0x0, 0x1c, 0xe4, 0x0, 0x0,
    0x0, 0x0, 0x0, 0x0, 0x0, 0x0, 0x0, 0x0,
    0x0, 0x0, 0x0, 0x0, 0xf, 0xff, 0xff, 0xff,
    0xff, 0xf5, 0xf, 0xff, 0xff, 0xff, 0xff, 0xf5,
    0xf, 0xfe, 0x88, 0x88, 0x88, 0x82, 0xf, 0xfc,
    0x0, 0x0, 0x0, 0x0, 0xf, 0xfc, 0x0, 0x0,
    0x0, 0x0, 0xf, 0xfc, 0x0, 0x0, 0x0, 0x0,
    0xf, 0xfe, 0x77, 0x77, 0x77, 0x30, 0xf, 0xff,
    0xff, 0xff, 0xff, 0x70, 0xf, 0xff, 0xff, 0xff,
    0xff, 0x70, 0xf, 0xfc, 0x0, 0x0, 0x0, 0x0,
    0xf, 0xfc, 0x0, 0x0, 0x0, 0x0, 0xf, 0xfc,
    0x0, 0x0, 0x0, 0x0, 0xf, 0xfc, 0x0, 0x0,
    0x0, 0x0, 0xf, 0xfe, 0x77, 0x77, 0x77, 0x73,
    0xf, 0xff, 0xff, 0xff, 0xff, 0xf6, 0xf, 0xff,
    0xff, 0xff, 0xff, 0xf6,

    /* U+0117 "ė" */
    0x0, 0x0, 0x0, 0x65, 0x0, 0x0, 0x0, 0x0,
    0x0, 0x7f, 0xf6, 0x0, 0x0, 0x0, 0x0, 0x7,
    0xff, 0x60, 0x0, 0x0, 0x0, 0x0, 0x7, 0x60,
    0x0, 0x0, 0x0, 0x0, 0x0, 0x0, 0x0, 0x0,
    0x0, 0x0, 0x18, 0xdf, 0xec, 0x60, 0x0, 0x0,
    0x4e, 0xff, 0xff, 0xff, 0xc0, 0x0, 0x2f, 0xfe,
    0x74, 0x59, 0xff, 0xa0, 0xa, 0xfe, 0x10, 0x0,
    0x7, 0xff, 0x20, 0xff, 0xff, 0xff, 0xff, 0xff,
    0xf7, 0x2f, 0xff, 0xff, 0xff, 0xff, 0xff, 0x92,
    0xff, 0xb0, 0x0, 0x0, 0x0, 0x0, 0xf, 0xfe,
    0x0, 0x0, 0x0, 0x20, 0x0, 0xaf, 0xf9, 0x0,
    0x0, 0x8f, 0xa1, 0x2, 0xff, 0xfc, 0x76, 0xbf,
    0xfd, 0x0, 0x4, 0xef, 0xff, 0xff, 0xfd, 0x20,
    0x0, 0x1, 0x8d, 0xfe, 0xc7, 0x0, 0x0,

    /* U+0118 "Ę" */
    0xf, 0xff, 0xff, 0xff, 0xff, 0xf5, 0x0, 0xff,
    0xff, 0xff, 0xff, 0xff, 0x50, 0xf, 0xfe, 0x88,
    0x88, 0x88, 0x82, 0x0, 0xff, 0xc0, 0x0, 0x0,
    0x0, 0x0, 0xf, 0xfc, 0x0, 0x0, 0x0, 0x0,
    0x0, 0xff, 0xc0, 0x0, 0x0, 0x0, 0x0, 0xf,
    0xfe, 0x77, 0x77, 0x77, 0x30, 0x0, 0xff, 0xff,
    0xff, 0xff, 0xf7, 0x0, 0xf, 0xff, 0xff, 0xff,
    0xff, 0x70, 0x0, 0xff, 0xc0, 0x0, 0x0, 0x0,
    0x0, 0xf, 0xfc, 0x0, 0x0, 0x0, 0x0, 0x0,
    0xff, 0xc0, 0x0, 0x0, 0x0, 0x0, 0xf, 0xfc,
    0x0, 0x0, 0x0, 0x0, 0x0, 0xff, 0xe7, 0x77,
    0x77, 0x77, 0x30, 0xf, 0xff, 0xff, 0xff, 0xff,
    0xf6, 0x0, 0xff, 0xff, 0xff, 0xff, 0xff, 0x60,
    0x0, 0x0, 0x0, 0x0, 0x7f, 0xc1, 0x0, 0x0,
    0x0, 0x0, 0x6f, 0xd0, 0x0, 0x0, 0x0, 0x0,
    0xb, 0xf9, 0x0, 0x0, 0x0, 0x0, 0x0, 0x8f,
    0xff, 0x80, 0x0, 0x0, 0x0, 0x0, 0x9e, 0xfb,
    0x0,

    /* U+0119 "ę" */
    0x0, 0x1, 0x8d, 0xfe, 0xb4, 0x0, 0x0, 0x4,
    0xef, 0xff, 0xff, 0xf9, 0x0, 0x2, 0xff, 0xf9,
    0x45, 0xcf, 0xf6, 0x0, 0xaf, 0xf5, 0x0, 0x0,
    0xcf, 0xe0, 0xf, 0xfd, 0x0, 0x0, 0x6, 0xff,
    0x42, 0xff, 0xff, 0xff, 0xff, 0xff, 0xf8, 0x2f,
    0xff, 0xff, 0xff, 0xff, 0xff, 0x90, 0xff, 0xc0,
    0x0, 0x0, 0x0, 0x0, 0xa, 0xff, 0x40, 0x0,
    0x4, 0xa4, 0x0, 0x2f, 0xff, 0xa6, 0x69, 0xff,
    0xe1, 0x0, 0x4e, 0xff, 0xff, 0xff, 0xf5, 0x0,
    0x0, 0x18, 0xdf, 0xed, 0xf9, 0x0, 0x0, 0x0,
    0x0, 0x0, 0xaf, 0x0, 0x0, 0x0, 0x0, 0x0,
    0x3f, 0xc0, 0x0, 0x0, 0x0, 0x0, 0x5, 0xfd,
    0x0, 0x0, 0x0, 0x0, 0x0, 0x2f, 0xff, 0xf6,
    0x0, 0x0, 0x0, 0x0, 0x4c, 0xff, 0x90,

    /* U+011A "Ě" */
    0x0, 0x78, 0x40, 0x2, 0x88, 0x20, 0x0, 0x5f,
    0xf6, 0x3e, 0xf8, 0x0, 0x0, 0x5, 0xff, 0xff,
    0x90, 0x0, 0x0, 0x0, 0x48, 0x86, 0x0, 0x0,
    0x0, 0x0, 0x0, 0x0, 0x0, 0x0, 0xf, 0xff,
    0xff, 0xff, 0xff, 0xf5, 0xf, 0xff, 0xff, 0xff,
    0xff, 0xf5, 0xf, 0xfe, 0x88, 0x88, 0x88, 0x82,
    0xf, 0xfc, 0x0, 0x0, 0x0, 0x0, 0xf, 0xfc,
    0x0, 0x0, 0x0, 0x0, 0xf, 0xfc, 0x0, 0x0,
    0x0, 0x0, 0xf, 0xfe, 0x77, 0x77, 0x77, 0x30,
    0xf, 0xff, 0xff, 0xff, 0xff, 0x70, 0xf, 0xff,
    0xff, 0xff, 0xff, 0x70, 0xf, 0xfc, 0x0, 0x0,
    0x0, 0x0, 0xf, 0xfc, 0x0, 0x0, 0x0, 0x0,
    0xf, 0xfc, 0x0, 0x0, 0x0, 0x0, 0xf, 0xfc,
    0x0, 0x0, 0x0, 0x0, 0xf, 0xfe, 0x77, 0x77,
    0x77, 0x73, 0xf, 0xff, 0xff, 0xff, 0xff, 0xf6,
    0xf, 0xff, 0xff, 0xff, 0xff, 0xf6,

    /* U+011B "ě" */
    0x0, 0x2e, 0xf9, 0x1, 0xcf, 0xb0, 0x0, 0x0,
    0x1d, 0xfb, 0xdf, 0xb0, 0x0, 0x0, 0x0, 0x1c,
    0xee, 0xa0, 0x0, 0x0, 0x0, 0x0, 0x0, 0x0,
    0x0, 0x0, 0x0, 0x1, 0x8d, 0xfe, 0xc6, 0x0,
    0x0, 0x4, 0xef, 0xff, 0xff, 0xfc, 0x0, 0x2,
    0xff, 0xe7, 0x45, 0x9f, 0xfa, 0x0, 0xaf, 0xe1,
    0x0, 0x0, 0x7f, 0xf2, 0xf, 0xff, 0xff, 0xff,
    0xff, 0xff, 0x72, 0xff, 0xff, 0xff, 0xff, 0xff,
    0xf9, 0x2f, 0xfb, 0x0, 0x0, 0x0, 0x0, 0x0,
    0xff, 0xe0, 0x0, 0x0, 0x2, 0x0, 0xa, 0xff,
    0x90, 0x0, 0x8, 0xfa, 0x10, 0x2f, 0xff, 0xc7,
    0x6b, 0xff, 0xd0, 0x0, 0x4e, 0xff, 0xff, 0xff,
    0xd2, 0x0, 0x0, 0x18, 0xdf, 0xec, 0x70, 0x0,

    /* U+011C "Ĝ" */
    0x0, 0x0, 0x0, 0x2, 0x88, 0x70, 0x0, 0x0,
    0x0, 0x0, 0x0, 0x0, 0x1e, 0xff, 0xf9, 0x0,
    0x0, 0x0, 0x0, 0x0, 0x0, 0xcf, 0xd6, 0xff,
    0x70, 0x0, 0x0, 0x0, 0x0, 0xa, 0xfd, 0x10,
    0x5f, 0xf5, 0x0, 0x0, 0x0, 0x0, 0x0, 0x0,
    0x0, 0x0, 0x0, 0x0, 0x0, 0x0, 0x0, 0x0,
    0x0, 0x0, 0x0, 0x0, 0x0, 0x0, 0x0, 0x0,
    0x2, 0x8c, 0xef, 0xec, 0x82, 0x0, 0x0, 0x0,
    0x0, 0x8f, 0xff, 0xff, 0xff, 0xff, 0x80, 0x0,
    0x0, 0xc, 0xff, 0xfe, 0xa8, 0x9c, 0xff, 0xfb,
    0x0, 0x0, 0xaf, 0xfe, 0x50, 0x0, 0x0, 0x2c,
    0xfb, 0x20, 0x4, 0xff, 0xe2, 0x0, 0x0, 0x0,
    0x0, 0x30, 0x0, 0xa, 0xff, 0x60, 0x0, 0x0,
    0x0, 0x0, 0x0, 0x0, 0xe, 0xff, 0x0, 0x0,
    0x0, 0x0, 0x0, 0x0, 0x0, 0xf, 0xfd, 0x0,
    0x0, 0x0, 0x6f, 0xff, 0xff, 0xf4, 0xf, 0xfd,
    0x0, 0x0, 0x0, 0x6f, 0xff, 0xff, 0xf4, 0xe,
    0xff, 0x0, 0x0, 0x0, 0x13, 0x33, 0x9f, 0xf3,
    0xa, 0xff, 0x50, 0x0, 0x0, 0x0, 0x0, 0xaf,
    0xf1, 0x4, 0xff, 0xe1, 0x0, 0x0, 0x0, 0x3,
    0xff, 0xc0, 0x0, 0xaf, 0xfe, 0x40, 0x0, 0x0,
    0x3e, 0xff, 0x50, 0x0, 0xc, 0xff, 0xfd, 0x98,
    0x8c, 0xff, 0xf9, 0x0, 0x0, 0x0, 0x8f, 0xff,
    0xff, 0xff, 0xff, 0x80, 0x0, 0x0, 0x0, 0x2,
    0x8c, 0xef, 0xec, 0x82, 0x0, 0x0,

    /* U+011D "ĝ" */
    0x0, 0x0, 0x4f, 0xff, 0xb0, 0x0, 0x0, 0x0,
    0x5f, 0xf8, 0xcf, 0xc1, 0x0, 0x0, 0x2b, 0xb4,
    0x0, 0x8b, 0x80, 0x0, 0x0, 0x0, 0x0, 0x0,
    0x0, 0x0, 0x0, 0x4, 0xbe, 0xfc, 0x60, 0xef,
    0xd0, 0x7, 0xff, 0xff, 0xff, 0x9e, 0xfd, 0x4,
    0xff, 0xfa, 0x56, 0xcf, 0xff, 0xd0, 0xbf, 0xf8,
    0x0, 0x0, 0xcf, 0xfd, 0xf, 0xff, 0x0, 0x0,
    0x3, 0xff, 0xd2, 0xff, 0xc0, 0x0, 0x0, 0xf,
    0xfd, 0x2f, 0xfc, 0x0, 0x0, 0x0, 0xff, 0xd0,
    0xff, 0xf0, 0x0, 0x0, 0x3f, 0xfd, 0xc, 0xff,
    0x80, 0x0, 0xb, 0xff, 0xd0, 0x4f, 0xff, 0x94,
    0x4a, 0xff, 0xfd, 0x0, 0x8f, 0xff, 0xff, 0xfa,
    0xef, 0xc0, 0x0, 0x4b, 0xef, 0xd6, 0xe, 0xfb,
    0x0, 0x0, 0x0, 0x0, 0x1, 0xff, 0x90, 0x1,
    0x0, 0x0, 0x0, 0xaf, 0xf4, 0x0, 0xce, 0x96,
    0x57, 0xdf, 0xfb, 0x0, 0x3f, 0xff, 0xff, 0xff,
    0xfc, 0x10, 0x0, 0x39, 0xce, 0xfe, 0xc6, 0x0,
    0x0,

    /* U+011E "Ğ" */
    0x0, 0x0, 0x7, 0x84, 0x0, 0x7, 0x84, 0x0,
    0x0, 0x0, 0x0, 0xd, 0xfd, 0x10, 0x5f, 0xf6,
    0x0, 0x0, 0x0, 0x0, 0x4, 0xff, 0xff, 0xff,
    0xd0, 0x0, 0x0, 0x0, 0x0, 0x0, 0x3a, 0xef,
    0xd8, 0x0, 0x0, 0x0, 0x0, 0x0, 0x0, 0x0,
    0x0, 0x0, 0x0, 0x0, 0x0, 0x0, 0x0, 0x0,
    0x0, 0x0, 0x0, 0x0, 0x0, 0x0, 0x0, 0x0,
    0x2, 0x8c, 0xef, 0xec, 0x82, 0x0, 0x0, 0x0,
    0x0, 0x8f, 0xff, 0xff, 0xff, 0xff, 0x80, 0x0,
    0x0, 0xc, 0xff, 0xfe, 0xa8, 0x9c, 0xff, 0xfb,
    0x0, 0x0, 0xaf, 0xfe, 0x50, 0x0, 0x0, 0x2c,
    0xfb, 0x20, 0x4, 0xff, 0xe2, 0x0, 0x0, 0x0,
    0x0, 0x30, 0x0, 0xa, 0xff, 0x60, 0x0, 0x0,
    0x0, 0x0, 0x0, 0x0, 0xe, 0xff, 0x0, 0x0,
    0x0, 0x0, 0x0, 0x0, 0x0, 0xf, 0xfd, 0x0,
    0x0, 0x0, 0x6f, 0xff, 0xff, 0xf4, 0xf, 0xfd,
    0x0, 0x0, 0x0, 0x6f, 0xff, 0xff, 0xf4, 0xe,
    0xff, 0x0, 0x0, 0x0, 0x13, 0x33, 0x9f, 0xf3,
    0xa, 0xff, 0x50, 0x0, 0x0, 0x0, 0x0, 0xaf,
    0xf1, 0x4, 0xff, 0xe1, 0x0, 0x0, 0x0, 0x3,
    0xff, 0xc0, 0x0, 0xaf, 0xfe, 0x40, 0x0, 0x0,
    0x3e, 0xff, 0x50, 0x0, 0xc, 0xff, 0xfd, 0x98,
    0x8c, 0xff, 0xf9, 0x0, 0x0, 0x0, 0x8f, 0xff,
    0xff, 0xff, 0xff, 0x80, 0x0, 0x0, 0x0, 0x2,
    0x8c, 0xef, 0xec, 0x82, 0x0, 0x0,

    /* U+011F "ğ" */
    0x0, 0x5f, 0xf6, 0x1, 0xaf, 0xf1, 0x0, 0x0,
    0xdf, 0xff, 0xff, 0xf8, 0x0, 0x0, 0x0, 0x7c,
    0xee, 0xb5, 0x0, 0x0, 0x0, 0x0, 0x0, 0x0,
    0x0, 0x0, 0x0, 0x4, 0xbe, 0xfc, 0x60, 0xef,
    0xd0, 0x7, 0xff, 0xff, 0xff, 0x9e, 0xfd, 0x4,
    0xff, 0xfa, 0x56, 0xcf, 0xff, 0xd0, 0xbf, 0xf8,
    0x0, 0x0, 0xcf, 0xfd, 0xf, 0xff, 0x0, 0x0,
    0x3, 0xff, 0xd2, 0xff, 0xc0, 0x0, 0x0, 0xf,
    0xfd, 0x2f, 0xfc, 0x0, 0x0, 0x0, 0xff, 0xd0,
    0xff, 0xf0, 0x0, 0x0, 0x3f, 0xfd, 0xc, 0xff,
    0x80, 0x0, 0xb, 0xff, 0xd0, 0x4f, 0xff, 0x94,
    0x4a, 0xff, 0xfd, 0x0, 0x8f, 0xff, 0xff, 0xfa,
    0xef, 0xc0, 0x0, 0x4b, 0xef, 0xd6, 0xe, 0xfb,
    0x0, 0x0, 0x0, 0x0, 0x1, 0xff, 0x90, 0x1,
    0x0, 0x0, 0x0, 0xaf, 0xf4, 0x0, 0xce, 0x96,
    0x57, 0xdf, 0xfb, 0x0, 0x3f, 0xff, 0xff, 0xff,
    0xfc, 0x10, 0x0, 0x39, 0xce, 0xfe, 0xc6, 0x0,
    0x0,

    /* U+0120 "Ġ" */
    0x0, 0x0, 0x0, 0x0, 0xbf, 0x60, 0x0, 0x0,
    0x0, 0x0, 0x0, 0x0, 0x3, 0xff, 0xd0, 0x0,
    0x0, 0x0, 0x0, 0x0, 0x0, 0x0, 0xcf, 0x70,
    0x0, 0x0, 0x0, 0x0, 0x0, 0x0, 0x0, 0x0,
    0x0, 0x0, 0x0, 0x0, 0x0, 0x0, 0x0, 0x0,
    0x0, 0x0, 0x0, 0x0, 0x0, 0x0, 0x0, 0x0,
    0x0, 0x0, 0x0, 0x0, 0x0, 0x0, 0x0, 0x0,
    0x2, 0x8c, 0xef, 0xec, 0x82, 0x0, 0x0, 0x0,
    0x0, 0x8f, 0xff, 0xff, 0xff, 0xff, 0x80, 0x0,
    0x0, 0xc, 0xff, 0xfe, 0xa8, 0x9c, 0xff, 0xfb,
    0x0, 0x0, 0xaf, 0xfe, 0x50, 0x0, 0x0, 0x2c,
    0xfb, 0x20, 0x4, 0xff, 0xe2, 0x0, 0x0, 0x0,
    0x0, 0x30, 0x0, 0xa, 0xff, 0x60, 0x0, 0x0,
    0x0, 0x0, 0x0, 0x0, 0xe, 0xff, 0x0, 0x0,
    0x0, 0x0, 0x0, 0x0, 0x0, 0xf, 0xfd, 0x0,
    0x0, 0x0, 0x6f, 0xff, 0xff, 0xf4, 0xf, 0xfd,
    0x0, 0x0, 0x0, 0x6f, 0xff, 0xff, 0xf4, 0xe,
    0xff, 0x0, 0x0, 0x0, 0x13, 0x33, 0x9f, 0xf3,
    0xa, 0xff, 0x50, 0x0, 0x0, 0x0, 0x0, 0xaf,
    0xf1, 0x4, 0xff, 0xe1, 0x0, 0x0, 0x0, 0x3,
    0xff, 0xc0, 0x0, 0xaf, 0xfe, 0x40, 0x0, 0x0,
    0x3e, 0xff, 0x50, 0x0, 0xc, 0xff, 0xfd, 0x98,
    0x8c, 0xff, 0xf9, 0x0, 0x0, 0x0, 0x8f, 0xff,
    0xff, 0xff, 0xff, 0x80, 0x0, 0x0, 0x0, 0x2,
    0x8c, 0xef, 0xec, 0x82, 0x0, 0x0,

    /* U+0121 "ġ" */
    0x0, 0x0, 0x0, 0x64, 0x0, 0x0, 0x0, 0x0,
    0x0, 0x8f, 0xf4, 0x0, 0x0, 0x0, 0x0, 0x9,
    0xff, 0x50, 0x0, 0x0, 0x0, 0x0, 0x7, 0x60,
    0x0, 0x0, 0x0, 0x0, 0x0, 0x0, 0x0, 0x0,
    0x0, 0x0, 0x4b, 0xef, 0xc6, 0xe, 0xfd, 0x0,
    0x7f, 0xff, 0xff, 0xf9, 0xef, 0xd0, 0x4f, 0xff,
    0xa5, 0x6c, 0xff, 0xfd, 0xb, 0xff, 0x80, 0x0,
    0xc, 0xff, 0xd0, 0xff, 0xf0, 0x0, 0x0, 0x3f,
    0xfd, 0x2f, 0xfc, 0x0, 0x0, 0x0, 0xff, 0xd2,
    0xff, 0xc0, 0x0, 0x0, 0xf, 0xfd, 0xf, 0xff,
    0x0, 0x0, 0x3, 0xff, 0xd0, 0xcf, 0xf8, 0x0,
    0x0, 0xbf, 0xfd, 0x4, 0xff, 0xf9, 0x44, 0xaf,
    0xff, 0xd0, 0x8, 0xff, 0xff, 0xff, 0xae, 0xfc,
    0x0, 0x4, 0xbe, 0xfd, 0x60, 0xef, 0xb0, 0x0,
    0x0, 0x0, 0x0, 0x1f, 0xf9, 0x0, 0x10, 0x0,
    0x0, 0xa, 0xff, 0x40, 0xc, 0xe9, 0x65, 0x7d,
    0xff, 0xb0, 0x3, 0xff, 0xff, 0xff, 0xff, 0xc1,
    0x0, 0x3, 0x9c, 0xef, 0xec, 0x60, 0x0,

    /* U+0122 "Ģ" */
    0x0, 0x0, 0x2, 0x8c, 0xef, 0xec, 0x71, 0x0,
    0x0, 0x0, 0x0, 0x8f, 0xff, 0xff, 0xff, 0xff,
    0x70, 0x0, 0x0, 0xc, 0xff, 0xfe, 0xa8, 0x9d,
    0xff, 0xfa, 0x0, 0x0, 0xaf, 0xfe, 0x50, 0x0,
    0x0, 0x4e, 0xfe, 0x20, 0x4, 0xff, 0xe2, 0x0,
    0x0, 0x0, 0x1, 0x80, 0x0, 0xa, 0xff, 0x60,
    0x0, 0x0, 0x0, 0x0, 0x0, 0x0, 0xe, 0xff,
    0x0, 0x0, 0x0, 0x0, 0x0, 0x0, 0x0, 0xf,
    0xfd, 0x0, 0x0, 0x0, 0x13, 0x33, 0x33, 0x30,
    0xf, 0xfd, 0x0, 0x0, 0x0, 0x6f, 0xff, 0xff,
    0xf4, 0xe, 0xff, 0x0, 0x0, 0x0, 0x6f, 0xff,
    0xff, 0xf4, 0xa, 0xff, 0x50, 0x0, 0x0, 0x0,
    0x0, 0x7f, 0xf2, 0x4, 0xff, 0xe1, 0x0, 0x0,
    0x0, 0x0, 0xdf, 0xe0, 0x0, 0xaf, 0xfe, 0x40,
    0x0, 0x0, 0x1c, 0xff, 0x70, 0x0, 0xc, 0xff,
    0xfd, 0x98, 0x8b, 0xff, 0xfc, 0x0, 0x0, 0x0,
    0x8f, 0xff, 0xff, 0xff, 0xff, 0xa1, 0x0, 0x0,
    0x0, 0x2, 0x8c, 0xef, 0xed, 0x93, 0x0, 0x0,
    0x0, 0x0, 0x0, 0x0, 0x0, 0x0, 0x0, 0x0,
    0x0, 0x0, 0x0, 0x0, 0x0, 0x36, 0x60, 0x0,
    0x0, 0x0, 0x0, 0x0, 0x0, 0x0, 0xcf, 0xc0,
    0x0, 0x0, 0x0, 0x0, 0x0, 0x0, 0x1, 0xff,
    0x40, 0x0, 0x0, 0x0, 0x0, 0x0, 0x0, 0x6,
    0xfc, 0x0, 0x0, 0x0, 0x0,

    /* U+0123 "ģ" */
    0x0, 0x0, 0x0, 0xc, 0xf6, 0x0, 0x0, 0x0,
    0x0, 0x7, 0xfe, 0x0, 0x0, 0x0, 0x0, 0x2,
    0xff, 0x80, 0x0, 0x0, 0x0, 0x0, 0x23, 0x30,
    0x0, 0x0, 0x0, 0x4, 0xbe, 0xfc, 0x60, 0xef,
    0xd0, 0x7, 0xff, 0xff, 0xff, 0x9e, 0xfd, 0x4,
    0xff, 0xfa, 0x56, 0xcf, 0xff, 0xd0, 0xbf, 0xf8,
    0x0, 0x0, 0xcf, 0xfd, 0xf, 0xff, 0x0, 0x0,
    0x3, 0xff, 0xd2, 0xff, 0xc0, 0x0, 0x0, 0xf,
    0xfd, 0x2f, 0xfc, 0x0, 0x0, 0x0, 0xff, 0xd0,
    0xff, 0xf0, 0x0, 0x0, 0x3f, 0xfd, 0xc, 0xff,
    0x80, 0x0, 0xb, 0xff, 0xd0, 0x4f, 0xff, 0x94,
    0x4a, 0xff, 0xfd, 0x0, 0x8f, 0xff, 0xff, 0xfa,
    0xef, 0xc0, 0x0, 0x4b, 0xef, 0xd6, 0xe, 0xfb,
    0x0, 0x0, 0x0, 0x0, 0x1, 0xff, 0x90, 0x1,
    0x0, 0x0, 0x0, 0xaf, 0xf4, 0x0, 0xce, 0x96,
    0x57, 0xdf, 0xfb, 0x0, 0x3f, 0xff, 0xff, 0xff,
    0xfc, 0x10, 0x0, 0x39, 0xce, 0xfe, 0xc6, 0x0,
    0x0,

    /* U+0124 "Ĥ" */
    0x0, 0x0, 0x1, 0xdf, 0xfd, 0x10, 0x0, 0x0,
    0x0, 0x0, 0x1d, 0xfc, 0xcf, 0xd1, 0x0, 0x0,
    0x0, 0x1, 0xdf, 0xb0, 0xb, 0xfd, 0x10, 0x0,
    0x0, 0x0, 0x0, 0x0, 0x0, 0x0, 0x0, 0x0,
    0x0, 0x0, 0x0, 0x0, 0x0, 0x0, 0x0, 0x0,
    0xf, 0xfc, 0x0, 0x0, 0x0, 0x0, 0xcf, 0xf0,
    0xf, 0xfc, 0x0, 0x0, 0x0, 0x0, 0xcf, 0xf0,
    0xf, 0xfc, 0x0, 0x0, 0x0, 0x0, 0xcf, 0xf0,
    0xf, 0xfc, 0x0, 0x0, 0x0, 0x0, 0xcf, 0xf0,
    0xf, 0xfc, 0x0, 0x0, 0x0, 0x0, 0xcf, 0xf0,
    0xf, 0xfc, 0x0, 0x0, 0x0, 0x0, 0xcf, 0xf0,
    0xf, 0xfe, 0x77, 0x77, 0x77, 0x77, 0xef, 0xf0,
    0xf, 0xff, 0xff, 0xff, 0xff, 0xff, 0xff, 0xf0,
    0xf, 0xff, 0xff, 0xff, 0xff, 0xff, 0xff, 0xf0,
    0xf, 0xfc, 0x0, 0x0, 0x0, 0x0, 0xcf, 0xf0,
    0xf, 0xfc, 0x0, 0x0, 0x0, 0x0, 0xcf, 0xf0,
    0xf, 0xfc, 0x0, 0x0, 0x0, 0x0, 0xcf, 0xf0,
    0xf, 0xfc, 0x0, 0x0, 0x0, 0x0, 0xcf, 0xf0,
    0xf, 0xfc, 0x0, 0x0, 0x0, 0x0, 0xcf, 0xf0,
    0xf, 0xfc, 0x0, 0x0, 0x0, 0x0, 0xcf, 0xf0,
    0xf, 0xfc, 0x0, 0x0, 0x0, 0x0, 0xcf, 0xf0,

    /* U+0125 "ĥ" */
    0x0, 0x7, 0x88, 0x30, 0x0, 0x0, 0x0, 0x0,
    0x8, 0xff, 0xfe, 0x20, 0x0, 0x0, 0x0, 0x6,
    0xff, 0x7d, 0xfd, 0x10, 0x0, 0x0, 0x4, 0xff,
    0x60, 0x1d, 0xfb, 0x0, 0x0, 0x0, 0x0, 0x0,
    0x0, 0x0, 0x0, 0x0, 0x0, 0x0, 0x0, 0x0,
    0x0, 0x0, 0x0, 0x0, 0x0, 0x0, 0x7, 0xff,
    0x30, 0x0, 0x0, 0x0, 0x0, 0x0, 0x7f, 0xf3,
    0x0, 0x0, 0x0, 0x0, 0x0, 0x7, 0xff, 0x30,
    0x0, 0x0, 0x0, 0x0, 0x0, 0x7f, 0xf3, 0x0,
    0x0, 0x0, 0x0, 0x0, 0x7, 0xff, 0x35, 0xcf,
    0xeb, 0x30, 0x0, 0x0, 0x7f, 0xfa, 0xff, 0xff,
    0xff, 0x40, 0x0, 0x7, 0xff, 0xfd, 0x88, 0xdf,
    0xfd, 0x0, 0x0, 0x7f, 0xfd, 0x0, 0x0, 0xdf,
    0xf2, 0x0, 0x7, 0xff, 0x60, 0x0, 0x8, 0xff,
    0x40, 0x0, 0x7f, 0xf4, 0x0, 0x0, 0x6f, 0xf5,
    0x0, 0x7, 0xff, 0x30, 0x0, 0x5, 0xff, 0x50,
    0x0, 0x7f, 0xf3, 0x0, 0x0, 0x5f, 0xf5, 0x0,
    0x7, 0xff, 0x30, 0x0, 0x5, 0xff, 0x50, 0x0,
    0x7f, 0xf3, 0x0, 0x0, 0x5f, 0xf5, 0x0, 0x7,
    0xff, 0x30, 0x0, 0x5, 0xff, 0x50, 0x0, 0x7f,
    0xf3, 0x0, 0x0, 0x5f, 0xf5,

    /* U+0126 "Ħ" */
    0x0, 0xff, 0xc0, 0x0, 0x0, 0x0, 0xc, 0xff,
    0x0, 0x0, 0xff, 0xc0, 0x0, 0x0, 0x0, 0xc,
    0xff, 0x0, 0xef, 0xff, 0xff, 0xff, 0xff, 0xff,
    0xff, 0xff, 0xfe, 0xef, 0xff, 0xff, 0xff, 0xff,
    0xff, 0xff, 0xff, 0xfe, 0x0, 0xff, 0xc0, 0x0,
    0x0, 0x0, 0xc, 0xff, 0x0, 0x0, 0xff, 0xc0,
    0x0, 0x0, 0x0, 0xc, 0xff, 0x0, 0x0, 0xff,
    0xe7, 0x77, 0x77, 0x77, 0x7e, 0xff, 0x0, 0x0,
    0xff, 0xff, 0xff, 0xff, 0xff, 0xff, 0xff, 0x0,
    0x0, 0xff, 0xff, 0xff, 0xff, 0xff, 0xff, 0xff,
    0x0, 0x0, 0xff, 0xc0, 0x0, 0x0, 0x0, 0xc,
    0xff, 0x0, 0x0, 0xff, 0xc0, 0x0, 0x0, 0x0,
    0xc, 0xff, 0x0, 0x0, 0xff, 0xc0, 0x0, 0x0,
    0x0, 0xc, 0xff, 0x0, 0x0, 0xff, 0xc0, 0x0,
    0x0, 0x0, 0xc, 0xff, 0x0, 0x0, 0xff, 0xc0,
    0x0, 0x0, 0x0, 0xc, 0xff, 0x0, 0x0, 0xff,
    0xc0, 0x0, 0x0, 0x0, 0xc, 0xff, 0x0, 0x0,
    0xff, 0xc0, 0x0, 0x0, 0x0, 0xc, 0xff, 0x0,

    /* U+0127 "ħ" */
    0x7, 0xff, 0x30, 0x0, 0x0, 0x0, 0xf, 0xff,
    0xff, 0xff, 0xe0, 0x0, 0x0, 0xce, 0xff, 0xdc,
    0xcb, 0x0, 0x0, 0x0, 0x7f, 0xf3, 0x0, 0x0,
    0x0, 0x0, 0x7, 0xff, 0x35, 0xcf, 0xeb, 0x30,
    0x0, 0x7f, 0xfa, 0xff, 0xff, 0xff, 0x40, 0x7,
    0xff, 0xfd, 0x88, 0xdf, 0xfd, 0x0, 0x7f, 0xfd,
    0x0, 0x0, 0xdf, 0xf2, 0x7, 0xff, 0x60, 0x0,
    0x8, 0xff, 0x40, 0x7f, 0xf4, 0x0, 0x0, 0x6f,
    0xf5, 0x7, 0xff, 0x30, 0x0, 0x5, 0xff, 0x50,
    0x7f, 0xf3, 0x0, 0x0, 0x5f, 0xf5, 0x7, 0xff,
    0x30, 0x0, 0x5, 0xff, 0x50, 0x7f, 0xf3, 0x0,
    0x0, 0x5f, 0xf5, 0x7, 0xff, 0x30, 0x0, 0x5,
    0xff, 0x50, 0x7f, 0xf3, 0x0, 0x0, 0x5f, 0xf5,

    /* U+012A "Ī" */
    0x6f, 0xff, 0xff, 0xff, 0x36, 0xff, 0xff, 0xff,
    0xf3, 0x14, 0x44, 0x44, 0x44, 0x0, 0x0, 0x0,
    0x0, 0x0, 0x0, 0xf, 0xfc, 0x0, 0x0, 0x0,
    0xff, 0xc0, 0x0, 0x0, 0xf, 0xfc, 0x0, 0x0,
    0x0, 0xff, 0xc0, 0x0, 0x0, 0xf, 0xfc, 0x0,
    0x0, 0x0, 0xff, 0xc0, 0x0, 0x0, 0xf, 0xfc,
    0x0, 0x0, 0x0, 0xff, 0xc0, 0x0, 0x0, 0xf,
    0xfc, 0x0, 0x0, 0x0, 0xff, 0xc0, 0x0, 0x0,
    0xf, 0xfc, 0x0, 0x0, 0x0, 0xff, 0xc0, 0x0,
    0x0, 0xf, 0xfc, 0x0, 0x0, 0x0, 0xff, 0xc0,
    0x0, 0x0, 0xf, 0xfc, 0x0, 0x0, 0x0, 0xff,
    0xc0, 0x0,

    /* U+012B "ī" */
    0x14, 0x44, 0x44, 0x41, 0x4f, 0xff, 0xff, 0xf4,
    0x4f, 0xff, 0xff, 0xf4, 0x0, 0x0, 0x0, 0x0,
    0x0, 0x5f, 0xf5, 0x0, 0x0, 0x5f, 0xf5, 0x0,
    0x0, 0x5f, 0xf5, 0x0, 0x0, 0x5f, 0xf5, 0x0,
    0x0, 0x5f, 0xf5, 0x0, 0x0, 0x5f, 0xf5, 0x0,
    0x0, 0x5f, 0xf5, 0x0, 0x0, 0x5f, 0xf5, 0x0,
    0x0, 0x5f, 0xf5, 0x0, 0x0, 0x5f, 0xf5, 0x0,
    0x0, 0x5f, 0xf5, 0x0, 0x0, 0x5f, 0xf5, 0x0,

    /* U+012E "Į" */
    0x0, 0xff, 0xc0, 0x0, 0xff, 0xc0, 0x0, 0xff,
    0xc0, 0x0, 0xff, 0xc0, 0x0, 0xff, 0xc0, 0x0,
    0xff, 0xc0, 0x0, 0xff, 0xc0, 0x0, 0xff, 0xc0,
    0x0, 0xff, 0xc0, 0x0, 0xff, 0xc0, 0x0, 0xff,
    0xc0, 0x0, 0xff, 0xc0, 0x0, 0xff, 0xc0, 0x0,
    0xff, 0xc0, 0x0, 0xff, 0xc0, 0x0, 0xff, 0xc0,
    0x3, 0xef, 0x40, 0x1e, 0xf3, 0x0, 0x5f, 0xf0,
    0x0, 0x2f, 0xff, 0xe0, 0x5, 0xdf, 0xe3,

    /* U+012F "į" */
    0x0, 0x55, 0x0, 0x6f, 0xf6, 0x7, 0xff, 0x70,
    0x7, 0x70, 0x0, 0x0, 0x0, 0x5f, 0xf5, 0x5,
    0xff, 0x50, 0x5f, 0xf5, 0x5, 0xff, 0x50, 0x5f,
    0xf5, 0x5, 0xff, 0x50, 0x5f, 0xf5, 0x5, 0xff,
    0x50, 0x5f, 0xf5, 0x5, 0xff, 0x50, 0x5f, 0xf5,
    0x5, 0xff, 0x50, 0x8f, 0xb0, 0x7f, 0xc0, 0xc,
    0xf8, 0x0, 0x9f, 0xff, 0x70, 0x9e, 0xfa,

    /* U+0130 "İ" */
    0x0, 0x0, 0xb, 0xf8, 0x1f, 0xfe, 0xa, 0xf7,
    0x0, 0x0, 0x0, 0x0, 0xf, 0xfc, 0xf, 0xfc,
    0xf, 0xfc, 0xf, 0xfc, 0xf, 0xfc, 0xf, 0xfc,
    0xf, 0xfc, 0xf, 0xfc, 0xf, 0xfc, 0xf, 0xfc,
    0xf, 0xfc, 0xf, 0xfc, 0xf, 0xfc, 0xf, 0xfc,
    0xf, 0xfc, 0xf, 0xfc,

    /* U+0131 "ı" */
    0x5f, 0xf5, 0x5f, 0xf5, 0x5f, 0xf5, 0x5f, 0xf5,
    0x5f, 0xf5, 0x5f, 0xf5, 0x5f, 0xf5, 0x5f, 0xf5,
    0x5f, 0xf5, 0x5f, 0xf5, 0x5f, 0xf5, 0x5f, 0xf5,

    /* U+0132 "Ĳ" */
    0xf, 0xfc, 0x0, 0x0, 0x0, 0x0, 0x0, 0xdf,
    0xe0, 0xff, 0xc0, 0x0, 0x0, 0x0, 0x0, 0xd,
    0xfe, 0xf, 0xfc, 0x0, 0x0, 0x0, 0x0, 0x0,
    0xdf, 0xe0, 0xff, 0xc0, 0x0, 0x0, 0x0, 0x0,
    0xd, 0xfe, 0xf, 0xfc, 0x0, 0x0, 0x0, 0x0,
    0x0, 0xdf, 0xe0, 0xff, 0xc0, 0x0, 0x0, 0x0,
    0x0, 0xd, 0xfe, 0xf, 0xfc, 0x0, 0x0, 0x0,
    0x0, 0x0, 0xdf, 0xe0, 0xff, 0xc0, 0x0, 0x0,
    0x0, 0x0, 0xd, 0xfe, 0xf, 0xfc, 0x0, 0x0,
    0x0, 0x0, 0x0, 0xdf, 0xe0, 0xff, 0xc0, 0x0,
    0x0, 0x0, 0x0, 0xd, 0xfe, 0xf, 0xfc, 0x0,
    0x0, 0x0, 0x0, 0x0, 0xef, 0xe0, 0xff, 0xc0,
    0x0, 0x22, 0x0, 0x0, 0x1f, 0xfd, 0xf, 0xfc,
    0x0, 0xbf, 0xd1, 0x0, 0xa, 0xff, 0xa0, 0xff,
    0xc0, 0x8, 0xff, 0xe9, 0x8d, 0xff, 0xf3, 0xf,
    0xfc, 0x0, 0xb, 0xff, 0xff, 0xff, 0xf5, 0x0,
    0xff, 0xc0, 0x0, 0x6, 0xcf, 0xfd, 0x81, 0x0,

    /* U+0133 "ĳ" */
    0x5, 0x50, 0x0, 0x1, 0x74, 0x6, 0xff, 0x60,
    0x0, 0xbf, 0xf3, 0x7f, 0xf7, 0x0, 0xb, 0xff,
    0x30, 0x77, 0x0, 0x0, 0x18, 0x50, 0x0, 0x0,
    0x0, 0x0, 0x0, 0x5, 0xff, 0x50, 0x0, 0x9f,
    0xf1, 0x5f, 0xf5, 0x0, 0x9, 0xff, 0x15, 0xff,
    0x50, 0x0, 0x9f, 0xf1, 0x5f, 0xf5, 0x0, 0x9,
    0xff, 0x15, 0xff, 0x50, 0x0, 0x9f, 0xf1, 0x5f,
    0xf5, 0x0, 0x9, 0xff, 0x15, 0xff, 0x50, 0x0,
    0x9f, 0xf1, 0x5f, 0xf5, 0x0, 0x9, 0xff, 0x15,
    0xff, 0x50, 0x0, 0x9f, 0xf1, 0x5f, 0xf5, 0x0,
    0x9, 0xff, 0x15, 0xff, 0x50, 0x0, 0x9f, 0xf1,
    0x5f, 0xf5, 0x0, 0x9, 0xff, 0x10, 0x0, 0x0,
    0x0, 0x9f, 0xf0, 0x0, 0x0, 0x0, 0xb, 0xff,
    0x0, 0x0, 0x7, 0x88, 0xff, 0xd0, 0x0, 0x1,
    0xff, 0xff, 0xf6, 0x0, 0x0, 0x2a, 0xef, 0xc5,
    0x0,

    /* U+0134 "Ĵ" */
    0x0, 0x0, 0x0, 0x1, 0x78, 0x71, 0x0, 0x0,
    0x0, 0x0, 0xc, 0xff, 0xfc, 0x0, 0x0, 0x0,
    0x0, 0xaf, 0xf6, 0xef, 0xa0, 0x0, 0x0, 0x7,
    0xff, 0x30, 0x3e, 0xf8, 0x0, 0x0, 0x0, 0x0,
    0x0, 0x0, 0x0, 0x0, 0x0, 0x0, 0x0, 0x0,
    0x0, 0x0, 0x0, 0x0, 0x0, 0x0, 0xaf, 0xf2,
    0x0, 0x0, 0x0, 0x0, 0x0, 0xaf, 0xf2, 0x0,
    0x0, 0x0, 0x0, 0x0, 0xaf, 0xf2, 0x0, 0x0,
    0x0, 0x0, 0x0, 0xaf, 0xf2, 0x0, 0x0, 0x0,
    0x0, 0x0, 0xaf, 0xf2, 0x0, 0x0, 0x0, 0x0,
    0x0, 0xaf, 0xf2, 0x0, 0x0, 0x0, 0x0, 0x0,
    0xaf, 0xf2, 0x0, 0x0, 0x0, 0x0, 0x0, 0xaf,
    0xf2, 0x0, 0x0, 0x0, 0x0, 0x0, 0xaf, 0xf2,
    0x0, 0x0, 0x0, 0x0, 0x0, 0xaf, 0xf2, 0x0,
    0x0, 0x0, 0x0, 0x0, 0xaf, 0xf2, 0x0, 0x1,
    0x40, 0x0, 0x0, 0xdf, 0xf1, 0x0, 0x8f, 0xf2,
    0x0, 0x7, 0xff, 0xe0, 0x0, 0x4f, 0xff, 0xa8,
    0xcf, 0xff, 0x60, 0x0, 0x7, 0xff, 0xff, 0xff,
    0xf8, 0x0, 0x0, 0x0, 0x4b, 0xef, 0xda, 0x30,
    0x0, 0x0,

    /* U+0135 "ĵ" */
    0x0, 0x6, 0xff, 0xfa, 0x0, 0x0, 0x8, 0xfe,
    0x6c, 0xfc, 0x10, 0x3, 0x88, 0x20, 0x7, 0x86,
    0x0, 0x0, 0x0, 0x0, 0x0, 0x0, 0x0, 0x0,
    0x9f, 0xf1, 0x0, 0x0, 0x0, 0x9, 0xff, 0x10,
    0x0, 0x0, 0x0, 0x9f, 0xf1, 0x0, 0x0, 0x0,
    0x9, 0xff, 0x10, 0x0, 0x0, 0x0, 0x9f, 0xf1,
    0x0, 0x0, 0x0, 0x9, 0xff, 0x10, 0x0, 0x0,
    0x0, 0x9f, 0xf1, 0x0, 0x0, 0x0, 0x9, 0xff,
    0x10, 0x0, 0x0, 0x0, 0x9f, 0xf1, 0x0, 0x0,
    0x0, 0x9, 0xff, 0x10, 0x0, 0x0, 0x0, 0x9f,
    0xf1, 0x0, 0x0, 0x0, 0x9, 0xff, 0x10, 0x0,
    0x0, 0x0, 0x9f, 0xf0, 0x0, 0x0, 0x0, 0xb,
    0xff, 0x0, 0x0, 0x7, 0x88, 0xff, 0xd0, 0x0,
    0x1, 0xff, 0xff, 0xf6, 0x0, 0x0, 0x2a, 0xef,
    0xc5, 0x0, 0x0, 0x0,

    /* U+0136 "Ķ" */
    0xf, 0xfb, 0x0, 0x0, 0x2, 0xef, 0xf8, 0x0,
    0xff, 0xb0, 0x0, 0x2, 0xef, 0xf8, 0x0, 0xf,
    0xfb, 0x0, 0x2, 0xef, 0xf8, 0x0, 0x0, 0xff,
    0xb0, 0x2, 0xef, 0xf8, 0x0, 0x0, 0xf, 0xfb,
    0x2, 0xef, 0xf8, 0x0, 0x0, 0x0, 0xff, 0xb2,
    0xef, 0xf8, 0x0, 0x0, 0x0, 0xf, 0xfd, 0xef,
    0xf8, 0x0, 0x0, 0x0, 0x0, 0xff, 0xff, 0xff,
    0x20, 0x0, 0x0, 0x0, 0xf, 0xff, 0xff, 0xfd,
    0x10, 0x0, 0x0, 0x0, 0xff, 0xf9, 0x9f, 0xfc,
    0x0, 0x0, 0x0, 0xf, 0xfc, 0x0, 0xbf, 0xfa,
    0x0, 0x0, 0x0, 0xff, 0xb0, 0x1, 0xdf, 0xf7,
    0x0, 0x0, 0xf, 0xfb, 0x0, 0x2, 0xef, 0xf5,
    0x0, 0x0, 0xff, 0xb0, 0x0, 0x4, 0xff, 0xf3,
    0x0, 0xf, 0xfb, 0x0, 0x0, 0x6, 0xff, 0xe1,
    0x0, 0xff, 0xb0, 0x0, 0x0, 0x8, 0xff, 0xc0,
    0x0, 0x0, 0x0, 0x0, 0x0, 0x0, 0x0, 0x0,
    0x0, 0x0, 0x36, 0x61, 0x0, 0x0, 0x0, 0x0,
    0x0, 0xc, 0xfc, 0x0, 0x0, 0x0, 0x0, 0x0,
    0x1, 0xff, 0x40, 0x0, 0x0, 0x0, 0x0, 0x0,
    0x6f, 0xc0, 0x0, 0x0, 0x0, 0x0,

    /* U+0137 "ķ" */
    0x8f, 0xf2, 0x0, 0x0, 0x0, 0x0, 0x8f, 0xf2,
    0x0, 0x0, 0x0, 0x0, 0x8f, 0xf2, 0x0, 0x0,
    0x0, 0x0, 0x8f, 0xf2, 0x0, 0x0, 0x0, 0x0,
    0x8f, 0xf2, 0x0, 0xc, 0xff, 0x70, 0x8f, 0xf2,
    0x0, 0xbf, 0xf8, 0x0, 0x8f, 0xf2, 0xa, 0xff,
    0xa0, 0x0, 0x8f, 0xf2, 0x9f, 0xfb, 0x0, 0x0,
    0x8f, 0xfa, 0xff, 0xc0, 0x0, 0x0, 0x8f, 0xff,
    0xff, 0xc0, 0x0, 0x0, 0x8f, 0xff, 0xff, 0xf7,
    0x0, 0x0, 0x8f, 0xfe, 0x3e, 0xff, 0x20, 0x0,
    0x8f, 0xf4, 0x4, 0xff, 0xd0, 0x0, 0x8f, 0xf2,
    0x0, 0x9f, 0xf8, 0x0, 0x8f, 0xf2, 0x0, 0xd,
    0xff, 0x40, 0x8f, 0xf2, 0x0, 0x3, 0xff, 0xe1,
    0x0, 0x0, 0x0, 0x0, 0x0, 0x0, 0x0, 0x0,
    0x66, 0x40, 0x0, 0x0, 0x0, 0x3, 0xff, 0x50,
    0x0, 0x0, 0x0, 0x9, 0xfd, 0x0, 0x0, 0x0,
    0x0, 0xe, 0xf5, 0x0, 0x0, 0x0,

    /* U+0139 "Ĺ" */
    0x0, 0x7, 0x87, 0x10, 0x0, 0x0, 0x0, 0x9f,
    0xf6, 0x0, 0x0, 0x0, 0x8, 0xff, 0x50, 0x0,
    0x0, 0x0, 0x28, 0x84, 0x0, 0x0, 0x0, 0x0,
    0x0, 0x0, 0x0, 0x0, 0x0, 0x0, 0xf, 0xfc,
    0x0, 0x0, 0x0, 0x0, 0xf, 0xfc, 0x0, 0x0,
    0x0, 0x0, 0xf, 0xfc, 0x0, 0x0, 0x0, 0x0,
    0xf, 0xfc, 0x0, 0x0, 0x0, 0x0, 0xf, 0xfc,
    0x0, 0x0, 0x0, 0x0, 0xf, 0xfc, 0x0, 0x0,
    0x0, 0x0, 0xf, 0xfc, 0x0, 0x0, 0x0, 0x0,
    0xf, 0xfc, 0x0, 0x0, 0x0, 0x0, 0xf, 0xfc,
    0x0, 0x0, 0x0, 0x0, 0xf, 0xfc, 0x0, 0x0,
    0x0, 0x0, 0xf, 0xfc, 0x0, 0x0, 0x0, 0x0,
    0xf, 0xfc, 0x0, 0x0, 0x0, 0x0, 0xf, 0xfc,
    0x0, 0x0, 0x0, 0x0, 0xf, 0xfe, 0x77, 0x77,
    0x77, 0x73, 0xf, 0xff, 0xff, 0xff, 0xff, 0xf6,
    0xf, 0xff, 0xff, 0xff, 0xff, 0xf6,

    /* U+013A "ĺ" */
    0x0, 0x3, 0x88, 0x40, 0x3, 0xff, 0xc0, 0x2,
    0xef, 0xb0, 0x0, 0x68, 0x70, 0x0, 0x0, 0x0,
    0x0, 0x0, 0x8f, 0xf2, 0x0, 0x8, 0xff, 0x20,
    0x0, 0x8f, 0xf2, 0x0, 0x8, 0xff, 0x20, 0x0,
    0x8f, 0xf2, 0x0, 0x8, 0xff, 0x20, 0x0, 0x8f,
    0xf2, 0x0, 0x8, 0xff, 0x20, 0x0, 0x8f, 0xf2,
    0x0, 0x8, 0xff, 0x20, 0x0, 0x8f, 0xf2, 0x0,
    0x8, 0xff, 0x20, 0x0, 0x8f, 0xf2, 0x0, 0x8,
    0xff, 0x20, 0x0, 0x8f, 0xf2, 0x0, 0x8, 0xff,
    0x20, 0x0,

    /* U+013B "Ļ" */
    0xf, 0xfc, 0x0, 0x0, 0x0, 0x0, 0xf, 0xfc,
    0x0, 0x0, 0x0, 0x0, 0xf, 0xfc, 0x0, 0x0,
    0x0, 0x0, 0xf, 0xfc, 0x0, 0x0, 0x0, 0x0,
    0xf, 0xfc, 0x0, 0x0, 0x0, 0x0, 0xf, 0xfc,
    0x0, 0x0, 0x0, 0x0, 0xf, 0xfc, 0x0, 0x0,
    0x0, 0x0, 0xf, 0xfc, 0x0, 0x0, 0x0, 0x0,
    0xf, 0xfc, 0x0, 0x0, 0x0, 0x0, 0xf, 0xfc,
    0x0, 0x0, 0x0, 0x0, 0xf, 0xfc, 0x0, 0x0,
    0x0, 0x0, 0xf, 0xfc, 0x0, 0x0, 0x0, 0x0,
    0xf, 0xfc, 0x0, 0x0, 0x0, 0x0, 0xf, 0xfe,
    0x77, 0x77, 0x77, 0x73, 0xf, 0xff, 0xff, 0xff,
    0xff, 0xf6, 0xf, 0xff, 0xff, 0xff, 0xff, 0xf6,
    0x0, 0x0, 0x0, 0x0, 0x0, 0x0, 0x0, 0x0,
    0x26, 0x61, 0x0, 0x0, 0x0, 0x0, 0xaf, 0xe0,
    0x0, 0x0, 0x0, 0x0, 0xef, 0x60, 0x0, 0x0,
    0x0, 0x4, 0xfe, 0x0, 0x0, 0x0,

    /* U+013C "ļ" */
    0x8, 0xff, 0x20, 0x8f, 0xf2, 0x8, 0xff, 0x20,
    0x8f, 0xf2, 0x8, 0xff, 0x20, 0x8f, 0xf2, 0x8,
    0xff, 0x20, 0x8f, 0xf2, 0x8, 0xff, 0x20, 0x8f,
    0xf2, 0x8, 0xff, 0x20, 0x8f, 0xf2, 0x8, 0xff,
    0x20, 0x8f, 0xf2, 0x8, 0xff, 0x20, 0x8f, 0xf2,
    0x0, 0x0, 0x0, 0x26, 0x61, 0xa, 0xfe, 0x0,
    0xff, 0x60, 0x4f, 0xe0, 0x0,

    /* U+013D "Ľ" */
    0x0, 0x0, 0x2, 0xcc, 0x30, 0x0, 0x0, 0x0,
    0x6, 0xfe, 0x0, 0x0, 0xf, 0xfc, 0xb, 0xf9,
    0x0, 0x0, 0xf, 0xfc, 0xe, 0xf3, 0x0, 0x0,
    0xf, 0xfc, 0x0, 0x0, 0x0, 0x0, 0xf, 0xfc,
    0x0, 0x0, 0x0, 0x0, 0xf, 0xfc, 0x0, 0x0,
    0x0, 0x0, 0xf, 0xfc, 0x0, 0x0, 0x0, 0x0,
    0xf, 0xfc, 0x0, 0x0, 0x0, 0x0, 0xf, 0xfc,
    0x0, 0x0, 0x0, 0x0, 0xf, 0xfc, 0x0, 0x0,
    0x0, 0x0, 0xf, 0xfc, 0x0, 0x0, 0x0, 0x0,
    0xf, 0xfc, 0x0, 0x0, 0x0, 0x0, 0xf, 0xfc,
    0x0, 0x0, 0x0, 0x0, 0xf, 0xfc, 0x0, 0x0,
    0x0, 0x0, 0xf, 0xfe, 0x77, 0x77, 0x77, 0x73,
    0xf, 0xff, 0xff, 0xff, 0xff, 0xf6, 0xf, 0xff,
    0xff, 0xff, 0xff, 0xf6,

    /* U+013E "ľ" */
    0x8f, 0xf2, 0x7f, 0xf0, 0x8f, 0xf2, 0xbf, 0xa0,
    0x8f, 0xf2, 0xff, 0x40, 0x8f, 0xf5, 0xdc, 0x0,
    0x8f, 0xf2, 0x0, 0x0, 0x8f, 0xf2, 0x0, 0x0,
    0x8f, 0xf2, 0x0, 0x0, 0x8f, 0xf2, 0x0, 0x0,
    0x8f, 0xf2, 0x0, 0x0, 0x8f, 0xf2, 0x0, 0x0,
    0x8f, 0xf2, 0x0, 0x0, 0x8f, 0xf2, 0x0, 0x0,
    0x8f, 0xf2, 0x0, 0x0, 0x8f, 0xf2, 0x0, 0x0,
    0x8f, 0xf2, 0x0, 0x0, 0x8f, 0xf2, 0x0, 0x0,

    /* U+0141 "Ł" */
    0x0, 0xff, 0xc0, 0x0, 0x0, 0x0, 0x0, 0xf,
    0xfc, 0x0, 0x0, 0x0, 0x0, 0x0, 0xff, 0xc0,
    0x0, 0x0, 0x0, 0x0, 0xf, 0xfc, 0x0, 0x0,
    0x0, 0x0, 0x0, 0xff, 0xc0, 0x0, 0x0, 0x0,
    0x0, 0xf, 0xfc, 0x6d, 0x40, 0x0, 0x0, 0x0,
    0xff, 0xff, 0xf4, 0x0, 0x0, 0x1, 0x8f, 0xff,
    0xc5, 0x0, 0x0, 0x0, 0xef, 0xff, 0xc0, 0x0,
    0x0, 0x0, 0xe, 0xaf, 0xfc, 0x0, 0x0, 0x0,
    0x0, 0x10, 0xff, 0xc0, 0x0, 0x0, 0x0, 0x0,
    0xf, 0xfc, 0x0, 0x0, 0x0, 0x0, 0x0, 0xff,
    0xc0, 0x0, 0x0, 0x0, 0x0, 0xf, 0xfe, 0x77,
    0x77, 0x77, 0x73, 0x0, 0xff, 0xff, 0xff, 0xff,
    0xff, 0x60, 0xf, 0xff, 0xff, 0xff, 0xff, 0xf6,

    /* U+0142 "ł" */
    0x0, 0xff, 0xb0, 0x0, 0xf, 0xfb, 0x0, 0x0,
    0xff, 0xb0, 0x0, 0xf, 0xfb, 0x0, 0x0, 0xff,
    0xb0, 0x0, 0xf, 0xfb, 0x24, 0x0, 0xff, 0xff,
    0x80, 0x3f, 0xff, 0xe5, 0x9f, 0xff, 0xc0, 0xb,
    0xef, 0xfb, 0x0, 0x30, 0xff, 0xb0, 0x0, 0xf,
    0xfb, 0x0, 0x0, 0xff, 0xb0, 0x0, 0xf, 0xfb,
    0x0, 0x0, 0xff, 0xb0, 0x0, 0xf, 0xfb, 0x0,

    /* U+0143 "Ń" */
    0x0, 0x0, 0x0, 0x0, 0x17, 0x87, 0x0, 0x0,
    0x0, 0x0, 0x0, 0x0, 0xcf, 0xf3, 0x0, 0x0,
    0x0, 0x0, 0x0, 0xb, 0xfe, 0x30, 0x0, 0x0,
    0x0, 0x0, 0x0, 0x38, 0x83, 0x0, 0x0, 0x0,
    0x0, 0x0, 0x0, 0x0, 0x0, 0x0, 0x0, 0x0,
    0xf, 0xff, 0x40, 0x0, 0x0, 0x0, 0x3f, 0xf9,
    0xf, 0xff, 0xe1, 0x0, 0x0, 0x0, 0x3f, 0xf9,
    0xf, 0xff, 0xfc, 0x0, 0x0, 0x0, 0x3f, 0xf9,
    0xf, 0xff, 0xff, 0x90, 0x0, 0x0, 0x3f, 0xf9,
    0xf, 0xfe, 0xef, 0xf5, 0x0, 0x0, 0x3f, 0xf9,
    0xf, 0xfc, 0x4f, 0xff, 0x20, 0x0, 0x3f, 0xf9,
    0xf, 0xfc, 0x8, 0xff, 0xd0, 0x0, 0x3f, 0xf9,
    0xf, 0xfc, 0x0, 0xbf, 0xfa, 0x0, 0x3f, 0xf9,
    0xf, 0xfc, 0x0, 0x1e, 0xff, 0x60, 0x3f, 0xf9,
    0xf, 0xfc, 0x0, 0x3, 0xff, 0xf3, 0x3f, 0xf9,
    0xf, 0xfc, 0x0, 0x0, 0x7f, 0xfe, 0x4f, 0xf9,
    0xf, 0xfc, 0x0, 0x0, 0xa, 0xff, 0xef, 0xf9,
    0xf, 0xfc, 0x0, 0x0, 0x0, 0xdf, 0xff, 0xf9,
    0xf, 0xfc, 0x0, 0x0, 0x0, 0x2f, 0xff, 0xf9,
    0xf, 0xfc, 0x0, 0x0, 0x0, 0x5, 0xff, 0xf9,
    0xf, 0xfc, 0x0, 0x0, 0x0, 0x0, 0x9f, 0xf9,

    /* U+0144 "ń" */
    0x0, 0x0, 0x0, 0xcf, 0xf4, 0x0, 0x0, 0x0,
    0xc, 0xfe, 0x30, 0x0, 0x0, 0x0, 0xae, 0xd2,
    0x0, 0x0, 0x0, 0x0, 0x0, 0x0, 0x0, 0x0,
    0x8f, 0xf0, 0x6d, 0xfe, 0xb3, 0x0, 0x8f, 0xfa,
    0xff, 0xff, 0xff, 0x40, 0x8f, 0xff, 0xd8, 0x8d,
    0xff, 0xd0, 0x8f, 0xfd, 0x0, 0x0, 0xef, 0xf1,
    0x8f, 0xf6, 0x0, 0x0, 0x8f, 0xf4, 0x8f, 0xf3,
    0x0, 0x0, 0x6f, 0xf4, 0x8f, 0xf2, 0x0, 0x0,
    0x6f, 0xf5, 0x8f, 0xf2, 0x0, 0x0, 0x6f, 0xf5,
    0x8f, 0xf2, 0x0, 0x0, 0x6f, 0xf5, 0x8f, 0xf2,
    0x0, 0x0, 0x6f, 0xf5, 0x8f, 0xf2, 0x0, 0x0,
    0x6f, 0xf5, 0x8f, 0xf2, 0x0, 0x0, 0x6f, 0xf5,

    /* U+0145 "Ņ" */
    0xf, 0xff, 0x40, 0x0, 0x0, 0x0, 0x3f, 0xf9,
    0xf, 0xff, 0xe1, 0x0, 0x0, 0x0, 0x3f, 0xf9,
    0xf, 0xff, 0xfc, 0x0, 0x0, 0x0, 0x3f, 0xf9,
    0xf, 0xff, 0xff, 0x90, 0x0, 0x0, 0x3f, 0xf9,
    0xf, 0xfe, 0xef, 0xf5, 0x0, 0x0, 0x3f, 0xf9,
    0xf, 0xfc, 0x4f, 0xff, 0x20, 0x0, 0x3f, 0xf9,
    0xf, 0xfc, 0x8, 0xff, 0xd0, 0x0, 0x3f, 0xf9,
    0xf, 0xfc, 0x0, 0xbf, 0xfa, 0x0, 0x3f, 0xf9,
    0xf, 0xfc, 0x0, 0x1e, 0xff, 0x60, 0x3f, 0xf9,
    0xf, 0xfc, 0x0, 0x3, 0xff, 0xf3, 0x3f, 0xf9,
    0xf, 0xfc, 0x0, 0x0, 0x7f, 0xfe, 0x4f, 0xf9,
    0xf, 0xfc, 0x0, 0x0, 0xa, 0xff, 0xef, 0xf9,
    0xf, 0xfc, 0x0, 0x0, 0x0, 0xdf, 0xff, 0xf9,
    0xf, 0xfc, 0x0, 0x0, 0x0, 0x2f, 0xff, 0xf9,
    0xf, 0xfc, 0x0, 0x0, 0x0, 0x5, 0xff, 0xf9,
    0xf, 0xfc, 0x0, 0x0, 0x0, 0x0, 0x9f, 0xf9,
    0x0, 0x0, 0x0, 0x0, 0x0, 0x0, 0x0, 0x0,
    0x0, 0x0, 0x0, 0x6, 0x64, 0x0, 0x0, 0x0,
    0x0, 0x0, 0x0, 0x3f, 0xf5, 0x0, 0x0, 0x0,
    0x0, 0x0, 0x0, 0x8f, 0xd0, 0x0, 0x0, 0x0,
    0x0, 0x0, 0x0, 0xdf, 0x50, 0x0, 0x0, 0x0,

    /* U+0146 "ņ" */
    0x8f, 0xf0, 0x6d, 0xfe, 0xb3, 0x0, 0x8f, 0xfa,
    0xff, 0xff, 0xff, 0x40, 0x8f, 0xff, 0xd8, 0x8d,
    0xff, 0xd0, 0x8f, 0xfd, 0x0, 0x0, 0xef, 0xf1,
    0x8f, 0xf6, 0x0, 0x0, 0x8f, 0xf4, 0x8f, 0xf3,
    0x0, 0x0, 0x6f, 0xf4, 0x8f, 0xf2, 0x0, 0x0,
    0x6f, 0xf5, 0x8f, 0xf2, 0x0, 0x0, 0x6f, 0xf5,
    0x8f, 0xf2, 0x0, 0x0, 0x6f, 0xf5, 0x8f, 0xf2,
    0x0, 0x0, 0x6f, 0xf5, 0x8f, 0xf2, 0x0, 0x0,
    0x6f, 0xf5, 0x8f, 0xf2, 0x0, 0x0, 0x6f, 0xf5,
    0x0, 0x0, 0x0, 0x0, 0x0, 0x0, 0x0, 0x0,
    0x36, 0x60, 0x0, 0x0, 0x0, 0x0, 0xcf, 0xc0,
    0x0, 0x0, 0x0, 0x1, 0xff, 0x40, 0x0, 0x0,
    0x0, 0x6, 0xfc, 0x0, 0x0, 0x0,

    /* U+0147 "Ň" */
    0x0, 0x0, 0x78, 0x40, 0x2, 0x88, 0x20, 0x0,
    0x0, 0x0, 0x4f, 0xf6, 0x3e, 0xf9, 0x0, 0x0,
    0x0, 0x0, 0x5, 0xff, 0xff, 0x90, 0x0, 0x0,
    0x0, 0x0, 0x0, 0x48, 0x86, 0x0, 0x0, 0x0,
    0x0, 0x0, 0x0, 0x0, 0x0, 0x0, 0x0, 0x0,
    0xf, 0xff, 0x40, 0x0, 0x0, 0x0, 0x3f, 0xf9,
    0xf, 0xff, 0xe1, 0x0, 0x0, 0x0, 0x3f, 0xf9,
    0xf, 0xff, 0xfc, 0x0, 0x0, 0x0, 0x3f, 0xf9,
    0xf, 0xff, 0xff, 0x90, 0x0, 0x0, 0x3f, 0xf9,
    0xf, 0xfe, 0xef, 0xf5, 0x0, 0x0, 0x3f, 0xf9,
    0xf, 0xfc, 0x4f, 0xff, 0x20, 0x0, 0x3f, 0xf9,
    0xf, 0xfc, 0x8, 0xff, 0xd0, 0x0, 0x3f, 0xf9,
    0xf, 0xfc, 0x0, 0xbf, 0xfa, 0x0, 0x3f, 0xf9,
    0xf, 0xfc, 0x0, 0x1e, 0xff, 0x60, 0x3f, 0xf9,
    0xf, 0xfc, 0x0, 0x3, 0xff, 0xf3, 0x3f, 0xf9,
    0xf, 0xfc, 0x0, 0x0, 0x7f, 0xfe, 0x4f, 0xf9,
    0xf, 0xfc, 0x0, 0x0, 0xa, 0xff, 0xef, 0xf9,
    0xf, 0xfc, 0x0, 0x0, 0x0, 0xdf, 0xff, 0xf9,
    0xf, 0xfc, 0x0, 0x0, 0x0, 0x2f, 0xff, 0xf9,
    0xf, 0xfc, 0x0, 0x0, 0x0, 0x5, 0xff, 0xf9,
    0xf, 0xfc, 0x0, 0x0, 0x0, 0x0, 0x9f, 0xf9,

    /* U+0148 "ň" */
    0x4, 0xff, 0x60, 0x3e, 0xf8, 0x0, 0x0, 0x4f,
    0xf9, 0xff, 0x80, 0x0, 0x0, 0x3, 0xde, 0xe7,
    0x0, 0x0, 0x0, 0x0, 0x0, 0x0, 0x0, 0x0,
    0x8f, 0xf0, 0x6d, 0xfe, 0xb3, 0x0, 0x8f, 0xfa,
    0xff, 0xff, 0xff, 0x40, 0x8f, 0xff, 0xd8, 0x8d,
    0xff, 0xd0, 0x8f, 0xfd, 0x0, 0x0, 0xef, 0xf1,
    0x8f, 0xf6, 0x0, 0x0, 0x8f, 0xf4, 0x8f, 0xf3,
    0x0, 0x0, 0x6f, 0xf4, 0x8f, 0xf2, 0x0, 0x0,
    0x6f, 0xf5, 0x8f, 0xf2, 0x0, 0x0, 0x6f, 0xf5,
    0x8f, 0xf2, 0x0, 0x0, 0x6f, 0xf5, 0x8f, 0xf2,
    0x0, 0x0, 0x6f, 0xf5, 0x8f, 0xf2, 0x0, 0x0,
    0x6f, 0xf5, 0x8f, 0xf2, 0x0, 0x0, 0x6f, 0xf5,

    /* U+014A "Ŋ" */
    0xf, 0xff, 0x40, 0x0, 0x0, 0x0, 0x3f, 0xf9,
    0xf, 0xff, 0xe1, 0x0, 0x0, 0x0, 0x3f, 0xf9,
    0xf, 0xff, 0xfc, 0x0, 0x0, 0x0, 0x3f, 0xf9,
    0xf, 0xff, 0xff, 0x90, 0x0, 0x0, 0x3f, 0xf9,
    0xf, 0xfe, 0xef, 0xf5, 0x0, 0x0, 0x3f, 0xf9,
    0xf, 0xfc, 0x4f, 0xff, 0x20, 0x0, 0x3f, 0xf9,
    0xf, 0xfc, 0x8, 0xff, 0xd0, 0x0, 0x3f, 0xf9,
    0xf, 0xfc, 0x0, 0xbf, 0xfa, 0x0, 0x3f, 0xf9,
    0xf, 0xfc, 0x0, 0x1e, 0xff, 0x60, 0x3f, 0xf9,
    0xf, 0xfc, 0x0, 0x3, 0xff, 0xf3, 0x3f, 0xf9,
    0xf, 0xfc, 0x0, 0x0, 0x7f, 0xfe, 0x4f, 0xf9,
    0xf, 0xfc, 0x0, 0x0, 0xa, 0xff, 0xef, 0xf9,
    0xf, 0xfc, 0x0, 0x0, 0x0, 0xdf, 0xff, 0xf9,
    0xf, 0xfc, 0x0, 0x0, 0x0, 0x2f, 0xff, 0xf9,
    0xf, 0xfc, 0x0, 0x0, 0x0, 0x5, 0xff, 0xf9,
    0xf, 0xfc, 0x0, 0x0, 0x0, 0x0, 0x9f, 0xf9,
    0x0, 0x0, 0x0, 0x0, 0x0, 0x0, 0x2f, 0xf9,
    0x0, 0x0, 0x0, 0x0, 0x0, 0x0, 0x4f, 0xf8,
    0x0, 0x0, 0x0, 0x0, 0x1, 0xb7, 0xdf, 0xf6,
    0x0, 0x0, 0x0, 0x0, 0x8, 0xff, 0xff, 0xd0,
    0x0, 0x0, 0x0, 0x0, 0x7, 0xdf, 0xd9, 0x10,

    /* U+014B "ŋ" */
    0x8f, 0xf0, 0x6d, 0xfe, 0xb3, 0x0, 0x8f, 0xfa,
    0xff, 0xff, 0xff, 0x40, 0x8f, 0xff, 0xd8, 0x8d,
    0xff, 0xd0, 0x8f, 0xfd, 0x0, 0x0, 0xef, 0xf1,
    0x8f, 0xf6, 0x0, 0x0, 0x8f, 0xf4, 0x8f, 0xf3,
    0x0, 0x0, 0x6f, 0xf4, 0x8f, 0xf2, 0x0, 0x0,
    0x6f, 0xf5, 0x8f, 0xf2, 0x0, 0x0, 0x6f, 0xf5,
    0x8f, 0xf2, 0x0, 0x0, 0x6f, 0xf5, 0x8f, 0xf2,
    0x0, 0x0, 0x6f, 0xf5, 0x8f, 0xf2, 0x0, 0x0,
    0x6f, 0xf5, 0x8f, 0xf2, 0x0, 0x0, 0x6f, 0xf5,
    0x0, 0x0, 0x0, 0x0, 0x6f, 0xf5, 0x0, 0x0,
    0x0, 0x0, 0x7f, 0xf4, 0x0, 0x0, 0x4, 0xa7,
    0xef, 0xf1, 0x0, 0x0, 0xc, 0xff, 0xff, 0xa0,
    0x0, 0x0, 0x9, 0xef, 0xd8, 0x0,

    /* U+014C "Ō" */
    0x0, 0x0, 0x4, 0x44, 0x44, 0x44, 0x44, 0x0,
    0x0, 0x0, 0x0, 0x3f, 0xff, 0xff, 0xff, 0xff,
    0x0, 0x0, 0x0, 0x0, 0x3f, 0xff, 0xff, 0xff,
    0xff, 0x0, 0x0, 0x0, 0x0, 0x0, 0x0, 0x0,
    0x0, 0x0, 0x0, 0x0, 0x0, 0x0, 0x0, 0x0,
    0x0, 0x0, 0x0, 0x0, 0x0, 0x0, 0x0, 0x3,
    0x9d, 0xff, 0xec, 0x81, 0x0, 0x0, 0x0, 0x0,
    0x9f, 0xff, 0xff, 0xff, 0xff, 0x70, 0x0, 0x0,
    0xd, 0xff, 0xfd, 0x98, 0xae, 0xff, 0xfa, 0x0,
    0x0, 0xaf, 0xfd, 0x30, 0x0, 0x0, 0x6f, 0xff,
    0x70, 0x4, 0xff, 0xe1, 0x0, 0x0, 0x0, 0x4,
    0xff, 0xf1, 0xb, 0xff, 0x50, 0x0, 0x0, 0x0,
    0x0, 0x9f, 0xf7, 0xe, 0xff, 0x0, 0x0, 0x0,
    0x0, 0x0, 0x3f, 0xfb, 0xf, 0xfd, 0x0, 0x0,
    0x0, 0x0, 0x0, 0x1f, 0xfd, 0xf, 0xfd, 0x0,
    0x0, 0x0, 0x0, 0x0, 0xf, 0xfd, 0xe, 0xff,
    0x0, 0x0, 0x0, 0x0, 0x0, 0x3f, 0xfb, 0xb,
    0xff, 0x50, 0x0, 0x0, 0x0, 0x0, 0x9f, 0xf7,
    0x4, 0xff, 0xe1, 0x0, 0x0, 0x0, 0x3, 0xff,
    0xf2, 0x0, 0xbf, 0xfd, 0x30, 0x0, 0x0, 0x5f,
    0xff, 0x80, 0x0, 0xd, 0xff, 0xfc, 0x98, 0x9d,
    0xff, 0xfb, 0x0, 0x0, 0x0, 0x9f, 0xff, 0xff,
    0xff, 0xff, 0x70, 0x0, 0x0, 0x0, 0x3, 0x9d,
    0xff, 0xfc, 0x82, 0x0, 0x0,

    /* U+014D "ō" */
    0x0, 0xe, 0xff, 0xff, 0xff, 0xb0, 0x0, 0x0,
    0xe, 0xff, 0xff, 0xff, 0xb0, 0x0, 0x0, 0x4,
    0x44, 0x44, 0x44, 0x30, 0x0, 0x0, 0x0, 0x0,
    0x0, 0x0, 0x0, 0x0, 0x0, 0x1, 0x8d, 0xfe,
    0xc7, 0x10, 0x0, 0x0, 0x4e, 0xff, 0xff, 0xff,
    0xe3, 0x0, 0x2, 0xff, 0xfb, 0x77, 0xcf, 0xfe,
    0x10, 0xa, 0xff, 0x70, 0x0, 0x9, 0xff, 0x90,
    0xf, 0xfd, 0x0, 0x0, 0x0, 0xef, 0xe0, 0x2f,
    0xfa, 0x0, 0x0, 0x0, 0xbf, 0xf0, 0x2f, 0xfa,
    0x0, 0x0, 0x0, 0xbf, 0xf0, 0xf, 0xfd, 0x0,
    0x0, 0x0, 0xef, 0xe0, 0xa, 0xff, 0x80, 0x0,
    0x9, 0xff, 0x90, 0x2, 0xff, 0xfc, 0x88, 0xcf,
    0xfe, 0x10, 0x0, 0x4e, 0xff, 0xff, 0xff, 0xe3,
    0x0, 0x0, 0x1, 0x8d, 0xff, 0xd7, 0x10, 0x0,

    /* U+0150 "Ő" */
    0x0, 0x0, 0x0, 0x7, 0xff, 0x60, 0xbf, 0xf3,
    0x0, 0x0, 0x0, 0x0, 0x3f, 0xf8, 0x8, 0xff,
    0x40, 0x0, 0x0, 0x0, 0x1, 0xef, 0xb0, 0x4f,
    0xf6, 0x0, 0x0, 0x0, 0x0, 0x0, 0x22, 0x0,
    0x12, 0x20, 0x0, 0x0, 0x0, 0x0, 0x0, 0x0,
    0x0, 0x0, 0x0, 0x0, 0x0, 0x0, 0x0, 0x3,
    0x9d, 0xff, 0xec, 0x81, 0x0, 0x0, 0x0, 0x0,
    0x9f, 0xff, 0xff, 0xff, 0xff, 0x70, 0x0, 0x0,
    0xd, 0xff, 0xfd, 0x98, 0xae, 0xff, 0xfa, 0x0,
    0x0, 0xaf, 0xfd, 0x30, 0x0, 0x0, 0x6f, 0xff,
    0x70, 0x4, 0xff, 0xe1, 0x0, 0x0, 0x0, 0x4,
    0xff, 0xf1, 0xb, 0xff, 0x50, 0x0, 0x0, 0x0,
    0x0, 0x9f, 0xf7, 0xe, 0xff, 0x0, 0x0, 0x0,
    0x0, 0x0, 0x3f, 0xfb, 0xf, 0xfd, 0x0, 0x0,
    0x0, 0x0, 0x0, 0x1f, 0xfd, 0xf, 0xfd, 0x0,
    0x0, 0x0, 0x0, 0x0, 0xf, 0xfd, 0xe, 0xff,
    0x0, 0x0, 0x0, 0x0, 0x0, 0x3f, 0xfb, 0xb,
    0xff, 0x50, 0x0, 0x0, 0x0, 0x0, 0x9f, 0xf7,
    0x4, 0xff, 0xe1, 0x0, 0x0, 0x0, 0x3, 0xff,
    0xf2, 0x0, 0xbf, 0xfd, 0x30, 0x0, 0x0, 0x5f,
    0xff, 0x80, 0x0, 0xd, 0xff, 0xfc, 0x98, 0x9d,
    0xff, 0xfb, 0x0, 0x0, 0x0, 0x9f, 0xff, 0xff,
    0xff, 0xff, 0x70, 0x0, 0x0, 0x0, 0x3, 0x9d,
    0xff, 0xfc, 0x82, 0x0, 0x0,

    /* U+0151 "ő" */
    0x0, 0x0, 0x1e, 0xfd, 0x13, 0xff, 0xa0, 0x0,
    0x0, 0xbf, 0xe2, 0x1e, 0xfc, 0x0, 0x0, 0x6,
    0xff, 0x40, 0xbf, 0xe1, 0x0, 0x0, 0x2, 0x22,
    0x0, 0x22, 0x10, 0x0, 0x0, 0x1, 0x8d, 0xfe,
    0xc7, 0x10, 0x0, 0x0, 0x4e, 0xff, 0xff, 0xff,
    0xe3, 0x0, 0x2, 0xff, 0xfb, 0x77, 0xcf, 0xfe,
    0x10, 0xa, 0xff, 0x70, 0x0, 0x9, 0xff, 0x90,
    0xf, 0xfd, 0x0, 0x0, 0x0, 0xef, 0xe0, 0x2f,
    0xfa, 0x0, 0x0, 0x0, 0xbf, 0xf0, 0x2f, 0xfa,
    0x0, 0x0, 0x0, 0xbf, 0xf0, 0xf, 0xfd, 0x0,
    0x0, 0x0, 0xef, 0xe0, 0xa, 0xff, 0x80, 0x0,
    0x9, 0xff, 0x90, 0x2, 0xff, 0xfc, 0x88, 0xcf,
    0xfe, 0x10, 0x0, 0x4e, 0xff, 0xff, 0xff, 0xe3,
    0x0, 0x0, 0x1, 0x8d, 0xff, 0xd7, 0x10, 0x0,

    /* U+0152 "Œ" */
    0x0, 0x0, 0x3, 0x9d, 0xff, 0xeb, 0x60, 0x4f,
    0xff, 0xff, 0xff, 0xff, 0xf1, 0x0, 0x0, 0x9f,
    0xff, 0xff, 0xff, 0xfd, 0x7f, 0xff, 0xff, 0xff,
    0xff, 0xf1, 0x0, 0xd, 0xff, 0xfd, 0xa9, 0xae,
    0xff, 0xff, 0xfc, 0x88, 0x88, 0x88, 0x80, 0x0,
    0xaf, 0xfe, 0x40, 0x0, 0x0, 0x7f, 0xff, 0xf8,
    0x0, 0x0, 0x0, 0x0, 0x4, 0xff, 0xe2, 0x0,
    0x0, 0x0, 0x6, 0xff, 0xf8, 0x0, 0x0, 0x0,
    0x0, 0xa, 0xff, 0x60, 0x0, 0x0, 0x0, 0x0,
    0xcf, 0xf8, 0x0, 0x0, 0x0, 0x0, 0xe, 0xff,
    0x0, 0x0, 0x0, 0x0, 0x0, 0x7f, 0xff, 0xff,
    0xff, 0xff, 0x30, 0xf, 0xfe, 0x0, 0x0, 0x0,
    0x0, 0x0, 0x4f, 0xff, 0xff, 0xff, 0xff, 0x30,
    0xf, 0xfe, 0x0, 0x0, 0x0, 0x0, 0x0, 0x4f,
    0xfb, 0x77, 0x77, 0x77, 0x10, 0xe, 0xff, 0x10,
    0x0, 0x0, 0x0, 0x0, 0x6f, 0xf8, 0x0, 0x0,
    0x0, 0x0, 0xb, 0xff, 0x60, 0x0, 0x0, 0x0,
    0x0, 0xbf, 0xf8, 0x0, 0x0, 0x0, 0x0, 0x4,
    0xff, 0xf2, 0x0, 0x0, 0x0, 0x5, 0xff, 0xf8,
    0x0, 0x0, 0x0, 0x0, 0x0, 0xaf, 0xfe, 0x40,
    0x0, 0x0, 0x6f, 0xff, 0xf8, 0x0, 0x0, 0x0,
    0x0, 0x0, 0xd, 0xff, 0xfd, 0xa8, 0xae, 0xff,
    0xff, 0xfc, 0x77, 0x77, 0x77, 0x71, 0x0, 0x0,
    0x9f, 0xff, 0xff, 0xff, 0xfe, 0x7f, 0xff, 0xff,
    0xff, 0xff, 0xf2, 0x0, 0x0, 0x3, 0x9d, 0xff,
    0xeb, 0x60, 0x4f, 0xff, 0xff, 0xff, 0xff, 0xf2,

    /* U+0153 "œ" */
    0x0, 0x1, 0x8d, 0xfe, 0xc7, 0x10, 0x0, 0x4a,
    0xef, 0xea, 0x30, 0x0, 0x0, 0x4e, 0xff, 0xff,
    0xff, 0xe3, 0x9, 0xff, 0xff, 0xff, 0xf6, 0x0,
    0x2, 0xff, 0xfb, 0x77, 0xcf, 0xfe, 0xaf, 0xfd,
    0x86, 0x8e, 0xff, 0x30, 0xa, 0xff, 0x70, 0x0,
    0x9, 0xff, 0xff, 0x90, 0x0, 0x1, 0xef, 0xb0,
    0xf, 0xfd, 0x0, 0x0, 0x0, 0xef, 0xff, 0xff,
    0xff, 0xff, 0xff, 0xf0, 0x2f, 0xfa, 0x0, 0x0,
    0x0, 0xbf, 0xff, 0xff, 0xff, 0xff, 0xff, 0xf2,
    0x2f, 0xfa, 0x0, 0x0, 0x0, 0xbf, 0xff, 0x40,
    0x0, 0x0, 0x0, 0x0, 0xf, 0xfd, 0x0, 0x0,
    0x0, 0xef, 0xff, 0x80, 0x0, 0x0, 0x20, 0x0,
    0xa, 0xff, 0x80, 0x0, 0x9, 0xff, 0xff, 0xf3,
    0x0, 0x1, 0xee, 0x60, 0x2, 0xff, 0xfc, 0x88,
    0xcf, 0xfe, 0xaf, 0xff, 0xa7, 0x8e, 0xff, 0x70,
    0x0, 0x4e, 0xff, 0xff, 0xff, 0xe3, 0xa, 0xff,
    0xff, 0xff, 0xf9, 0x0, 0x0, 0x1, 0x8d, 0xff,
    0xd7, 0x10, 0x0, 0x4b, 0xef, 0xea, 0x40, 0x0,

    /* U+0154 "Ŕ" */
    0x0, 0x0, 0x0, 0x28, 0x86, 0x0, 0x0, 0x0,
    0x0, 0x1, 0xef, 0xe2, 0x0, 0x0, 0x0, 0x0,
    0x1d, 0xfd, 0x20, 0x0, 0x0, 0x0, 0x0, 0x48,
    0x71, 0x0, 0x0, 0x0, 0x0, 0x0, 0x0, 0x0,
    0x0, 0x0, 0x0, 0xf, 0xff, 0xff, 0xff, 0xd8,
    0x10, 0x0, 0xf, 0xff, 0xff, 0xff, 0xff, 0xe4,
    0x0, 0xf, 0xfe, 0x88, 0x89, 0xef, 0xff, 0x10,
    0xf, 0xfc, 0x0, 0x0, 0xb, 0xff, 0x80, 0xf,
    0xfc, 0x0, 0x0, 0x2, 0xff, 0xb0, 0xf, 0xfc,
    0x0, 0x0, 0x2, 0xff, 0xb0, 0xf, 0xfc, 0x0,
    0x0, 0xa, 0xff, 0x70, 0xf, 0xfe, 0x88, 0x89,
    0xdf, 0xfe, 0x0, 0xf, 0xff, 0xff, 0xff, 0xff,
    0xd2, 0x0, 0xf, 0xff, 0xff, 0xff, 0xfb, 0x0,
    0x0, 0xf, 0xfc, 0x0, 0x1e, 0xff, 0x20, 0x0,
    0xf, 0xfc, 0x0, 0x6, 0xff, 0xb0, 0x0, 0xf,
    0xfc, 0x0, 0x0, 0xcf, 0xf5, 0x0, 0xf, 0xfc,
    0x0, 0x0, 0x3f, 0xfe, 0x0, 0xf, 0xfc, 0x0,
    0x0, 0x9, 0xff, 0x80, 0xf, 0xfc, 0x0, 0x0,
    0x1, 0xef, 0xf2,

    /* U+0155 "ŕ" */
    0x0, 0x8, 0xff, 0x80, 0x0, 0x9f, 0xf6, 0x0,
    0x5, 0xbb, 0x40, 0x0, 0x0, 0x0, 0x0, 0x0,
    0x8f, 0xf2, 0x2a, 0xe6, 0x8f, 0xf7, 0xff, 0xf6,
    0x8f, 0xff, 0xfb, 0x83, 0x8f, 0xfe, 0x30, 0x0,
    0x8f, 0xf6, 0x0, 0x0, 0x8f, 0xf3, 0x0, 0x0,
    0x8f, 0xf2, 0x0, 0x0, 0x8f, 0xf2, 0x0, 0x0,
    0x8f, 0xf2, 0x0, 0x0, 0x8f, 0xf2, 0x0, 0x0,
    0x8f, 0xf2, 0x0, 0x0, 0x8f, 0xf2, 0x0, 0x0,

    /* U+0156 "Ŗ" */
    0xf, 0xff, 0xff, 0xff, 0xc7, 0x10, 0x0, 0xf,
    0xff, 0xff, 0xff, 0xff, 0xe3, 0x0, 0xf, 0xfe,
    0x88, 0x89, 0xef, 0xfe, 0x10, 0xf, 0xfc, 0x0,
    0x0, 0xc, 0xff, 0x70, 0xf, 0xfc, 0x0, 0x0,
    0x3, 0xff, 0xa0, 0xf, 0xfc, 0x0, 0x0, 0x2,
    0xff, 0xb0, 0xf, 0xfc, 0x0, 0x0, 0x6, 0xff,
    0x90, 0xf, 0xfc, 0x0, 0x1, 0x6f, 0xff, 0x20,
    0xf, 0xff, 0xff, 0xff, 0xff, 0xf7, 0x0, 0xf,
    0xff, 0xff, 0xff, 0xfe, 0x60, 0x0, 0xf, 0xfe,
    0x88, 0x9f, 0xfc, 0x0, 0x0, 0xf, 0xfc, 0x0,
    0xa, 0xff, 0x70, 0x0, 0xf, 0xfc, 0x0, 0x1,
    0xef, 0xf2, 0x0, 0xf, 0xfc, 0x0, 0x0, 0x5f,
    0xfc, 0x0, 0xf, 0xfc, 0x0, 0x0, 0xa, 0xff,
    0x70, 0xf, 0xfc, 0x0, 0x0, 0x1, 0xef, 0xf2,
    0x0, 0x0, 0x0, 0x0, 0x0, 0x0, 0x0, 0x0,
    0x0, 0x3, 0x66, 0x0, 0x0, 0x0, 0x0, 0x0,
    0xd, 0xfb, 0x0, 0x0, 0x0, 0x0, 0x0, 0x2f,
    0xf3, 0x0, 0x0, 0x0, 0x0, 0x0, 0x7f, 0xb0,
    0x0, 0x0, 0x0,

    /* U+0157 "ŗ" */
    0x8f, 0xf2, 0x2a, 0xe6, 0x8f, 0xf7, 0xff, 0xf6,
    0x8f, 0xff, 0xfb, 0x83, 0x8f, 0xfe, 0x30, 0x0,
    0x8f, 0xf6, 0x0, 0x0, 0x8f, 0xf3, 0x0, 0x0,
    0x8f, 0xf2, 0x0, 0x0, 0x8f, 0xf2, 0x0, 0x0,
    0x8f, 0xf2, 0x0, 0x0, 0x8f, 0xf2, 0x0, 0x0,
    0x8f, 0xf2, 0x0, 0x0, 0x8f, 0xf2, 0x0, 0x0,
    0x0, 0x0, 0x0, 0x0, 0x5, 0x65, 0x0, 0x0,
    0x1f, 0xf8, 0x0, 0x0, 0x5f, 0xf1, 0x0, 0x0,
    0xaf, 0x80, 0x0, 0x0,

    /* U+0158 "Ř" */
    0x1, 0x78, 0x30, 0x3, 0x87, 0x10, 0x0, 0x0,
    0x7f, 0xf4, 0x4f, 0xf6, 0x0, 0x0, 0x0, 0x7,
    0xff, 0xff, 0x70, 0x0, 0x0, 0x0, 0x0, 0x58,
    0x85, 0x0, 0x0, 0x0, 0x0, 0x0, 0x0, 0x0,
    0x0, 0x0, 0x0, 0xf, 0xff, 0xff, 0xff, 0xd8,
    0x10, 0x0, 0xf, 0xff, 0xff, 0xff, 0xff, 0xe4,
    0x0, 0xf, 0xfe, 0x88, 0x89, 0xef, 0xff, 0x10,
    0xf, 0xfc, 0x0, 0x0, 0xb, 0xff, 0x80, 0xf,
    0xfc, 0x0, 0x0, 0x2, 0xff, 0xb0, 0xf, 0xfc,
    0x0, 0x0, 0x2, 0xff, 0xb0, 0xf, 0xfc, 0x0,
    0x0, 0xa, 0xff, 0x70, 0xf, 0xfe, 0x88, 0x89,
    0xdf, 0xfe, 0x0, 0xf, 0xff, 0xff, 0xff, 0xff,
    0xd2, 0x0, 0xf, 0xff, 0xff, 0xff, 0xfb, 0x0,
    0x0, 0xf, 0xfc, 0x0, 0x1e, 0xff, 0x20, 0x0,
    0xf, 0xfc, 0x0, 0x6, 0xff, 0xb0, 0x0, 0xf,
    0xfc, 0x0, 0x0, 0xcf, 0xf5, 0x0, 0xf, 0xfc,
    0x0, 0x0, 0x3f, 0xfe, 0x0, 0xf, 0xfc, 0x0,
    0x0, 0x9, 0xff, 0x80, 0xf, 0xfc, 0x0, 0x0,
    0x1, 0xef, 0xf2,

    /* U+0159 "ř" */
    0x1c, 0xfb, 0x0, 0xbf, 0xc1, 0x0, 0xbf, 0xdd,
    0xfb, 0x0, 0x0, 0x9, 0xbb, 0x90, 0x0, 0x0,
    0x0, 0x0, 0x0, 0x0, 0x0, 0x8f, 0xf2, 0x2a,
    0xe6, 0x0, 0x8f, 0xf7, 0xff, 0xf6, 0x0, 0x8f,
    0xff, 0xfb, 0x83, 0x0, 0x8f, 0xfe, 0x30, 0x0,
    0x0, 0x8f, 0xf6, 0x0, 0x0, 0x0, 0x8f, 0xf3,
    0x0, 0x0, 0x0, 0x8f, 0xf2, 0x0, 0x0, 0x0,
    0x8f, 0xf2, 0x0, 0x0, 0x0, 0x8f, 0xf2, 0x0,
    0x0, 0x0, 0x8f, 0xf2, 0x0, 0x0, 0x0, 0x8f,
    0xf2, 0x0, 0x0, 0x0, 0x8f, 0xf2, 0x0, 0x0,

    /* U+015A "Ś" */
    0x0, 0x0, 0x0, 0x2e, 0xfe, 0x20, 0x0, 0x0,
    0x0, 0x1d, 0xfd, 0x20, 0x0, 0x0, 0x0, 0x1d,
    0xfd, 0x10, 0x0, 0x0, 0x0, 0x0, 0x0, 0x0,
    0x0, 0x0, 0x0, 0x0, 0x0, 0x0, 0x0, 0x0,
    0x0, 0x1, 0x8c, 0xef, 0xfc, 0x70, 0x0, 0x3,
    0xef, 0xff, 0xff, 0xff, 0xd1, 0x0, 0xef, 0xfd,
    0x76, 0x8e, 0xff, 0xd0, 0x4f, 0xfd, 0x0, 0x0,
    0xc, 0xfe, 0x45, 0xff, 0x80, 0x0, 0x0, 0x12,
    0x0, 0x4f, 0xfc, 0x0, 0x0, 0x0, 0x0, 0x0,
    0xdf, 0xfd, 0x73, 0x0, 0x0, 0x0, 0x1, 0xbf,
    0xff, 0xff, 0xa5, 0x0, 0x0, 0x0, 0x49, 0xef,
    0xff, 0xfb, 0x10, 0x0, 0x0, 0x0, 0x16, 0xdf,
    0xfd, 0x0, 0x0, 0x0, 0x0, 0x0, 0xbf, 0xf5,
    0x0, 0x40, 0x0, 0x0, 0x6, 0xff, 0x8a, 0xff,
    0x70, 0x0, 0x0, 0xbf, 0xf6, 0x5f, 0xff, 0xc7,
    0x68, 0xdf, 0xff, 0x10, 0x6f, 0xff, 0xff, 0xff,
    0xff, 0x40, 0x0, 0x17, 0xce, 0xff, 0xc8, 0x10,
    0x0,

    /* U+015B "ś" */
    0x0, 0x0, 0x0, 0xaf, 0xf6, 0x0, 0x0, 0x0,
    0x9f, 0xf5, 0x0, 0x0, 0x0, 0x7e, 0xd4, 0x0,
    0x0, 0x0, 0x0, 0x0, 0x0, 0x0, 0x0, 0x18,
    0xdf, 0xec, 0x60, 0x0, 0xd, 0xff, 0xff, 0xff,
    0xc0, 0x6, 0xff, 0xc5, 0x6b, 0xfe, 0x30, 0x8f,
    0xf3, 0x0, 0x5, 0x0, 0x5, 0xff, 0xd6, 0x20,
    0x0, 0x0, 0xa, 0xff, 0xff, 0xe7, 0x0, 0x0,
    0x5, 0xbf, 0xff, 0xfa, 0x0, 0x0, 0x0, 0x15,
    0xcf, 0xf4, 0x2, 0x86, 0x0, 0x3, 0xff, 0x70,
    0xef, 0xfa, 0x56, 0xcf, 0xf5, 0x3, 0xef, 0xff,
    0xff, 0xfb, 0x0, 0x1, 0x8d, 0xff, 0xc7, 0x0,

    /* U+015C "Ŝ" */
    0x0, 0x0, 0x18, 0x87, 0x10, 0x0, 0x0, 0x0,
    0xc, 0xff, 0xfb, 0x0, 0x0, 0x0, 0xa, 0xfe,
    0x6f, 0xf9, 0x0, 0x0, 0x8, 0xfe, 0x30, 0x3f,
    0xf7, 0x0, 0x0, 0x0, 0x0, 0x0, 0x0, 0x0,
    0x0, 0x0, 0x0, 0x0, 0x0, 0x0, 0x0, 0x0,
    0x18, 0xce, 0xff, 0xc7, 0x0, 0x0, 0x3e, 0xff,
    0xff, 0xff, 0xfd, 0x10, 0xe, 0xff, 0xd7, 0x68,
    0xef, 0xfd, 0x4, 0xff, 0xd0, 0x0, 0x0, 0xcf,
    0xe4, 0x5f, 0xf8, 0x0, 0x0, 0x1, 0x20, 0x4,
    0xff, 0xc0, 0x0, 0x0, 0x0, 0x0, 0xd, 0xff,
    0xd7, 0x30, 0x0, 0x0, 0x0, 0x1b, 0xff, 0xff,
    0xfa, 0x50, 0x0, 0x0, 0x4, 0x9e, 0xff, 0xff,
    0xb1, 0x0, 0x0, 0x0, 0x1, 0x6d, 0xff, 0xd0,
    0x0, 0x0, 0x0, 0x0, 0xb, 0xff, 0x50, 0x4,
    0x0, 0x0, 0x0, 0x6f, 0xf8, 0xaf, 0xf7, 0x0,
    0x0, 0xb, 0xff, 0x65, 0xff, 0xfc, 0x76, 0x8d,
    0xff, 0xf1, 0x6, 0xff, 0xff, 0xff, 0xff, 0xf4,
    0x0, 0x1, 0x7c, 0xef, 0xfc, 0x81, 0x0,

    /* U+015D "ŝ" */
    0x0, 0x3, 0xef, 0xfc, 0x10, 0x0, 0x4, 0xff,
    0x9b, 0xfd, 0x20, 0x2, 0xab, 0x50, 0x8, 0xb9,
    0x0, 0x0, 0x0, 0x0, 0x0, 0x0, 0x0, 0x18,
    0xdf, 0xec, 0x60, 0x0, 0xd, 0xff, 0xff, 0xff,
    0xc0, 0x6, 0xff, 0xc5, 0x6b, 0xfe, 0x30, 0x8f,
    0xf3, 0x0, 0x5, 0x0, 0x5, 0xff, 0xd6, 0x20,
    0x0, 0x0, 0xa, 0xff, 0xff, 0xe7, 0x0, 0x0,
    0x5, 0xbf, 0xff, 0xfa, 0x0, 0x0, 0x0, 0x15,
    0xcf, 0xf4, 0x2, 0x86, 0x0, 0x3, 0xff, 0x70,
    0xef, 0xfa, 0x56, 0xcf, 0xf5, 0x3, 0xef, 0xff,
    0xff, 0xfb, 0x0, 0x1, 0x8d, 0xff, 0xc7, 0x0,

    /* U+015E "Ş" */
    0x0, 0x18, 0xce, 0xff, 0xc7, 0x0, 0x0, 0x3e,
    0xff, 0xff, 0xff, 0xfd, 0x10, 0xe, 0xff, 0xd7,
    0x68, 0xef, 0xfd, 0x4, 0xff, 0xd0, 0x0, 0x0,
    0xcf, 0xe4, 0x5f, 0xf8, 0x0, 0x0, 0x1, 0x20,
    0x4, 0xff, 0xc0, 0x0, 0x0, 0x0, 0x0, 0xd,
    0xff, 0xd7, 0x30, 0x0, 0x0, 0x0, 0x1b, 0xff,
    0xff, 0xfa, 0x50, 0x0, 0x0, 0x4, 0x9e, 0xff,
    0xff, 0xb1, 0x0, 0x0, 0x0, 0x1, 0x6d, 0xff,
    0xd0, 0x0, 0x0, 0x0, 0x0, 0xb, 0xff, 0x50,
    0x4, 0x0, 0x0, 0x0, 0x6f, 0xf8, 0xaf, 0xf7,
    0x0, 0x0, 0xb, 0xff, 0x65, 0xff, 0xfc, 0x76,
    0x8d, 0xff, 0xf1, 0x6, 0xff, 0xff, 0xff, 0xff,
    0xf4, 0x0, 0x1, 0x7c, 0xff, 0xfc, 0x81, 0x0,
    0x0, 0x0, 0x1f, 0xc1, 0x0, 0x0, 0x0, 0x0,
    0x2, 0xbf, 0xd0, 0x0, 0x0, 0x0, 0x0, 0x0,
    0xdf, 0x30, 0x0, 0x0, 0x0, 0x6b, 0xaf, 0xf1,
    0x0, 0x0, 0x0, 0x5, 0xdf, 0xd5, 0x0, 0x0,
    0x0,

    /* U+015F "ş" */
    0x0, 0x18, 0xdf, 0xec, 0x60, 0x0, 0xd, 0xff,
    0xff, 0xff, 0xc0, 0x6, 0xff, 0xc5, 0x6b, 0xfe,
    0x30, 0x8f, 0xf3, 0x0, 0x5, 0x0, 0x5, 0xff,
    0xd6, 0x20, 0x0, 0x0, 0xa, 0xff, 0xff, 0xe7,
    0x0, 0x0, 0x5, 0xbf, 0xff, 0xfa, 0x0, 0x0,
    0x0, 0x15, 0xcf, 0xf4, 0x2, 0x86, 0x0, 0x3,
    0xff, 0x70, 0xef, 0xfa, 0x56, 0xcf, 0xf5, 0x3,
    0xef, 0xff, 0xff, 0xfb, 0x0, 0x1, 0x8f, 0xff,
    0xc7, 0x0, 0x0, 0x0, 0xbf, 0x40, 0x0, 0x0,
    0x0, 0x8, 0xff, 0x30, 0x0, 0x0, 0x0, 0x7,
    0xf9, 0x0, 0x0, 0x1, 0xd9, 0xdf, 0x60, 0x0,
    0x0, 0x1b, 0xfe, 0x90, 0x0, 0x0,

    /* U+0160 "Š" */
    0x0, 0x7f, 0xf3, 0x4, 0xff, 0x60, 0x0, 0x0,
    0x7f, 0xf8, 0xff, 0x60, 0x0, 0x0, 0x0, 0x7f,
    0xff, 0x60, 0x0, 0x0, 0x0, 0x0, 0x0, 0x0,
    0x0, 0x0, 0x0, 0x0, 0x0, 0x0, 0x0, 0x0,
    0x0, 0x1, 0x8c, 0xef, 0xfc, 0x70, 0x0, 0x3,
    0xef, 0xff, 0xff, 0xff, 0xd1, 0x0, 0xef, 0xfd,
    0x76, 0x8e, 0xff, 0xd0, 0x4f, 0xfd, 0x0, 0x0,
    0xc, 0xfe, 0x45, 0xff, 0x80, 0x0, 0x0, 0x12,
    0x0, 0x4f, 0xfc, 0x0, 0x0, 0x0, 0x0, 0x0,
    0xdf, 0xfd, 0x73, 0x0, 0x0, 0x0, 0x1, 0xbf,
    0xff, 0xff, 0xa5, 0x0, 0x0, 0x0, 0x49, 0xef,
    0xff, 0xfb, 0x10, 0x0, 0x0, 0x0, 0x16, 0xdf,
    0xfd, 0x0, 0x0, 0x0, 0x0, 0x0, 0xbf, 0xf5,
    0x0, 0x40, 0x0, 0x0, 0x6, 0xff, 0x8a, 0xff,
    0x70, 0x0, 0x0, 0xbf, 0xf6, 0x5f, 0xff, 0xc7,
    0x68, 0xdf, 0xff, 0x10, 0x6f, 0xff, 0xff, 0xff,
    0xff, 0x40, 0x0, 0x17, 0xce, 0xff, 0xc8, 0x10,
    0x0,

    /* U+0161 "š" */
    0x2, 0xef, 0x90, 0x1c, 0xfb, 0x0, 0x1, 0xdf,
    0xbd, 0xfb, 0x0, 0x0, 0x1, 0xce, 0xea, 0x0,
    0x0, 0x0, 0x0, 0x0, 0x0, 0x0, 0x0, 0x18,
    0xdf, 0xec, 0x60, 0x0, 0xd, 0xff, 0xff, 0xff,
    0xc0, 0x6, 0xff, 0xc5, 0x6b, 0xfe, 0x30, 0x8f,
    0xf3, 0x0, 0x5, 0x0, 0x5, 0xff, 0xd6, 0x20,
    0x0, 0x0, 0xa, 0xff, 0xff, 0xe7, 0x0, 0x0,
    0x5, 0xbf, 0xff, 0xfa, 0x0, 0x0, 0x0, 0x15,
    0xcf, 0xf4, 0x2, 0x86, 0x0, 0x3, 0xff, 0x70,
    0xef, 0xfa, 0x56, 0xcf, 0xf5, 0x3, 0xef, 0xff,
    0xff, 0xfb, 0x0, 0x1, 0x8d, 0xff, 0xc7, 0x0,

    /* U+0164 "Ť" */
    0x0, 0x38, 0x71, 0x0, 0x58, 0x70, 0x0, 0x0,
    0xa, 0xfe, 0x27, 0xff, 0x40, 0x0, 0x0, 0x0,
    0xaf, 0xff, 0xf4, 0x0, 0x0, 0x0, 0x0, 0x7,
    0x88, 0x30, 0x0, 0x0, 0x0, 0x0, 0x0, 0x0,
    0x0, 0x0, 0x0, 0xbf, 0xff, 0xff, 0xff, 0xff,
    0xff, 0xf6, 0xbf, 0xff, 0xff, 0xff, 0xff, 0xff,
    0xf6, 0x58, 0x88, 0x8c, 0xff, 0xa8, 0x88, 0x83,
    0x0, 0x0, 0x8, 0xff, 0x40, 0x0, 0x0, 0x0,
    0x0, 0x8, 0xff, 0x40, 0x0, 0x0, 0x0, 0x0,
    0x8, 0xff, 0x40, 0x0, 0x0, 0x0, 0x0, 0x8,
    0xff, 0x40, 0x0, 0x0, 0x0, 0x0, 0x8, 0xff,
    0x40, 0x0, 0x0, 0x0, 0x0, 0x8, 0xff, 0x40,
    0x0, 0x0, 0x0, 0x0, 0x8, 0xff, 0x40, 0x0,
    0x0, 0x0, 0x0, 0x8, 0xff, 0x40, 0x0, 0x0,
    0x0, 0x0, 0x8, 0xff, 0x40, 0x0, 0x0, 0x0,
    0x0, 0x8, 0xff, 0x40, 0x0, 0x0, 0x0, 0x0,
    0x8, 0xff, 0x40, 0x0, 0x0, 0x0, 0x0, 0x8,
    0xff, 0x40, 0x0, 0x0, 0x0, 0x0, 0x8, 0xff,
    0x40, 0x0, 0x0,

    /* U+0165 "ť" */
    0x0, 0x0, 0x0, 0x3f, 0xf3, 0x0, 0x6a, 0xa0,
    0x8f, 0xd0, 0x0, 0xaf, 0xf0, 0xdf, 0x60, 0x0,
    0xaf, 0xf0, 0x77, 0x0, 0x9f, 0xff, 0xff, 0xff,
    0x40, 0x9f, 0xff, 0xff, 0xff, 0x40, 0x24, 0xbf,
    0xf4, 0x44, 0x10, 0x0, 0xaf, 0xf0, 0x0, 0x0,
    0x0, 0xaf, 0xf0, 0x0, 0x0, 0x0, 0xaf, 0xf0,
    0x0, 0x0, 0x0, 0xaf, 0xf0, 0x0, 0x0, 0x0,
    0xaf, 0xf0, 0x0, 0x0, 0x0, 0x9f, 0xf2, 0x0,
    0x0, 0x0, 0x7f, 0xfc, 0x7a, 0x0, 0x0, 0x1e,
    0xff, 0xff, 0x70, 0x0, 0x2, 0xae, 0xfb, 0x30,

    /* U+016A "Ū" */
    0x0, 0x1, 0x44, 0x44, 0x44, 0x41, 0x0, 0x0,
    0x0, 0x5f, 0xff, 0xff, 0xff, 0x40, 0x0, 0x0,
    0x5, 0xff, 0xff, 0xff, 0xf4, 0x0, 0x0, 0x0,
    0x0, 0x0, 0x0, 0x0, 0x0, 0x0, 0x0, 0x0,
    0x0, 0x0, 0x0, 0x0, 0x0, 0x4, 0xff, 0x80,
    0x0, 0x0, 0x0, 0x9f, 0xf2, 0x4f, 0xf8, 0x0,
    0x0, 0x0, 0x9, 0xff, 0x24, 0xff, 0x80, 0x0,
    0x0, 0x0, 0x9f, 0xf2, 0x4f, 0xf8, 0x0, 0x0,
    0x0, 0x9, 0xff, 0x24, 0xff, 0x80, 0x0, 0x0,
    0x0, 0x9f, 0xf2, 0x4f, 0xf8, 0x0, 0x0, 0x0,
    0x9, 0xff, 0x24, 0xff, 0x80, 0x0, 0x0, 0x0,
    0x9f, 0xf2, 0x4f, 0xf8, 0x0, 0x0, 0x0, 0x9,
    0xff, 0x24, 0xff, 0x80, 0x0, 0x0, 0x0, 0x9f,
    0xf2, 0x3f, 0xf8, 0x0, 0x0, 0x0, 0x9, 0xff,
    0x22, 0xff, 0x90, 0x0, 0x0, 0x0, 0xaf, 0xf1,
    0xf, 0xfe, 0x0, 0x0, 0x0, 0xe, 0xff, 0x0,
    0xbf, 0xfa, 0x10, 0x0, 0x1b, 0xff, 0x90, 0x2,
    0xff, 0xfe, 0xa8, 0xaf, 0xff, 0xe1, 0x0, 0x4,
    0xef, 0xff, 0xff, 0xff, 0xd3, 0x0, 0x0, 0x1,
    0x7c, 0xef, 0xeb, 0x60, 0x0, 0x0,

    /* U+016B "ū" */
    0x1, 0xff, 0xff, 0xff, 0xf9, 0x0, 0x1, 0xff,
    0xff, 0xff, 0xf9, 0x0, 0x0, 0x44, 0x44, 0x44,
    0x42, 0x0, 0x0, 0x0, 0x0, 0x0, 0x0, 0x0,
    0xcf, 0xe0, 0x0, 0x0, 0x9f, 0xf0, 0xcf, 0xe0,
    0x0, 0x0, 0x9f, 0xf0, 0xcf, 0xe0, 0x0, 0x0,
    0x9f, 0xf0, 0xcf, 0xe0, 0x0, 0x0, 0x9f, 0xf0,
    0xcf, 0xe0, 0x0, 0x0, 0x9f, 0xf0, 0xcf, 0xe0,
    0x0, 0x0, 0x9f, 0xf0, 0xcf, 0xe0, 0x0, 0x0,
    0xaf, 0xf0, 0xbf, 0xf0, 0x0, 0x0, 0xdf, 0xf0,
    0x9f, 0xf7, 0x0, 0x5, 0xff, 0xf0, 0x4f, 0xff,
    0xa7, 0xaf, 0xff, 0xf0, 0xb, 0xff, 0xff, 0xff,
    0xbf, 0xf0, 0x0, 0x7d, 0xfe, 0xa2, 0x8f, 0xf0,

    /* U+016C "Ŭ" */
    0x0, 0xc, 0xfd, 0x10, 0x2e, 0xfa, 0x0, 0x0,
    0x0, 0x4f, 0xff, 0xff, 0xff, 0x30, 0x0, 0x0,
    0x0, 0x3b, 0xef, 0xea, 0x30, 0x0, 0x0, 0x0,
    0x0, 0x0, 0x0, 0x0, 0x0, 0x0, 0x0, 0x0,
    0x0, 0x0, 0x0, 0x0, 0x0, 0x4, 0xff, 0x80,
    0x0, 0x0, 0x0, 0x9f, 0xf2, 0x4f, 0xf8, 0x0,
    0x0, 0x0, 0x9, 0xff, 0x24, 0xff, 0x80, 0x0,
    0x0, 0x0, 0x9f, 0xf2, 0x4f, 0xf8, 0x0, 0x0,
    0x0, 0x9, 0xff, 0x24, 0xff, 0x80, 0x0, 0x0,
    0x0, 0x9f, 0xf2, 0x4f, 0xf8, 0x0, 0x0, 0x0,
    0x9, 0xff, 0x24, 0xff, 0x80, 0x0, 0x0, 0x0,
    0x9f, 0xf2, 0x4f, 0xf8, 0x0, 0x0, 0x0, 0x9,
    0xff, 0x24, 0xff, 0x80, 0x0, 0x0, 0x0, 0x9f,
    0xf2, 0x3f, 0xf8, 0x0, 0x0, 0x0, 0x9, 0xff,
    0x22, 0xff, 0x90, 0x0, 0x0, 0x0, 0xaf, 0xf1,
    0xf, 0xfe, 0x0, 0x0, 0x0, 0xe, 0xff, 0x0,
    0xbf, 0xfa, 0x10, 0x0, 0x1b, 0xff, 0x90, 0x2,
    0xff, 0xfe, 0xa8, 0xaf, 0xff, 0xe1, 0x0, 0x4,
    0xef, 0xff, 0xff, 0xff, 0xd3, 0x0, 0x0, 0x1,
    0x7c, 0xef, 0xeb, 0x60, 0x0, 0x0,

    /* U+016D "ŭ" */
    0x7, 0xff, 0x40, 0x1b, 0xff, 0x0, 0x1, 0xef,
    0xff, 0xff, 0xf7, 0x0, 0x0, 0x18, 0xce, 0xda,
    0x40, 0x0, 0x0, 0x0, 0x0, 0x0, 0x0, 0x0,
    0xcf, 0xe0, 0x0, 0x0, 0x9f, 0xf0, 0xcf, 0xe0,
    0x0, 0x0, 0x9f, 0xf0, 0xcf, 0xe0, 0x0, 0x0,
    0x9f, 0xf0, 0xcf, 0xe0, 0x0, 0x0, 0x9f, 0xf0,
    0xcf, 0xe0, 0x0, 0x0, 0x9f, 0xf0, 0xcf, 0xe0,
    0x0, 0x0, 0x9f, 0xf0, 0xcf, 0xe0, 0x0, 0x0,
    0xaf, 0xf0, 0xbf, 0xf0, 0x0, 0x0, 0xdf, 0xf0,
    0x9f, 0xf7, 0x0, 0x5, 0xff, 0xf0, 0x4f, 0xff,
    0xa7, 0xaf, 0xff, 0xf0, 0xb, 0xff, 0xff, 0xff,
    0xbf, 0xf0, 0x0, 0x7d, 0xfe, 0xa2, 0x8f, 0xf0,

    /* U+016E "Ů" */
    0x0, 0x0, 0x3, 0xcf, 0xc2, 0x0, 0x0, 0x0,
    0x0, 0x0, 0xef, 0xaf, 0xd0, 0x0, 0x0, 0x0,
    0x0, 0x1f, 0xb1, 0xdf, 0x0, 0x0, 0x0, 0x0,
    0x0, 0xbf, 0xff, 0x90, 0x0, 0x0, 0x0, 0x0,
    0x0, 0x68, 0x60, 0x0, 0x0, 0x0, 0x0, 0x0,
    0x0, 0x0, 0x0, 0x0, 0x0, 0x4f, 0xf8, 0x0,
    0x0, 0x0, 0x9, 0xff, 0x24, 0xff, 0x80, 0x0,
    0x0, 0x0, 0x9f, 0xf2, 0x4f, 0xf8, 0x0, 0x0,
    0x0, 0x9, 0xff, 0x24, 0xff, 0x80, 0x0, 0x0,
    0x0, 0x9f, 0xf2, 0x4f, 0xf8, 0x0, 0x0, 0x0,
    0x9, 0xff, 0x24, 0xff, 0x80, 0x0, 0x0, 0x0,
    0x9f, 0xf2, 0x4f, 0xf8, 0x0, 0x0, 0x0, 0x9,
    0xff, 0x24, 0xff, 0x80, 0x0, 0x0, 0x0, 0x9f,
    0xf2, 0x4f, 0xf8, 0x0, 0x0, 0x0, 0x9, 0xff,
    0x23, 0xff, 0x80, 0x0, 0x0, 0x0, 0x9f, 0xf2,
    0x2f, 0xf9, 0x0, 0x0, 0x0, 0xa, 0xff, 0x10,
    0xff, 0xe0, 0x0, 0x0, 0x0, 0xef, 0xf0, 0xb,
    0xff, 0xa1, 0x0, 0x1, 0xbf, 0xf9, 0x0, 0x2f,
    0xff, 0xea, 0x8a, 0xff, 0xfe, 0x10, 0x0, 0x4e,
    0xff, 0xff, 0xff, 0xfd, 0x30, 0x0, 0x0, 0x17,
    0xce, 0xfe, 0xb6, 0x0, 0x0,

    /* U+016F "ů" */
    0x0, 0x0, 0xaf, 0xd4, 0x0, 0x0, 0x0, 0x9,
    0xfb, 0xef, 0x10, 0x0, 0x0, 0xd, 0xf0, 0x7f,
    0x50, 0x0, 0x0, 0x9, 0xfb, 0xef, 0x20, 0x0,
    0x0, 0x1, 0xaf, 0xd4, 0x0, 0x0, 0x0, 0x0,
    0x0, 0x0, 0x0, 0x0, 0xcf, 0xe0, 0x0, 0x0,
    0x9f, 0xf0, 0xcf, 0xe0, 0x0, 0x0, 0x9f, 0xf0,
    0xcf, 0xe0, 0x0, 0x0, 0x9f, 0xf0, 0xcf, 0xe0,
    0x0, 0x0, 0x9f, 0xf0, 0xcf, 0xe0, 0x0, 0x0,
    0x9f, 0xf0, 0xcf, 0xe0, 0x0, 0x0, 0x9f, 0xf0,
    0xcf, 0xe0, 0x0, 0x0, 0xaf, 0xf0, 0xbf, 0xf0,
    0x0, 0x0, 0xdf, 0xf0, 0x9f, 0xf7, 0x0, 0x5,
    0xff, 0xf0, 0x4f, 0xff, 0xa7, 0xaf, 0xff, 0xf0,
    0xb, 0xff, 0xff, 0xff, 0xbf, 0xf0, 0x0, 0x7d,
    0xfe, 0xa2, 0x8f, 0xf0,

    /* U+0170 "Ű" */
    0x0, 0x0, 0x6, 0xff, 0x70, 0xbf, 0xf3, 0x0,
    0x0, 0x3, 0xff, 0x90, 0x7f, 0xf5, 0x0, 0x0,
    0x0, 0xdf, 0xb0, 0x3f, 0xf7, 0x0, 0x0, 0x0,
    0x2, 0x20, 0x1, 0x22, 0x0, 0x0, 0x0, 0x0,
    0x0, 0x0, 0x0, 0x0, 0x0, 0x4, 0xff, 0x80,
    0x0, 0x0, 0x0, 0x9f, 0xf2, 0x4f, 0xf8, 0x0,
    0x0, 0x0, 0x9, 0xff, 0x24, 0xff, 0x80, 0x0,
    0x0, 0x0, 0x9f, 0xf2, 0x4f, 0xf8, 0x0, 0x0,
    0x0, 0x9, 0xff, 0x24, 0xff, 0x80, 0x0, 0x0,
    0x0, 0x9f, 0xf2, 0x4f, 0xf8, 0x0, 0x0, 0x0,
    0x9, 0xff, 0x24, 0xff, 0x80, 0x0, 0x0, 0x0,
    0x9f, 0xf2, 0x4f, 0xf8, 0x0, 0x0, 0x0, 0x9,
    0xff, 0x24, 0xff, 0x80, 0x0, 0x0, 0x0, 0x9f,
    0xf2, 0x3f, 0xf8, 0x0, 0x0, 0x0, 0x9, 0xff,
    0x22, 0xff, 0x90, 0x0, 0x0, 0x0, 0xaf, 0xf1,
    0xf, 0xfe, 0x0, 0x0, 0x0, 0xe, 0xff, 0x0,
    0xbf, 0xfa, 0x10, 0x0, 0x1b, 0xff, 0x90, 0x2,
    0xff, 0xfe, 0xa8, 0xaf, 0xff, 0xe1, 0x0, 0x4,
    0xef, 0xff, 0xff, 0xff, 0xd3, 0x0, 0x0, 0x1,
    0x7c, 0xef, 0xeb, 0x60, 0x0, 0x0,

    /* U+0171 "ű" */
    0x0, 0x3, 0xff, 0xb0, 0x6f, 0xf8, 0x0, 0xd,
    0xfd, 0x13, 0xff, 0xa0, 0x0, 0xaf, 0xe2, 0xd,
    0xfc, 0x0, 0x0, 0x22, 0x10, 0x2, 0x20, 0x0,
    0xcf, 0xe0, 0x0, 0x0, 0x9f, 0xf0, 0xcf, 0xe0,
    0x0, 0x0, 0x9f, 0xf0, 0xcf, 0xe0, 0x0, 0x0,
    0x9f, 0xf0, 0xcf, 0xe0, 0x0, 0x0, 0x9f, 0xf0,
    0xcf, 0xe0, 0x0, 0x0, 0x9f, 0xf0, 0xcf, 0xe0,
    0x0, 0x0, 0x9f, 0xf0, 0xcf, 0xe0, 0x0, 0x0,
    0xaf, 0xf0, 0xbf, 0xf0, 0x0, 0x0, 0xdf, 0xf0,
    0x9f, 0xf7, 0x0, 0x5, 0xff, 0xf0, 0x4f, 0xff,
    0xa7, 0xaf, 0xff, 0xf0, 0xb, 0xff, 0xff, 0xff,
    0xbf, 0xf0, 0x0, 0x7d, 0xfe, 0xa2, 0x8f, 0xf0,

    /* U+0172 "Ų" */
    0x4f, 0xf8, 0x0, 0x0, 0x0, 0x9, 0xff, 0x24,
    0xff, 0x80, 0x0, 0x0, 0x0, 0x9f, 0xf2, 0x4f,
    0xf8, 0x0, 0x0, 0x0, 0x9, 0xff, 0x24, 0xff,
    0x80, 0x0, 0x0, 0x0, 0x9f, 0xf2, 0x4f, 0xf8,
    0x0, 0x0, 0x0, 0x9, 0xff, 0x24, 0xff, 0x80,
    0x0, 0x0, 0x0, 0x9f, 0xf2, 0x4f, 0xf8, 0x0,
    0x0, 0x0, 0x9, 0xff, 0x24, 0xff, 0x80, 0x0,
    0x0, 0x0, 0x9f, 0xf2, 0x4f, 0xf8, 0x0, 0x0,
    0x0, 0x9, 0xff, 0x23, 0xff, 0x80, 0x0, 0x0,
    0x0, 0x9f, 0xf2, 0x2f, 0xf9, 0x0, 0x0, 0x0,
    0xa, 0xff, 0x10, 0xff, 0xe0, 0x0, 0x0, 0x0,
    0xef, 0xf0, 0xb, 0xff, 0xa1, 0x0, 0x1, 0xbf,
    0xf9, 0x0, 0x2f, 0xff, 0xea, 0x8a, 0xff, 0xfe,
    0x10, 0x0, 0x4e, 0xff, 0xff, 0xff, 0xff, 0x30,
    0x0, 0x0, 0x17, 0xce, 0xfe, 0xdf, 0x50, 0x0,
    0x0, 0x0, 0x0, 0x0, 0xd, 0xd0, 0x0, 0x0,
    0x0, 0x0, 0x0, 0x6, 0xf9, 0x0, 0x0, 0x0,
    0x0, 0x0, 0x0, 0x8f, 0xb0, 0x0, 0x0, 0x0,
    0x0, 0x0, 0x5, 0xff, 0xef, 0x30, 0x0, 0x0,
    0x0, 0x0, 0x6, 0xdf, 0xe6, 0x0,

    /* U+0173 "ų" */
    0xcf, 0xe0, 0x0, 0x0, 0x9f, 0xf0, 0xcf, 0xe0,
    0x0, 0x0, 0x9f, 0xf0, 0xcf, 0xe0, 0x0, 0x0,
    0x9f, 0xf0, 0xcf, 0xe0, 0x0, 0x0, 0x9f, 0xf0,
    0xcf, 0xe0, 0x0, 0x0, 0x9f, 0xf0, 0xcf, 0xe0,
    0x0, 0x0, 0x9f, 0xf0, 0xcf, 0xe0, 0x0, 0x0,
    0xaf, 0xf0, 0xbf, 0xf0, 0x0, 0x0, 0xdf, 0xf0,
    0x9f, 0xf7, 0x0, 0x5, 0xff, 0xf0, 0x4f, 0xff,
    0xa7, 0xaf, 0xff, 0xf0, 0xb, 0xff, 0xff, 0xff,
    0xbf, 0xf0, 0x0, 0x7d, 0xfe, 0xa2, 0x8f, 0xf0,
    0x0, 0x0, 0x0, 0x1, 0xcf, 0x70, 0x0, 0x0,
    0x0, 0xb, 0xf8, 0x0, 0x0, 0x0, 0x0, 0xf,
    0xf3, 0x0, 0x0, 0x0, 0x0, 0xe, 0xff, 0xf2,
    0x0, 0x0, 0x0, 0x2, 0xbf, 0xf6,

    /* U+0174 "Ŵ" */
    0x0, 0x0, 0x0, 0x0, 0x0, 0x78, 0x82, 0x0,
    0x0, 0x0, 0x0, 0x0, 0x0, 0x0, 0x0, 0x0,
    0xc, 0xff, 0xfe, 0x20, 0x0, 0x0, 0x0, 0x0,
    0x0, 0x0, 0x0, 0x0, 0xcf, 0xd2, 0xaf, 0xe2,
    0x0, 0x0, 0x0, 0x0, 0x0, 0x0, 0x0, 0x4,
    0x87, 0x0, 0x6, 0x86, 0x0, 0x0, 0x0, 0x0,
    0x0, 0x0, 0x0, 0x0, 0x0, 0x0, 0x0, 0x0,
    0x0, 0x0, 0x0, 0x0, 0xaf, 0xf2, 0x0, 0x0,
    0x0, 0xdf, 0xf3, 0x0, 0x0, 0x0, 0xcf, 0xf0,
    0x5f, 0xf7, 0x0, 0x0, 0x2, 0xff, 0xf8, 0x0,
    0x0, 0x1, 0xff, 0xb0, 0xf, 0xfc, 0x0, 0x0,
    0x6, 0xff, 0xfd, 0x0, 0x0, 0x6, 0xff, 0x60,
    0xb, 0xff, 0x10, 0x0, 0xb, 0xff, 0xff, 0x20,
    0x0, 0xb, 0xff, 0x10, 0x5, 0xff, 0x60, 0x0,
    0xf, 0xfd, 0xff, 0x60, 0x0, 0x1f, 0xfc, 0x0,
    0x1, 0xff, 0xb0, 0x0, 0x5f, 0xf4, 0xef, 0xb0,
    0x0, 0x6f, 0xf6, 0x0, 0x0, 0xbf, 0xf1, 0x0,
    0xaf, 0xf0, 0xaf, 0xf0, 0x0, 0xbf, 0xf1, 0x0,
    0x0, 0x6f, 0xf5, 0x0, 0xef, 0xb0, 0x5f, 0xf5,
    0x0, 0xff, 0xc0, 0x0, 0x0, 0x1f, 0xfa, 0x3,
    0xff, 0x60, 0x1f, 0xfa, 0x5, 0xff, 0x70, 0x0,
    0x0, 0xc, 0xff, 0x8, 0xff, 0x10, 0xc, 0xfe,
    0xa, 0xff, 0x20, 0x0, 0x0, 0x7, 0xff, 0x4d,
    0xfd, 0x0, 0x7, 0xff, 0x4f, 0xfd, 0x0, 0x0,
    0x0, 0x2, 0xff, 0xbf, 0xf8, 0x0, 0x2, 0xff,
    0xcf, 0xf8, 0x0, 0x0, 0x0, 0x0, 0xdf, 0xff,
    0xf3, 0x0, 0x0, 0xef, 0xff, 0xf3, 0x0, 0x0,
    0x0, 0x0, 0x8f, 0xff, 0xe0, 0x0, 0x0, 0x9f,
    0xff, 0xe0, 0x0, 0x0, 0x0, 0x0, 0x3f, 0xff,
    0xa0, 0x0, 0x0, 0x4f, 0xff, 0x90, 0x0, 0x0,
    0x0, 0x0, 0xe, 0xff, 0x50, 0x0, 0x0, 0xf,
    0xff, 0x40, 0x0, 0x0,

    /* U+0175 "ŵ" */
    0x0, 0x0, 0x0, 0x5, 0xff, 0xfb, 0x0, 0x0,
    0x0, 0x0, 0x0, 0x0, 0x0, 0x7f, 0xf6, 0xcf,
    0xd1, 0x0, 0x0, 0x0, 0x0, 0x0, 0x3, 0x88,
    0x20, 0x6, 0x87, 0x0, 0x0, 0x0, 0x0, 0x0,
    0x0, 0x0, 0x0, 0x0, 0x0, 0x0, 0x0, 0x0,
    0x9f, 0xf1, 0x0, 0x0, 0xbf, 0xf4, 0x0, 0x0,
    0x8f, 0xf2, 0x4f, 0xf7, 0x0, 0x0, 0xff, 0xf9,
    0x0, 0x0, 0xef, 0xc0, 0xe, 0xfc, 0x0, 0x5,
    0xff, 0xfe, 0x0, 0x3, 0xff, 0x70, 0x9, 0xff,
    0x10, 0xa, 0xfe, 0xff, 0x40, 0x9, 0xff, 0x10,
    0x3, 0xff, 0x70, 0xf, 0xf6, 0xdf, 0x90, 0xe,
    0xfc, 0x0, 0x0, 0xef, 0xc0, 0x5f, 0xf1, 0x8f,
    0xe0, 0x3f, 0xf7, 0x0, 0x0, 0x8f, 0xf1, 0xaf,
    0xc0, 0x3f, 0xf4, 0x9f, 0xf1, 0x0, 0x0, 0x3f,
    0xf7, 0xff, 0x70, 0xd, 0xf9, 0xef, 0xc0, 0x0,
    0x0, 0xe, 0xff, 0xff, 0x20, 0x8, 0xff, 0xff,
    0x60, 0x0, 0x0, 0x8, 0xff, 0xfc, 0x0, 0x3,
    0xff, 0xff, 0x10, 0x0, 0x0, 0x3, 0xff, 0xf7,
    0x0, 0x0, 0xef, 0xfb, 0x0, 0x0, 0x0, 0x0,
    0xdf, 0xf2, 0x0, 0x0, 0x9f, 0xf6, 0x0, 0x0,

    /* U+0176 "Ŷ" */
    0x0, 0x0, 0x2, 0xab, 0xa2, 0x0, 0x0, 0x0,
    0x0, 0x1, 0xef, 0xff, 0xd1, 0x0, 0x0, 0x0,
    0x0, 0xcf, 0xd3, 0xdf, 0xc0, 0x0, 0x0, 0x0,
    0x7c, 0xb1, 0x1, 0xbc, 0x70, 0x0, 0x0, 0x0,
    0x0, 0x0, 0x0, 0x0, 0x0, 0x7, 0xff, 0xb0,
    0x0, 0x0, 0x0, 0x9f, 0xf9, 0xd, 0xff, 0x50,
    0x0, 0x0, 0x3f, 0xfe, 0x0, 0x3f, 0xfe, 0x10,
    0x0, 0xd, 0xff, 0x40, 0x0, 0x8f, 0xf9, 0x0,
    0x7, 0xff, 0xa0, 0x0, 0x0, 0xdf, 0xf3, 0x2,
    0xff, 0xe1, 0x0, 0x0, 0x4, 0xff, 0xd0, 0xbf,
    0xf5, 0x0, 0x0, 0x0, 0x9, 0xff, 0xcf, 0xfb,
    0x0, 0x0, 0x0, 0x0, 0x1e, 0xff, 0xff, 0x20,
    0x0, 0x0, 0x0, 0x0, 0x5f, 0xff, 0x60, 0x0,
    0x0, 0x0, 0x0, 0x0, 0xdf, 0xf0, 0x0, 0x0,
    0x0, 0x0, 0x0, 0xd, 0xff, 0x0, 0x0, 0x0,
    0x0, 0x0, 0x0, 0xdf, 0xf0, 0x0, 0x0, 0x0,
    0x0, 0x0, 0xd, 0xff, 0x0, 0x0, 0x0, 0x0,
    0x0, 0x0, 0xdf, 0xf0, 0x0, 0x0, 0x0, 0x0,
    0x0, 0xd, 0xff, 0x0, 0x0, 0x0, 0x0, 0x0,
    0x0, 0xdf, 0xf0, 0x0, 0x0, 0x0,

    /* U+0177 "ŷ" */
    0x0, 0x0, 0x7f, 0xff, 0x90, 0x0, 0x0, 0x0,
    0x9, 0xfe, 0x6d, 0xfb, 0x0, 0x0, 0x0, 0x48,
    0x81, 0x0, 0x78, 0x60, 0x0, 0x0, 0x0, 0x0,
    0x0, 0x0, 0x0, 0x0, 0xaf, 0xf4, 0x0, 0x0,
    0x0, 0xef, 0xf0, 0x3f, 0xfb, 0x0, 0x0, 0x5,
    0xff, 0x90, 0xb, 0xff, 0x10, 0x0, 0xb, 0xff,
    0x20, 0x4, 0xff, 0x80, 0x0, 0x2f, 0xfb, 0x0,
    0x0, 0xdf, 0xe0, 0x0, 0x8f, 0xf5, 0x0, 0x0,
    0x6f, 0xf5, 0x0, 0xef, 0xe0, 0x0, 0x0, 0xe,
    0xfc, 0x5, 0xff, 0x70, 0x0, 0x0, 0x7, 0xff,
    0x2c, 0xff, 0x10, 0x0, 0x0, 0x1, 0xff, 0xbf,
    0xfa, 0x0, 0x0, 0x0, 0x0, 0x9f, 0xff, 0xf3,
    0x0, 0x0, 0x0, 0x0, 0x2f, 0xff, 0xc0, 0x0,
    0x0, 0x0, 0x0, 0xb, 0xff, 0x60, 0x0, 0x0,
    0x0, 0x0, 0xc, 0xfe, 0x0, 0x0, 0x0, 0x0,
    0x0, 0x3f, 0xf8, 0x0, 0x0, 0x0, 0x6, 0x97,
    0xef, 0xf1, 0x0, 0x0, 0x0, 0xd, 0xff, 0xff,
    0x60, 0x0, 0x0, 0x0, 0x8, 0xdf, 0xd6, 0x0,
    0x0, 0x0, 0x0,

    /* U+0178 "Ÿ" */
    0x0, 0x7, 0xf8, 0x0, 0x6, 0xf9, 0x0, 0x0,
    0x0, 0xdf, 0xe0, 0x0, 0xcf, 0xf0, 0x0, 0x0,
    0x5, 0xc5, 0x0, 0x4, 0xc7, 0x0, 0x0, 0x0,
    0x0, 0x0, 0x0, 0x0, 0x0, 0x0, 0x0, 0x0,
    0x0, 0x0, 0x0, 0x0, 0x0, 0x7, 0xff, 0xb0,
    0x0, 0x0, 0x0, 0x9f, 0xf9, 0xd, 0xff, 0x50,
    0x0, 0x0, 0x3f, 0xfe, 0x0, 0x3f, 0xfe, 0x10,
    0x0, 0xd, 0xff, 0x40, 0x0, 0x8f, 0xf9, 0x0,
    0x7, 0xff, 0xa0, 0x0, 0x0, 0xdf, 0xf3, 0x2,
    0xff, 0xe1, 0x0, 0x0, 0x4, 0xff, 0xd0, 0xbf,
    0xf5, 0x0, 0x0, 0x0, 0x9, 0xff, 0xcf, 0xfb,
    0x0, 0x0, 0x0, 0x0, 0x1e, 0xff, 0xff, 0x20,
    0x0, 0x0, 0x0, 0x0, 0x5f, 0xff, 0x60, 0x0,
    0x0, 0x0, 0x0, 0x0, 0xdf, 0xf0, 0x0, 0x0,
    0x0, 0x0, 0x0, 0xd, 0xff, 0x0, 0x0, 0x0,
    0x0, 0x0, 0x0, 0xdf, 0xf0, 0x0, 0x0, 0x0,
    0x0, 0x0, 0xd, 0xff, 0x0, 0x0, 0x0, 0x0,
    0x0, 0x0, 0xdf, 0xf0, 0x0, 0x0, 0x0, 0x0,
    0x0, 0xd, 0xff, 0x0, 0x0, 0x0, 0x0, 0x0,
    0x0, 0xdf, 0xf0, 0x0, 0x0, 0x0,

    /* U+0179 "Ź" */
    0x0, 0x0, 0x0, 0x0, 0x58, 0x83, 0x0, 0x0,
    0x0, 0x0, 0x0, 0x6f, 0xf9, 0x0, 0x0, 0x0,
    0x0, 0x0, 0x5f, 0xf9, 0x0, 0x0, 0x0, 0x0,
    0x0, 0x7, 0x86, 0x0, 0x0, 0x0, 0x0, 0x0,
    0x0, 0x0, 0x0, 0x0, 0x0, 0x0, 0xff, 0xff,
    0xff, 0xff, 0xff, 0xff, 0xf4, 0xf, 0xff, 0xff,
    0xff, 0xff, 0xff, 0xff, 0x40, 0x88, 0x88, 0x88,
    0x88, 0x8c, 0xff, 0xf2, 0x0, 0x0, 0x0, 0x0,
    0x3, 0xff, 0xf6, 0x0, 0x0, 0x0, 0x0, 0x2,
    0xef, 0xf8, 0x0, 0x0, 0x0, 0x0, 0x1, 0xdf,
    0xfa, 0x0, 0x0, 0x0, 0x0, 0x0, 0xcf, 0xfb,
    0x0, 0x0, 0x0, 0x0, 0x0, 0xbf, 0xfc, 0x0,
    0x0, 0x0, 0x0, 0x0, 0x9f, 0xfd, 0x10, 0x0,
    0x0, 0x0, 0x0, 0x7f, 0xfe, 0x20, 0x0, 0x0,
    0x0, 0x0, 0x6f, 0xff, 0x30, 0x0, 0x0, 0x0,
    0x0, 0x4f, 0xff, 0x50, 0x0, 0x0, 0x0, 0x0,
    0x3f, 0xff, 0x60, 0x0, 0x0, 0x0, 0x0, 0xe,
    0xff, 0xe8, 0x88, 0x88, 0x88, 0x88, 0x10, 0xff,
    0xff, 0xff, 0xff, 0xff, 0xff, 0xf3, 0xf, 0xff,
    0xff, 0xff, 0xff, 0xff, 0xff, 0x30,

    /* U+017A "ź" */
    0x0, 0x0, 0x0, 0xcf, 0xf4, 0x0, 0x0, 0x1,
    0xcf, 0xe2, 0x0, 0x0, 0x0, 0x8b, 0xa1, 0x0,
    0x0, 0x0, 0x0, 0x0, 0x0, 0x0, 0x1f, 0xff,
    0xff, 0xff, 0xff, 0xa1, 0xff, 0xff, 0xff, 0xff,
    0xfa, 0x3, 0x33, 0x33, 0x4f, 0xff, 0x30, 0x0,
    0x0, 0xc, 0xff, 0x60, 0x0, 0x0, 0x9, 0xff,
    0x90, 0x0, 0x0, 0x6, 0xff, 0xb0, 0x0, 0x0,
    0x3, 0xff, 0xd1, 0x0, 0x0, 0x1, 0xef, 0xf2,
    0x0, 0x0, 0x0, 0xcf, 0xf5, 0x0, 0x0, 0x0,
    0xaf, 0xfa, 0x33, 0x33, 0x32, 0x1f, 0xff, 0xff,
    0xff, 0xff, 0xb1, 0xff, 0xff, 0xff, 0xff, 0xfb,

    /* U+017B "Ż" */
    0x0, 0x0, 0x0, 0x0, 0x0, 0x0, 0x0, 0x0,
    0x0, 0x0, 0x7, 0xfb, 0x0, 0x0, 0x0, 0x0,
    0x0, 0x0, 0xdf, 0xf2, 0x0, 0x0, 0x0, 0x0,
    0x0, 0x6, 0xfb, 0x0, 0x0, 0x0, 0x0, 0x0,
    0x0, 0x0, 0x0, 0x0, 0x0, 0x0, 0x0, 0x0,
    0x0, 0x0, 0x0, 0x0, 0x0, 0xf, 0xff, 0xff,
    0xff, 0xff, 0xff, 0xff, 0x40, 0xff, 0xff, 0xff,
    0xff, 0xff, 0xff, 0xf4, 0x8, 0x88, 0x88, 0x88,
    0x88, 0xcf, 0xff, 0x20, 0x0, 0x0, 0x0, 0x0,
    0x3f, 0xff, 0x60, 0x0, 0x0, 0x0, 0x0, 0x2e,
    0xff, 0x80, 0x0, 0x0, 0x0, 0x0, 0x1d, 0xff,
    0xa0, 0x0, 0x0, 0x0, 0x0, 0xc, 0xff, 0xb0,
    0x0, 0x0, 0x0, 0x0, 0xb, 0xff, 0xc0, 0x0,
    0x0, 0x0, 0x0, 0x9, 0xff, 0xd1, 0x0, 0x0,
    0x0, 0x0, 0x7, 0xff, 0xe2, 0x0, 0x0, 0x0,
    0x0, 0x6, 0xff, 0xf3, 0x0, 0x0, 0x0, 0x0,
    0x4, 0xff, 0xf5, 0x0, 0x0, 0x0, 0x0, 0x3,
    0xff, 0xf6, 0x0, 0x0, 0x0, 0x0, 0x0, 0xef,
    0xfe, 0x88, 0x88, 0x88, 0x88, 0x81, 0xf, 0xff,
    0xff, 0xff, 0xff, 0xff, 0xff, 0x30, 0xff, 0xff,
    0xff, 0xff, 0xff, 0xff, 0xf3,

    /* U+017C "ż" */
    0x0, 0x0, 0x6, 0x40, 0x0, 0x0, 0x0, 0xa,
    0xff, 0x30, 0x0, 0x0, 0x0, 0xaf, 0xf3, 0x0,
    0x0, 0x0, 0x1, 0x85, 0x0, 0x0, 0x0, 0x0,
    0x0, 0x0, 0x0, 0x1, 0xff, 0xff, 0xff, 0xff,
    0xfa, 0x1f, 0xff, 0xff, 0xff, 0xff, 0xa0, 0x33,
    0x33, 0x34, 0xff, 0xf3, 0x0, 0x0, 0x0, 0xcf,
    0xf6, 0x0, 0x0, 0x0, 0x9f, 0xf9, 0x0, 0x0,
    0x0, 0x6f, 0xfb, 0x0, 0x0, 0x0, 0x3f, 0xfd,
    0x10, 0x0, 0x0, 0x1e, 0xff, 0x20, 0x0, 0x0,
    0xc, 0xff, 0x50, 0x0, 0x0, 0xa, 0xff, 0xa3,
    0x33, 0x33, 0x21, 0xff, 0xff, 0xff, 0xff, 0xfb,
    0x1f, 0xff, 0xff, 0xff, 0xff, 0xb0,

    /* U+017D "Ž" */
    0x0, 0x4, 0x87, 0x0, 0x6, 0x86, 0x0, 0x0,
    0x0, 0xc, 0xfc, 0x1a, 0xfe, 0x20, 0x0, 0x0,
    0x0, 0x1c, 0xff, 0xfe, 0x20, 0x0, 0x0, 0x0,
    0x0, 0x17, 0x88, 0x20, 0x0, 0x0, 0x0, 0x0,
    0x0, 0x0, 0x0, 0x0, 0x0, 0x0, 0xff, 0xff,
    0xff, 0xff, 0xff, 0xff, 0xf4, 0xf, 0xff, 0xff,
    0xff, 0xff, 0xff, 0xff, 0x40, 0x88, 0x88, 0x88,
    0x88, 0x8c, 0xff, 0xf2, 0x0, 0x0, 0x0, 0x0,
    0x3, 0xff, 0xf6, 0x0, 0x0, 0x0, 0x0, 0x2,
    0xef, 0xf8, 0x0, 0x0, 0x0, 0x0, 0x1, 0xdf,
    0xfa, 0x0, 0x0, 0x0, 0x0, 0x0, 0xcf, 0xfb,
    0x0, 0x0, 0x0, 0x0, 0x0, 0xbf, 0xfc, 0x0,
    0x0, 0x0, 0x0, 0x0, 0x9f, 0xfd, 0x10, 0x0,
    0x0, 0x0, 0x0, 0x7f, 0xfe, 0x20, 0x0, 0x0,
    0x0, 0x0, 0x6f, 0xff, 0x30, 0x0, 0x0, 0x0,
    0x0, 0x4f, 0xff, 0x50, 0x0, 0x0, 0x0, 0x0,
    0x3f, 0xff, 0x60, 0x0, 0x0, 0x0, 0x0, 0xe,
    0xff, 0xe8, 0x88, 0x88, 0x88, 0x88, 0x10, 0xff,
    0xff, 0xff, 0xff, 0xff, 0xff, 0xf3, 0xf, 0xff,
    0xff, 0xff, 0xff, 0xff, 0xff, 0x30,

    /* U+017E "ž" */
    0x3, 0xef, 0x70, 0x2e, 0xf9, 0x0, 0x2, 0xef,
    0xbf, 0xf7, 0x0, 0x0, 0x1, 0xab, 0xb6, 0x0,
    0x0, 0x0, 0x0, 0x0, 0x0, 0x0, 0x1f, 0xff,
    0xff, 0xff, 0xff, 0xa1, 0xff, 0xff, 0xff, 0xff,
    0xfa, 0x3, 0x33, 0x33, 0x4f, 0xff, 0x30, 0x0,
    0x0, 0xc, 0xff, 0x60, 0x0, 0x0, 0x9, 0xff,
    0x90, 0x0, 0x0, 0x6, 0xff, 0xb0, 0x0, 0x0,
    0x3, 0xff, 0xd1, 0x0, 0x0, 0x1, 0xef, 0xf2,
    0x0, 0x0, 0x0, 0xcf, 0xf5, 0x0, 0x0, 0x0,
    0xaf, 0xfa, 0x33, 0x33, 0x32, 0x1f, 0xff, 0xff,
    0xff, 0xff, 0xb1, 0xff, 0xff, 0xff, 0xff, 0xfb,

    /* U+2013 "–" */
    0x44, 0x44, 0x44, 0x44, 0x44, 0x44, 0x40, 0xff,
    0xff, 0xff, 0xff, 0xff, 0xff, 0xf3, 0xff, 0xff,
    0xff, 0xff, 0xff, 0xff, 0xf3,

    /* U+2014 "—" */
    0x44, 0x44, 0x44, 0x44, 0x44, 0x44, 0x44, 0x44,
    0x44, 0x44, 0x44, 0x44, 0x44, 0x1f, 0xff, 0xff,
    0xff, 0xff, 0xff, 0xff, 0xff, 0xff, 0xff, 0xff,
    0xff, 0xff, 0xf6, 0xff, 0xff, 0xff, 0xff, 0xff,
    0xff, 0xff, 0xff, 0xff, 0xff, 0xff, 0xff, 0xff,
    0x60,

    /* U+2018 "‘" */
    0x0, 0xcf, 0x60, 0x2f, 0xf2, 0x9, 0xfd, 0x0,
    0xff, 0x90, 0x6f, 0xf5, 0x3, 0x55, 0x0,

    /* U+2019 "’" */
    0x5, 0xff, 0x60, 0xaf, 0xf0, 0xe, 0xf9, 0x2,
    0xff, 0x30, 0x6f, 0xc0, 0x3, 0x52, 0x0,

    /* U+201A "‚" */
    0x0, 0x45, 0x50, 0x0, 0xff, 0xb0, 0x4, 0xff,
    0x50, 0x8, 0xfe, 0x0, 0xc, 0xf8, 0x0, 0x1f,
    0xf1, 0x0,

    /* U+201C "“" */
    0x0, 0xcf, 0x60, 0x8f, 0xa0, 0x3f, 0xf1, 0xe,
    0xf6, 0x9, 0xfd, 0x5, 0xff, 0x10, 0xff, 0x90,
    0xbf, 0xd0, 0x6f, 0xf4, 0x2f, 0xf9, 0x3, 0x44,
    0x1, 0x44, 0x10,

    /* U+201D "”" */
    0x5, 0xff, 0x61, 0xff, 0xa0, 0x9f, 0xf0, 0x5f,
    0xf4, 0xe, 0xf9, 0xa, 0xfd, 0x2, 0xff, 0x30,
    0xef, 0x70, 0x6f, 0xc0, 0x2f, 0xf1, 0x3, 0x52,
    0x1, 0x54, 0x0,

    /* U+201E "„" */
    0x1, 0x55, 0x20, 0x55, 0x30, 0x8f, 0xf3, 0x4f,
    0xf7, 0xc, 0xfc, 0x8, 0xff, 0x11, 0xff, 0x60,
    0xcf, 0xa0, 0x5f, 0xf0, 0x1f, 0xf3, 0x9, 0xf9,
    0x5, 0xfd, 0x0,

    /* U+2022 "•" */
    0x0, 0x4, 0x20, 0x0, 0x3e, 0xff, 0x90, 0xd,
    0xff, 0xff, 0x40, 0xff, 0xff, 0xf6, 0xb, 0xff,
    0xff, 0x20, 0xa, 0xfd, 0x40,

    /* U+2026 "…" */
    0x3, 0x10, 0x0, 0x23, 0x0, 0x1, 0x40, 0x9,
    0xff, 0x30, 0x4f, 0xf7, 0x1, 0xff, 0xb0, 0xdf,
    0xf6, 0x8, 0xff, 0xb0, 0x4f, 0xff, 0x5, 0xec,
    0x10, 0x2d, 0xe4, 0x0, 0xbf, 0x70,

    /* U+20AC "€" */
    0x0, 0x0, 0x0, 0x6c, 0xef, 0xea, 0x30, 0x0,
    0x0, 0x0, 0x3d, 0xff, 0xff, 0xff, 0xf9, 0x0,
    0x0, 0x2, 0xff, 0xfe, 0xa8, 0xbf, 0xff, 0xa0,
    0x0, 0xc, 0xff, 0xa0, 0x0, 0x2, 0xdf, 0xf4,
    0x0, 0x4f, 0xfc, 0x0, 0x0, 0x0, 0x1a, 0x51,
    0x58, 0xcf, 0xfb, 0x88, 0x88, 0x81, 0x0, 0x0,
    0x9f, 0xff, 0xff, 0xff, 0xff, 0xf2, 0x0, 0x0,
    0x0, 0xcf, 0xf0, 0x0, 0x0, 0x0, 0x0, 0x0,
    0x9f, 0xff, 0xff, 0xff, 0xff, 0xf2, 0x0, 0x0,
    0x58, 0xcf, 0xfb, 0x88, 0x88, 0x81, 0x0, 0x0,
    0x0, 0x4f, 0xfa, 0x0, 0x0, 0x0, 0x8, 0x20,
    0x0, 0xe, 0xff, 0x20, 0x0, 0x0, 0x6f, 0xf6,
    0x0, 0x7, 0xff, 0xd1, 0x0, 0x4, 0xff, 0xf1,
    0x0, 0x0, 0xbf, 0xff, 0x98, 0xbf, 0xff, 0x60,
    0x0, 0x0, 0xb, 0xff, 0xff, 0xff, 0xf6, 0x0,
    0x0, 0x0, 0x0, 0x5b, 0xef, 0xd9, 0x20, 0x0
};


/*---------------------
 *  GLYPH DESCRIPTION
 *--------------------*/

static const lv_font_fmt_txt_glyph_dsc_t glyph_dsc[] = {
    {.bitmap_index = 0, .adv_w = 0, .box_w = 0, .box_h = 0, .ofs_x = 0, .ofs_y = 0} /* id = 0 reserved */,
    {.bitmap_index = 0, .adv_w = 93, .box_w = 0, .box_h = 0, .ofs_x = 0, .ofs_y = 0},
    {.bitmap_index = 0, .adv_w = 118, .box_w = 5, .box_h = 16, .ofs_x = 1, .ofs_y = 0},
    {.bitmap_index = 40, .adv_w = 144, .box_w = 7, .box_h = 6, .ofs_x = 1, .ofs_y = 10},
    {.bitmap_index = 61, .adv_w = 242, .box_w = 15, .box_h = 16, .ofs_x = 0, .ofs_y = 0},
    {.bitmap_index = 181, .adv_w = 214, .box_w = 12, .box_h = 21, .ofs_x = 1, .ofs_y = -2},
    {.bitmap_index = 307, .adv_w = 308, .box_w = 18, .box_h = 16, .ofs_x = 1, .ofs_y = 0},
    {.bitmap_index = 451, .adv_w = 248, .box_w = 15, .box_h = 16, .ofs_x = 1, .ofs_y = 0},
    {.bitmap_index = 571, .adv_w = 87, .box_w = 4, .box_h = 6, .ofs_x = 1, .ofs_y = 10},
    {.bitmap_index = 583, .adv_w = 142, .box_w = 7, .box_h = 22, .ofs_x = 1, .ofs_y = -2},
    {.bitmap_index = 660, .adv_w = 142, .box_w = 8, .box_h = 22, .ofs_x = 0, .ofs_y = -2},
    {.bitmap_index = 748, .adv_w = 186, .box_w = 10, .box_h = 9, .ofs_x = 1, .ofs_y = 7},
    {.bitmap_index = 793, .adv_w = 242, .box_w = 12, .box_h = 11, .ofs_x = 2, .ofs_y = 2},
    {.bitmap_index = 859, .adv_w = 94, .box_w = 6, .box_h = 6, .ofs_x = 0, .ofs_y = -3},
    {.bitmap_index = 877, .adv_w = 158, .box_w = 8, .box_h = 3, .ofs_x = 1, .ofs_y = 6},
    {.bitmap_index = 889, .adv_w = 89, .box_w = 4, .box_h = 4, .ofs_x = 1, .ofs_y = 0},
    {.bitmap_index = 897, .adv_w = 159, .box_w = 10, .box_h = 20, .ofs_x = 0, .ofs_y = -2},
    {.bitmap_index = 997, .adv_w = 248, .box_w = 15, .box_h = 16, .ofs_x = 0, .ofs_y = 0},
    {.bitmap_index = 1117, .adv_w = 161, .box_w = 7, .box_h = 16, .ofs_x = 1, .ofs_y = 0},
    {.bitmap_index = 1173, .adv_w = 219, .box_w = 13, .box_h = 16, .ofs_x = 0, .ofs_y = 0},
    {.bitmap_index = 1277, .adv_w = 212, .box_w = 12, .box_h = 16, .ofs_x = 1, .ofs_y = 0},
    {.bitmap_index = 1373, .adv_w = 241, .box_w = 15, .box_h = 16, .ofs_x = 0, .ofs_y = 0},
    {.bitmap_index = 1493, .adv_w = 222, .box_w = 12, .box_h = 16, .ofs_x = 1, .ofs_y = 0},
    {.bitmap_index = 1589, .adv_w = 220, .box_w = 14, .box_h = 16, .ofs_x = 0, .ofs_y = 0},
    {.bitmap_index = 1701, .adv_w = 210, .box_w = 13, .box_h = 16, .ofs_x = 0, .ofs_y = 0},
    {.bitmap_index = 1805, .adv_w = 235, .box_w = 13, .box_h = 16, .ofs_x = 1, .ofs_y = 0},
    {.bitmap_index = 1909, .adv_w = 220, .box_w = 13, .box_h = 16, .ofs_x = 0, .ofs_y = 0},
    {.bitmap_index = 2013, .adv_w = 108, .box_w = 5, .box_h = 12, .ofs_x = 1, .ofs_y = 0},
    {.bitmap_index = 2043, .adv_w = 110, .box_w = 6, .box_h = 15, .ofs_x = 0, .ofs_y = -3},
    {.bitmap_index = 2088, .adv_w = 242, .box_w = 9, .box_h = 10, .ofs_x = 3, .ofs_y = 2},
    {.bitmap_index = 2133, .adv_w = 242, .box_w = 11, .box_h = 7, .ofs_x = 2, .ofs_y = 4},
    {.bitmap_index = 2172, .adv_w = 242, .box_w = 9, .box_h = 10, .ofs_x = 3, .ofs_y = 2},
    {.bitmap_index = 2217, .adv_w = 195, .box_w = 12, .box_h = 16, .ofs_x = 0, .ofs_y = 0},
    {.bitmap_index = 2313, .adv_w = 381, .box_w = 23, .box_h = 21, .ofs_x = 0, .ofs_y = -5},
    {.bitmap_index = 2555, .adv_w = 268, .box_w = 17, .box_h = 16, .ofs_x = 0, .ofs_y = 0},
    {.bitmap_index = 2691, .adv_w = 235, .box_w = 13, .box_h = 16, .ofs_x = 1, .ofs_y = 0},
    {.bitmap_index = 2795, .adv_w = 278, .box_w = 17, .box_h = 16, .ofs_x = 0, .ofs_y = 0},
    {.bitmap_index = 2931, .adv_w = 267, .box_w = 15, .box_h = 16, .ofs_x = 1, .ofs_y = 0},
    {.bitmap_index = 3051, .adv_w = 227, .box_w = 12, .box_h = 16, .ofs_x = 1, .ofs_y = 0},
    {.bitmap_index = 3147, .adv_w = 211, .box_w = 12, .box_h = 16, .ofs_x = 1, .ofs_y = 0},
    {.bitmap_index = 3243, .adv_w = 288, .box_w = 18, .box_h = 16, .ofs_x = 0, .ofs_y = 0},
    {.bitmap_index = 3387, .adv_w = 288, .box_w = 16, .box_h = 16, .ofs_x = 1, .ofs_y = 0},
    {.bitmap_index = 3515, .adv_w = 108, .box_w = 4, .box_h = 16, .ofs_x = 1, .ofs_y = 0},
    {.bitmap_index = 3547, .adv_w = 206, .box_w = 12, .box_h = 16, .ofs_x = 0, .ofs_y = 0},
    {.bitmap_index = 3643, .adv_w = 247, .box_w = 15, .box_h = 16, .ofs_x = 1, .ofs_y = 0},
    {.bitmap_index = 3763, .adv_w = 204, .box_w = 12, .box_h = 16, .ofs_x = 1, .ofs_y = 0},
    {.bitmap_index = 3859, .adv_w = 328, .box_w = 18, .box_h = 16, .ofs_x = 1, .ofs_y = 0},
    {.bitmap_index = 4003, .adv_w = 297, .box_w = 16, .box_h = 16, .ofs_x = 1, .ofs_y = 0},
    {.bitmap_index = 4131, .adv_w = 301, .box_w = 18, .box_h = 16, .ofs_x = 0, .ofs_y = 0},
    {.bitmap_index = 4275, .adv_w = 228, .box_w = 13, .box_h = 16, .ofs_x = 1, .ofs_y = 0},
    {.bitmap_index = 4379, .adv_w = 301, .box_w = 18, .box_h = 17, .ofs_x = 0, .ofs_y = -1},
    {.bitmap_index = 4532, .adv_w = 245, .box_w = 14, .box_h = 16, .ofs_x = 1, .ofs_y = 0},
    {.bitmap_index = 4644, .adv_w = 234, .box_w = 13, .box_h = 16, .ofs_x = 1, .ofs_y = 0},
    {.bitmap_index = 4748, .adv_w = 220, .box_w = 14, .box_h = 16, .ofs_x = 0, .ofs_y = 0},
    {.bitmap_index = 4860, .adv_w = 271, .box_w = 15, .box_h = 16, .ofs_x = 1, .ofs_y = 0},
    {.bitmap_index = 4980, .adv_w = 273, .box_w = 17, .box_h = 16, .ofs_x = 0, .ofs_y = 0},
    {.bitmap_index = 5116, .adv_w = 374, .box_w = 24, .box_h = 16, .ofs_x = 0, .ofs_y = 0},
    {.bitmap_index = 5308, .adv_w = 251, .box_w = 16, .box_h = 16, .ofs_x = 0, .ofs_y = 0},
    {.bitmap_index = 5436, .adv_w = 242, .box_w = 15, .box_h = 16, .ofs_x = 0, .ofs_y = 0},
    {.bitmap_index = 5556, .adv_w = 244, .box_w = 15, .box_h = 16, .ofs_x = 0, .ofs_y = 0},
    {.bitmap_index = 5676, .adv_w = 129, .box_w = 6, .box_h = 21, .ofs_x = 1, .ofs_y = -2},
    {.bitmap_index = 5739, .adv_w = 159, .box_w = 10, .box_h = 20, .ofs_x = 0, .ofs_y = -2},
    {.bitmap_index = 5839, .adv_w = 129, .box_w = 6, .box_h = 21, .ofs_x = 1, .ofs_y = -2},
    {.bitmap_index = 5902, .adv_w = 218, .box_w = 11, .box_h = 8, .ofs_x = 1, .ofs_y = 9},
    {.bitmap_index = 5946, .adv_w = 167, .box_w = 11, .box_h = 3, .ofs_x = 0, .ofs_y = -2},
    {.bitmap_index = 5963, .adv_w = 95, .box_w = 6, .box_h = 3, .ofs_x = 0, .ofs_y = 13},
    {.bitmap_index = 5972, .adv_w = 201, .box_w = 12, .box_h = 12, .ofs_x = 0, .ofs_y = 0},
    {.bitmap_index = 6044, .adv_w = 227, .box_w = 13, .box_h = 16, .ofs_x = 1, .ofs_y = 0},
    {.bitmap_index = 6148, .adv_w = 209, .box_w = 13, .box_h = 12, .ofs_x = 0, .ofs_y = 0},
    {.bitmap_index = 6226, .adv_w = 227, .box_w = 13, .box_h = 16, .ofs_x = 0, .ofs_y = 0},
    {.bitmap_index = 6330, .adv_w = 212, .box_w = 13, .box_h = 12, .ofs_x = 0, .ofs_y = 0},
    {.bitmap_index = 6408, .adv_w = 147, .box_w = 10, .box_h = 16, .ofs_x = 0, .ofs_y = 0},
    {.bitmap_index = 6488, .adv_w = 229, .box_w = 13, .box_h = 17, .ofs_x = 0, .ofs_y = -5},
    {.bitmap_index = 6599, .adv_w = 217, .box_w = 12, .box_h = 16, .ofs_x = 1, .ofs_y = 0},
    {.bitmap_index = 6695, .adv_w = 96, .box_w = 4, .box_h = 17, .ofs_x = 1, .ofs_y = 0},
    {.bitmap_index = 6729, .adv_w = 108, .box_w = 8, .box_h = 22, .ofs_x = -2, .ofs_y = -5},
    {.bitmap_index = 6817, .adv_w = 199, .box_w = 12, .box_h = 16, .ofs_x = 1, .ofs_y = 0},
    {.bitmap_index = 6913, .adv_w = 91, .box_w = 4, .box_h = 16, .ofs_x = 1, .ofs_y = 0},
    {.bitmap_index = 6945, .adv_w = 332, .box_w = 19, .box_h = 12, .ofs_x = 1, .ofs_y = 0},
    {.bitmap_index = 7059, .adv_w = 217, .box_w = 12, .box_h = 12, .ofs_x = 1, .ofs_y = 0},
    {.bitmap_index = 7131, .adv_w = 223, .box_w = 14, .box_h = 12, .ofs_x = 0, .ofs_y = 0},
    {.bitmap_index = 7215, .adv_w = 229, .box_w = 13, .box_h = 17, .ofs_x = 1, .ofs_y = -5},
    {.bitmap_index = 7326, .adv_w = 225, .box_w = 13, .box_h = 17, .ofs_x = 0, .ofs_y = -5},
    {.bitmap_index = 7437, .adv_w = 139, .box_w = 8, .box_h = 12, .ofs_x = 1, .ofs_y = 0},
    {.bitmap_index = 7485, .adv_w = 179, .box_w = 11, .box_h = 12, .ofs_x = 0, .ofs_y = 0},
    {.bitmap_index = 7551, .adv_w = 151, .box_w = 9, .box_h = 16, .ofs_x = 0, .ofs_y = 0},
    {.bitmap_index = 7623, .adv_w = 217, .box_w = 12, .box_h = 12, .ofs_x = 1, .ofs_y = 0},
    {.bitmap_index = 7695, .adv_w = 208, .box_w = 13, .box_h = 12, .ofs_x = 0, .ofs_y = 0},
    {.bitmap_index = 7773, .adv_w = 313, .box_w = 20, .box_h = 12, .ofs_x = 0, .ofs_y = 0},
    {.bitmap_index = 7893, .adv_w = 197, .box_w = 13, .box_h = 12, .ofs_x = 0, .ofs_y = 0},
    {.bitmap_index = 7971, .adv_w = 214, .box_w = 14, .box_h = 17, .ofs_x = 0, .ofs_y = -5},
    {.bitmap_index = 8090, .adv_w = 185, .box_w = 11, .box_h = 12, .ofs_x = 0, .ofs_y = 0},
    {.bitmap_index = 8156, .adv_w = 150, .box_w = 8, .box_h = 22, .ofs_x = 1, .ofs_y = -2},
    {.bitmap_index = 8244, .adv_w = 99, .box_w = 4, .box_h = 24, .ofs_x = 1, .ofs_y = -5},
    {.bitmap_index = 8292, .adv_w = 150, .box_w = 8, .box_h = 22, .ofs_x = 1, .ofs_y = -2},
    {.bitmap_index = 8380, .adv_w = 241, .box_w = 13, .box_h = 6, .ofs_x = 1, .ofs_y = 5},
    {.bitmap_index = 8419, .adv_w = 93, .box_w = 0, .box_h = 0, .ofs_x = 0, .ofs_y = 0},
    {.bitmap_index = 8419, .adv_w = 114, .box_w = 5, .box_h = 17, .ofs_x = 1, .ofs_y = -5},
    {.bitmap_index = 8462, .adv_w = 207, .box_w = 13, .box_h = 16, .ofs_x = 0, .ofs_y = 0},
    {.bitmap_index = 8566, .adv_w = 226, .box_w = 13, .box_h = 16, .ofs_x = 1, .ofs_y = 0},
    {.bitmap_index = 8670, .adv_w = 223, .box_w = 12, .box_h = 11, .ofs_x = 1, .ofs_y = 3},
    {.bitmap_index = 8736, .adv_w = 221, .box_w = 14, .box_h = 16, .ofs_x = 0, .ofs_y = 0},
    {.bitmap_index = 8848, .adv_w = 112, .box_w = 3, .box_h = 24, .ofs_x = 2, .ofs_y = -5},
    {.bitmap_index = 8884, .adv_w = 208, .box_w = 11, .box_h = 19, .ofs_x = 1, .ofs_y = -3},
    {.bitmap_index = 8989, .adv_w = 179, .box_w = 10, .box_h = 3, .ofs_x = 1, .ofs_y = 14},
    {.bitmap_index = 9004, .adv_w = 308, .box_w = 19, .box_h = 17, .ofs_x = 0, .ofs_y = 0},
    {.bitmap_index = 9166, .adv_w = 129, .box_w = 8, .box_h = 8, .ofs_x = 0, .ofs_y = 9},
    {.bitmap_index = 9198, .adv_w = 230, .box_w = 13, .box_h = 10, .ofs_x = 1, .ofs_y = 2},
    {.bitmap_index = 9263, .adv_w = 242, .box_w = 9, .box_h = 6, .ofs_x = 3, .ofs_y = 4},
    {.bitmap_index = 9290, .adv_w = 237, .box_w = 15, .box_h = 14, .ofs_x = 0, .ofs_y = 3},
    {.bitmap_index = 9395, .adv_w = 115, .box_w = 9, .box_h = 3, .ofs_x = -1, .ofs_y = 13},
    {.bitmap_index = 9409, .adv_w = 144, .box_w = 8, .box_h = 7, .ofs_x = 0, .ofs_y = 10},
    {.bitmap_index = 9437, .adv_w = 242, .box_w = 12, .box_h = 13, .ofs_x = 2, .ofs_y = 0},
    {.bitmap_index = 9515, .adv_w = 140, .box_w = 8, .box_h = 10, .ofs_x = 0, .ofs_y = 9},
    {.bitmap_index = 9555, .adv_w = 136, .box_w = 8, .box_h = 10, .ofs_x = 0, .ofs_y = 9},
    {.bitmap_index = 9595, .adv_w = 95, .box_w = 6, .box_h = 3, .ofs_x = 0, .ofs_y = 13},
    {.bitmap_index = 9604, .adv_w = 217, .box_w = 12, .box_h = 17, .ofs_x = 1, .ofs_y = -5},
    {.bitmap_index = 9706, .adv_w = 219, .box_w = 12, .box_h = 19, .ofs_x = 0, .ofs_y = -3},
    {.bitmap_index = 9820, .adv_w = 99, .box_w = 4, .box_h = 4, .ofs_x = 1, .ofs_y = 6},
    {.bitmap_index = 9828, .adv_w = 87, .box_w = 6, .box_h = 6, .ofs_x = 0, .ofs_y = -5},
    {.bitmap_index = 9846, .adv_w = 108, .box_w = 6, .box_h = 10, .ofs_x = 0, .ofs_y = 9},
    {.bitmap_index = 9876, .adv_w = 139, .box_w = 9, .box_h = 8, .ofs_x = 0, .ofs_y = 9},
    {.bitmap_index = 9912, .adv_w = 230, .box_w = 13, .box_h = 10, .ofs_x = 1, .ofs_y = 2},
    {.bitmap_index = 9977, .adv_w = 320, .box_w = 20, .box_h = 17, .ofs_x = 0, .ofs_y = 0},
    {.bitmap_index = 10147, .adv_w = 333, .box_w = 20, .box_h = 16, .ofs_x = 0, .ofs_y = 0},
    {.bitmap_index = 10307, .adv_w = 349, .box_w = 22, .box_h = 17, .ofs_x = 0, .ofs_y = 0},
    {.bitmap_index = 10494, .adv_w = 179, .box_w = 11, .box_h = 17, .ofs_x = 0, .ofs_y = -5},
    {.bitmap_index = 10588, .adv_w = 268, .box_w = 17, .box_h = 21, .ofs_x = 0, .ofs_y = 0},
    {.bitmap_index = 10767, .adv_w = 268, .box_w = 17, .box_h = 21, .ofs_x = 0, .ofs_y = 0},
    {.bitmap_index = 10946, .adv_w = 268, .box_w = 17, .box_h = 21, .ofs_x = 0, .ofs_y = 0},
    {.bitmap_index = 11125, .adv_w = 268, .box_w = 17, .box_h = 21, .ofs_x = 0, .ofs_y = 0},
    {.bitmap_index = 11304, .adv_w = 268, .box_w = 17, .box_h = 21, .ofs_x = 0, .ofs_y = 0},
    {.bitmap_index = 11483, .adv_w = 268, .box_w = 17, .box_h = 22, .ofs_x = 0, .ofs_y = 0},
    {.bitmap_index = 11670, .adv_w = 388, .box_w = 23, .box_h = 16, .ofs_x = 0, .ofs_y = 0},
    {.bitmap_index = 11854, .adv_w = 278, .box_w = 17, .box_h = 21, .ofs_x = 0, .ofs_y = -5},
    {.bitmap_index = 12033, .adv_w = 227, .box_w = 12, .box_h = 21, .ofs_x = 1, .ofs_y = 0},
    {.bitmap_index = 12159, .adv_w = 227, .box_w = 12, .box_h = 21, .ofs_x = 1, .ofs_y = 0},
    {.bitmap_index = 12285, .adv_w = 227, .box_w = 12, .box_h = 21, .ofs_x = 1, .ofs_y = 0},
    {.bitmap_index = 12411, .adv_w = 227, .box_w = 12, .box_h = 21, .ofs_x = 1, .ofs_y = 0},
    {.bitmap_index = 12537, .adv_w = 108, .box_w = 6, .box_h = 21, .ofs_x = 0, .ofs_y = 0},
    {.bitmap_index = 12600, .adv_w = 108, .box_w = 7, .box_h = 21, .ofs_x = 1, .ofs_y = 0},
    {.bitmap_index = 12674, .adv_w = 108, .box_w = 10, .box_h = 21, .ofs_x = -2, .ofs_y = 0},
    {.bitmap_index = 12779, .adv_w = 112, .box_w = 7, .box_h = 21, .ofs_x = 0, .ofs_y = 0},
    {.bitmap_index = 12853, .adv_w = 287, .box_w = 17, .box_h = 16, .ofs_x = 1, .ofs_y = 0},
    {.bitmap_index = 12989, .adv_w = 297, .box_w = 16, .box_h = 21, .ofs_x = 1, .ofs_y = 0},
    {.bitmap_index = 13157, .adv_w = 301, .box_w = 18, .box_h = 21, .ofs_x = 0, .ofs_y = 0},
    {.bitmap_index = 13346, .adv_w = 301, .box_w = 18, .box_h = 21, .ofs_x = 0, .ofs_y = 0},
    {.bitmap_index = 13535, .adv_w = 301, .box_w = 18, .box_h = 22, .ofs_x = 0, .ofs_y = 0},
    {.bitmap_index = 13733, .adv_w = 301, .box_w = 18, .box_h = 21, .ofs_x = 0, .ofs_y = 0},
    {.bitmap_index = 13922, .adv_w = 301, .box_w = 18, .box_h = 22, .ofs_x = 0, .ofs_y = 0},
    {.bitmap_index = 14120, .adv_w = 242, .box_w = 11, .box_h = 10, .ofs_x = 2, .ofs_y = 2},
    {.bitmap_index = 14175, .adv_w = 302, .box_w = 19, .box_h = 16, .ofs_x = 0, .ofs_y = 0},
    {.bitmap_index = 14327, .adv_w = 271, .box_w = 15, .box_h = 21, .ofs_x = 1, .ofs_y = 0},
    {.bitmap_index = 14485, .adv_w = 271, .box_w = 15, .box_h = 21, .ofs_x = 1, .ofs_y = 0},
    {.bitmap_index = 14643, .adv_w = 271, .box_w = 15, .box_h = 22, .ofs_x = 1, .ofs_y = 0},
    {.bitmap_index = 14808, .adv_w = 271, .box_w = 15, .box_h = 22, .ofs_x = 1, .ofs_y = 0},
    {.bitmap_index = 14973, .adv_w = 242, .box_w = 15, .box_h = 21, .ofs_x = 0, .ofs_y = 0},
    {.bitmap_index = 15131, .adv_w = 231, .box_w = 12, .box_h = 16, .ofs_x = 2, .ofs_y = 0},
    {.bitmap_index = 15227, .adv_w = 222, .box_w = 12, .box_h = 16, .ofs_x = 1, .ofs_y = 0},
    {.bitmap_index = 15323, .adv_w = 200, .box_w = 12, .box_h = 16, .ofs_x = 0, .ofs_y = 0},
    {.bitmap_index = 15419, .adv_w = 200, .box_w = 12, .box_h = 16, .ofs_x = 0, .ofs_y = 0},
    {.bitmap_index = 15515, .adv_w = 200, .box_w = 12, .box_h = 16, .ofs_x = 0, .ofs_y = 0},
    {.bitmap_index = 15611, .adv_w = 200, .box_w = 12, .box_h = 16, .ofs_x = 0, .ofs_y = 0},
    {.bitmap_index = 15707, .adv_w = 200, .box_w = 12, .box_h = 17, .ofs_x = 0, .ofs_y = 0},
    {.bitmap_index = 15809, .adv_w = 200, .box_w = 12, .box_h = 18, .ofs_x = 0, .ofs_y = 0},
    {.bitmap_index = 15917, .adv_w = 336, .box_w = 21, .box_h = 12, .ofs_x = 0, .ofs_y = 0},
    {.bitmap_index = 16043, .adv_w = 209, .box_w = 13, .box_h = 17, .ofs_x = 0, .ofs_y = -5},
    {.bitmap_index = 16154, .adv_w = 212, .box_w = 13, .box_h = 16, .ofs_x = 0, .ofs_y = 0},
    {.bitmap_index = 16258, .adv_w = 212, .box_w = 13, .box_h = 16, .ofs_x = 0, .ofs_y = 0},
    {.bitmap_index = 16362, .adv_w = 212, .box_w = 13, .box_h = 16, .ofs_x = 0, .ofs_y = 0},
    {.bitmap_index = 16466, .adv_w = 212, .box_w = 13, .box_h = 17, .ofs_x = 0, .ofs_y = 0},
    {.bitmap_index = 16577, .adv_w = 96, .box_w = 7, .box_h = 16, .ofs_x = -1, .ofs_y = 0},
    {.bitmap_index = 16633, .adv_w = 96, .box_w = 7, .box_h = 16, .ofs_x = 1, .ofs_y = 0},
    {.bitmap_index = 16689, .adv_w = 96, .box_w = 10, .box_h = 16, .ofs_x = -2, .ofs_y = 0},
    {.bitmap_index = 16769, .adv_w = 96, .box_w = 8, .box_h = 17, .ofs_x = -1, .ofs_y = 0},
    {.bitmap_index = 16837, .adv_w = 222, .box_w = 13, .box_h = 18, .ofs_x = 0, .ofs_y = 0},
    {.bitmap_index = 16954, .adv_w = 217, .box_w = 12, .box_h = 16, .ofs_x = 1, .ofs_y = 0},
    {.bitmap_index = 17050, .adv_w = 223, .box_w = 14, .box_h = 16, .ofs_x = 0, .ofs_y = 0},
    {.bitmap_index = 17162, .adv_w = 223, .box_w = 14, .box_h = 16, .ofs_x = 0, .ofs_y = 0},
    {.bitmap_index = 17274, .adv_w = 223, .box_w = 14, .box_h = 16, .ofs_x = 0, .ofs_y = 0},
    {.bitmap_index = 17386, .adv_w = 223, .box_w = 14, .box_h = 16, .ofs_x = 0, .ofs_y = 0},
    {.bitmap_index = 17498, .adv_w = 223, .box_w = 14, .box_h = 17, .ofs_x = 0, .ofs_y = 0},
    {.bitmap_index = 17617, .adv_w = 242, .box_w = 11, .box_h = 10, .ofs_x = 2, .ofs_y = 2},
    {.bitmap_index = 17672, .adv_w = 222, .box_w = 14, .box_h = 12, .ofs_x = 0, .ofs_y = 0},
    {.bitmap_index = 17756, .adv_w = 217, .box_w = 12, .box_h = 16, .ofs_x = 1, .ofs_y = 0},
    {.bitmap_index = 17852, .adv_w = 217, .box_w = 12, .box_h = 16, .ofs_x = 1, .ofs_y = 0},
    {.bitmap_index = 17948, .adv_w = 217, .box_w = 12, .box_h = 16, .ofs_x = 1, .ofs_y = 0},
    {.bitmap_index = 18044, .adv_w = 217, .box_w = 12, .box_h = 17, .ofs_x = 1, .ofs_y = 0},
    {.bitmap_index = 18146, .adv_w = 214, .box_w = 14, .box_h = 21, .ofs_x = 0, .ofs_y = -5},
    {.bitmap_index = 18293, .adv_w = 227, .box_w = 13, .box_h = 21, .ofs_x = 1, .ofs_y = -5},
    {.bitmap_index = 18430, .adv_w = 214, .box_w = 14, .box_h = 22, .ofs_x = 0, .ofs_y = -5},
    {.bitmap_index = 18584, .adv_w = 268, .box_w = 17, .box_h = 20, .ofs_x = 0, .ofs_y = 0},
    {.bitmap_index = 18754, .adv_w = 200, .box_w = 12, .box_h = 16, .ofs_x = 0, .ofs_y = 0},
    {.bitmap_index = 18850, .adv_w = 268, .box_w = 17, .box_h = 21, .ofs_x = 0, .ofs_y = 0},
    {.bitmap_index = 19029, .adv_w = 200, .box_w = 12, .box_h = 16, .ofs_x = 0, .ofs_y = 0},
    {.bitmap_index = 19125, .adv_w = 268, .box_w = 18, .box_h = 21, .ofs_x = 0, .ofs_y = -5},
    {.bitmap_index = 19314, .adv_w = 200, .box_w = 12, .box_h = 17, .ofs_x = 0, .ofs_y = -5},
    {.bitmap_index = 19416, .adv_w = 278, .box_w = 17, .box_h = 21, .ofs_x = 0, .ofs_y = 0},
    {.bitmap_index = 19595, .adv_w = 209, .box_w = 13, .box_h = 16, .ofs_x = 0, .ofs_y = 0},
    {.bitmap_index = 19699, .adv_w = 278, .box_w = 17, .box_h = 22, .ofs_x = 0, .ofs_y = 0},
    {.bitmap_index = 19886, .adv_w = 209, .box_w = 13, .box_h = 16, .ofs_x = 0, .ofs_y = 0},
    {.bitmap_index = 19990, .adv_w = 278, .box_w = 17, .box_h = 22, .ofs_x = 0, .ofs_y = 0},
    {.bitmap_index = 20177, .adv_w = 209, .box_w = 13, .box_h = 17, .ofs_x = 0, .ofs_y = 0},
    {.bitmap_index = 20288, .adv_w = 278, .box_w = 17, .box_h = 21, .ofs_x = 0, .ofs_y = 0},
    {.bitmap_index = 20467, .adv_w = 209, .box_w = 13, .box_h = 16, .ofs_x = 0, .ofs_y = 0},
    {.bitmap_index = 20571, .adv_w = 267, .box_w = 15, .box_h = 21, .ofs_x = 1, .ofs_y = 0},
    {.bitmap_index = 20729, .adv_w = 227, .box_w = 17, .box_h = 16, .ofs_x = 0, .ofs_y = 0},
    {.bitmap_index = 20865, .adv_w = 287, .box_w = 17, .box_h = 16, .ofs_x = 1, .ofs_y = 0},
    {.bitmap_index = 21001, .adv_w = 227, .box_w = 15, .box_h = 16, .ofs_x = 0, .ofs_y = 0},
    {.bitmap_index = 21121, .adv_w = 227, .box_w = 12, .box_h = 20, .ofs_x = 1, .ofs_y = 0},
    {.bitmap_index = 21241, .adv_w = 212, .box_w = 13, .box_h = 16, .ofs_x = 0, .ofs_y = 0},
    {.bitmap_index = 21345, .adv_w = 227, .box_w = 12, .box_h = 22, .ofs_x = 1, .ofs_y = 0},
    {.bitmap_index = 21477, .adv_w = 212, .box_w = 13, .box_h = 17, .ofs_x = 0, .ofs_y = 0},
    {.bitmap_index = 21588, .adv_w = 227, .box_w = 13, .box_h = 21, .ofs_x = 1, .ofs_y = -5},
    {.bitmap_index = 21725, .adv_w = 212, .box_w = 13, .box_h = 17, .ofs_x = 0, .ofs_y = -5},
    {.bitmap_index = 21836, .adv_w = 227, .box_w = 12, .box_h = 21, .ofs_x = 1, .ofs_y = 0},
    {.bitmap_index = 21962, .adv_w = 212, .box_w = 13, .box_h = 16, .ofs_x = 0, .ofs_y = 0},
    {.bitmap_index = 22066, .adv_w = 288, .box_w = 18, .box_h = 22, .ofs_x = 0, .ofs_y = 0},
    {.bitmap_index = 22264, .adv_w = 229, .box_w = 13, .box_h = 21, .ofs_x = 0, .ofs_y = -5},
    {.bitmap_index = 22401, .adv_w = 288, .box_w = 18, .box_h = 22, .ofs_x = 0, .ofs_y = 0},
    {.bitmap_index = 22599, .adv_w = 229, .box_w = 13, .box_h = 21, .ofs_x = 0, .ofs_y = -5},
    {.bitmap_index = 22736, .adv_w = 288, .box_w = 18, .box_h = 22, .ofs_x = 0, .ofs_y = 0},
    {.bitmap_index = 22934, .adv_w = 229, .box_w = 13, .box_h = 22, .ofs_x = 0, .ofs_y = -5},
    {.bitmap_index = 23077, .adv_w = 288, .box_w = 18, .box_h = 21, .ofs_x = 0, .ofs_y = -5},
    {.bitmap_index = 23266, .adv_w = 229, .box_w = 13, .box_h = 21, .ofs_x = 0, .ofs_y = -5},
    {.bitmap_index = 23403, .adv_w = 288, .box_w = 16, .box_h = 21, .ofs_x = 1, .ofs_y = 0},
    {.bitmap_index = 23571, .adv_w = 217, .box_w = 15, .box_h = 22, .ofs_x = -2, .ofs_y = 0},
    {.bitmap_index = 23736, .adv_w = 288, .box_w = 18, .box_h = 16, .ofs_x = 0, .ofs_y = 0},
    {.bitmap_index = 23880, .adv_w = 217, .box_w = 13, .box_h = 16, .ofs_x = 0, .ofs_y = 0},
    {.bitmap_index = 23984, .adv_w = 108, .box_w = 9, .box_h = 20, .ofs_x = -1, .ofs_y = 0},
    {.bitmap_index = 24074, .adv_w = 96, .box_w = 8, .box_h = 16, .ofs_x = -1, .ofs_y = 0},
    {.bitmap_index = 24138, .adv_w = 108, .box_w = 6, .box_h = 21, .ofs_x = 0, .ofs_y = -5},
    {.bitmap_index = 24201, .adv_w = 96, .box_w = 5, .box_h = 22, .ofs_x = 0, .ofs_y = -5},
    {.bitmap_index = 24256, .adv_w = 108, .box_w = 4, .box_h = 22, .ofs_x = 1, .ofs_y = 0},
    {.bitmap_index = 24300, .adv_w = 96, .box_w = 4, .box_h = 12, .ofs_x = 1, .ofs_y = 0},
    {.bitmap_index = 24324, .adv_w = 314, .box_w = 17, .box_h = 16, .ofs_x = 1, .ofs_y = 0},
    {.bitmap_index = 24460, .adv_w = 204, .box_w = 11, .box_h = 22, .ofs_x = 1, .ofs_y = -5},
    {.bitmap_index = 24581, .adv_w = 206, .box_w = 14, .box_h = 22, .ofs_x = 0, .ofs_y = 0},
    {.bitmap_index = 24735, .adv_w = 104, .box_w = 11, .box_h = 21, .ofs_x = -2, .ofs_y = -5},
    {.bitmap_index = 24851, .adv_w = 247, .box_w = 15, .box_h = 21, .ofs_x = 1, .ofs_y = -5},
    {.bitmap_index = 25009, .adv_w = 199, .box_w = 12, .box_h = 21, .ofs_x = 1, .ofs_y = -5},
    {.bitmap_index = 25135, .adv_w = 204, .box_w = 12, .box_h = 21, .ofs_x = 1, .ofs_y = 0},
    {.bitmap_index = 25261, .adv_w = 91, .box_w = 7, .box_h = 21, .ofs_x = 0, .ofs_y = 0},
    {.bitmap_index = 25335, .adv_w = 204, .box_w = 12, .box_h = 21, .ofs_x = 1, .ofs_y = -5},
    {.bitmap_index = 25461, .adv_w = 91, .box_w = 5, .box_h = 21, .ofs_x = 0, .ofs_y = -5},
    {.bitmap_index = 25514, .adv_w = 204, .box_w = 12, .box_h = 18, .ofs_x = 1, .ofs_y = 0},
    {.bitmap_index = 25622, .adv_w = 91, .box_w = 8, .box_h = 16, .ofs_x = 1, .ofs_y = 0},
    {.bitmap_index = 25686, .adv_w = 204, .box_w = 13, .box_h = 16, .ofs_x = 0, .ofs_y = 0},
    {.bitmap_index = 25790, .adv_w = 109, .box_w = 7, .box_h = 16, .ofs_x = 0, .ofs_y = 0},
    {.bitmap_index = 25846, .adv_w = 297, .box_w = 16, .box_h = 21, .ofs_x = 1, .ofs_y = 0},
    {.bitmap_index = 26014, .adv_w = 217, .box_w = 12, .box_h = 16, .ofs_x = 1, .ofs_y = 0},
    {.bitmap_index = 26110, .adv_w = 297, .box_w = 16, .box_h = 21, .ofs_x = 1, .ofs_y = -5},
    {.bitmap_index = 26278, .adv_w = 217, .box_w = 12, .box_h = 17, .ofs_x = 1, .ofs_y = -5},
    {.bitmap_index = 26380, .adv_w = 297, .box_w = 16, .box_h = 21, .ofs_x = 1, .ofs_y = 0},
    {.bitmap_index = 26548, .adv_w = 217, .box_w = 12, .box_h = 16, .ofs_x = 1, .ofs_y = 0},
    {.bitmap_index = 26644, .adv_w = 297, .box_w = 16, .box_h = 21, .ofs_x = 1, .ofs_y = -5},
    {.bitmap_index = 26812, .adv_w = 217, .box_w = 12, .box_h = 17, .ofs_x = 1, .ofs_y = -5},
    {.bitmap_index = 26914, .adv_w = 301, .box_w = 18, .box_h = 21, .ofs_x = 0, .ofs_y = 0},
    {.bitmap_index = 27103, .adv_w = 223, .box_w = 14, .box_h = 16, .ofs_x = 0, .ofs_y = 0},
    {.bitmap_index = 27215, .adv_w = 301, .box_w = 18, .box_h = 21, .ofs_x = 0, .ofs_y = 0},
    {.bitmap_index = 27404, .adv_w = 223, .box_w = 14, .box_h = 16, .ofs_x = 0, .ofs_y = 0},
    {.bitmap_index = 27516, .adv_w = 430, .box_w = 26, .box_h = 16, .ofs_x = 0, .ofs_y = 0},
    {.bitmap_index = 27724, .adv_w = 381, .box_w = 24, .box_h = 12, .ofs_x = 0, .ofs_y = 0},
    {.bitmap_index = 27868, .adv_w = 245, .box_w = 14, .box_h = 21, .ofs_x = 1, .ofs_y = 0},
    {.bitmap_index = 28015, .adv_w = 139, .box_w = 8, .box_h = 16, .ofs_x = 1, .ofs_y = 0},
    {.bitmap_index = 28079, .adv_w = 245, .box_w = 14, .box_h = 21, .ofs_x = 1, .ofs_y = -5},
    {.bitmap_index = 28226, .adv_w = 139, .box_w = 8, .box_h = 17, .ofs_x = 1, .ofs_y = -5},
    {.bitmap_index = 28294, .adv_w = 245, .box_w = 14, .box_h = 21, .ofs_x = 1, .ofs_y = 0},
    {.bitmap_index = 28441, .adv_w = 139, .box_w = 10, .box_h = 16, .ofs_x = -1, .ofs_y = 0},
    {.bitmap_index = 28521, .adv_w = 234, .box_w = 13, .box_h = 21, .ofs_x = 1, .ofs_y = 0},
    {.bitmap_index = 28658, .adv_w = 183, .box_w = 11, .box_h = 16, .ofs_x = 0, .ofs_y = 0},
    {.bitmap_index = 28746, .adv_w = 234, .box_w = 13, .box_h = 22, .ofs_x = 1, .ofs_y = 0},
    {.bitmap_index = 28889, .adv_w = 183, .box_w = 11, .box_h = 16, .ofs_x = 0, .ofs_y = 0},
    {.bitmap_index = 28977, .adv_w = 234, .box_w = 13, .box_h = 21, .ofs_x = 1, .ofs_y = -5},
    {.bitmap_index = 29114, .adv_w = 183, .box_w = 11, .box_h = 17, .ofs_x = 0, .ofs_y = -5},
    {.bitmap_index = 29208, .adv_w = 234, .box_w = 13, .box_h = 21, .ofs_x = 1, .ofs_y = 0},
    {.bitmap_index = 29345, .adv_w = 183, .box_w = 11, .box_h = 16, .ofs_x = 0, .ofs_y = 0},
    {.bitmap_index = 29433, .adv_w = 220, .box_w = 14, .box_h = 21, .ofs_x = 0, .ofs_y = 0},
    {.bitmap_index = 29580, .adv_w = 156, .box_w = 10, .box_h = 16, .ofs_x = 0, .ofs_y = 0},
    {.bitmap_index = 29660, .adv_w = 271, .box_w = 15, .box_h = 21, .ofs_x = 1, .ofs_y = 0},
    {.bitmap_index = 29818, .adv_w = 217, .box_w = 12, .box_h = 16, .ofs_x = 1, .ofs_y = 0},
    {.bitmap_index = 29914, .adv_w = 271, .box_w = 15, .box_h = 21, .ofs_x = 1, .ofs_y = 0},
    {.bitmap_index = 30072, .adv_w = 217, .box_w = 12, .box_h = 16, .ofs_x = 1, .ofs_y = 0},
    {.bitmap_index = 30168, .adv_w = 271, .box_w = 15, .box_h = 22, .ofs_x = 1, .ofs_y = 0},
    {.bitmap_index = 30333, .adv_w = 217, .box_w = 12, .box_h = 18, .ofs_x = 1, .ofs_y = 0},
    {.bitmap_index = 30441, .adv_w = 271, .box_w = 15, .box_h = 21, .ofs_x = 1, .ofs_y = 0},
    {.bitmap_index = 30599, .adv_w = 217, .box_w = 12, .box_h = 16, .ofs_x = 1, .ofs_y = 0},
    {.bitmap_index = 30695, .adv_w = 271, .box_w = 15, .box_h = 21, .ofs_x = 1, .ofs_y = -5},
    {.bitmap_index = 30853, .adv_w = 217, .box_w = 12, .box_h = 17, .ofs_x = 1, .ofs_y = -5},
    {.bitmap_index = 30955, .adv_w = 374, .box_w = 24, .box_h = 21, .ofs_x = 0, .ofs_y = 0},
    {.bitmap_index = 31207, .adv_w = 313, .box_w = 20, .box_h = 16, .ofs_x = 0, .ofs_y = 0},
    {.bitmap_index = 31367, .adv_w = 242, .box_w = 15, .box_h = 21, .ofs_x = 0, .ofs_y = 0},
    {.bitmap_index = 31525, .adv_w = 214, .box_w = 14, .box_h = 21, .ofs_x = 0, .ofs_y = -5},
    {.bitmap_index = 31672, .adv_w = 242, .box_w = 15, .box_h = 21, .ofs_x = 0, .ofs_y = 0},
    {.bitmap_index = 31830, .adv_w = 244, .box_w = 15, .box_h = 21, .ofs_x = 0, .ofs_y = 0},
    {.bitmap_index = 31988, .adv_w = 185, .box_w = 11, .box_h = 16, .ofs_x = 0, .ofs_y = 0},
    {.bitmap_index = 32076, .adv_w = 244, .box_w = 15, .box_h = 22, .ofs_x = 0, .ofs_y = 0},
    {.bitmap_index = 32241, .adv_w = 185, .box_w = 11, .box_h = 17, .ofs_x = 0, .ofs_y = 0},
    {.bitmap_index = 32335, .adv_w = 244, .box_w = 15, .box_h = 21, .ofs_x = 0, .ofs_y = 0},
    {.bitmap_index = 32493, .adv_w = 185, .box_w = 11, .box_h = 16, .ofs_x = 0, .ofs_y = 0},
    {.bitmap_index = 32581, .adv_w = 211, .box_w = 14, .box_h = 3, .ofs_x = 0, .ofs_y = 6},
    {.bitmap_index = 32602, .adv_w = 422, .box_w = 27, .box_h = 3, .ofs_x = 0, .ofs_y = 6},
    {.bitmap_index = 32643, .adv_w = 78, .box_w = 5, .box_h = 6, .ofs_x = 0, .ofs_y = 10},
    {.bitmap_index = 32658, .adv_w = 78, .box_w = 5, .box_h = 6, .ofs_x = 0, .ofs_y = 10},
    {.bitmap_index = 32673, .adv_w = 90, .box_w = 6, .box_h = 6, .ofs_x = 0, .ofs_y = -3},
    {.bitmap_index = 32691, .adv_w = 146, .box_w = 9, .box_h = 6, .ofs_x = 0, .ofs_y = 10},
    {.bitmap_index = 32718, .adv_w = 146, .box_w = 9, .box_h = 6, .ofs_x = 0, .ofs_y = 10},
    {.bitmap_index = 32745, .adv_w = 142, .box_w = 9, .box_h = 6, .ofs_x = 0, .ofs_y = -3},
    {.bitmap_index = 32772, .adv_w = 183, .box_w = 7, .box_h = 6, .ofs_x = 2, .ofs_y = 4},
    {.bitmap_index = 32793, .adv_w = 258, .box_w = 15, .box_h = 4, .ofs_x = 1, .ofs_y = 0},
    {.bitmap_index = 32823, .adv_w = 262, .box_w = 16, .box_h = 16, .ofs_x = 0, .ofs_y = 0}
};

/*---------------------
 *  CHARACTER MAPPING
 *--------------------*/

static const uint8_t glyph_id_ofs_list_4[] = {
    0, 1, 0, 0, 2, 3, 4, 5,
    6, 7, 8, 9, 10, 11, 0, 12,
    13, 14, 15, 16, 17, 0, 0, 18,
    19, 20, 21, 22, 23, 24, 25, 0,
    26, 27, 28, 29, 0, 0, 30, 31,
    32, 33, 34, 35, 36, 37, 38, 39,
    40, 41, 42, 43, 44, 45, 46, 47,
    0, 0, 48, 49
};

static const uint16_t unicode_list_6[] = {
    0x0, 0x1, 0x5, 0x6, 0x7, 0x9, 0xa, 0xb,
    0xf, 0x13, 0x99
};

/*Collect the unicode lists and glyph_id offsets*/
static const lv_font_fmt_txt_cmap_t cmaps[] =
{
    {
        .range_start = 32, .range_length = 95, .glyph_id_start = 1,
        .unicode_list = NULL, .glyph_id_ofs_list = NULL, .list_length = 0, .type = LV_FONT_FMT_TXT_CMAP_FORMAT0_TINY
    },
    {
        .range_start = 160, .range_length = 13, .glyph_id_start = 96,
        .unicode_list = NULL, .glyph_id_ofs_list = NULL, .list_length = 0, .type = LV_FONT_FMT_TXT_CMAP_FORMAT0_TINY
    },
    {
        .range_start = 174, .range_length = 102, .glyph_id_start = 109,
        .unicode_list = NULL, .glyph_id_ofs_list = NULL, .list_length = 0, .type = LV_FONT_FMT_TXT_CMAP_FORMAT0_TINY
    },
    {
        .range_start = 278, .range_length = 18, .glyph_id_start = 211,
        .unicode_list = NULL, .glyph_id_ofs_list = NULL, .list_length = 0, .type = LV_FONT_FMT_TXT_CMAP_FORMAT0_TINY
    },
    {
        .range_start = 298, .range_length = 60, .glyph_id_start = 229,
        .unicode_list = NULL, .glyph_id_ofs_list = glyph_id_ofs_list_4, .list_length = 60, .type = LV_FONT_FMT_TXT_CMAP_FORMAT0_FULL
    },
    {
        .range_start = 362, .range_length = 21, .glyph_id_start = 279,
        .unicode_list = NULL, .glyph_id_ofs_list = NULL, .list_length = 0, .type = LV_FONT_FMT_TXT_CMAP_FORMAT0_TINY
    },
    {
        .range_start = 8211, .range_length = 154, .glyph_id_start = 300,
        .unicode_list = unicode_list_6, .glyph_id_ofs_list = NULL, .list_length = 11, .type = LV_FONT_FMT_TXT_CMAP_SPARSE_TINY
    }
};

/*-----------------
 *    KERNING
 *----------------*/


/*Map glyph_ids to kern left classes*/
static const uint8_t kern_left_class_mapping[] =
{
    0, 0, 0, 0, 0, 0, 0, 0,
    0, 1, 0, 0, 0, 0, 0, 0,
    0, 0, 0, 0, 0, 0, 0, 0,
    0, 0, 0, 0, 0, 0, 0, 0,
    0, 0, 2, 0, 0, 3, 0, 4,
    5, 0, 0, 0, 6, 7, 0, 0,
    8, 9, 0, 10, 0, 11, 3, 12,
    13, 14, 15, 0, 0, 0, 0, 0,
    0, 0, 16, 17, 17, 0, 17, 18,
    0, 16, 0, 0, 19, 0, 16, 20,
    17, 17, 0, 0, 21, 22, 0, 23,
    23, 24, 23, 0, 0, 0, 0, 0,
    0, 0, 0, 0, 0, 0, 0, 0,
    0, 0, 0, 0, 0, 0, 0, 0,
    0, 0, 0, 0, 0, 0, 0, 0,
    0, 0, 0, 0, 0, 0, 0, 25,
    25, 25, 25, 25, 25, 0, 0, 0,
    0, 0, 0, 0, 0, 0, 0, 3,
    0, 3, 3, 3, 3, 3, 0, 3,
    3, 3, 3, 3, 26, 0, 0, 16,
    16, 16, 16, 16, 16, 17, 17, 17,
    17, 17, 17, 0, 0, 0, 0, 0,
    16, 17, 17, 17, 17, 17, 0, 17,
    0, 0, 0, 0, 23, 17, 23, 25,
    16, 25, 16, 27, 28, 0, 17, 0,
    17, 0, 17, 0, 17, 3, 29, 3,
    0, 0, 17, 0, 17, 30, 31, 0,
    0, 0, 0, 0, 0, 0, 0, 0,
    0, 0, 0, 0, 0, 0, 0, 30,
    32, 0, 0, 0, 0, 0, 0, 0,
    19, 0, 0, 0, 0, 0, 29, 0,
    0, 0, 16, 0, 16, 0, 16, 0,
    0, 3, 17, 3, 17, 0, 17, 0,
    0, 0, 0, 0, 0, 0, 0, 0,
    0, 0, 0, 0, 0, 26, 33, 3,
    0, 3, 0, 3, 0, 3, 0, 3,
    30, 26, 23, 26, 23, 26, 0, 0,
    0, 0, 0, 0, 0, 0, 0, 34,
    0, 0, 0, 35, 0, 0, 0
};

/*Map glyph_ids to kern right classes*/
static const uint8_t kern_right_class_mapping[] =
{
    0, 0, 1, 1, 0, 0, 0, 0,
    1, 0, 2, 1, 0, 0, 0, 0,
    0, 0, 0, 0, 0, 0, 0, 0,
    0, 0, 0, 0, 0, 0, 0, 0,
    1, 0, 3, 0, 4, 0, 0, 0,
    5, 0, 6, 0, 0, 0, 0, 0,
    7, 0, 0, 0, 0, 8, 0, 9,
    10, 0, 11, 0, 0, 0, 1, 0,
    0, 0, 12, 0, 12, 12, 12, 13,
    12, 13, 13, 14, 13, 13, 15, 15,
    12, 15, 12, 15, 16, 13, 15, 17,
    17, 18, 17, 19, 0, 0, 1, 0,
    0, 0, 0, 0, 0, 0, 0, 0,
    0, 0, 0, 0, 0, 0, 0, 0,
    0, 0, 0, 0, 0, 0, 0, 0,
    0, 0, 0, 0, 0, 0, 0, 20,
    20, 20, 20, 20, 20, 20, 0, 0,
    0, 0, 0, 0, 0, 0, 0, 0,
    0, 0, 0, 0, 0, 0, 0, 0,
    0, 0, 0, 0, 21, 0, 0, 12,
    12, 12, 12, 13, 12, 12, 12, 12,
    12, 12, 12, 13, 13, 13, 13, 12,
    15, 12, 12, 12, 12, 12, 0, 12,
    15, 15, 15, 15, 17, 0, 17, 20,
    12, 20, 12, 20, 12, 0, 12, 0,
    12, 0, 12, 0, 12, 0, 12, 0,
    12, 0, 12, 0, 12, 0, 12, 0,
    13, 0, 0, 0, 12, 0, 12, 0,
    12, 0, 0, 0, 13, 0, 13, 0,
    0, 0, 0, 0, 0, 0, 0, 0,
    13, 0, 13, 0, 13, 0, 13, 0,
    13, 0, 15, 0, 15, 0, 15, 0,
    15, 0, 12, 0, 12, 0, 12, 0,
    15, 0, 15, 0, 15, 0, 15, 0,
    15, 0, 15, 0, 15, 21, 13, 0,
    15, 0, 15, 0, 15, 0, 15, 0,
    15, 21, 17, 21, 17, 21, 0, 15,
    0, 15, 0, 15, 0, 0, 0, 22,
    0, 1, 1, 0, 0, 0, 0
};

/*Kern values between classes*/
static const int8_t kern_class_values[] =
{
    0, 0, 0, 0, 0, 0, 0, 0,
    0, 0, 0, -3, 0, 0, -2, -2,
    0, 0, -2, 0, 0, 0, 0, 0,
    0, -9, -13, 0, -9, -13, -25, -21,
    -10, -3, 0, 0, 0, 0, -12, 0,
    0, 0, 0, 0, 0, 0, 0, 0,
    0, 0, 0, -6, -6, -6, -6, 0,
    0, 0, 0, 0, 0, 0, 0, 0,
    -6, 0, 0, 0, 0, 0, 0, 0,
    0, 0, 0, 0, 0, -3, 0, -2,
    -4, -4, -2, 0, -4, 0, 0, 0,
    0, 0, -7, 0, 0, -4, 0, 0,
    0, 0, 0, 0, 0, 0, 0, 0,
    0, 0, 0, 0, 0, 0, 0, 0,
    0, 0, 0, 0, 0, 0, 0, 0,
    0, -8, 0, 0, -2, -2, -8, 0,
    -2, 0, 0, 0, 0, 0, 0, 0,
    0, 0, -6, -32, 0, 0, -13, 0,
    0, 0, 0, 0, -5, 0, 0, 0,
    0, 0, 0, 0, 0, 0, 0, 0,
    0, -6, -6, -6, -8, 0, 0, 0,
    0, 0, 0, 0, 0, 0, -6, 0,
    0, 0, 0, 0, 0, 0, 0, 0,
    0, 0, 0, -4, 0, 0, -1, -1,
    0, 0, -1, 0, 0, 0, 0, 0,
    2, 0, 0, 0, 0, -3, 0, 0,
    0, 0, 0, 0, 0, 0, -5, 0,
    0, 0, 0, 0, 0, 0, -25, 0,
    0, 0, 0, 0, 0, 0, 0, -25,
    0, 0, -16, -16, -12, 0, -12, 0,
    0, 0, 0, 0, -25, 0, 0, 0,
    -3, 0, 0, 0, 0, -15, 0, 0,
    -5, -5, 0, 0, -5, 0, 0, 0,
    0, 0, -21, 0, 0, 0, 0, 0,
    0, 0, 0, -16, 0, 0, -3, -3,
    -1, 0, -3, 0, 0, 0, 0, 0,
    0, 0, 0, 0, 0, 0, 0, 0,
    0, -11, 0, 0, 0, 0, -8, 0,
    0, 0, 0, 0, 0, 0, 0, 0,
    0, 0, 0, 0, 0, 0, 0, -29,
    0, 0, -16, -16, -10, 0, -18, 0,
    0, 0, 0, 0, 0, 0, 0, 0,
    0, 0, 0, 0, 0, 0, 0, 0,
    0, 0, -4, 0, 0, 0, 0, 0,
    0, -3, 0, 0, 0, 0, 0, 0,
    0, 0, 0, 0, 0, 0, 0, 0,
    -7, -5, 0, 0, 0, 0, 0, 0,
    0, 0, 0, 0, 0, 0, 0, 0,
    0, -3, 0, 0, 0, 0, 0, 0,
    0, 0, 0, 0, 0, -2, 0, 0,
    0, 0, 0, 0, 0, 0, 0, -8,
    0, 0, 0, 0, 0, 0, 0, 0,
    0, 0, 0, -2, 0, 0, 0, 0,
    0, 0, 0, 0, 0, 0, 0, 0,
    0, 0, -4, 0, 0, 0, 0, 0,
    0, 0, 0, 0, 0, 0, 0, 0,
    0, 0, 0, 0, 0, 0, 0, 0,
    0, 0, 0, 0, 0, 0, 0, 0,
    0, 0, 0, 0, 0, 0, 0, 0,
    0, -2, 0, 0, 0, 0, 0, 0,
    0, 0, 0, 0, 0, 0, 0, 0,
    0, 0, 0, 0, 0, 0, 0, -5,
    0, 0, 0, 0, 0, 0, 0, 0,
    0, 8, 0, 0, 0, 0, 0, 0,
    0, 0, 0, 0, 0, -5, 0, 0,
    0, 0, 0, 0, 0, 0, 0, 0,
    0, 0, 0, 0, 0, 0, 0, 0,
    0, 0, 0, 0, 0, 0, 0, 0,
    -12, 0, 0, 0, 0, 0, 0, 0,
    0, 0, 0, 0, 0, 0, 0, 0,
    0, -9, 0, 0, 0, 0, 0, 0,
    0, 0, 0, 0, 0, 0, 0, 0,
    0, 0, 0, 0, 0, 0, 0, 0,
    0, 42, 0, 0, 0, 0, 0, 0,
    0, 0, 0, 0, 0, 0, 0, 0,
    0, 0, 0, 0, 0, 0, 0, 23,
    0, 0, -4, 0, 0, 0, 0, 0,
    35, 35, 0, 0, 0, 0, 0, 0,
    0, 0, 0, 0, 35, 0, 0, 0,
    0, 0, 0, 0, 0, 0, 0, 0,
    0, 0, 0, 0, 0, 0, 0, 0,
    0, 0, 0, 15, 0, 0, 0, 0,
    0, 0, 0, 0, 0, 0, 0, 0,
    0, 0, 0, 0, 0, 0, 0, 0,
    0, 23, 0, 0, 0, 0, 0, 0,
    0, 0, 0, 0, 0, 0, 0, 0,
    0, 0, 0, 0, 0, 0, 0, 14,
    0, 0, 0, 0, 0, 0, 0, 0,
    0, 0, 0, 0, 0, 0, 0, 0,
    0, 0, 0, -2, 33, 0, 0, 0,
    0, 0, 0, 0, 0, 0, 0, 0,
    0, 0, 0, 0, 0, 0, 0, 0,
    0, 0, 0, 0, 0, -30, 0, 0,
    0, 0, 0, 0, 0, 0, 9, 0,
    0, 0, 0, 0, 0, 0, 0, 0,
    0, 0, 0, 0, 0, 0, 0, 9,
    0, 0
};


/*Collect the kern class' data in one place*/
static const lv_font_fmt_txt_kern_classes_t kern_classes =
{
    .class_pair_values   = kern_class_values,
    .left_class_mapping  = kern_left_class_mapping,
    .right_class_mapping = kern_right_class_mapping,
    .left_class_cnt      = 35,
    .right_class_cnt     = 22,
};

/*--------------------
 *  ALL CUSTOM DATA
 *--------------------*/

#if LVGL_VERSION_MAJOR == 8
/*Store all the custom data of the font*/
static  lv_font_fmt_txt_glyph_cache_t cache;
#endif

#if LVGL_VERSION_MAJOR >= 8
static const lv_font_fmt_txt_dsc_t font_dsc = {
#else
static lv_font_fmt_txt_dsc_t font_dsc = {
#endif
    .glyph_bitmap = glyph_bitmap,
    .glyph_dsc = glyph_dsc,
    .cmaps = cmaps,
    .kern_dsc = &kern_classes,
    .kern_scale = 16,
    .cmap_num = 7,
    .bpp = 4,
    .kern_classes = 1,
    .bitmap_format = 0,
#if LVGL_VERSION_MAJOR == 8
    .cache = &cache
#endif
};



/*-----------------
 *  PUBLIC FONT
 *----------------*/

/*Initialize a public general font descriptor*/
#if LVGL_VERSION_MAJOR >= 8
const lv_font_t fig_sb_24 = {
#else
lv_font_t fig_sb_24 = {
#endif
    .get_glyph_dsc = lv_font_get_glyph_dsc_fmt_txt,    /*Function pointer to get glyph's data*/
    .get_glyph_bitmap = lv_font_get_bitmap_fmt_txt,    /*Function pointer to get glyph's bitmap*/
    .line_height = 27,          /*The maximum line height required by the font*/
    .base_line = 5,             /*Baseline measured from the bottom of the line*/
#if !(LVGL_VERSION_MAJOR == 6 && LVGL_VERSION_MINOR == 0)
    .subpx = LV_FONT_SUBPX_NONE,
#endif
#if LV_VERSION_CHECK(7, 4, 0) || LVGL_VERSION_MAJOR >= 8
    .underline_position = -2,
    .underline_thickness = 1,
#endif
    .dsc = &font_dsc,          /*The custom font data. Will be accessed by `get_glyph_bitmap/dsc` */
#if LV_VERSION_CHECK(8, 2, 0) || LVGL_VERSION_MAJOR >= 9
    .fallback = NULL,
#endif
    .user_data = NULL,
};



#endif /*#if FIG_SB_24*/

