/*******************************************************************************
 * Size: 28 px
 * Bpp: 4
 * Opts: --font src\Figtree-SemiBold.ttf --size 28 --bpp 4 --format lvgl --range 0x20-0x7E,0xA0-0x17F,0x2013-0x2014,0x2018-0x201E,0x2022,0x2026,0x20AC --no-compress --lv-include lvgl.h --lv-font-name fig_sb_28 -o fig_sb_28.c
 ******************************************************************************/

#ifdef LV_LVGL_H_INCLUDE_SIMPLE
#include "lvgl.h"
#else
#include "lvgl.h"
#endif

#ifndef FIG_SB_28
#define FIG_SB_28 1
#endif

#if FIG_SB_28

/*-----------------
 *    BITMAPS
 *----------------*/

/*Store the image of the glyphs*/
static LV_ATTRIBUTE_LARGE_CONST const uint8_t glyph_bitmap[] = {
    /* U+0020 " " */

    /* U+0021 "!" */
    0x6f, 0xff, 0x6, 0xff, 0xf0, 0x6f, 0xff, 0x6,
    0xff, 0xf0, 0x5f, 0xff, 0x5, 0xff, 0xe0, 0x5f,
    0xfe, 0x5, 0xff, 0xe0, 0x4f, 0xfe, 0x4, 0xff,
    0xe0, 0x4f, 0xfd, 0x4, 0xff, 0xd0, 0x3f, 0xfd,
    0x0, 0x22, 0x20, 0x0, 0x0, 0x0, 0x9c, 0x50,
    0x8f, 0xff, 0x29, 0xff, 0xf2, 0x1c, 0xf8, 0x0,

    /* U+0022 "\"" */
    0x4f, 0xfa, 0x2f, 0xfc, 0x3f, 0xf9, 0x1f, 0xfb,
    0x3f, 0xf8, 0x1f, 0xfb, 0x2f, 0xf8, 0xf, 0xfa,
    0x1f, 0xf7, 0xf, 0xf9, 0x1f, 0xf6, 0xe, 0xf9,
    0xc, 0xc4, 0xa, 0xc6,

    /* U+0023 "#" */
    0x0, 0x0, 0x0, 0xff, 0x60, 0x0, 0xcf, 0x80,
    0x0, 0x0, 0x0, 0x2, 0xff, 0x30, 0x0, 0xff,
    0x50, 0x0, 0x0, 0x0, 0x4, 0xff, 0x10, 0x2,
    0xff, 0x30, 0x0, 0x0, 0x0, 0x7, 0xfe, 0x0,
    0x5, 0xff, 0x0, 0x0, 0x0, 0x0, 0xa, 0xfb,
    0x0, 0x8, 0xfd, 0x0, 0x0, 0x7, 0xff, 0xff,
    0xff, 0xff, 0xff, 0xff, 0xff, 0xf4, 0xa, 0xff,
    0xff, 0xff, 0xff, 0xff, 0xff, 0xff, 0xf1, 0x1,
    0x22, 0x4f, 0xf5, 0x22, 0x2f, 0xf7, 0x22, 0x20,
    0x0, 0x0, 0x4f, 0xf1, 0x0, 0x2f, 0xf3, 0x0,
    0x0, 0x0, 0x0, 0x6f, 0xe0, 0x0, 0x4f, 0xf1,
    0x0, 0x0, 0x0, 0x0, 0x9f, 0xc0, 0x0, 0x7f,
    0xe0, 0x0, 0x0, 0x2, 0x22, 0xbf, 0xb2, 0x22,
    0xaf, 0xd2, 0x22, 0x0, 0x8f, 0xff, 0xff, 0xff,
    0xff, 0xff, 0xff, 0xff, 0x30, 0xaf, 0xff, 0xff,
    0xff, 0xff, 0xff, 0xff, 0xff, 0x10, 0x0, 0x3,
    0xff, 0x20, 0x0, 0xff, 0x40, 0x0, 0x0, 0x0,
    0x5, 0xff, 0x0, 0x3, 0xff, 0x20, 0x0, 0x0,
    0x0, 0x8, 0xfd, 0x0, 0x6, 0xff, 0x0, 0x0,
    0x0, 0x0, 0xb, 0xfa, 0x0, 0x8, 0xfc, 0x0,
    0x0, 0x0, 0x0, 0xd, 0xf8, 0x0, 0xb, 0xfa,
    0x0, 0x0, 0x0,

    /* U+0024 "$" */
    0x0, 0x0, 0x4, 0xff, 0x60, 0x0, 0x0, 0x0,
    0x0, 0x4, 0xff, 0x60, 0x0, 0x0, 0x0, 0x0,
    0x5, 0xff, 0x60, 0x0, 0x0, 0x0, 0x7, 0xdf,
    0xff, 0xfc, 0x60, 0x0, 0x1, 0xcf, 0xff, 0xff,
    0xff, 0xfc, 0x0, 0x9, 0xff, 0xfa, 0x77, 0xbf,
    0xff, 0xa0, 0xf, 0xff, 0x50, 0x0, 0x5, 0xff,
    0xe2, 0x2f, 0xff, 0x0, 0x0, 0x0, 0x64, 0x0,
    0x2f, 0xff, 0x10, 0x0, 0x0, 0x0, 0x0, 0xe,
    0xff, 0xc3, 0x0, 0x0, 0x0, 0x0, 0x5, 0xff,
    0xff, 0xea, 0x61, 0x0, 0x0, 0x0, 0x4e, 0xff,
    0xff, 0xff, 0xa1, 0x0, 0x0, 0x0, 0x6b, 0xff,
    0xff, 0xfe, 0x20, 0x0, 0x0, 0x0, 0x3, 0x9f,
    0xff, 0xc0, 0x0, 0x0, 0x0, 0x0, 0x4, 0xff,
    0xf3, 0x0, 0x10, 0x0, 0x0, 0x0, 0xdf, 0xf5,
    0x5c, 0xf9, 0x0, 0x0, 0x1, 0xff, 0xf3, 0x6f,
    0xff, 0xa3, 0x11, 0x5d, 0xff, 0xe0, 0x9, 0xff,
    0xff, 0xff, 0xff, 0xff, 0x50, 0x0, 0x5d, 0xff,
    0xff, 0xff, 0xe4, 0x0, 0x0, 0x0, 0x29, 0xff,
    0xa3, 0x0, 0x0, 0x0, 0x0, 0x4, 0xff, 0x60,
    0x0, 0x0, 0x0, 0x0, 0x4, 0xff, 0x60, 0x0,
    0x0, 0x0, 0x0, 0x4, 0xff, 0x60, 0x0, 0x0,

    /* U+0025 "%" */
    0x0, 0x7d, 0xfe, 0xa2, 0x0, 0x0, 0x0, 0xd,
    0xff, 0x60, 0x0, 0xcf, 0xff, 0xff, 0xf3, 0x0,
    0x0, 0x9, 0xff, 0xa0, 0x0, 0x6f, 0xf8, 0x35,
    0xef, 0xc0, 0x0, 0x5, 0xff, 0xd0, 0x0, 0xb,
    0xfb, 0x0, 0x5, 0xff, 0x10, 0x1, 0xef, 0xf3,
    0x0, 0x0, 0xbf, 0xa0, 0x0, 0x4f, 0xf1, 0x0,
    0xcf, 0xf7, 0x0, 0x0, 0x7, 0xff, 0x50, 0x2c,
    0xfd, 0x0, 0x8f, 0xfb, 0x0, 0x0, 0x0, 0x1d,
    0xff, 0xff, 0xff, 0x50, 0x4f, 0xfe, 0x10, 0x0,
    0x0, 0x0, 0x1a, 0xff, 0xfd, 0x40, 0x1e, 0xff,
    0x40, 0x0, 0x0, 0x0, 0x0, 0x0, 0x21, 0x0,
    0xb, 0xff, 0x80, 0x0, 0x0, 0x0, 0x0, 0x0,
    0x0, 0x0, 0x7, 0xff, 0xc0, 0x0, 0x10, 0x0,
    0x0, 0x0, 0x0, 0x0, 0x3, 0xff, 0xe1, 0x8,
    0xef, 0xfc, 0x30, 0x0, 0x0, 0x0, 0x0, 0xdf,
    0xf4, 0xb, 0xff, 0xff, 0xff, 0x40, 0x0, 0x0,
    0x0, 0xaf, 0xf8, 0x4, 0xff, 0x81, 0x3d, 0xfd,
    0x0, 0x0, 0x0, 0x5f, 0xfc, 0x0, 0x9f, 0xd0,
    0x0, 0x5f, 0xf2, 0x0, 0x0, 0x2f, 0xff, 0x20,
    0xa, 0xfa, 0x0, 0x2, 0xff, 0x30, 0x0, 0xc,
    0xff, 0x50, 0x0, 0x9f, 0xd0, 0x0, 0x5f, 0xf1,
    0x0, 0x9, 0xff, 0x90, 0x0, 0x3, 0xff, 0xa3,
    0x5e, 0xfc, 0x0, 0x4, 0xff, 0xd0, 0x0, 0x0,
    0x9, 0xff, 0xff, 0xff, 0x20, 0x1, 0xef, 0xf2,
    0x0, 0x0, 0x0, 0x6, 0xdf, 0xea, 0x20, 0x0,

    /* U+0026 "&" */
    0x0, 0x0, 0x7c, 0xff, 0xd8, 0x10, 0x0, 0x0,
    0x0, 0x0, 0x1d, 0xff, 0xff, 0xff, 0xe2, 0x0,
    0x0, 0x0, 0x0, 0xbf, 0xff, 0x99, 0xef, 0xfd,
    0x0, 0x0, 0x0, 0x0, 0xff, 0xf3, 0x0, 0xd,
    0xff, 0x30, 0x0, 0x0, 0x1, 0xff, 0xf0, 0x0,
    0xa, 0xff, 0x40, 0x0, 0x0, 0x0, 0xdf, 0xf5,
    0x0, 0x1e, 0xff, 0x10, 0x0, 0x0, 0x0, 0x5f,
    0xff, 0x33, 0xef, 0xf9, 0x0, 0x0, 0x0, 0x0,
    0x9, 0xff, 0xff, 0xff, 0xa0, 0x0, 0x0, 0x0,
    0x0, 0x0, 0xdf, 0xff, 0xf8, 0x0, 0x0, 0x0,
    0x0, 0x0, 0x9, 0xff, 0xff, 0xd1, 0x0, 0x0,
    0x0, 0x0, 0x1, 0xcf, 0xff, 0xef, 0xfc, 0x0,
    0x5, 0x54, 0x0, 0xc, 0xff, 0xe3, 0x2e, 0xff,
    0xb0, 0x2f, 0xfd, 0x0, 0x5f, 0xff, 0x10, 0x3,
    0xff, 0xf9, 0x6f, 0xfb, 0x0, 0x9f, 0xfa, 0x0,
    0x0, 0x4f, 0xff, 0xff, 0xf6, 0x0, 0xaf, 0xfa,
    0x0, 0x0, 0x5, 0xff, 0xff, 0xd0, 0x0, 0x7f,
    0xff, 0x30, 0x0, 0x4, 0xef, 0xff, 0x70, 0x0,
    0x1e, 0xff, 0xfc, 0xab, 0xef, 0xff, 0xff, 0xf2,
    0x0, 0x3, 0xef, 0xff, 0xff, 0xff, 0xfd, 0xdf,
    0xfd, 0x0, 0x0, 0x18, 0xcf, 0xfe, 0xc9, 0x40,
    0x2e, 0xff, 0xa0,

    /* U+0027 "'" */
    0x4f, 0xfa, 0x3f, 0xf9, 0x3f, 0xf8, 0x2f, 0xf8,
    0x1f, 0xf7, 0x1f, 0xf6, 0xc, 0xc4,

    /* U+0028 "(" */
    0x0, 0x0, 0x19, 0x99, 0x0, 0x0, 0xb, 0xff,
    0x70, 0x0, 0x5, 0xff, 0xc0, 0x0, 0x0, 0xef,
    0xf3, 0x0, 0x0, 0x7f, 0xfa, 0x0, 0x0, 0xe,
    0xff, 0x30, 0x0, 0x5, 0xff, 0xc0, 0x0, 0x0,
    0xbf, 0xf7, 0x0, 0x0, 0xf, 0xff, 0x20, 0x0,
    0x3, 0xff, 0xe0, 0x0, 0x0, 0x6f, 0xfb, 0x0,
    0x0, 0x7, 0xff, 0xa0, 0x0, 0x0, 0x8f, 0xf9,
    0x0, 0x0, 0x8, 0xff, 0x90, 0x0, 0x0, 0x7f,
    0xfa, 0x0, 0x0, 0x5, 0xff, 0xd0, 0x0, 0x0,
    0x1f, 0xff, 0x0, 0x0, 0x0, 0xdf, 0xf4, 0x0,
    0x0, 0x8, 0xff, 0xa0, 0x0, 0x0, 0x2f, 0xff,
    0x10, 0x0, 0x0, 0xaf, 0xf7, 0x0, 0x0, 0x3,
    0xff, 0xe1, 0x0, 0x0, 0x9, 0xff, 0x90, 0x0,
    0x0, 0x1e, 0xff, 0x30, 0x0, 0x0, 0x4f, 0xfd,
    0x0,

    /* U+0029 ")" */
    0x69, 0x94, 0x0, 0x0, 0x2f, 0xff, 0x10, 0x0,
    0x7, 0xff, 0xb0, 0x0, 0x0, 0xdf, 0xf5, 0x0,
    0x0, 0x5f, 0xfd, 0x0, 0x0, 0xd, 0xff, 0x50,
    0x0, 0x7, 0xff, 0xb0, 0x0, 0x1, 0xff, 0xf1,
    0x0, 0x0, 0xcf, 0xf5, 0x0, 0x0, 0x9f, 0xf9,
    0x0, 0x0, 0x5f, 0xfc, 0x0, 0x0, 0x4f, 0xfd,
    0x0, 0x0, 0x3f, 0xfe, 0x0, 0x0, 0x4f, 0xfe,
    0x0, 0x0, 0x5f, 0xfc, 0x0, 0x0, 0x7f, 0xfa,
    0x0, 0x0, 0xbf, 0xf7, 0x0, 0x0, 0xef, 0xf3,
    0x0, 0x4, 0xff, 0xd0, 0x0, 0xa, 0xff, 0x70,
    0x0, 0x2f, 0xff, 0x10, 0x0, 0xaf, 0xf8, 0x0,
    0x3, 0xff, 0xe0, 0x0, 0xc, 0xff, 0x50, 0x0,
    0x8f, 0xfa, 0x0, 0x0,

    /* U+002A "*" */
    0x0, 0x0, 0x6f, 0xf0, 0x0, 0x0, 0x0, 0x4,
    0xfe, 0x0, 0x0, 0x7, 0x40, 0x3f, 0xc0, 0x6,
    0x31, 0xff, 0xea, 0xfd, 0xaf, 0xfa, 0x2b, 0xff,
    0xff, 0xff, 0xfe, 0x90, 0x0, 0x4f, 0xff, 0xc2,
    0x0, 0x0, 0xa, 0xfd, 0xff, 0x50, 0x0, 0x8,
    0xff, 0x37, 0xff, 0x30, 0x0, 0xbf, 0x80, 0xd,
    0xf5, 0x0, 0x0, 0x60, 0x0, 0x22, 0x0,

    /* U+002B "+" */
    0x0, 0x0, 0x4, 0x88, 0x0, 0x0, 0x0, 0x0,
    0x0, 0x8, 0xff, 0x10, 0x0, 0x0, 0x0, 0x0,
    0x8, 0xff, 0x10, 0x0, 0x0, 0x0, 0x0, 0x8,
    0xff, 0x10, 0x0, 0x0, 0x0, 0x0, 0x8, 0xff,
    0x10, 0x0, 0x0, 0x58, 0x88, 0x8c, 0xff, 0x98,
    0x88, 0x82, 0xaf, 0xff, 0xff, 0xff, 0xff, 0xff,
    0xf3, 0xaf, 0xff, 0xff, 0xff, 0xff, 0xff, 0xf3,
    0x0, 0x0, 0x8, 0xff, 0x10, 0x0, 0x0, 0x0,
    0x0, 0x8, 0xff, 0x10, 0x0, 0x0, 0x0, 0x0,
    0x8, 0xff, 0x10, 0x0, 0x0, 0x0, 0x0, 0x8,
    0xff, 0x10, 0x0, 0x0, 0x0, 0x0, 0x8, 0xff,
    0x10, 0x0, 0x0,

    /* U+002C "," */
    0x0, 0x13, 0x32, 0x0, 0x9f, 0xf9, 0x0, 0xdf,
    0xf3, 0x2, 0xff, 0xc0, 0x6, 0xff, 0x60, 0xa,
    0xff, 0x0, 0xe, 0xf9, 0x0,

    /* U+002D "-" */
    0x4a, 0xaa, 0xaa, 0xaa, 0x97, 0xff, 0xff, 0xff,
    0xff, 0x7f, 0xff, 0xff, 0xff, 0xf0,

    /* U+002E "." */
    0x1a, 0xc5, 0x9, 0xff, 0xf1, 0xaf, 0xff, 0x22,
    0xcf, 0x70,

    /* U+002F "/" */
    0x0, 0x0, 0x0, 0x0, 0x78, 0x80, 0x0, 0x0,
    0x0, 0x3, 0xff, 0xd0, 0x0, 0x0, 0x0, 0x8,
    0xff, 0x80, 0x0, 0x0, 0x0, 0xe, 0xff, 0x20,
    0x0, 0x0, 0x0, 0x3f, 0xfd, 0x0, 0x0, 0x0,
    0x0, 0x9f, 0xf7, 0x0, 0x0, 0x0, 0x0, 0xef,
    0xf2, 0x0, 0x0, 0x0, 0x4, 0xff, 0xd0, 0x0,
    0x0, 0x0, 0x9, 0xff, 0x70, 0x0, 0x0, 0x0,
    0xe, 0xff, 0x20, 0x0, 0x0, 0x0, 0x4f, 0xfc,
    0x0, 0x0, 0x0, 0x0, 0xaf, 0xf7, 0x0, 0x0,
    0x0, 0x0, 0xff, 0xf1, 0x0, 0x0, 0x0, 0x5,
    0xff, 0xc0, 0x0, 0x0, 0x0, 0xa, 0xff, 0x60,
    0x0, 0x0, 0x0, 0xf, 0xff, 0x10, 0x0, 0x0,
    0x0, 0x5f, 0xfb, 0x0, 0x0, 0x0, 0x0, 0xbf,
    0xf6, 0x0, 0x0, 0x0, 0x0, 0xff, 0xf1, 0x0,
    0x0, 0x0, 0x6, 0xff, 0xb0, 0x0, 0x0, 0x0,
    0xb, 0xff, 0x60, 0x0, 0x0, 0x0, 0x1f, 0xff,
    0x10, 0x0, 0x0, 0x0, 0x6f, 0xfb, 0x0, 0x0,
    0x0, 0x0,

    /* U+0030 "0" */
    0x0, 0x0, 0x29, 0xdf, 0xfd, 0x92, 0x0, 0x0,
    0x0, 0x6, 0xff, 0xff, 0xff, 0xff, 0x70, 0x0,
    0x0, 0x7f, 0xff, 0xfe, 0xef, 0xff, 0xf8, 0x0,
    0x3, 0xff, 0xfc, 0x20, 0x2, 0xcf, 0xff, 0x40,
    0xd, 0xff, 0xc0, 0x0, 0x0, 0xc, 0xff, 0xd0,
    0x3f, 0xff, 0x20, 0x0, 0x0, 0x2, 0xff, 0xf4,
    0x8f, 0xfc, 0x0, 0x0, 0x0, 0x0, 0xbf, 0xf9,
    0xbf, 0xf7, 0x0, 0x0, 0x0, 0x0, 0x6f, 0xfc,
    0xdf, 0xf5, 0x0, 0x0, 0x0, 0x0, 0x4f, 0xfe,
    0xef, 0xf4, 0x0, 0x0, 0x0, 0x0, 0x3f, 0xff,
    0xdf, 0xf5, 0x0, 0x0, 0x0, 0x0, 0x4f, 0xfe,
    0xbf, 0xf7, 0x0, 0x0, 0x0, 0x0, 0x6f, 0xfc,
    0x8f, 0xfc, 0x0, 0x0, 0x0, 0x0, 0xbf, 0xf9,
    0x4f, 0xff, 0x30, 0x0, 0x0, 0x2, 0xff, 0xf4,
    0xd, 0xff, 0xc0, 0x0, 0x0, 0xb, 0xff, 0xd0,
    0x3, 0xff, 0xfc, 0x30, 0x3, 0xcf, 0xff, 0x40,
    0x0, 0x7f, 0xff, 0xff, 0xff, 0xff, 0xf8, 0x0,
    0x0, 0x6, 0xff, 0xff, 0xff, 0xff, 0x70, 0x0,
    0x0, 0x0, 0x29, 0xdf, 0xfd, 0x92, 0x0, 0x0,

    /* U+0031 "1" */
    0x0, 0x0, 0x7f, 0xfd, 0x0, 0x8, 0xff, 0xfd,
    0x4, 0xcf, 0xff, 0xfd, 0x8f, 0xff, 0xff, 0xfd,
    0x8f, 0xff, 0xaf, 0xfd, 0x7c, 0x71, 0x4f, 0xfd,
    0x0, 0x0, 0x4f, 0xfd, 0x0, 0x0, 0x4f, 0xfd,
    0x0, 0x0, 0x4f, 0xfd, 0x0, 0x0, 0x4f, 0xfd,
    0x0, 0x0, 0x4f, 0xfd, 0x0, 0x0, 0x4f, 0xfd,
    0x0, 0x0, 0x4f, 0xfd, 0x0, 0x0, 0x4f, 0xfd,
    0x0, 0x0, 0x4f, 0xfd, 0x0, 0x0, 0x4f, 0xfd,
    0x0, 0x0, 0x4f, 0xfd, 0x0, 0x0, 0x4f, 0xfd,
    0x0, 0x0, 0x4f, 0xfd,

    /* U+0032 "2" */
    0x0, 0x0, 0x5b, 0xef, 0xec, 0x71, 0x0, 0x0,
    0x2, 0xdf, 0xff, 0xff, 0xff, 0xf6, 0x0, 0x1,
    0xef, 0xff, 0xfe, 0xff, 0xff, 0xf5, 0x0, 0xbf,
    0xff, 0x81, 0x0, 0x5e, 0xff, 0xd0, 0x1f, 0xff,
    0x80, 0x0, 0x0, 0x5f, 0xff, 0x30, 0x2, 0x51,
    0x0, 0x0, 0x0, 0xff, 0xf4, 0x0, 0x0, 0x0,
    0x0, 0x0, 0x3f, 0xff, 0x30, 0x0, 0x0, 0x0,
    0x0, 0xb, 0xff, 0xe0, 0x0, 0x0, 0x0, 0x0,
    0xa, 0xff, 0xf6, 0x0, 0x0, 0x0, 0x0, 0x2d,
    0xff, 0xf8, 0x0, 0x0, 0x0, 0x0, 0x7f, 0xff,
    0xf7, 0x0, 0x0, 0x0, 0x1, 0xcf, 0xff, 0xe4,
    0x0, 0x0, 0x0, 0x3, 0xef, 0xff, 0xa1, 0x0,
    0x0, 0x0, 0x2, 0xef, 0xff, 0x50, 0x0, 0x0,
    0x0, 0x0, 0xcf, 0xff, 0x40, 0x0, 0x0, 0x0,
    0x0, 0x3f, 0xff, 0x90, 0x0, 0x0, 0x0, 0x0,
    0x7, 0xff, 0xfe, 0xdd, 0xdd, 0xdd, 0xdd, 0x70,
    0x7f, 0xff, 0xff, 0xff, 0xff, 0xff, 0xf9, 0x7,
    0xff, 0xff, 0xff, 0xff, 0xff, 0xff, 0x90,

    /* U+0033 "3" */
    0x0, 0x5, 0xbd, 0xfe, 0xc7, 0x0, 0x0, 0x2,
    0xdf, 0xff, 0xff, 0xff, 0xe4, 0x0, 0xe, 0xff,
    0xfe, 0xce, 0xff, 0xff, 0x20, 0x3c, 0xfe, 0x40,
    0x0, 0x5f, 0xff, 0x90, 0x0, 0x12, 0x0, 0x0,
    0x8, 0xff, 0xc0, 0x0, 0x0, 0x0, 0x0, 0x8,
    0xff, 0xb0, 0x0, 0x0, 0x0, 0x0, 0x4f, 0xff,
    0x50, 0x0, 0x0, 0x7a, 0xbe, 0xff, 0xf8, 0x0,
    0x0, 0x0, 0xbf, 0xff, 0xff, 0x40, 0x0, 0x0,
    0x0, 0xbf, 0xff, 0xff, 0xe4, 0x0, 0x0, 0x0,
    0x0, 0x14, 0xaf, 0xff, 0x30, 0x0, 0x0, 0x0,
    0x0, 0x8, 0xff, 0xc0, 0x0, 0x0, 0x0, 0x0,
    0x1, 0xff, 0xf2, 0x0, 0x0, 0x0, 0x0, 0x1,
    0xff, 0xf3, 0x1, 0x75, 0x0, 0x0, 0x5, 0xff,
    0xf2, 0x7f, 0xff, 0x60, 0x0, 0x4e, 0xff, 0xd0,
    0x1e, 0xff, 0xfe, 0xce, 0xff, 0xff, 0x40, 0x2,
    0xdf, 0xff, 0xff, 0xff, 0xe5, 0x0, 0x0, 0x6,
    0xbe, 0xfe, 0xc7, 0x10, 0x0,

    /* U+0034 "4" */
    0x0, 0x0, 0x0, 0x0, 0xa, 0xff, 0xf1, 0x0,
    0x0, 0x0, 0x0, 0x0, 0x5, 0xff, 0xff, 0x10,
    0x0, 0x0, 0x0, 0x0, 0x2, 0xff, 0xff, 0xf1,
    0x0, 0x0, 0x0, 0x0, 0x0, 0xcf, 0xff, 0xff,
    0x10, 0x0, 0x0, 0x0, 0x0, 0x7f, 0xfc, 0xff,
    0xf1, 0x0, 0x0, 0x0, 0x0, 0x3f, 0xff, 0x2f,
    0xff, 0x10, 0x0, 0x0, 0x0, 0xd, 0xff, 0x60,
    0xff, 0xf1, 0x0, 0x0, 0x0, 0x9, 0xff, 0xb0,
    0xf, 0xff, 0x10, 0x0, 0x0, 0x4, 0xff, 0xe1,
    0x0, 0xff, 0xf1, 0x0, 0x0, 0x1, 0xef, 0xf4,
    0x0, 0xf, 0xff, 0x10, 0x0, 0x0, 0xaf, 0xf9,
    0x0, 0x0, 0xff, 0xf1, 0x0, 0x0, 0x6f, 0xfd,
    0x0, 0x0, 0xf, 0xff, 0x10, 0x0, 0xf, 0xff,
    0xdc, 0xcc, 0xcc, 0xff, 0xfc, 0xcc, 0x91, 0xff,
    0xff, 0xff, 0xff, 0xff, 0xff, 0xff, 0xfc, 0x1f,
    0xff, 0xff, 0xff, 0xff, 0xff, 0xff, 0xff, 0xc0,
    0x0, 0x0, 0x0, 0x0, 0xf, 0xff, 0x10, 0x0,
    0x0, 0x0, 0x0, 0x0, 0x0, 0xff, 0xf1, 0x0,
    0x0, 0x0, 0x0, 0x0, 0x0, 0xf, 0xff, 0x10,
    0x0, 0x0, 0x0, 0x0, 0x0, 0x0, 0xff, 0xf1,
    0x0, 0x0,

    /* U+0035 "5" */
    0x0, 0xdf, 0xff, 0xff, 0xff, 0xff, 0xf0, 0x0,
    0xf, 0xff, 0xff, 0xff, 0xff, 0xff, 0x0, 0x1,
    0xff, 0xfd, 0xdd, 0xdd, 0xdd, 0xd0, 0x0, 0x3f,
    0xfe, 0x0, 0x0, 0x0, 0x0, 0x0, 0x5, 0xff,
    0xc0, 0x0, 0x0, 0x0, 0x0, 0x0, 0x6f, 0xfa,
    0x0, 0x0, 0x0, 0x0, 0x0, 0x8, 0xff, 0x80,
    0x36, 0x64, 0x0, 0x0, 0x0, 0xaf, 0xfc, 0xef,
    0xff, 0xfe, 0x60, 0x0, 0xc, 0xff, 0xff, 0xff,
    0xff, 0xff, 0x80, 0x0, 0xcf, 0xfe, 0x51, 0x4,
    0xcf, 0xff, 0x40, 0x0, 0x14, 0x10, 0x0, 0x0,
    0xdf, 0xfa, 0x0, 0x0, 0x0, 0x0, 0x0, 0x7,
    0xff, 0xe0, 0x0, 0x0, 0x0, 0x0, 0x0, 0x4f,
    0xff, 0x0, 0x0, 0x0, 0x0, 0x0, 0x5, 0xff,
    0xe0, 0x1, 0x66, 0x0, 0x0, 0x0, 0xbf, 0xfb,
    0x5, 0xff, 0xf8, 0x10, 0x1, 0xaf, 0xff, 0x40,
    0xc, 0xff, 0xff, 0xdd, 0xff, 0xff, 0xa0, 0x0,
    0x9, 0xff, 0xff, 0xff, 0xff, 0x90, 0x0, 0x0,
    0x2, 0x8c, 0xff, 0xda, 0x30, 0x0, 0x0,

    /* U+0036 "6" */
    0x0, 0x0, 0x39, 0xdf, 0xfd, 0xa5, 0x0, 0x0,
    0x0, 0x8f, 0xff, 0xff, 0xff, 0xfe, 0x30, 0x0,
    0x8f, 0xff, 0xfd, 0xdf, 0xff, 0xd0, 0x0, 0x3f,
    0xff, 0x80, 0x0, 0x3, 0x92, 0x0, 0xc, 0xff,
    0x60, 0x0, 0x0, 0x0, 0x0, 0x2, 0xff, 0xc0,
    0x0, 0x0, 0x0, 0x0, 0x0, 0x6f, 0xf7, 0x2,
    0x79, 0x96, 0x10, 0x0, 0xa, 0xff, 0x4a, 0xff,
    0xff, 0xff, 0x80, 0x0, 0xbf, 0xfd, 0xff, 0xff,
    0xff, 0xff, 0xa0, 0xd, 0xff, 0xff, 0x71, 0x2,
    0xaf, 0xff, 0x50, 0xdf, 0xff, 0x60, 0x0, 0x0,
    0xaf, 0xfd, 0xc, 0xff, 0xe0, 0x0, 0x0, 0x2,
    0xff, 0xf1, 0xbf, 0xfb, 0x0, 0x0, 0x0, 0xf,
    0xff, 0x37, 0xff, 0xc0, 0x0, 0x0, 0x1, 0xff,
    0xf2, 0x3f, 0xff, 0x30, 0x0, 0x0, 0x7f, 0xff,
    0x0, 0xcf, 0xfd, 0x30, 0x0, 0x6f, 0xff, 0x90,
    0x3, 0xff, 0xff, 0xcb, 0xef, 0xff, 0xe1, 0x0,
    0x4, 0xef, 0xff, 0xff, 0xff, 0xd2, 0x0, 0x0,
    0x1, 0x8c, 0xef, 0xeb, 0x50, 0x0, 0x0,

    /* U+0037 "7" */
    0xff, 0xff, 0xff, 0xff, 0xff, 0xff, 0xf8, 0xff,
    0xff, 0xff, 0xff, 0xff, 0xff, 0xf8, 0xee, 0xee,
    0xee, 0xee, 0xee, 0xff, 0xf6, 0x0, 0x0, 0x0,
    0x0, 0x6, 0xff, 0xe0, 0x0, 0x0, 0x0, 0x0,
    0xe, 0xff, 0x70, 0x0, 0x0, 0x0, 0x0, 0x7f,
    0xfe, 0x0, 0x0, 0x0, 0x0, 0x0, 0xef, 0xf6,
    0x0, 0x0, 0x0, 0x0, 0x7, 0xff, 0xe0, 0x0,
    0x0, 0x0, 0x0, 0x1f, 0xff, 0x60, 0x0, 0x0,
    0x0, 0x0, 0x8f, 0xfe, 0x0, 0x0, 0x0, 0x0,
    0x1, 0xff, 0xf6, 0x0, 0x0, 0x0, 0x0, 0x9,
    0xff, 0xd0, 0x0, 0x0, 0x0, 0x0, 0x2f, 0xff,
    0x60, 0x0, 0x0, 0x0, 0x0, 0xaf, 0xfd, 0x0,
    0x0, 0x0, 0x0, 0x2, 0xff, 0xf5, 0x0, 0x0,
    0x0, 0x0, 0xa, 0xff, 0xd0, 0x0, 0x0, 0x0,
    0x0, 0x3f, 0xff, 0x50, 0x0, 0x0, 0x0, 0x0,
    0xbf, 0xfd, 0x0, 0x0, 0x0, 0x0, 0x4, 0xff,
    0xf5, 0x0, 0x0, 0x0, 0x0,

    /* U+0038 "8" */
    0x0, 0x2, 0x8c, 0xef, 0xed, 0x82, 0x0, 0x0,
    0x7, 0xff, 0xff, 0xff, 0xff, 0xf8, 0x0, 0x5,
    0xff, 0xff, 0xba, 0xbf, 0xff, 0xf7, 0x0, 0xdf,
    0xfd, 0x20, 0x0, 0x1b, 0xff, 0xf0, 0xf, 0xff,
    0x50, 0x0, 0x0, 0x2f, 0xff, 0x20, 0xef, 0xf4,
    0x0, 0x0, 0x2, 0xff, 0xf0, 0x8, 0xff, 0xd2,
    0x0, 0x1, 0xbf, 0xfa, 0x0, 0xb, 0xff, 0xfc,
    0xac, 0xff, 0xfc, 0x10, 0x0, 0xa, 0xff, 0xff,
    0xff, 0xfc, 0x0, 0x0, 0xb, 0xff, 0xff, 0xff,
    0xff, 0xfc, 0x10, 0xb, 0xff, 0xf7, 0x20, 0x26,
    0xef, 0xfd, 0x3, 0xff, 0xf3, 0x0, 0x0, 0x1,
    0xef, 0xf6, 0x8f, 0xfb, 0x0, 0x0, 0x0, 0x9,
    0xff, 0xba, 0xff, 0xa0, 0x0, 0x0, 0x0, 0x7f,
    0xfc, 0x9f, 0xfe, 0x0, 0x0, 0x0, 0xc, 0xff,
    0xb4, 0xff, 0xfb, 0x20, 0x0, 0x1a, 0xff, 0xf6,
    0xb, 0xff, 0xff, 0xdb, 0xcf, 0xff, 0xfc, 0x0,
    0xa, 0xff, 0xff, 0xff, 0xff, 0xfb, 0x10, 0x0,
    0x3, 0x9d, 0xff, 0xed, 0x94, 0x0, 0x0,

    /* U+0039 "9" */
    0x0, 0x0, 0x6b, 0xef, 0xec, 0x81, 0x0, 0x0,
    0x3, 0xdf, 0xff, 0xff, 0xff, 0xf5, 0x0, 0x2,
    0xef, 0xff, 0xec, 0xdf, 0xff, 0xf4, 0x0, 0xaf,
    0xff, 0x60, 0x0, 0x2c, 0xff, 0xd0, 0xf, 0xff,
    0x60, 0x0, 0x0, 0xe, 0xff, 0x41, 0xff, 0xf2,
    0x0, 0x0, 0x0, 0xaf, 0xf9, 0xf, 0xff, 0x20,
    0x0, 0x0, 0xb, 0xff, 0xc0, 0xdf, 0xf9, 0x0,
    0x0, 0x2, 0xff, 0xfe, 0x7, 0xff, 0xfa, 0x30,
    0x16, 0xef, 0xff, 0xe0, 0xb, 0xff, 0xff, 0xff,
    0xff, 0xdf, 0xfe, 0x0, 0x8, 0xff, 0xff, 0xff,
    0xb3, 0xff, 0xd0, 0x0, 0x1, 0x68, 0x97, 0x30,
    0x4f, 0xfb, 0x0, 0x0, 0x0, 0x0, 0x0, 0x8,
    0xff, 0x70, 0x0, 0x0, 0x0, 0x0, 0x0, 0xef,
    0xf3, 0x0, 0x0, 0x0, 0x0, 0x0, 0x8f, 0xfd,
    0x0, 0x3, 0xc5, 0x0, 0x1, 0x8f, 0xff, 0x40,
    0x0, 0xdf, 0xff, 0xdd, 0xff, 0xff, 0x90, 0x0,
    0x2d, 0xff, 0xff, 0xff, 0xff, 0x90, 0x0, 0x0,
    0x5, 0xad, 0xff, 0xea, 0x40, 0x0, 0x0,

    /* U+003A ":" */
    0x5, 0xed, 0x30, 0xff, 0xfc, 0xe, 0xff, 0xc0,
    0x3c, 0xb2, 0x0, 0x0, 0x0, 0x0, 0x0, 0x0,
    0x0, 0x0, 0x0, 0x0, 0x0, 0x0, 0x0, 0x0,
    0x0, 0x3, 0xbb, 0x20, 0xef, 0xfc, 0xe, 0xff,
    0xd0, 0x5e, 0xe4,

    /* U+003B ";" */
    0x6, 0xed, 0x30, 0xf, 0xff, 0xc0, 0xe, 0xff,
    0xb0, 0x4, 0xcb, 0x20, 0x0, 0x0, 0x0, 0x0,
    0x0, 0x0, 0x0, 0x0, 0x0, 0x0, 0x0, 0x0,
    0x0, 0x0, 0x0, 0x0, 0x0, 0x0, 0x1, 0x33,
    0x30, 0x7, 0xff, 0xb0, 0xb, 0xff, 0x50, 0xf,
    0xfe, 0x0, 0x4f, 0xf8, 0x0, 0x8f, 0xf2, 0x0,
    0xcf, 0xb0, 0x0,

    /* U+003C "<" */
    0x0, 0x0, 0x0, 0x0, 0x5, 0x90, 0x0, 0x0,
    0x1, 0x7e, 0xfc, 0x0, 0x0, 0x29, 0xff, 0xff,
    0xc0, 0x4, 0xbf, 0xff, 0xfd, 0x60, 0x3d, 0xff,
    0xff, 0xb4, 0x0, 0x5, 0xff, 0xf9, 0x20, 0x0,
    0x0, 0x5f, 0xff, 0xd7, 0x10, 0x0, 0x1, 0x9f,
    0xff, 0xff, 0x92, 0x0, 0x0, 0x7, 0xdf, 0xff,
    0xfc, 0x40, 0x0, 0x0, 0x5c, 0xff, 0xfc, 0x0,
    0x0, 0x0, 0x3, 0xaf, 0xc0, 0x0, 0x0, 0x0,
    0x0, 0x15,

    /* U+003D "=" */
    0xdf, 0xff, 0xff, 0xff, 0xff, 0xf6, 0xdf, 0xff,
    0xff, 0xff, 0xff, 0xf6, 0x78, 0x88, 0x88, 0x88,
    0x88, 0x83, 0x0, 0x0, 0x0, 0x0, 0x0, 0x0,
    0x0, 0x0, 0x0, 0x0, 0x0, 0x0, 0x78, 0x88,
    0x88, 0x88, 0x88, 0x83, 0xdf, 0xff, 0xff, 0xff,
    0xff, 0xf6, 0xdf, 0xff, 0xff, 0xff, 0xff, 0xf6,

    /* U+003E ">" */
    0x29, 0x20, 0x0, 0x0, 0x0, 0x2, 0xff, 0xb5,
    0x0, 0x0, 0x0, 0x2f, 0xff, 0xfd, 0x70, 0x0,
    0x0, 0x39, 0xff, 0xff, 0xf9, 0x20, 0x0, 0x1,
    0x7e, 0xff, 0xff, 0xa0, 0x0, 0x0, 0x5, 0xcf,
    0xff, 0x0, 0x0, 0x3, 0xaf, 0xff, 0xf0, 0x0,
    0x5c, 0xff, 0xff, 0xc5, 0x7, 0xef, 0xff, 0xfb,
    0x30, 0x2, 0xff, 0xff, 0x92, 0x0, 0x0, 0x2f,
    0xe7, 0x0, 0x0, 0x0, 0x1, 0x50, 0x0, 0x0,
    0x0, 0x0,

    /* U+003F "?" */
    0x0, 0x4, 0xbd, 0xfe, 0xc7, 0x10, 0x0, 0x0,
    0xbf, 0xff, 0xff, 0xff, 0xe5, 0x0, 0xa, 0xff,
    0xfe, 0xce, 0xff, 0xff, 0x30, 0x1c, 0xff, 0x50,
    0x0, 0x3d, 0xff, 0xc0, 0x0, 0x2, 0x0, 0x0,
    0x2, 0xff, 0xf0, 0x0, 0x0, 0x0, 0x0, 0x0,
    0xef, 0xf2, 0x0, 0x0, 0x0, 0x0, 0x2, 0xff,
    0xf0, 0x0, 0x0, 0x0, 0x0, 0x5e, 0xff, 0x90,
    0x0, 0x0, 0x5e, 0xff, 0xff, 0xfc, 0x0, 0x0,
    0x0, 0x5f, 0xff, 0xfd, 0x70, 0x0, 0x0, 0x0,
    0x5f, 0xfd, 0x10, 0x0, 0x0, 0x0, 0x0, 0x5f,
    0xfc, 0x0, 0x0, 0x0, 0x0, 0x0, 0x4f, 0xfb,
    0x0, 0x0, 0x0, 0x0, 0x0, 0x0, 0x0, 0x0,
    0x0, 0x0, 0x0, 0x0, 0x0, 0x0, 0x0, 0x0,
    0x0, 0x0, 0x0, 0x1a, 0xc4, 0x0, 0x0, 0x0,
    0x0, 0x0, 0xaf, 0xff, 0x0, 0x0, 0x0, 0x0,
    0x0, 0xaf, 0xff, 0x10, 0x0, 0x0, 0x0, 0x0,
    0x2d, 0xf7, 0x0, 0x0, 0x0,

    /* U+0040 "@" */
    0x0, 0x0, 0x0, 0x0, 0x37, 0xbd, 0xef, 0xed,
    0xa5, 0x10, 0x0, 0x0, 0x0, 0x0, 0x0, 0x0,
    0x6d, 0xff, 0xff, 0xff, 0xff, 0xff, 0xf8, 0x10,
    0x0, 0x0, 0x0, 0x0, 0x2d, 0xff, 0xfe, 0xa7,
    0x65, 0x68, 0xcf, 0xff, 0xe3, 0x0, 0x0, 0x0,
    0x4, 0xff, 0xfb, 0x40, 0x0, 0x0, 0x0, 0x2,
    0xaf, 0xff, 0x40, 0x0, 0x0, 0x3f, 0xff, 0x60,
    0x0, 0x0, 0x0, 0x0, 0x0, 0x5, 0xff, 0xf2,
    0x0, 0x0, 0xef, 0xf3, 0x0, 0x7, 0xcf, 0xeb,
    0x50, 0x7b, 0xb0, 0x3f, 0xfd, 0x0, 0x8, 0xff,
    0x50, 0x1, 0xdf, 0xff, 0xff, 0xfb, 0xbf, 0xf0,
    0x7, 0xff, 0x50, 0x1f, 0xfb, 0x0, 0xc, 0xff,
    0xfc, 0x9b, 0xff, 0xff, 0xf0, 0x0, 0xdf, 0xd0,
    0x5f, 0xf3, 0x0, 0x6f, 0xff, 0x50, 0x0, 0x2e,
    0xff, 0xf0, 0x0, 0x6f, 0xf1, 0xaf, 0xe0, 0x0,
    0xcf, 0xf7, 0x0, 0x0, 0x3, 0xff, 0xf0, 0x0,
    0x1f, 0xf5, 0xcf, 0xb0, 0x0, 0xff, 0xf1, 0x0,
    0x0, 0x0, 0xdf, 0xf0, 0x0, 0xf, 0xf7, 0xdf,
    0x90, 0x1, 0xff, 0xe0, 0x0, 0x0, 0x0, 0x9f,
    0xf0, 0x0, 0xd, 0xf9, 0xdf, 0x90, 0x1, 0xff,
    0xe0, 0x0, 0x0, 0x0, 0x9f, 0xf0, 0x0, 0xe,
    0xf9, 0xcf, 0xb0, 0x0, 0xff, 0xf1, 0x0, 0x0,
    0x0, 0xdf, 0xf0, 0x0, 0xf, 0xf7, 0xaf, 0xe0,
    0x0, 0xcf, 0xf7, 0x0, 0x0, 0x3, 0xff, 0xf0,
    0x0, 0x4f, 0xf4, 0x5f, 0xf3, 0x0, 0x6f, 0xff,
    0x50, 0x0, 0x2d, 0xff, 0xf1, 0x0, 0xbf, 0xe0,
    0x1f, 0xfb, 0x0, 0xc, 0xff, 0xfc, 0x9b, 0xff,
    0xdf, 0xf8, 0x39, 0xff, 0x60, 0x8, 0xff, 0x50,
    0x1, 0xdf, 0xff, 0xff, 0xfa, 0x2f, 0xff, 0xff,
    0xf9, 0x0, 0x0, 0xef, 0xf3, 0x0, 0x7, 0xcf,
    0xeb, 0x50, 0x3, 0xbf, 0xfc, 0x50, 0x0, 0x0,
    0x3f, 0xff, 0x60, 0x0, 0x0, 0x0, 0x0, 0x0,
    0x0, 0x0, 0x0, 0x0, 0x0, 0x4, 0xff, 0xfb,
    0x40, 0x0, 0x0, 0x0, 0x1, 0x0, 0x0, 0x0,
    0x0, 0x0, 0x0, 0x2d, 0xff, 0xfe, 0xa7, 0x65,
    0x79, 0xcf, 0x30, 0x0, 0x0, 0x0, 0x0, 0x0,
    0x0, 0x6d, 0xff, 0xff, 0xff, 0xff, 0xff, 0x90,
    0x0, 0x0, 0x0, 0x0, 0x0, 0x0, 0x0, 0x37,
    0xbd, 0xef, 0xeb, 0x72, 0x0, 0x0, 0x0, 0x0,

    /* U+0041 "A" */
    0x0, 0x0, 0x0, 0x2, 0xff, 0xfb, 0x0, 0x0,
    0x0, 0x0, 0x0, 0x0, 0x0, 0x8, 0xff, 0xff,
    0x20, 0x0, 0x0, 0x0, 0x0, 0x0, 0x0, 0xe,
    0xff, 0xff, 0x80, 0x0, 0x0, 0x0, 0x0, 0x0,
    0x0, 0x6f, 0xff, 0xff, 0xe0, 0x0, 0x0, 0x0,
    0x0, 0x0, 0x0, 0xcf, 0xf8, 0xef, 0xf5, 0x0,
    0x0, 0x0, 0x0, 0x0, 0x3, 0xff, 0xf1, 0x8f,
    0xfc, 0x0, 0x0, 0x0, 0x0, 0x0, 0x9, 0xff,
    0xa0, 0x1f, 0xff, 0x30, 0x0, 0x0, 0x0, 0x0,
    0x1f, 0xff, 0x30, 0xa, 0xff, 0x90, 0x0, 0x0,
    0x0, 0x0, 0x6f, 0xfd, 0x0, 0x3, 0xff, 0xf0,
    0x0, 0x0, 0x0, 0x0, 0xdf, 0xf6, 0x0, 0x0,
    0xdf, 0xf6, 0x0, 0x0, 0x0, 0x4, 0xff, 0xe0,
    0x0, 0x0, 0x6f, 0xfd, 0x0, 0x0, 0x0, 0xa,
    0xff, 0xfd, 0xdd, 0xdd, 0xdf, 0xff, 0x40, 0x0,
    0x0, 0x1f, 0xff, 0xff, 0xff, 0xff, 0xff, 0xff,
    0xa0, 0x0, 0x0, 0x7f, 0xff, 0xff, 0xff, 0xff,
    0xff, 0xff, 0xf1, 0x0, 0x0, 0xef, 0xf6, 0x0,
    0x0, 0x0, 0x0, 0xdf, 0xf7, 0x0, 0x5, 0xff,
    0xf0, 0x0, 0x0, 0x0, 0x0, 0x7f, 0xfe, 0x0,
    0xb, 0xff, 0xa0, 0x0, 0x0, 0x0, 0x0, 0x1f,
    0xff, 0x50, 0x2f, 0xff, 0x40, 0x0, 0x0, 0x0,
    0x0, 0xa, 0xff, 0xb0, 0x8f, 0xfe, 0x0, 0x0,
    0x0, 0x0, 0x0, 0x4, 0xff, 0xf2,

    /* U+0042 "B" */
    0xaf, 0xff, 0xff, 0xff, 0xda, 0x40, 0x0, 0xa,
    0xff, 0xff, 0xff, 0xff, 0xff, 0xa0, 0x0, 0xaf,
    0xfc, 0x99, 0x9b, 0xef, 0xff, 0x90, 0xa, 0xff,
    0x80, 0x0, 0x0, 0xbf, 0xff, 0x10, 0xaf, 0xf8,
    0x0, 0x0, 0x1, 0xff, 0xf4, 0xa, 0xff, 0x80,
    0x0, 0x0, 0xf, 0xff, 0x50, 0xaf, 0xf8, 0x0,
    0x0, 0x3, 0xff, 0xf3, 0xa, 0xff, 0x80, 0x0,
    0x4, 0xef, 0xfc, 0x0, 0xaf, 0xff, 0xff, 0xff,
    0xff, 0xfd, 0x10, 0xa, 0xff, 0xff, 0xff, 0xff,
    0xff, 0x90, 0x0, 0xaf, 0xfd, 0xaa, 0xab, 0xef,
    0xff, 0xc0, 0xa, 0xff, 0x80, 0x0, 0x0, 0x5f,
    0xff, 0x70, 0xaf, 0xf8, 0x0, 0x0, 0x0, 0x7f,
    0xfd, 0xa, 0xff, 0x80, 0x0, 0x0, 0x5, 0xff,
    0xf0, 0xaf, 0xf8, 0x0, 0x0, 0x0, 0x8f, 0xff,
    0xa, 0xff, 0x80, 0x0, 0x0, 0x6f, 0xff, 0xb0,
    0xaf, 0xfe, 0xdd, 0xdd, 0xff, 0xff, 0xf4, 0xa,
    0xff, 0xff, 0xff, 0xff, 0xff, 0xf6, 0x0, 0xaf,
    0xff, 0xff, 0xff, 0xfd, 0x82, 0x0, 0x0,

    /* U+0043 "C" */
    0x0, 0x0, 0x2, 0x8c, 0xef, 0xed, 0x94, 0x0,
    0x0, 0x0, 0x0, 0x9, 0xff, 0xff, 0xff, 0xff,
    0xfc, 0x30, 0x0, 0x0, 0x1d, 0xff, 0xff, 0xfe,
    0xff, 0xff, 0xff, 0x60, 0x0, 0xc, 0xff, 0xfc,
    0x50, 0x0, 0x29, 0xff, 0xff, 0x50, 0x9, 0xff,
    0xf8, 0x0, 0x0, 0x0, 0x3, 0xdf, 0xfe, 0x12,
    0xff, 0xfa, 0x0, 0x0, 0x0, 0x0, 0x2, 0xfc,
    0x60, 0x7f, 0xff, 0x10, 0x0, 0x0, 0x0, 0x0,
    0x1, 0x0, 0xb, 0xff, 0xa0, 0x0, 0x0, 0x0,
    0x0, 0x0, 0x0, 0x0, 0xdf, 0xf8, 0x0, 0x0,
    0x0, 0x0, 0x0, 0x0, 0x0, 0xe, 0xff, 0x60,
    0x0, 0x0, 0x0, 0x0, 0x0, 0x0, 0x0, 0xdf,
    0xf8, 0x0, 0x0, 0x0, 0x0, 0x0, 0x0, 0x0,
    0xb, 0xff, 0xa0, 0x0, 0x0, 0x0, 0x0, 0x0,
    0x0, 0x0, 0x7f, 0xff, 0x10, 0x0, 0x0, 0x0,
    0x0, 0x3, 0x10, 0x2, 0xff, 0xfa, 0x0, 0x0,
    0x0, 0x0, 0x2, 0xff, 0xa2, 0x9, 0xff, 0xf8,
    0x0, 0x0, 0x0, 0x2, 0xef, 0xfe, 0x0, 0xc,
    0xff, 0xfc, 0x50, 0x0, 0x28, 0xff, 0xff, 0x40,
    0x0, 0x1c, 0xff, 0xff, 0xfe, 0xff, 0xff, 0xff,
    0x50, 0x0, 0x0, 0x9, 0xff, 0xff, 0xff, 0xff,
    0xfc, 0x20, 0x0, 0x0, 0x0, 0x2, 0x7c, 0xef,
    0xfd, 0x94, 0x0, 0x0, 0x0,

    /* U+0044 "D" */
    0xaf, 0xff, 0xff, 0xff, 0xd9, 0x40, 0x0, 0x0,
    0xa, 0xff, 0xff, 0xff, 0xff, 0xff, 0xc2, 0x0,
    0x0, 0xaf, 0xff, 0xff, 0xff, 0xff, 0xff, 0xf6,
    0x0, 0xa, 0xff, 0x90, 0x0, 0x14, 0xbf, 0xff,
    0xf4, 0x0, 0xaf, 0xf9, 0x0, 0x0, 0x0, 0x5f,
    0xff, 0xe1, 0xa, 0xff, 0x90, 0x0, 0x0, 0x0,
    0x5f, 0xff, 0x80, 0xaf, 0xf9, 0x0, 0x0, 0x0,
    0x0, 0xbf, 0xfe, 0xa, 0xff, 0x90, 0x0, 0x0,
    0x0, 0x4, 0xff, 0xf2, 0xaf, 0xf9, 0x0, 0x0,
    0x0, 0x0, 0x1f, 0xff, 0x5a, 0xff, 0x90, 0x0,
    0x0, 0x0, 0x0, 0xff, 0xf5, 0xaf, 0xf9, 0x0,
    0x0, 0x0, 0x0, 0x1f, 0xff, 0x4a, 0xff, 0x90,
    0x0, 0x0, 0x0, 0x4, 0xff, 0xf2, 0xaf, 0xf9,
    0x0, 0x0, 0x0, 0x0, 0xbf, 0xfe, 0xa, 0xff,
    0x90, 0x0, 0x0, 0x0, 0x5f, 0xff, 0x80, 0xaf,
    0xf9, 0x0, 0x0, 0x0, 0x5f, 0xff, 0xe1, 0xa,
    0xff, 0x90, 0x0, 0x14, 0xbf, 0xff, 0xf4, 0x0,
    0xaf, 0xff, 0xff, 0xff, 0xff, 0xff, 0xf5, 0x0,
    0xa, 0xff, 0xff, 0xff, 0xff, 0xff, 0xc2, 0x0,
    0x0, 0xaf, 0xff, 0xff, 0xff, 0xd9, 0x40, 0x0,
    0x0, 0x0,

    /* U+0045 "E" */
    0xaf, 0xff, 0xff, 0xff, 0xff, 0xff, 0x6a, 0xff,
    0xff, 0xff, 0xff, 0xff, 0xf6, 0xaf, 0xff, 0xee,
    0xee, 0xee, 0xee, 0x5a, 0xff, 0x90, 0x0, 0x0,
    0x0, 0x0, 0xaf, 0xf9, 0x0, 0x0, 0x0, 0x0,
    0xa, 0xff, 0x90, 0x0, 0x0, 0x0, 0x0, 0xaf,
    0xf9, 0x0, 0x0, 0x0, 0x0, 0xa, 0xff, 0x90,
    0x0, 0x0, 0x0, 0x0, 0xaf, 0xff, 0xff, 0xff,
    0xff, 0xf5, 0xa, 0xff, 0xff, 0xff, 0xff, 0xff,
    0x50, 0xaf, 0xfe, 0xdd, 0xdd, 0xdd, 0xd4, 0xa,
    0xff, 0x90, 0x0, 0x0, 0x0, 0x0, 0xaf, 0xf9,
    0x0, 0x0, 0x0, 0x0, 0xa, 0xff, 0x90, 0x0,
    0x0, 0x0, 0x0, 0xaf, 0xf9, 0x0, 0x0, 0x0,
    0x0, 0xa, 0xff, 0x90, 0x0, 0x0, 0x0, 0x0,
    0xaf, 0xff, 0xee, 0xee, 0xee, 0xee, 0x6a, 0xff,
    0xff, 0xff, 0xff, 0xff, 0xf7, 0xaf, 0xff, 0xff,
    0xff, 0xff, 0xff, 0x70,

    /* U+0046 "F" */
    0xaf, 0xff, 0xff, 0xff, 0xff, 0xff, 0x8a, 0xff,
    0xff, 0xff, 0xff, 0xff, 0xf8, 0xaf, 0xff, 0xee,
    0xee, 0xee, 0xee, 0x7a, 0xff, 0x90, 0x0, 0x0,
    0x0, 0x0, 0xaf, 0xf9, 0x0, 0x0, 0x0, 0x0,
    0xa, 0xff, 0x90, 0x0, 0x0, 0x0, 0x0, 0xaf,
    0xf9, 0x0, 0x0, 0x0, 0x0, 0xa, 0xff, 0x90,
    0x0, 0x0, 0x0, 0x0, 0xaf, 0xff, 0xee, 0xee,
    0xee, 0xe3, 0xa, 0xff, 0xff, 0xff, 0xff, 0xff,
    0x30, 0xaf, 0xff, 0xff, 0xff, 0xff, 0xf3, 0xa,
    0xff, 0x90, 0x0, 0x0, 0x0, 0x0, 0xaf, 0xf9,
    0x0, 0x0, 0x0, 0x0, 0xa, 0xff, 0x90, 0x0,
    0x0, 0x0, 0x0, 0xaf, 0xf9, 0x0, 0x0, 0x0,
    0x0, 0xa, 0xff, 0x90, 0x0, 0x0, 0x0, 0x0,
    0xaf, 0xf9, 0x0, 0x0, 0x0, 0x0, 0xa, 0xff,
    0x90, 0x0, 0x0, 0x0, 0x0, 0xaf, 0xf9, 0x0,
    0x0, 0x0, 0x0, 0x0,

    /* U+0047 "G" */
    0x0, 0x0, 0x0, 0x6a, 0xdf, 0xfe, 0xc8, 0x20,
    0x0, 0x0, 0x0, 0x0, 0x6f, 0xff, 0xff, 0xff,
    0xff, 0xf8, 0x0, 0x0, 0x0, 0xb, 0xff, 0xff,
    0xff, 0xef, 0xff, 0xff, 0xd1, 0x0, 0x0, 0xbf,
    0xff, 0xe7, 0x10, 0x0, 0x4a, 0xff, 0xfd, 0x0,
    0x8, 0xff, 0xfa, 0x0, 0x0, 0x0, 0x0, 0x4f,
    0xb2, 0x0, 0x1f, 0xff, 0xb0, 0x0, 0x0, 0x0,
    0x0, 0x1, 0x0, 0x0, 0x7f, 0xff, 0x10, 0x0,
    0x0, 0x0, 0x0, 0x0, 0x0, 0x0, 0xbf, 0xfb,
    0x0, 0x0, 0x0, 0x0, 0x0, 0x0, 0x0, 0x0,
    0xdf, 0xf8, 0x0, 0x0, 0x0, 0x5, 0x99, 0x99,
    0x99, 0x91, 0xef, 0xf6, 0x0, 0x0, 0x0, 0xa,
    0xff, 0xff, 0xff, 0xf3, 0xdf, 0xf8, 0x0, 0x0,
    0x0, 0xa, 0xff, 0xff, 0xff, 0xf2, 0xbf, 0xfb,
    0x0, 0x0, 0x0, 0x0, 0x0, 0x0, 0xff, 0xf1,
    0x7f, 0xff, 0x10, 0x0, 0x0, 0x0, 0x0, 0x4,
    0xff, 0xf0, 0x1f, 0xff, 0xb0, 0x0, 0x0, 0x0,
    0x0, 0xb, 0xff, 0xb0, 0x8, 0xff, 0xfa, 0x0,
    0x0, 0x0, 0x0, 0x7f, 0xff, 0x40, 0x0, 0xbf,
    0xff, 0xd6, 0x10, 0x0, 0x4b, 0xff, 0xfa, 0x0,
    0x0, 0xb, 0xff, 0xff, 0xff, 0xef, 0xff, 0xff,
    0xc0, 0x0, 0x0, 0x0, 0x6f, 0xff, 0xff, 0xff,
    0xff, 0xf8, 0x0, 0x0, 0x0, 0x0, 0x0, 0x6a,
    0xdf, 0xfe, 0xc8, 0x20, 0x0, 0x0,

    /* U+0048 "H" */
    0xaf, 0xf9, 0x0, 0x0, 0x0, 0x0, 0x9, 0xff,
    0xaa, 0xff, 0x90, 0x0, 0x0, 0x0, 0x0, 0x9f,
    0xfa, 0xaf, 0xf9, 0x0, 0x0, 0x0, 0x0, 0x9,
    0xff, 0xaa, 0xff, 0x90, 0x0, 0x0, 0x0, 0x0,
    0x9f, 0xfa, 0xaf, 0xf9, 0x0, 0x0, 0x0, 0x0,
    0x9, 0xff, 0xaa, 0xff, 0x90, 0x0, 0x0, 0x0,
    0x0, 0x9f, 0xfa, 0xaf, 0xf9, 0x0, 0x0, 0x0,
    0x0, 0x9, 0xff, 0xaa, 0xff, 0x90, 0x0, 0x0,
    0x0, 0x0, 0x9f, 0xfa, 0xaf, 0xff, 0xff, 0xff,
    0xff, 0xff, 0xff, 0xff, 0xaa, 0xff, 0xff, 0xff,
    0xff, 0xff, 0xff, 0xff, 0xfa, 0xaf, 0xff, 0xee,
    0xee, 0xee, 0xee, 0xef, 0xff, 0xaa, 0xff, 0x90,
    0x0, 0x0, 0x0, 0x0, 0x9f, 0xfa, 0xaf, 0xf9,
    0x0, 0x0, 0x0, 0x0, 0x9, 0xff, 0xaa, 0xff,
    0x90, 0x0, 0x0, 0x0, 0x0, 0x9f, 0xfa, 0xaf,
    0xf9, 0x0, 0x0, 0x0, 0x0, 0x9, 0xff, 0xaa,
    0xff, 0x90, 0x0, 0x0, 0x0, 0x0, 0x9f, 0xfa,
    0xaf, 0xf9, 0x0, 0x0, 0x0, 0x0, 0x9, 0xff,
    0xaa, 0xff, 0x90, 0x0, 0x0, 0x0, 0x0, 0x9f,
    0xfa, 0xaf, 0xf9, 0x0, 0x0, 0x0, 0x0, 0x9,
    0xff, 0xa0,

    /* U+0049 "I" */
    0xaf, 0xf9, 0xaf, 0xf9, 0xaf, 0xf9, 0xaf, 0xf9,
    0xaf, 0xf9, 0xaf, 0xf9, 0xaf, 0xf9, 0xaf, 0xf9,
    0xaf, 0xf9, 0xaf, 0xf9, 0xaf, 0xf9, 0xaf, 0xf9,
    0xaf, 0xf9, 0xaf, 0xf9, 0xaf, 0xf9, 0xaf, 0xf9,
    0xaf, 0xf9, 0xaf, 0xf9, 0xaf, 0xf9,

    /* U+004A "J" */
    0x0, 0x0, 0x0, 0x0, 0x3, 0xff, 0xf0, 0x0,
    0x0, 0x0, 0x0, 0x3, 0xff, 0xf0, 0x0, 0x0,
    0x0, 0x0, 0x3, 0xff, 0xf0, 0x0, 0x0, 0x0,
    0x0, 0x3, 0xff, 0xf0, 0x0, 0x0, 0x0, 0x0,
    0x3, 0xff, 0xf0, 0x0, 0x0, 0x0, 0x0, 0x3,
    0xff, 0xf0, 0x0, 0x0, 0x0, 0x0, 0x3, 0xff,
    0xf0, 0x0, 0x0, 0x0, 0x0, 0x3, 0xff, 0xf0,
    0x0, 0x0, 0x0, 0x0, 0x3, 0xff, 0xf0, 0x0,
    0x0, 0x0, 0x0, 0x3, 0xff, 0xf0, 0x0, 0x0,
    0x0, 0x0, 0x3, 0xff, 0xf0, 0x0, 0x0, 0x0,
    0x0, 0x3, 0xff, 0xf0, 0x0, 0x0, 0x0, 0x0,
    0x4, 0xff, 0xf0, 0x0, 0x10, 0x0, 0x0, 0x7,
    0xff, 0xf0, 0x4b, 0xf5, 0x0, 0x0, 0xd, 0xff,
    0xc0, 0x7f, 0xff, 0x60, 0x2, 0xbf, 0xff, 0x70,
    0xd, 0xff, 0xff, 0xff, 0xff, 0xfc, 0x0, 0x2,
    0xdf, 0xff, 0xff, 0xff, 0xb1, 0x0, 0x0, 0x7,
    0xcf, 0xfd, 0xa4, 0x0, 0x0,

    /* U+004B "K" */
    0xaf, 0xf8, 0x0, 0x0, 0x0, 0x3f, 0xff, 0xe2,
    0xaf, 0xf8, 0x0, 0x0, 0x3, 0xef, 0xfe, 0x20,
    0xaf, 0xf8, 0x0, 0x0, 0x2e, 0xff, 0xe2, 0x0,
    0xaf, 0xf8, 0x0, 0x2, 0xef, 0xfe, 0x20, 0x0,
    0xaf, 0xf8, 0x0, 0x2e, 0xff, 0xe2, 0x0, 0x0,
    0xaf, 0xf8, 0x2, 0xef, 0xfe, 0x30, 0x0, 0x0,
    0xaf, 0xf8, 0x2e, 0xff, 0xf3, 0x0, 0x0, 0x0,
    0xaf, 0xfa, 0xef, 0xff, 0x30, 0x0, 0x0, 0x0,
    0xaf, 0xff, 0xff, 0xf6, 0x0, 0x0, 0x0, 0x0,
    0xaf, 0xff, 0xff, 0xfd, 0x10, 0x0, 0x0, 0x0,
    0xaf, 0xff, 0xff, 0xff, 0xc0, 0x0, 0x0, 0x0,
    0xaf, 0xff, 0x55, 0xff, 0xf9, 0x0, 0x0, 0x0,
    0xaf, 0xf9, 0x0, 0x8f, 0xff, 0x70, 0x0, 0x0,
    0xaf, 0xf8, 0x0, 0xb, 0xff, 0xf4, 0x0, 0x0,
    0xaf, 0xf8, 0x0, 0x0, 0xdf, 0xff, 0x20, 0x0,
    0xaf, 0xf8, 0x0, 0x0, 0x2e, 0xff, 0xd1, 0x0,
    0xaf, 0xf8, 0x0, 0x0, 0x4, 0xff, 0xfb, 0x0,
    0xaf, 0xf8, 0x0, 0x0, 0x0, 0x6f, 0xff, 0x90,
    0xaf, 0xf8, 0x0, 0x0, 0x0, 0x9, 0xff, 0xf6,

    /* U+004C "L" */
    0xaf, 0xf9, 0x0, 0x0, 0x0, 0x0, 0xa, 0xff,
    0x90, 0x0, 0x0, 0x0, 0x0, 0xaf, 0xf9, 0x0,
    0x0, 0x0, 0x0, 0xa, 0xff, 0x90, 0x0, 0x0,
    0x0, 0x0, 0xaf, 0xf9, 0x0, 0x0, 0x0, 0x0,
    0xa, 0xff, 0x90, 0x0, 0x0, 0x0, 0x0, 0xaf,
    0xf9, 0x0, 0x0, 0x0, 0x0, 0xa, 0xff, 0x90,
    0x0, 0x0, 0x0, 0x0, 0xaf, 0xf9, 0x0, 0x0,
    0x0, 0x0, 0xa, 0xff, 0x90, 0x0, 0x0, 0x0,
    0x0, 0xaf, 0xf9, 0x0, 0x0, 0x0, 0x0, 0xa,
    0xff, 0x90, 0x0, 0x0, 0x0, 0x0, 0xaf, 0xf9,
    0x0, 0x0, 0x0, 0x0, 0xa, 0xff, 0x90, 0x0,
    0x0, 0x0, 0x0, 0xaf, 0xf9, 0x0, 0x0, 0x0,
    0x0, 0xa, 0xff, 0x90, 0x0, 0x0, 0x0, 0x0,
    0xaf, 0xff, 0xee, 0xee, 0xee, 0xee, 0x6a, 0xff,
    0xff, 0xff, 0xff, 0xff, 0xf7, 0xaf, 0xff, 0xff,
    0xff, 0xff, 0xff, 0x70,

    /* U+004D "M" */
    0xaf, 0xff, 0x20, 0x0, 0x0, 0x0, 0x0, 0x4,
    0xff, 0xf9, 0xaf, 0xff, 0xd0, 0x0, 0x0, 0x0,
    0x0, 0x1e, 0xff, 0xf9, 0xaf, 0xff, 0xf8, 0x0,
    0x0, 0x0, 0x0, 0xaf, 0xff, 0xf9, 0xaf, 0xff,
    0xff, 0x40, 0x0, 0x0, 0x5, 0xff, 0xff, 0xf9,
    0xaf, 0xff, 0xff, 0xe0, 0x0, 0x0, 0x1f, 0xff,
    0xff, 0xf9, 0xaf, 0xfb, 0xff, 0xfa, 0x0, 0x0,
    0xbf, 0xfe, 0xbf, 0xf9, 0xaf, 0xf9, 0x6f, 0xff,
    0x50, 0x7, 0xff, 0xf3, 0xbf, 0xf9, 0xaf, 0xf9,
    0xb, 0xff, 0xe1, 0x2f, 0xff, 0x80, 0xbf, 0xf9,
    0xaf, 0xf9, 0x1, 0xef, 0xfb, 0xdf, 0xfd, 0x0,
    0xbf, 0xf9, 0xaf, 0xf9, 0x0, 0x4f, 0xff, 0xff,
    0xf2, 0x0, 0xbf, 0xf9, 0xaf, 0xf9, 0x0, 0x9,
    0xff, 0xff, 0x70, 0x0, 0xbf, 0xf9, 0xaf, 0xf9,
    0x0, 0x0, 0xdf, 0xfb, 0x0, 0x0, 0xbf, 0xf9,
    0xaf, 0xf9, 0x0, 0x0, 0x3f, 0xe1, 0x0, 0x0,
    0xbf, 0xf9, 0xaf, 0xf9, 0x0, 0x0, 0x8, 0x50,
    0x0, 0x0, 0xbf, 0xf9, 0xaf, 0xf9, 0x0, 0x0,
    0x0, 0x0, 0x0, 0x0, 0xbf, 0xf9, 0xaf, 0xf9,
    0x0, 0x0, 0x0, 0x0, 0x0, 0x0, 0xbf, 0xf9,
    0xaf, 0xf9, 0x0, 0x0, 0x0, 0x0, 0x0, 0x0,
    0xbf, 0xf9, 0xaf, 0xf9, 0x0, 0x0, 0x0, 0x0,
    0x0, 0x0, 0xbf, 0xf9, 0xaf, 0xf9, 0x0, 0x0,
    0x0, 0x0, 0x0, 0x0, 0xbf, 0xf9,

    /* U+004E "N" */
    0xaf, 0xfe, 0x20, 0x0, 0x0, 0x0, 0x0, 0xef,
    0xf5, 0xaf, 0xff, 0xc0, 0x0, 0x0, 0x0, 0x0,
    0xef, 0xf5, 0xaf, 0xff, 0xf9, 0x0, 0x0, 0x0,
    0x0, 0xef, 0xf5, 0xaf, 0xff, 0xff, 0x50, 0x0,
    0x0, 0x0, 0xef, 0xf5, 0xaf, 0xff, 0xff, 0xf2,
    0x0, 0x0, 0x0, 0xef, 0xf5, 0xaf, 0xfb, 0xff,
    0xfd, 0x0, 0x0, 0x0, 0xef, 0xf5, 0xaf, 0xf9,
    0x5f, 0xff, 0x90, 0x0, 0x0, 0xef, 0xf5, 0xaf,
    0xf9, 0x9, 0xff, 0xf5, 0x0, 0x0, 0xef, 0xf5,
    0xaf, 0xf9, 0x0, 0xdf, 0xff, 0x20, 0x0, 0xef,
    0xf5, 0xaf, 0xf9, 0x0, 0x2f, 0xff, 0xd0, 0x0,
    0xef, 0xf5, 0xaf, 0xf9, 0x0, 0x5, 0xff, 0xfa,
    0x0, 0xef, 0xf5, 0xaf, 0xf9, 0x0, 0x0, 0x9f,
    0xff, 0x60, 0xef, 0xf5, 0xaf, 0xf9, 0x0, 0x0,
    0xc, 0xff, 0xf3, 0xef, 0xf5, 0xaf, 0xf9, 0x0,
    0x0, 0x2, 0xef, 0xfd, 0xef, 0xf5, 0xaf, 0xf9,
    0x0, 0x0, 0x0, 0x5f, 0xff, 0xff, 0xf5, 0xaf,
    0xf9, 0x0, 0x0, 0x0, 0x8, 0xff, 0xff, 0xf5,
    0xaf, 0xf9, 0x0, 0x0, 0x0, 0x0, 0xcf, 0xff,
    0xf5, 0xaf, 0xf9, 0x0, 0x0, 0x0, 0x0, 0x1e,
    0xff, 0xf5, 0xaf, 0xf9, 0x0, 0x0, 0x0, 0x0,
    0x4, 0xff, 0xf5,

    /* U+004F "O" */
    0x0, 0x0, 0x1, 0x7b, 0xef, 0xfe, 0xb7, 0x10,
    0x0, 0x0, 0x0, 0x0, 0x8f, 0xff, 0xff, 0xff,
    0xff, 0xf7, 0x0, 0x0, 0x0, 0x1c, 0xff, 0xff,
    0xff, 0xff, 0xff, 0xff, 0xb1, 0x0, 0x0, 0xcf,
    0xff, 0xd6, 0x10, 0x1, 0x6d, 0xff, 0xfb, 0x0,
    0x9, 0xff, 0xf9, 0x0, 0x0, 0x0, 0x0, 0xaf,
    0xff, 0x70, 0x1f, 0xff, 0xa0, 0x0, 0x0, 0x0,
    0x0, 0xc, 0xff, 0xf1, 0x7f, 0xff, 0x10, 0x0,
    0x0, 0x0, 0x0, 0x2, 0xff, 0xf6, 0xbf, 0xfb,
    0x0, 0x0, 0x0, 0x0, 0x0, 0x0, 0xcf, 0xfa,
    0xdf, 0xf8, 0x0, 0x0, 0x0, 0x0, 0x0, 0x0,
    0x9f, 0xfc, 0xef, 0xf6, 0x0, 0x0, 0x0, 0x0,
    0x0, 0x0, 0x8f, 0xfd, 0xdf, 0xf8, 0x0, 0x0,
    0x0, 0x0, 0x0, 0x0, 0x9f, 0xfc, 0xbf, 0xfb,
    0x0, 0x0, 0x0, 0x0, 0x0, 0x0, 0xcf, 0xfa,
    0x7f, 0xff, 0x10, 0x0, 0x0, 0x0, 0x0, 0x2,
    0xff, 0xf6, 0x1f, 0xff, 0xb0, 0x0, 0x0, 0x0,
    0x0, 0xb, 0xff, 0xf1, 0x9, 0xff, 0xf9, 0x0,
    0x0, 0x0, 0x0, 0xaf, 0xff, 0x70, 0x0, 0xcf,
    0xff, 0xd6, 0x10, 0x1, 0x6d, 0xff, 0xfb, 0x0,
    0x0, 0x1c, 0xff, 0xff, 0xff, 0xff, 0xff, 0xff,
    0xc1, 0x0, 0x0, 0x0, 0x8f, 0xff, 0xff, 0xff,
    0xff, 0xf7, 0x0, 0x0, 0x0, 0x0, 0x1, 0x7b,
    0xef, 0xfe, 0xb7, 0x10, 0x0, 0x0,

    /* U+0050 "P" */
    0xaf, 0xff, 0xff, 0xff, 0xda, 0x50, 0x0, 0xa,
    0xff, 0xff, 0xff, 0xff, 0xff, 0xc1, 0x0, 0xaf,
    0xff, 0xee, 0xef, 0xff, 0xff, 0xd0, 0xa, 0xff,
    0x90, 0x0, 0x1, 0x9f, 0xff, 0x70, 0xaf, 0xf9,
    0x0, 0x0, 0x0, 0x9f, 0xfd, 0xa, 0xff, 0x90,
    0x0, 0x0, 0x4, 0xff, 0xf0, 0xaf, 0xf9, 0x0,
    0x0, 0x0, 0x4f, 0xff, 0xa, 0xff, 0x90, 0x0,
    0x0, 0xa, 0xff, 0xd0, 0xaf, 0xf9, 0x0, 0x0,
    0x18, 0xff, 0xf8, 0xa, 0xff, 0xfe, 0xee, 0xef,
    0xff, 0xfd, 0x10, 0xaf, 0xff, 0xff, 0xff, 0xff,
    0xfd, 0x20, 0xa, 0xff, 0xff, 0xff, 0xfe, 0xc6,
    0x0, 0x0, 0xaf, 0xf9, 0x0, 0x0, 0x0, 0x0,
    0x0, 0xa, 0xff, 0x90, 0x0, 0x0, 0x0, 0x0,
    0x0, 0xaf, 0xf9, 0x0, 0x0, 0x0, 0x0, 0x0,
    0xa, 0xff, 0x90, 0x0, 0x0, 0x0, 0x0, 0x0,
    0xaf, 0xf9, 0x0, 0x0, 0x0, 0x0, 0x0, 0xa,
    0xff, 0x90, 0x0, 0x0, 0x0, 0x0, 0x0, 0xaf,
    0xf9, 0x0, 0x0, 0x0, 0x0, 0x0, 0x0,

    /* U+0051 "Q" */
    0x0, 0x0, 0x1, 0x7b, 0xef, 0xfe, 0xb7, 0x10,
    0x0, 0x0, 0x0, 0x0, 0x8f, 0xff, 0xff, 0xff,
    0xff, 0xf7, 0x0, 0x0, 0x0, 0x1c, 0xff, 0xff,
    0xff, 0xff, 0xff, 0xff, 0xb1, 0x0, 0x0, 0xcf,
    0xff, 0xc5, 0x10, 0x1, 0x6d, 0xff, 0xfb, 0x0,
    0x9, 0xff, 0xf9, 0x0, 0x0, 0x0, 0x0, 0xaf,
    0xff, 0x70, 0x1f, 0xff, 0xa0, 0x0, 0x0, 0x0,
    0x0, 0xc, 0xff, 0xf1, 0x7f, 0xff, 0x10, 0x0,
    0x0, 0x0, 0x0, 0x2, 0xff, 0xf6, 0xbf, 0xfa,
    0x0, 0x0, 0x0, 0x0, 0x0, 0x0, 0xcf, 0xfa,
    0xdf, 0xf8, 0x0, 0x0, 0x0, 0x0, 0x0, 0x0,
    0x9f, 0xfc, 0xef, 0xf6, 0x0, 0x0, 0x0, 0x0,
    0x0, 0x0, 0x8f, 0xfc, 0xdf, 0xf8, 0x0, 0x0,
    0x0, 0x0, 0x0, 0x0, 0x9f, 0xfb, 0xbf, 0xfb,
    0x0, 0x0, 0x0, 0x1, 0xa2, 0x0, 0xcf, 0xf9,
    0x7f, 0xff, 0x10, 0x0, 0x0, 0x2d, 0xfe, 0x32,
    0xff, 0xf5, 0x1f, 0xff, 0xb0, 0x0, 0x0, 0x1c,
    0xff, 0xfc, 0xff, 0xe0, 0x9, 0xff, 0xf9, 0x0,
    0x0, 0x0, 0xcf, 0xff, 0xff, 0x60, 0x0, 0xcf,
    0xff, 0xd6, 0x10, 0x1, 0x8f, 0xff, 0xfc, 0x0,
    0x0, 0x1c, 0xff, 0xff, 0xff, 0xff, 0xff, 0xff,
    0xff, 0x50, 0x0, 0x0, 0x8f, 0xff, 0xff, 0xff,
    0xff, 0xec, 0xff, 0xf5, 0x0, 0x0, 0x1, 0x7b,
    0xef, 0xfe, 0xb6, 0x0, 0xaf, 0xd1, 0x0, 0x0,
    0x0, 0x0, 0x0, 0x0, 0x0, 0x0, 0x8, 0x10,

    /* U+0052 "R" */
    0xaf, 0xff, 0xff, 0xff, 0xda, 0x50, 0x0, 0xa,
    0xff, 0xff, 0xff, 0xff, 0xff, 0xc1, 0x0, 0xaf,
    0xff, 0xee, 0xef, 0xff, 0xff, 0xd0, 0xa, 0xff,
    0x90, 0x0, 0x2, 0xaf, 0xff, 0x80, 0xaf, 0xf9,
    0x0, 0x0, 0x0, 0xaf, 0xfe, 0xa, 0xff, 0x90,
    0x0, 0x0, 0x5, 0xff, 0xf0, 0xaf, 0xf9, 0x0,
    0x0, 0x0, 0x6f, 0xff, 0xa, 0xff, 0x90, 0x0,
    0x0, 0xc, 0xff, 0xd0, 0xaf, 0xf9, 0x0, 0x0,
    0x3b, 0xff, 0xf6, 0xa, 0xff, 0xff, 0xff, 0xff,
    0xff, 0xfa, 0x0, 0xaf, 0xff, 0xff, 0xff, 0xff,
    0xf9, 0x0, 0xa, 0xff, 0xfe, 0xee, 0xff, 0xf6,
    0x0, 0x0, 0xaf, 0xf9, 0x0, 0xa, 0xff, 0xe0,
    0x0, 0xa, 0xff, 0x90, 0x0, 0x1f, 0xff, 0x80,
    0x0, 0xaf, 0xf9, 0x0, 0x0, 0x7f, 0xff, 0x20,
    0xa, 0xff, 0x90, 0x0, 0x0, 0xdf, 0xfb, 0x0,
    0xaf, 0xf9, 0x0, 0x0, 0x4, 0xff, 0xf5, 0xa,
    0xff, 0x90, 0x0, 0x0, 0xb, 0xff, 0xe0, 0xaf,
    0xf9, 0x0, 0x0, 0x0, 0x2f, 0xff, 0x80,

    /* U+0053 "S" */
    0x0, 0x1, 0x8c, 0xef, 0xfd, 0xa4, 0x0, 0x0,
    0x6, 0xff, 0xff, 0xff, 0xff, 0xfa, 0x0, 0x4,
    0xff, 0xff, 0xec, 0xdf, 0xff, 0xfb, 0x0, 0xcf,
    0xff, 0x40, 0x0, 0x2b, 0xff, 0xf7, 0xf, 0xff,
    0x60, 0x0, 0x0, 0xb, 0xe9, 0x31, 0xff, 0xf4,
    0x0, 0x0, 0x0, 0x0, 0x0, 0xf, 0xff, 0x80,
    0x0, 0x0, 0x0, 0x0, 0x0, 0x9f, 0xff, 0xa4,
    0x0, 0x0, 0x0, 0x0, 0x1, 0xcf, 0xff, 0xff,
    0xc8, 0x30, 0x0, 0x0, 0x0, 0x7e, 0xff, 0xff,
    0xff, 0xd3, 0x0, 0x0, 0x0, 0x4, 0x8c, 0xff,
    0xff, 0xf5, 0x0, 0x0, 0x0, 0x0, 0x1, 0x6e,
    0xff, 0xf2, 0x0, 0x0, 0x0, 0x0, 0x0, 0x1e,
    0xff, 0x90, 0x0, 0x10, 0x0, 0x0, 0x0, 0xaf,
    0xfc, 0x4a, 0xec, 0x0, 0x0, 0x0, 0xc, 0xff,
    0xb6, 0xff, 0xfc, 0x30, 0x0, 0x19, 0xff, 0xf7,
    0xb, 0xff, 0xff, 0xec, 0xdf, 0xff, 0xfd, 0x0,
    0x8, 0xff, 0xff, 0xff, 0xff, 0xfd, 0x20, 0x0,
    0x1, 0x7c, 0xef, 0xfe, 0xa5, 0x0, 0x0,

    /* U+0054 "T" */
    0xaf, 0xff, 0xff, 0xff, 0xff, 0xff, 0xff, 0xfa,
    0xaf, 0xff, 0xff, 0xff, 0xff, 0xff, 0xff, 0xfa,
    0x9e, 0xee, 0xee, 0xff, 0xff, 0xee, 0xee, 0xe9,
    0x0, 0x0, 0x0, 0x9f, 0xfa, 0x0, 0x0, 0x0,
    0x0, 0x0, 0x0, 0x9f, 0xfa, 0x0, 0x0, 0x0,
    0x0, 0x0, 0x0, 0x9f, 0xfa, 0x0, 0x0, 0x0,
    0x0, 0x0, 0x0, 0x9f, 0xfa, 0x0, 0x0, 0x0,
    0x0, 0x0, 0x0, 0x9f, 0xfa, 0x0, 0x0, 0x0,
    0x0, 0x0, 0x0, 0x9f, 0xfa, 0x0, 0x0, 0x0,
    0x0, 0x0, 0x0, 0x9f, 0xfa, 0x0, 0x0, 0x0,
    0x0, 0x0, 0x0, 0x9f, 0xfa, 0x0, 0x0, 0x0,
    0x0, 0x0, 0x0, 0x9f, 0xfa, 0x0, 0x0, 0x0,
    0x0, 0x0, 0x0, 0x9f, 0xfa, 0x0, 0x0, 0x0,
    0x0, 0x0, 0x0, 0x9f, 0xfa, 0x0, 0x0, 0x0,
    0x0, 0x0, 0x0, 0x9f, 0xfa, 0x0, 0x0, 0x0,
    0x0, 0x0, 0x0, 0x9f, 0xfa, 0x0, 0x0, 0x0,
    0x0, 0x0, 0x0, 0x9f, 0xfa, 0x0, 0x0, 0x0,
    0x0, 0x0, 0x0, 0x9f, 0xfa, 0x0, 0x0, 0x0,
    0x0, 0x0, 0x0, 0x9f, 0xfa, 0x0, 0x0, 0x0,

    /* U+0055 "U" */
    0xff, 0xf4, 0x0, 0x0, 0x0, 0x0, 0x8f, 0xfb,
    0xff, 0xf4, 0x0, 0x0, 0x0, 0x0, 0x8f, 0xfb,
    0xff, 0xf4, 0x0, 0x0, 0x0, 0x0, 0x8f, 0xfb,
    0xff, 0xf4, 0x0, 0x0, 0x0, 0x0, 0x8f, 0xfb,
    0xff, 0xf4, 0x0, 0x0, 0x0, 0x0, 0x8f, 0xfb,
    0xff, 0xf4, 0x0, 0x0, 0x0, 0x0, 0x8f, 0xfb,
    0xff, 0xf4, 0x0, 0x0, 0x0, 0x0, 0x8f, 0xfb,
    0xff, 0xf4, 0x0, 0x0, 0x0, 0x0, 0x8f, 0xfb,
    0xff, 0xf4, 0x0, 0x0, 0x0, 0x0, 0x8f, 0xfb,
    0xff, 0xf4, 0x0, 0x0, 0x0, 0x0, 0x8f, 0xfb,
    0xff, 0xf4, 0x0, 0x0, 0x0, 0x0, 0x8f, 0xfb,
    0xff, 0xf4, 0x0, 0x0, 0x0, 0x0, 0x8f, 0xfb,
    0xef, 0xf5, 0x0, 0x0, 0x0, 0x0, 0x9f, 0xf9,
    0xcf, 0xfa, 0x0, 0x0, 0x0, 0x0, 0xdf, 0xf7,
    0x7f, 0xff, 0x30, 0x0, 0x0, 0x7, 0xff, 0xf2,
    0x1e, 0xff, 0xf7, 0x10, 0x2, 0x9f, 0xff, 0xb0,
    0x4, 0xff, 0xff, 0xff, 0xff, 0xff, 0xfe, 0x10,
    0x0, 0x4e, 0xff, 0xff, 0xff, 0xff, 0xb1, 0x0,
    0x0, 0x0, 0x6b, 0xdf, 0xed, 0x94, 0x0, 0x0,

    /* U+0056 "V" */
    0x8f, 0xfe, 0x0, 0x0, 0x0, 0x0, 0x0, 0x0,
    0xff, 0xf7, 0x2f, 0xff, 0x50, 0x0, 0x0, 0x0,
    0x0, 0x6, 0xff, 0xf1, 0xb, 0xff, 0xb0, 0x0,
    0x0, 0x0, 0x0, 0xd, 0xff, 0x90, 0x4, 0xff,
    0xf2, 0x0, 0x0, 0x0, 0x0, 0x3f, 0xff, 0x30,
    0x0, 0xdf, 0xf8, 0x0, 0x0, 0x0, 0x0, 0xaf,
    0xfc, 0x0, 0x0, 0x7f, 0xfe, 0x0, 0x0, 0x0,
    0x1, 0xff, 0xf5, 0x0, 0x0, 0x1f, 0xff, 0x50,
    0x0, 0x0, 0x7, 0xff, 0xe0, 0x0, 0x0, 0xa,
    0xff, 0xc0, 0x0, 0x0, 0xd, 0xff, 0x80, 0x0,
    0x0, 0x3, 0xff, 0xf2, 0x0, 0x0, 0x4f, 0xff,
    0x10, 0x0, 0x0, 0x0, 0xcf, 0xf9, 0x0, 0x0,
    0xbf, 0xfb, 0x0, 0x0, 0x0, 0x0, 0x5f, 0xfe,
    0x0, 0x1, 0xff, 0xf4, 0x0, 0x0, 0x0, 0x0,
    0xe, 0xff, 0x60, 0x8, 0xff, 0xd0, 0x0, 0x0,
    0x0, 0x0, 0x8, 0xff, 0xc0, 0xe, 0xff, 0x70,
    0x0, 0x0, 0x0, 0x0, 0x2, 0xff, 0xf3, 0x5f,
    0xff, 0x10, 0x0, 0x0, 0x0, 0x0, 0x0, 0xbf,
    0xf9, 0xbf, 0xf9, 0x0, 0x0, 0x0, 0x0, 0x0,
    0x0, 0x4f, 0xff, 0xff, 0xf3, 0x0, 0x0, 0x0,
    0x0, 0x0, 0x0, 0xd, 0xff, 0xff, 0xc0, 0x0,
    0x0, 0x0, 0x0, 0x0, 0x0, 0x7, 0xff, 0xff,
    0x50, 0x0, 0x0, 0x0, 0x0, 0x0, 0x0, 0x1,
    0xff, 0xfe, 0x0, 0x0, 0x0, 0x0,

    /* U+0057 "W" */
    0x9f, 0xfa, 0x0, 0x0, 0x0, 0x1, 0xff, 0xf6,
    0x0, 0x0, 0x0, 0x6, 0xff, 0xe0, 0x4f, 0xff,
    0x0, 0x0, 0x0, 0x6, 0xff, 0xfb, 0x0, 0x0,
    0x0, 0xb, 0xff, 0x90, 0xf, 0xff, 0x40, 0x0,
    0x0, 0xb, 0xff, 0xff, 0x0, 0x0, 0x0, 0xf,
    0xff, 0x40, 0xa, 0xff, 0x90, 0x0, 0x0, 0xf,
    0xff, 0xff, 0x40, 0x0, 0x0, 0x5f, 0xfe, 0x0,
    0x5, 0xff, 0xe0, 0x0, 0x0, 0x4f, 0xff, 0xff,
    0x90, 0x0, 0x0, 0xaf, 0xfa, 0x0, 0x1, 0xff,
    0xf3, 0x0, 0x0, 0x9f, 0xfb, 0xff, 0xe0, 0x0,
    0x0, 0xef, 0xf5, 0x0, 0x0, 0xbf, 0xf8, 0x0,
    0x0, 0xdf, 0xf3, 0xef, 0xf2, 0x0, 0x4, 0xff,
    0xf0, 0x0, 0x0, 0x7f, 0xfd, 0x0, 0x2, 0xff,
    0xe0, 0xaf, 0xf7, 0x0, 0x9, 0xff, 0xb0, 0x0,
    0x0, 0x2f, 0xff, 0x20, 0x7, 0xff, 0x90, 0x5f,
    0xfc, 0x0, 0xe, 0xff, 0x60, 0x0, 0x0, 0xd,
    0xff, 0x70, 0xc, 0xff, 0x50, 0x1f, 0xff, 0x10,
    0x3f, 0xff, 0x10, 0x0, 0x0, 0x8, 0xff, 0xb0,
    0xf, 0xff, 0x0, 0xc, 0xff, 0x50, 0x8f, 0xfc,
    0x0, 0x0, 0x0, 0x3, 0xff, 0xf1, 0x5f, 0xfb,
    0x0, 0x7, 0xff, 0xa0, 0xdf, 0xf7, 0x0, 0x0,
    0x0, 0x0, 0xef, 0xf5, 0xaf, 0xf7, 0x0, 0x3,
    0xff, 0xe2, 0xff, 0xf2, 0x0, 0x0, 0x0, 0x0,
    0x9f, 0xfa, 0xef, 0xf2, 0x0, 0x0, 0xef, 0xfa,
    0xff, 0xd0, 0x0, 0x0, 0x0, 0x0, 0x4f, 0xff,
    0xff, 0xd0, 0x0, 0x0, 0xaf, 0xff, 0xff, 0x80,
    0x0, 0x0, 0x0, 0x0, 0xf, 0xff, 0xff, 0x90,
    0x0, 0x0, 0x5f, 0xff, 0xff, 0x30, 0x0, 0x0,
    0x0, 0x0, 0xa, 0xff, 0xff, 0x40, 0x0, 0x0,
    0x1f, 0xff, 0xfe, 0x0, 0x0, 0x0, 0x0, 0x0,
    0x5, 0xff, 0xff, 0x0, 0x0, 0x0, 0xc, 0xff,
    0xf9, 0x0, 0x0, 0x0, 0x0, 0x0, 0x1, 0xff,
    0xfb, 0x0, 0x0, 0x0, 0x7, 0xff, 0xf4, 0x0,
    0x0, 0x0,

    /* U+0058 "X" */
    0x4f, 0xff, 0x90, 0x0, 0x0, 0x0, 0x4, 0xff,
    0xf8, 0x0, 0x8f, 0xff, 0x50, 0x0, 0x0, 0x1,
    0xef, 0xfc, 0x0, 0x0, 0xcf, 0xfe, 0x10, 0x0,
    0x0, 0xbf, 0xfe, 0x10, 0x0, 0x1, 0xef, 0xfc,
    0x0, 0x0, 0x7f, 0xff, 0x40, 0x0, 0x0, 0x4,
    0xff, 0xf8, 0x0, 0x3f, 0xff, 0x80, 0x0, 0x0,
    0x0, 0x8, 0xff, 0xf3, 0xd, 0xff, 0xc0, 0x0,
    0x0, 0x0, 0x0, 0xc, 0xff, 0xea, 0xff, 0xf2,
    0x0, 0x0, 0x0, 0x0, 0x0, 0x1e, 0xff, 0xff,
    0xf5, 0x0, 0x0, 0x0, 0x0, 0x0, 0x0, 0x4f,
    0xff, 0xf9, 0x0, 0x0, 0x0, 0x0, 0x0, 0x0,
    0x0, 0xdf, 0xff, 0x20, 0x0, 0x0, 0x0, 0x0,
    0x0, 0x0, 0x8f, 0xff, 0xfc, 0x0, 0x0, 0x0,
    0x0, 0x0, 0x0, 0x4f, 0xff, 0xff, 0xf8, 0x0,
    0x0, 0x0, 0x0, 0x0, 0x1e, 0xff, 0xb6, 0xff,
    0xf4, 0x0, 0x0, 0x0, 0x0, 0xb, 0xff, 0xe1,
    0xb, 0xff, 0xe1, 0x0, 0x0, 0x0, 0x7, 0xff,
    0xf5, 0x0, 0x1e, 0xff, 0xb0, 0x0, 0x0, 0x3,
    0xff, 0xfa, 0x0, 0x0, 0x5f, 0xff, 0x70, 0x0,
    0x0, 0xdf, 0xfe, 0x0, 0x0, 0x0, 0xaf, 0xff,
    0x30, 0x0, 0xaf, 0xff, 0x40, 0x0, 0x0, 0x1,
    0xef, 0xfd, 0x0, 0x5f, 0xff, 0x80, 0x0, 0x0,
    0x0, 0x4, 0xff, 0xfa, 0x0,

    /* U+0059 "Y" */
    0x7f, 0xff, 0x40, 0x0, 0x0, 0x0, 0xa, 0xff,
    0xf2, 0xd, 0xff, 0xd0, 0x0, 0x0, 0x0, 0x3f,
    0xff, 0x70, 0x3, 0xff, 0xf8, 0x0, 0x0, 0x0,
    0xdf, 0xfd, 0x0, 0x0, 0x9f, 0xff, 0x20, 0x0,
    0x7, 0xff, 0xf3, 0x0, 0x0, 0xe, 0xff, 0xb0,
    0x0, 0x2f, 0xff, 0x90, 0x0, 0x0, 0x4, 0xff,
    0xf5, 0x0, 0xbf, 0xfe, 0x0, 0x0, 0x0, 0x0,
    0xaf, 0xfe, 0x15, 0xff, 0xf4, 0x0, 0x0, 0x0,
    0x0, 0x1e, 0xff, 0xae, 0xff, 0xa0, 0x0, 0x0,
    0x0, 0x0, 0x6, 0xff, 0xff, 0xfe, 0x10, 0x0,
    0x0, 0x0, 0x0, 0x0, 0xcf, 0xff, 0xf6, 0x0,
    0x0, 0x0, 0x0, 0x0, 0x0, 0x2f, 0xff, 0xc0,
    0x0, 0x0, 0x0, 0x0, 0x0, 0x0, 0xc, 0xff,
    0x70, 0x0, 0x0, 0x0, 0x0, 0x0, 0x0, 0xc,
    0xff, 0x70, 0x0, 0x0, 0x0, 0x0, 0x0, 0x0,
    0xc, 0xff, 0x70, 0x0, 0x0, 0x0, 0x0, 0x0,
    0x0, 0xc, 0xff, 0x70, 0x0, 0x0, 0x0, 0x0,
    0x0, 0x0, 0xc, 0xff, 0x70, 0x0, 0x0, 0x0,
    0x0, 0x0, 0x0, 0xc, 0xff, 0x70, 0x0, 0x0,
    0x0, 0x0, 0x0, 0x0, 0xc, 0xff, 0x70, 0x0,
    0x0, 0x0, 0x0, 0x0, 0x0, 0xc, 0xff, 0x70,
    0x0, 0x0, 0x0,

    /* U+005A "Z" */
    0xcf, 0xff, 0xff, 0xff, 0xff, 0xff, 0xff, 0xfa,
    0xcf, 0xff, 0xff, 0xff, 0xff, 0xff, 0xff, 0xfa,
    0xbf, 0xff, 0xff, 0xff, 0xff, 0xff, 0xff, 0xf9,
    0x0, 0x0, 0x0, 0x0, 0x0, 0x1e, 0xff, 0xf3,
    0x0, 0x0, 0x0, 0x0, 0x0, 0xdf, 0xff, 0x40,
    0x0, 0x0, 0x0, 0x0, 0xb, 0xff, 0xf6, 0x0,
    0x0, 0x0, 0x0, 0x0, 0x9f, 0xff, 0x80, 0x0,
    0x0, 0x0, 0x0, 0x7, 0xff, 0xfa, 0x0, 0x0,
    0x0, 0x0, 0x0, 0x5f, 0xff, 0xc0, 0x0, 0x0,
    0x0, 0x0, 0x3, 0xff, 0xfe, 0x10, 0x0, 0x0,
    0x0, 0x0, 0x2e, 0xff, 0xf2, 0x0, 0x0, 0x0,
    0x0, 0x1, 0xdf, 0xff, 0x40, 0x0, 0x0, 0x0,
    0x0, 0xc, 0xff, 0xf6, 0x0, 0x0, 0x0, 0x0,
    0x0, 0xaf, 0xff, 0x80, 0x0, 0x0, 0x0, 0x0,
    0x8, 0xff, 0xfa, 0x0, 0x0, 0x0, 0x0, 0x0,
    0x6f, 0xff, 0xc0, 0x0, 0x0, 0x0, 0x0, 0x0,
    0xdf, 0xff, 0xff, 0xff, 0xff, 0xff, 0xff, 0xf8,
    0xdf, 0xff, 0xff, 0xff, 0xff, 0xff, 0xff, 0xf8,
    0xdf, 0xff, 0xff, 0xff, 0xff, 0xff, 0xff, 0xf8,

    /* U+005B "[" */
    0x8c, 0xcc, 0xc8, 0xaf, 0xff, 0xfa, 0xaf, 0xff,
    0xfa, 0xaf, 0xf2, 0x0, 0xaf, 0xf2, 0x0, 0xaf,
    0xf2, 0x0, 0xaf, 0xf2, 0x0, 0xaf, 0xf2, 0x0,
    0xaf, 0xf2, 0x0, 0xaf, 0xf2, 0x0, 0xaf, 0xf2,
    0x0, 0xaf, 0xf2, 0x0, 0xaf, 0xf2, 0x0, 0xaf,
    0xf2, 0x0, 0xaf, 0xf2, 0x0, 0xaf, 0xf2, 0x0,
    0xaf, 0xf2, 0x0, 0xaf, 0xf2, 0x0, 0xaf, 0xf2,
    0x0, 0xaf, 0xf2, 0x0, 0xaf, 0xf2, 0x0, 0xaf,
    0xf2, 0x0, 0xaf, 0xfd, 0xc8, 0xaf, 0xff, 0xfa,
    0xaf, 0xff, 0xfa,

    /* U+005C "\\" */
    0x38, 0x84, 0x0, 0x0, 0x0, 0x0, 0x3f, 0xfc,
    0x0, 0x0, 0x0, 0x0, 0xe, 0xff, 0x20, 0x0,
    0x0, 0x0, 0x8, 0xff, 0x70, 0x0, 0x0, 0x0,
    0x3, 0xff, 0xd0, 0x0, 0x0, 0x0, 0x0, 0xdf,
    0xf2, 0x0, 0x0, 0x0, 0x0, 0x8f, 0xf8, 0x0,
    0x0, 0x0, 0x0, 0x3f, 0xfd, 0x0, 0x0, 0x0,
    0x0, 0xd, 0xff, 0x30, 0x0, 0x0, 0x0, 0x8,
    0xff, 0x80, 0x0, 0x0, 0x0, 0x2, 0xff, 0xe0,
    0x0, 0x0, 0x0, 0x0, 0xdf, 0xf3, 0x0, 0x0,
    0x0, 0x0, 0x7f, 0xf9, 0x0, 0x0, 0x0, 0x0,
    0x2f, 0xfe, 0x0, 0x0, 0x0, 0x0, 0xc, 0xff,
    0x40, 0x0, 0x0, 0x0, 0x7, 0xff, 0x90, 0x0,
    0x0, 0x0, 0x2, 0xff, 0xf0, 0x0, 0x0, 0x0,
    0x0, 0xcf, 0xf4, 0x0, 0x0, 0x0, 0x0, 0x7f,
    0xfa, 0x0, 0x0, 0x0, 0x0, 0x1f, 0xff, 0x0,
    0x0, 0x0, 0x0, 0xc, 0xff, 0x50, 0x0, 0x0,
    0x0, 0x6, 0xff, 0xa0, 0x0, 0x0, 0x0, 0x1,
    0xff, 0xf0,

    /* U+005D "]" */
    0x2c, 0xcc, 0xcc, 0x3, 0xff, 0xff, 0xf1, 0x3f,
    0xff, 0xff, 0x10, 0x0, 0xcf, 0xf1, 0x0, 0xc,
    0xff, 0x10, 0x0, 0xcf, 0xf1, 0x0, 0xc, 0xff,
    0x10, 0x0, 0xcf, 0xf1, 0x0, 0xc, 0xff, 0x10,
    0x0, 0xcf, 0xf1, 0x0, 0xc, 0xff, 0x10, 0x0,
    0xcf, 0xf1, 0x0, 0xc, 0xff, 0x10, 0x0, 0xcf,
    0xf1, 0x0, 0xc, 0xff, 0x10, 0x0, 0xcf, 0xf1,
    0x0, 0xc, 0xff, 0x10, 0x0, 0xcf, 0xf1, 0x0,
    0xc, 0xff, 0x10, 0x0, 0xcf, 0xf1, 0x0, 0xc,
    0xff, 0x10, 0x0, 0xcf, 0xf1, 0x2c, 0xcf, 0xff,
    0x13, 0xff, 0xff, 0xf1, 0x3f, 0xff, 0xff, 0x10,

    /* U+005E "^" */
    0x0, 0x0, 0xcf, 0xfa, 0x0, 0x0, 0x0, 0x4,
    0xff, 0xff, 0x20, 0x0, 0x0, 0xb, 0xff, 0xff,
    0x90, 0x0, 0x0, 0x3f, 0xfa, 0xcf, 0xf2, 0x0,
    0x0, 0xbf, 0xf2, 0x4f, 0xf9, 0x0, 0x3, 0xff,
    0xa0, 0xc, 0xff, 0x10, 0xa, 0xff, 0x30, 0x4,
    0xff, 0x90, 0x2f, 0xfb, 0x0, 0x0, 0xcf, 0xf1,
    0xaf, 0xf3, 0x0, 0x0, 0x4f, 0xf8,

    /* U+005F "_" */
    0x5a, 0xaa, 0xaa, 0xaa, 0xaa, 0xa7, 0x8f, 0xff,
    0xff, 0xff, 0xff, 0xfb, 0x8f, 0xff, 0xff, 0xff,
    0xff, 0xfb,

    /* U+0060 "`" */
    0x58, 0x86, 0x0, 0x1, 0xdf, 0xf9, 0x0, 0x1,
    0xdf, 0xf8, 0x0, 0x1, 0xcf, 0xf7,

    /* U+0061 "a" */
    0x0, 0x1, 0x8d, 0xff, 0xea, 0x30, 0x0, 0x0,
    0x3e, 0xff, 0xff, 0xff, 0xf7, 0x0, 0x2, 0xff,
    0xff, 0xcb, 0xff, 0xff, 0x40, 0x4, 0xcf, 0xc1,
    0x0, 0x1c, 0xff, 0xb0, 0x0, 0x1, 0x10, 0x0,
    0x3, 0xff, 0xf0, 0x0, 0x0, 0x14, 0x55, 0x55,
    0xff, 0xf2, 0x0, 0x4d, 0xff, 0xff, 0xff, 0xff,
    0xf3, 0x4, 0xff, 0xff, 0xff, 0xff, 0xff, 0xf3,
    0xd, 0xff, 0xc3, 0x0, 0x0, 0xef, 0xf3, 0xf,
    0xff, 0x30, 0x0, 0x2, 0xff, 0xf3, 0xf, 0xff,
    0x60, 0x0, 0x1d, 0xff, 0xf3, 0xb, 0xff, 0xfb,
    0x9b, 0xff, 0xff, 0xf2, 0x2, 0xef, 0xff, 0xff,
    0xfc, 0xdf, 0xf2, 0x0, 0x18, 0xdf, 0xfd, 0x80,
    0xbf, 0xf2,

    /* U+0062 "b" */
    0x4f, 0xfe, 0x0, 0x0, 0x0, 0x0, 0x0, 0x4,
    0xff, 0xe0, 0x0, 0x0, 0x0, 0x0, 0x0, 0x4f,
    0xfe, 0x0, 0x0, 0x0, 0x0, 0x0, 0x4, 0xff,
    0xe0, 0x0, 0x0, 0x0, 0x0, 0x0, 0x4f, 0xfe,
    0x0, 0x0, 0x0, 0x0, 0x0, 0x4, 0xff, 0xe0,
    0x3a, 0xef, 0xd9, 0x20, 0x0, 0x4f, 0xfe, 0x6f,
    0xff, 0xff, 0xff, 0x60, 0x4, 0xff, 0xff, 0xff,
    0xdf, 0xff, 0xff, 0x40, 0x4f, 0xff, 0xf7, 0x0,
    0x6, 0xff, 0xfd, 0x4, 0xff, 0xf8, 0x0, 0x0,
    0x5, 0xff, 0xf3, 0x4f, 0xff, 0x10, 0x0, 0x0,
    0xd, 0xff, 0x74, 0xff, 0xe0, 0x0, 0x0, 0x0,
    0xaf, 0xf9, 0x4f, 0xfe, 0x0, 0x0, 0x0, 0xa,
    0xff, 0x94, 0xff, 0xf1, 0x0, 0x0, 0x0, 0xdf,
    0xf7, 0x4f, 0xff, 0x80, 0x0, 0x0, 0x5f, 0xff,
    0x34, 0xff, 0xff, 0x70, 0x0, 0x5f, 0xff, 0xd0,
    0x4f, 0xff, 0xff, 0xec, 0xef, 0xff, 0xf4, 0x4,
    0xff, 0xc7, 0xff, 0xff, 0xff, 0xf6, 0x0, 0x4f,
    0xfb, 0x3, 0xbe, 0xfd, 0x92, 0x0, 0x0,

    /* U+0063 "c" */
    0x0, 0x0, 0x17, 0xce, 0xfd, 0xa3, 0x0, 0x0,
    0x0, 0x6f, 0xff, 0xff, 0xff, 0xf9, 0x0, 0x0,
    0x6f, 0xff, 0xfe, 0xef, 0xff, 0xfa, 0x0, 0x2f,
    0xff, 0xc2, 0x0, 0x1a, 0xff, 0xf3, 0x9, 0xff,
    0xd0, 0x0, 0x0, 0x8, 0x61, 0x0, 0xdf, 0xf6,
    0x0, 0x0, 0x0, 0x0, 0x0, 0xf, 0xff, 0x20,
    0x0, 0x0, 0x0, 0x0, 0x0, 0xff, 0xf2, 0x0,
    0x0, 0x0, 0x0, 0x0, 0xd, 0xff, 0x60, 0x0,
    0x0, 0x0, 0x0, 0x0, 0x9f, 0xfd, 0x0, 0x0,
    0x0, 0xaa, 0x40, 0x2, 0xff, 0xfc, 0x20, 0x1,
    0xaf, 0xff, 0x40, 0x6, 0xff, 0xff, 0xee, 0xff,
    0xff, 0xa0, 0x0, 0x6, 0xff, 0xff, 0xff, 0xff,
    0x90, 0x0, 0x0, 0x1, 0x8c, 0xef, 0xea, 0x40,
    0x0,

    /* U+0064 "d" */
    0x0, 0x0, 0x0, 0x0, 0x0, 0x4, 0xff, 0xd0,
    0x0, 0x0, 0x0, 0x0, 0x0, 0x4f, 0xfd, 0x0,
    0x0, 0x0, 0x0, 0x0, 0x4, 0xff, 0xd0, 0x0,
    0x0, 0x0, 0x0, 0x0, 0x4f, 0xfd, 0x0, 0x0,
    0x0, 0x0, 0x0, 0x4, 0xff, 0xd0, 0x0, 0x5,
    0xbe, 0xfd, 0x80, 0x4f, 0xfd, 0x0, 0x1b, 0xff,
    0xff, 0xff, 0xd6, 0xff, 0xd0, 0xb, 0xff, 0xff,
    0xee, 0xff, 0xff, 0xfd, 0x4, 0xff, 0xfc, 0x20,
    0x2, 0xcf, 0xff, 0xd0, 0xaf, 0xfd, 0x0, 0x0,
    0x1, 0xff, 0xfd, 0xe, 0xff, 0x60, 0x0, 0x0,
    0x8, 0xff, 0xd0, 0xff, 0xf3, 0x0, 0x0, 0x0,
    0x5f, 0xfd, 0xf, 0xff, 0x30, 0x0, 0x0, 0x5,
    0xff, 0xd0, 0xef, 0xf6, 0x0, 0x0, 0x0, 0x8f,
    0xfd, 0xa, 0xff, 0xd0, 0x0, 0x0, 0x1e, 0xff,
    0xd0, 0x5f, 0xff, 0xb1, 0x0, 0x1c, 0xff, 0xfd,
    0x0, 0xbf, 0xff, 0xfd, 0xdf, 0xff, 0xff, 0xd0,
    0x1, 0xcf, 0xff, 0xff, 0xfe, 0x5f, 0xfd, 0x0,
    0x0, 0x6c, 0xef, 0xd8, 0x12, 0xff, 0xd0,

    /* U+0065 "e" */
    0x0, 0x0, 0x28, 0xde, 0xfd, 0x81, 0x0, 0x0,
    0x0, 0x6f, 0xff, 0xff, 0xff, 0xf5, 0x0, 0x0,
    0x7f, 0xff, 0xea, 0xbe, 0xff, 0xf3, 0x0, 0x2f,
    0xff, 0x50, 0x0, 0x8, 0xff, 0xd0, 0x9, 0xff,
    0x80, 0x0, 0x0, 0xc, 0xff, 0x40, 0xdf, 0xff,
    0xff, 0xff, 0xff, 0xff, 0xf8, 0xf, 0xff, 0xff,
    0xff, 0xff, 0xff, 0xff, 0xa0, 0xff, 0xf8, 0x55,
    0x55, 0x55, 0x55, 0x54, 0xd, 0xff, 0x70, 0x0,
    0x0, 0x0, 0x0, 0x0, 0x9f, 0xfd, 0x0, 0x0,
    0x0, 0x88, 0x10, 0x2, 0xff, 0xfc, 0x20, 0x0,
    0x7f, 0xff, 0x30, 0x7, 0xff, 0xff, 0xdc, 0xef,
    0xff, 0xa0, 0x0, 0x7, 0xff, 0xff, 0xff, 0xff,
    0x90, 0x0, 0x0, 0x2, 0x9d, 0xff, 0xd9, 0x30,
    0x0,

    /* U+0066 "f" */
    0x0, 0x0, 0x3b, 0xef, 0xd9, 0x30, 0x0, 0x3f,
    0xff, 0xff, 0xf5, 0x0, 0xa, 0xff, 0xfb, 0xbc,
    0x0, 0x0, 0xdf, 0xf7, 0x0, 0x0, 0x0, 0xd,
    0xff, 0x40, 0x0, 0x4, 0xff, 0xff, 0xff, 0xff,
    0xf0, 0x4f, 0xff, 0xff, 0xff, 0xff, 0x2, 0x88,
    0xef, 0xfa, 0x88, 0x70, 0x0, 0xd, 0xff, 0x40,
    0x0, 0x0, 0x0, 0xdf, 0xf4, 0x0, 0x0, 0x0,
    0xd, 0xff, 0x40, 0x0, 0x0, 0x0, 0xdf, 0xf4,
    0x0, 0x0, 0x0, 0xd, 0xff, 0x40, 0x0, 0x0,
    0x0, 0xdf, 0xf4, 0x0, 0x0, 0x0, 0xd, 0xff,
    0x40, 0x0, 0x0, 0x0, 0xdf, 0xf4, 0x0, 0x0,
    0x0, 0xd, 0xff, 0x40, 0x0, 0x0, 0x0, 0xdf,
    0xf4, 0x0, 0x0, 0x0, 0xd, 0xff, 0x40, 0x0,
    0x0,

    /* U+0067 "g" */
    0x0, 0x0, 0x5b, 0xef, 0xd7, 0x3, 0xff, 0xf0,
    0x0, 0xbf, 0xff, 0xff, 0xfd, 0x4f, 0xff, 0x0,
    0xaf, 0xff, 0xfc, 0xcf, 0xfe, 0xff, 0xf0, 0x4f,
    0xff, 0xc1, 0x0, 0x1b, 0xff, 0xff, 0xa, 0xff,
    0xe1, 0x0, 0x0, 0x1e, 0xff, 0xf0, 0xef, 0xf8,
    0x0, 0x0, 0x0, 0x8f, 0xff, 0xf, 0xff, 0x50,
    0x0, 0x0, 0x6, 0xff, 0xf0, 0xff, 0xf5, 0x0,
    0x0, 0x0, 0x5f, 0xff, 0xe, 0xff, 0x80, 0x0,
    0x0, 0x8, 0xff, 0xf0, 0xbf, 0xfe, 0x0, 0x0,
    0x0, 0xef, 0xff, 0x5, 0xff, 0xfb, 0x10, 0x0,
    0x9f, 0xff, 0xf0, 0xb, 0xff, 0xfe, 0xaa, 0xef,
    0xef, 0xff, 0x0, 0x1c, 0xff, 0xff, 0xff, 0xd5,
    0xff, 0xe0, 0x0, 0x6, 0xce, 0xfd, 0x80, 0x4f,
    0xfc, 0x0, 0x0, 0x0, 0x0, 0x0, 0x9, 0xff,
    0x80, 0x1, 0x61, 0x0, 0x0, 0x18, 0xff, 0xf2,
    0x0, 0x9f, 0xfe, 0xcb, 0xdf, 0xff, 0xf7, 0x0,
    0xd, 0xff, 0xff, 0xff, 0xff, 0xf7, 0x0, 0x0,
    0x5, 0x9d, 0xef, 0xed, 0x82, 0x0, 0x0,

    /* U+0068 "h" */
    0x3f, 0xfe, 0x0, 0x0, 0x0, 0x0, 0x0, 0x3f,
    0xfe, 0x0, 0x0, 0x0, 0x0, 0x0, 0x3f, 0xfe,
    0x0, 0x0, 0x0, 0x0, 0x0, 0x3f, 0xfe, 0x0,
    0x0, 0x0, 0x0, 0x0, 0x3f, 0xfe, 0x0, 0x0,
    0x0, 0x0, 0x0, 0x3f, 0xfe, 0x5, 0xcf, 0xfd,
    0x80, 0x0, 0x3f, 0xfe, 0x8f, 0xff, 0xff, 0xfd,
    0x10, 0x3f, 0xff, 0xff, 0xfe, 0xff, 0xff, 0xa0,
    0x3f, 0xff, 0xf5, 0x0, 0x2c, 0xff, 0xf0, 0x3f,
    0xff, 0x70, 0x0, 0x2, 0xff, 0xf3, 0x3f, 0xff,
    0x10, 0x0, 0x0, 0xef, 0xf5, 0x3f, 0xff, 0x0,
    0x0, 0x0, 0xcf, 0xf6, 0x3f, 0xfe, 0x0, 0x0,
    0x0, 0xcf, 0xf6, 0x3f, 0xfe, 0x0, 0x0, 0x0,
    0xcf, 0xf6, 0x3f, 0xfe, 0x0, 0x0, 0x0, 0xcf,
    0xf6, 0x3f, 0xfe, 0x0, 0x0, 0x0, 0xcf, 0xf6,
    0x3f, 0xfe, 0x0, 0x0, 0x0, 0xcf, 0xf6, 0x3f,
    0xfe, 0x0, 0x0, 0x0, 0xcf, 0xf6, 0x3f, 0xfe,
    0x0, 0x0, 0x0, 0xcf, 0xf6,

    /* U+0069 "i" */
    0x2, 0x72, 0x2, 0xff, 0xf2, 0x4f, 0xff, 0x40,
    0xbf, 0xb0, 0x0, 0x0, 0x0, 0x0, 0x0, 0x1f,
    0xff, 0x1, 0xff, 0xf0, 0x1f, 0xff, 0x1, 0xff,
    0xf0, 0x1f, 0xff, 0x1, 0xff, 0xf0, 0x1f, 0xff,
    0x1, 0xff, 0xf0, 0x1f, 0xff, 0x1, 0xff, 0xf0,
    0x1f, 0xff, 0x1, 0xff, 0xf0, 0x1f, 0xff, 0x1,
    0xff, 0xf0,

    /* U+006A "j" */
    0x0, 0x0, 0x3, 0x72, 0x0, 0x0, 0x4, 0xff,
    0xe0, 0x0, 0x0, 0x7f, 0xff, 0x30, 0x0, 0x1,
    0xef, 0xb0, 0x0, 0x0, 0x0, 0x10, 0x0, 0x0,
    0x0, 0x0, 0x0, 0x0, 0x0, 0x3f, 0xfe, 0x0,
    0x0, 0x3, 0xff, 0xe0, 0x0, 0x0, 0x3f, 0xfe,
    0x0, 0x0, 0x3, 0xff, 0xe0, 0x0, 0x0, 0x3f,
    0xfe, 0x0, 0x0, 0x3, 0xff, 0xe0, 0x0, 0x0,
    0x3f, 0xfe, 0x0, 0x0, 0x3, 0xff, 0xe0, 0x0,
    0x0, 0x3f, 0xfe, 0x0, 0x0, 0x3, 0xff, 0xe0,
    0x0, 0x0, 0x3f, 0xfe, 0x0, 0x0, 0x3, 0xff,
    0xe0, 0x0, 0x0, 0x3f, 0xfe, 0x0, 0x0, 0x3,
    0xff, 0xe0, 0x0, 0x0, 0x3f, 0xfe, 0x0, 0x10,
    0x8, 0xff, 0xc0, 0xc, 0xfe, 0xff, 0xf8, 0x4,
    0xff, 0xff, 0xfe, 0x10, 0x3a, 0xef, 0xe9, 0x10,
    0x0,

    /* U+006B "k" */
    0x4f, 0xfe, 0x0, 0x0, 0x0, 0x0, 0x0, 0x4f,
    0xfe, 0x0, 0x0, 0x0, 0x0, 0x0, 0x4f, 0xfe,
    0x0, 0x0, 0x0, 0x0, 0x0, 0x4f, 0xfe, 0x0,
    0x0, 0x0, 0x0, 0x0, 0x4f, 0xfe, 0x0, 0x0,
    0x0, 0x0, 0x0, 0x4f, 0xfe, 0x0, 0x0, 0x5f,
    0xff, 0x60, 0x4f, 0xfe, 0x0, 0x4, 0xff, 0xf8,
    0x0, 0x4f, 0xfe, 0x0, 0x3f, 0xff, 0x90, 0x0,
    0x4f, 0xfe, 0x3, 0xff, 0xfb, 0x0, 0x0, 0x4f,
    0xfe, 0x2e, 0xff, 0xc0, 0x0, 0x0, 0x4f, 0xfe,
    0xdf, 0xfd, 0x10, 0x0, 0x0, 0x4f, 0xff, 0xff,
    0xff, 0x20, 0x0, 0x0, 0x4f, 0xff, 0xff, 0xff,
    0xc0, 0x0, 0x0, 0x4f, 0xff, 0xf5, 0xff, 0xf8,
    0x0, 0x0, 0x4f, 0xff, 0x40, 0x6f, 0xff, 0x30,
    0x0, 0x4f, 0xfe, 0x0, 0xb, 0xff, 0xd0, 0x0,
    0x4f, 0xfe, 0x0, 0x1, 0xff, 0xf9, 0x0, 0x4f,
    0xfe, 0x0, 0x0, 0x5f, 0xff, 0x40, 0x4f, 0xfe,
    0x0, 0x0, 0xb, 0xff, 0xe1,

    /* U+006C "l" */
    0x4f, 0xfe, 0x4f, 0xfe, 0x4f, 0xfe, 0x4f, 0xfe,
    0x4f, 0xfe, 0x4f, 0xfe, 0x4f, 0xfe, 0x4f, 0xfe,
    0x4f, 0xfe, 0x4f, 0xfe, 0x4f, 0xfe, 0x4f, 0xfe,
    0x4f, 0xfe, 0x4f, 0xfe, 0x4f, 0xfe, 0x4f, 0xfe,
    0x4f, 0xfe, 0x4f, 0xfe, 0x4f, 0xfe,

    /* U+006D "m" */
    0x4f, 0xfb, 0x7, 0xdf, 0xeb, 0x40, 0x0, 0x6d,
    0xfe, 0xb3, 0x0, 0x4f, 0xfc, 0xbf, 0xff, 0xff,
    0xf6, 0xa, 0xff, 0xff, 0xff, 0x50, 0x4f, 0xff,
    0xff, 0xef, 0xff, 0xff, 0x7f, 0xfe, 0xff, 0xff,
    0xf1, 0x4f, 0xff, 0xe3, 0x0, 0x6f, 0xff, 0xfe,
    0x30, 0x7, 0xff, 0xf6, 0x4f, 0xff, 0x60, 0x0,
    0xb, 0xff, 0xf5, 0x0, 0x0, 0xcf, 0xf9, 0x4f,
    0xff, 0x0, 0x0, 0x7, 0xff, 0xf0, 0x0, 0x0,
    0x7f, 0xfb, 0x4f, 0xfe, 0x0, 0x0, 0x5, 0xff,
    0xd0, 0x0, 0x0, 0x6f, 0xfb, 0x4f, 0xfe, 0x0,
    0x0, 0x5, 0xff, 0xc0, 0x0, 0x0, 0x6f, 0xfb,
    0x4f, 0xfe, 0x0, 0x0, 0x5, 0xff, 0xc0, 0x0,
    0x0, 0x6f, 0xfb, 0x4f, 0xfe, 0x0, 0x0, 0x5,
    0xff, 0xc0, 0x0, 0x0, 0x6f, 0xfb, 0x4f, 0xfe,
    0x0, 0x0, 0x5, 0xff, 0xc0, 0x0, 0x0, 0x6f,
    0xfb, 0x4f, 0xfe, 0x0, 0x0, 0x5, 0xff, 0xc0,
    0x0, 0x0, 0x6f, 0xfb, 0x4f, 0xfe, 0x0, 0x0,
    0x5, 0xff, 0xc0, 0x0, 0x0, 0x6f, 0xfb, 0x4f,
    0xfe, 0x0, 0x0, 0x5, 0xff, 0xc0, 0x0, 0x0,
    0x6f, 0xfb,

    /* U+006E "n" */
    0x4f, 0xfb, 0x5, 0xcf, 0xfd, 0x70, 0x0, 0x4f,
    0xfc, 0x9f, 0xff, 0xff, 0xfd, 0x0, 0x4f, 0xff,
    0xff, 0xfe, 0xff, 0xff, 0x90, 0x4f, 0xff, 0xf4,
    0x0, 0x2d, 0xff, 0xf0, 0x4f, 0xff, 0x60, 0x0,
    0x3, 0xff, 0xf3, 0x4f, 0xff, 0x0, 0x0, 0x0,
    0xef, 0xf4, 0x4f, 0xfe, 0x0, 0x0, 0x0, 0xcf,
    0xf5, 0x4f, 0xfe, 0x0, 0x0, 0x0, 0xcf, 0xf5,
    0x4f, 0xfe, 0x0, 0x0, 0x0, 0xcf, 0xf5, 0x4f,
    0xfe, 0x0, 0x0, 0x0, 0xcf, 0xf5, 0x4f, 0xfe,
    0x0, 0x0, 0x0, 0xcf, 0xf5, 0x4f, 0xfe, 0x0,
    0x0, 0x0, 0xcf, 0xf5, 0x4f, 0xfe, 0x0, 0x0,
    0x0, 0xcf, 0xf5, 0x4f, 0xfe, 0x0, 0x0, 0x0,
    0xcf, 0xf5,

    /* U+006F "o" */
    0x0, 0x0, 0x28, 0xce, 0xfd, 0x93, 0x0, 0x0,
    0x0, 0x6, 0xff, 0xff, 0xff, 0xff, 0x90, 0x0,
    0x0, 0x7f, 0xff, 0xfe, 0xdf, 0xff, 0xfb, 0x0,
    0x2, 0xff, 0xfc, 0x20, 0x1, 0x9f, 0xff, 0x60,
    0x9, 0xff, 0xd0, 0x0, 0x0, 0xa, 0xff, 0xd0,
    0xd, 0xff, 0x60, 0x0, 0x0, 0x2, 0xff, 0xf1,
    0xf, 0xff, 0x20, 0x0, 0x0, 0x0, 0xef, 0xf3,
    0xf, 0xff, 0x20, 0x0, 0x0, 0x0, 0xef, 0xf3,
    0xd, 0xff, 0x60, 0x0, 0x0, 0x1, 0xff, 0xf1,
    0x9, 0xff, 0xd0, 0x0, 0x0, 0x9, 0xff, 0xd0,
    0x2, 0xff, 0xfc, 0x20, 0x0, 0x9f, 0xff, 0x60,
    0x0, 0x7f, 0xff, 0xfe, 0xdf, 0xff, 0xfb, 0x0,
    0x0, 0x6, 0xff, 0xff, 0xff, 0xff, 0xa0, 0x0,
    0x0, 0x0, 0x28, 0xce, 0xfd, 0xa3, 0x0, 0x0,

    /* U+0070 "p" */
    0x2f, 0xfd, 0x2, 0xae, 0xfd, 0xa3, 0x0, 0x2,
    0xff, 0xe4, 0xff, 0xff, 0xff, 0xf8, 0x0, 0x2f,
    0xff, 0xff, 0xfd, 0xef, 0xff, 0xf6, 0x2, 0xff,
    0xff, 0x90, 0x0, 0x4e, 0xff, 0xf0, 0x2f, 0xff,
    0xb0, 0x0, 0x0, 0x3f, 0xff, 0x62, 0xff, 0xf3,
    0x0, 0x0, 0x0, 0xbf, 0xf9, 0x2f, 0xff, 0x0,
    0x0, 0x0, 0x8, 0xff, 0xb2, 0xff, 0xf0, 0x0,
    0x0, 0x0, 0x7f, 0xfb, 0x2f, 0xff, 0x30, 0x0,
    0x0, 0xb, 0xff, 0x92, 0xff, 0xfa, 0x0, 0x0,
    0x3, 0xff, 0xf6, 0x2f, 0xff, 0xf8, 0x0, 0x4,
    0xef, 0xff, 0x2, 0xff, 0xff, 0xff, 0xce, 0xff,
    0xff, 0x60, 0x2f, 0xff, 0x4f, 0xff, 0xff, 0xff,
    0x80, 0x2, 0xff, 0xf0, 0x2a, 0xef, 0xda, 0x30,
    0x0, 0x2f, 0xff, 0x0, 0x0, 0x0, 0x0, 0x0,
    0x2, 0xff, 0xf0, 0x0, 0x0, 0x0, 0x0, 0x0,
    0x2f, 0xff, 0x0, 0x0, 0x0, 0x0, 0x0, 0x2,
    0xff, 0xf0, 0x0, 0x0, 0x0, 0x0, 0x0, 0x2f,
    0xff, 0x0, 0x0, 0x0, 0x0, 0x0, 0x0,

    /* U+0071 "q" */
    0x0, 0x0, 0x5b, 0xef, 0xd8, 0x2, 0xff, 0xd0,
    0x1, 0xbf, 0xff, 0xff, 0xfd, 0x4f, 0xfd, 0x0,
    0xbf, 0xff, 0xfe, 0xef, 0xfe, 0xff, 0xd0, 0x4f,
    0xff, 0xc2, 0x0, 0x2c, 0xff, 0xfd, 0xa, 0xff,
    0xd0, 0x0, 0x0, 0x1e, 0xff, 0xd0, 0xef, 0xf6,
    0x0, 0x0, 0x0, 0x8f, 0xfd, 0xf, 0xff, 0x30,
    0x0, 0x0, 0x5, 0xff, 0xd0, 0xff, 0xf3, 0x0,
    0x0, 0x0, 0x5f, 0xfd, 0xe, 0xff, 0x60, 0x0,
    0x0, 0x8, 0xff, 0xd0, 0xaf, 0xfd, 0x0, 0x0,
    0x1, 0xef, 0xfd, 0x5, 0xff, 0xfb, 0x10, 0x1,
    0xcf, 0xff, 0xd0, 0xb, 0xff, 0xff, 0xdd, 0xff,
    0xff, 0xfd, 0x0, 0x1c, 0xff, 0xff, 0xff, 0xd6,
    0xff, 0xd0, 0x0, 0x6, 0xce, 0xfd, 0x80, 0x4f,
    0xfd, 0x0, 0x0, 0x0, 0x0, 0x0, 0x4, 0xff,
    0xd0, 0x0, 0x0, 0x0, 0x0, 0x0, 0x4f, 0xfd,
    0x0, 0x0, 0x0, 0x0, 0x0, 0x4, 0xff, 0xd0,
    0x0, 0x0, 0x0, 0x0, 0x0, 0x4f, 0xfd, 0x0,
    0x0, 0x0, 0x0, 0x0, 0x4, 0xff, 0xd0,

    /* U+0072 "r" */
    0x4f, 0xfe, 0x1, 0x8d, 0xc4, 0xff, 0xe4, 0xff,
    0xfd, 0x4f, 0xff, 0xff, 0xff, 0xc4, 0xff, 0xff,
    0xa3, 0x0, 0x4f, 0xff, 0x80, 0x0, 0x4, 0xff,
    0xf0, 0x0, 0x0, 0x4f, 0xfe, 0x0, 0x0, 0x4,
    0xff, 0xe0, 0x0, 0x0, 0x4f, 0xfe, 0x0, 0x0,
    0x4, 0xff, 0xe0, 0x0, 0x0, 0x4f, 0xfe, 0x0,
    0x0, 0x4, 0xff, 0xe0, 0x0, 0x0, 0x4f, 0xfe,
    0x0, 0x0, 0x4, 0xff, 0xe0, 0x0, 0x0,

    /* U+0073 "s" */
    0x0, 0x3, 0xae, 0xfe, 0xc7, 0x10, 0x0, 0x5,
    0xff, 0xff, 0xff, 0xfe, 0x30, 0x0, 0xff, 0xff,
    0xcc, 0xff, 0xfe, 0x0, 0x3f, 0xff, 0x20, 0x1,
    0xcb, 0x40, 0x4, 0xff, 0xe1, 0x0, 0x0, 0x0,
    0x0, 0xe, 0xff, 0xe9, 0x52, 0x0, 0x0, 0x0,
    0x4f, 0xff, 0xff, 0xfc, 0x30, 0x0, 0x0, 0x19,
    0xff, 0xff, 0xff, 0x40, 0x0, 0x0, 0x0, 0x48,
    0xef, 0xfd, 0x0, 0x0, 0x40, 0x0, 0x1, 0xff,
    0xf3, 0x8, 0xef, 0x80, 0x0, 0x2f, 0xff, 0x30,
    0x8f, 0xff, 0xeb, 0xcf, 0xff, 0xe0, 0x0, 0x9f,
    0xff, 0xff, 0xff, 0xf3, 0x0, 0x0, 0x3a, 0xdf,
    0xfd, 0x81, 0x0,

    /* U+0074 "t" */
    0x0, 0x18, 0x87, 0x0, 0x0, 0x0, 0x3, 0xff,
    0xe0, 0x0, 0x0, 0x0, 0x3f, 0xfe, 0x0, 0x0,
    0x0, 0x3, 0xff, 0xe0, 0x0, 0x0, 0x0, 0x3f,
    0xfe, 0x0, 0x0, 0x8, 0xff, 0xff, 0xff, 0xff,
    0xa0, 0x8f, 0xff, 0xff, 0xff, 0xfa, 0x5, 0xab,
    0xff, 0xfa, 0xaa, 0x60, 0x0, 0x3f, 0xfe, 0x0,
    0x0, 0x0, 0x3, 0xff, 0xe0, 0x0, 0x0, 0x0,
    0x3f, 0xfe, 0x0, 0x0, 0x0, 0x3, 0xff, 0xe0,
    0x0, 0x0, 0x0, 0x3f, 0xfe, 0x0, 0x0, 0x0,
    0x3, 0xff, 0xe0, 0x0, 0x0, 0x0, 0x3f, 0xfe,
    0x0, 0x0, 0x0, 0x2, 0xff, 0xf4, 0x1, 0x0,
    0x0, 0xe, 0xff, 0xfd, 0xf7, 0x0, 0x0, 0x6f,
    0xff, 0xff, 0xe0, 0x0, 0x0, 0x5c, 0xff, 0xc6,
    0x0,

    /* U+0075 "u" */
    0x9f, 0xf9, 0x0, 0x0, 0x0, 0xff, 0xf1, 0x9f,
    0xf9, 0x0, 0x0, 0x0, 0xff, 0xf1, 0x9f, 0xf9,
    0x0, 0x0, 0x0, 0xff, 0xf1, 0x9f, 0xf9, 0x0,
    0x0, 0x0, 0xff, 0xf1, 0x9f, 0xf9, 0x0, 0x0,
    0x0, 0xff, 0xf1, 0x9f, 0xf9, 0x0, 0x0, 0x0,
    0xff, 0xf1, 0x9f, 0xf9, 0x0, 0x0, 0x0, 0xff,
    0xf1, 0x9f, 0xf9, 0x0, 0x0, 0x1, 0xff, 0xf1,
    0x8f, 0xfb, 0x0, 0x0, 0x3, 0xff, 0xf1, 0x7f,
    0xfe, 0x0, 0x0, 0x9, 0xff, 0xf1, 0x3f, 0xff,
    0xa0, 0x0, 0x6f, 0xff, 0xf1, 0xd, 0xff, 0xff,
    0xdf, 0xff, 0xff, 0xf1, 0x3, 0xef, 0xff, 0xff,
    0xf6, 0xff, 0xf1, 0x0, 0x19, 0xdf, 0xeb, 0x40,
    0xef, 0xf1,

    /* U+0076 "v" */
    0x9f, 0xfa, 0x0, 0x0, 0x0, 0x7, 0xff, 0xb2,
    0xff, 0xf1, 0x0, 0x0, 0x0, 0xef, 0xf5, 0xc,
    0xff, 0x60, 0x0, 0x0, 0x4f, 0xfe, 0x0, 0x5f,
    0xfd, 0x0, 0x0, 0xa, 0xff, 0x80, 0x0, 0xef,
    0xf3, 0x0, 0x1, 0xff, 0xf1, 0x0, 0x8, 0xff,
    0xa0, 0x0, 0x7f, 0xfa, 0x0, 0x0, 0x1f, 0xff,
    0x10, 0xd, 0xff, 0x40, 0x0, 0x0, 0xaf, 0xf6,
    0x4, 0xff, 0xd0, 0x0, 0x0, 0x4, 0xff, 0xd0,
    0xaf, 0xf7, 0x0, 0x0, 0x0, 0xd, 0xff, 0x4f,
    0xff, 0x10, 0x0, 0x0, 0x0, 0x7f, 0xfe, 0xff,
    0xa0, 0x0, 0x0, 0x0, 0x1, 0xff, 0xff, 0xf3,
    0x0, 0x0, 0x0, 0x0, 0x9, 0xff, 0xfc, 0x0,
    0x0, 0x0, 0x0, 0x0, 0x3f, 0xff, 0x60, 0x0,
    0x0,

    /* U+0077 "w" */
    0x8f, 0xf9, 0x0, 0x0, 0x4, 0xff, 0xf2, 0x0,
    0x0, 0xc, 0xff, 0x53, 0xff, 0xe0, 0x0, 0x0,
    0x9f, 0xff, 0x70, 0x0, 0x2, 0xff, 0xf0, 0xd,
    0xff, 0x40, 0x0, 0xe, 0xff, 0xfc, 0x0, 0x0,
    0x7f, 0xfb, 0x0, 0x8f, 0xf9, 0x0, 0x4, 0xff,
    0xff, 0xf2, 0x0, 0xc, 0xff, 0x50, 0x3, 0xff,
    0xe0, 0x0, 0x9f, 0xfa, 0xff, 0x70, 0x2, 0xff,
    0xf0, 0x0, 0xd, 0xff, 0x40, 0xe, 0xfe, 0x1f,
    0xfc, 0x0, 0x7f, 0xfa, 0x0, 0x0, 0x8f, 0xf9,
    0x4, 0xff, 0x90, 0xcf, 0xf2, 0xc, 0xff, 0x50,
    0x0, 0x2, 0xff, 0xe0, 0x9f, 0xf4, 0x6, 0xff,
    0x72, 0xff, 0xf0, 0x0, 0x0, 0xd, 0xff, 0x4e,
    0xfe, 0x0, 0x1f, 0xfc, 0x7f, 0xfa, 0x0, 0x0,
    0x0, 0x7f, 0xfd, 0xff, 0x90, 0x0, 0xcf, 0xfe,
    0xff, 0x40, 0x0, 0x0, 0x2, 0xff, 0xff, 0xf4,
    0x0, 0x7, 0xff, 0xff, 0xf0, 0x0, 0x0, 0x0,
    0xc, 0xff, 0xfe, 0x0, 0x0, 0x2f, 0xff, 0xfa,
    0x0, 0x0, 0x0, 0x0, 0x7f, 0xff, 0xa0, 0x0,
    0x0, 0xdf, 0xff, 0x40, 0x0, 0x0, 0x0, 0x2,
    0xff, 0xf4, 0x0, 0x0, 0x7, 0xff, 0xe0, 0x0,
    0x0,

    /* U+0078 "x" */
    0x1e, 0xff, 0xa0, 0x0, 0x4, 0xff, 0xf5, 0x0,
    0x4f, 0xff, 0x50, 0x1, 0xef, 0xfa, 0x0, 0x0,
    0x9f, 0xfe, 0x10, 0xaf, 0xfe, 0x10, 0x0, 0x0,
    0xdf, 0xfb, 0x5f, 0xff, 0x40, 0x0, 0x0, 0x2,
    0xff, 0xff, 0xff, 0x80, 0x0, 0x0, 0x0, 0x6,
    0xff, 0xff, 0xd0, 0x0, 0x0, 0x0, 0x0, 0xb,
    0xff, 0xf2, 0x0, 0x0, 0x0, 0x0, 0x1, 0xef,
    0xff, 0x70, 0x0, 0x0, 0x0, 0x0, 0xcf, 0xff,
    0xff, 0x20, 0x0, 0x0, 0x0, 0x7f, 0xff, 0xbf,
    0xfd, 0x0, 0x0, 0x0, 0x3f, 0xff, 0x61, 0xef,
    0xf9, 0x0, 0x0, 0xd, 0xff, 0xb0, 0x5, 0xff,
    0xf4, 0x0, 0xa, 0xff, 0xe1, 0x0, 0xa, 0xff,
    0xe1, 0x5, 0xff, 0xf5, 0x0, 0x0, 0x1e, 0xff,
    0xb0,

    /* U+0079 "y" */
    0x9f, 0xfc, 0x0, 0x0, 0x0, 0x3, 0xff, 0xf3,
    0x2f, 0xff, 0x30, 0x0, 0x0, 0xa, 0xff, 0xc0,
    0xa, 0xff, 0xa0, 0x0, 0x0, 0x1f, 0xff, 0x50,
    0x2, 0xff, 0xf1, 0x0, 0x0, 0x7f, 0xfd, 0x0,
    0x0, 0xbf, 0xf8, 0x0, 0x0, 0xef, 0xf7, 0x0,
    0x0, 0x3f, 0xfe, 0x0, 0x5, 0xff, 0xf0, 0x0,
    0x0, 0xc, 0xff, 0x60, 0xc, 0xff, 0x90, 0x0,
    0x0, 0x4, 0xff, 0xd0, 0x2f, 0xff, 0x20, 0x0,
    0x0, 0x0, 0xdf, 0xf4, 0x9f, 0xfb, 0x0, 0x0,
    0x0, 0x0, 0x5f, 0xfc, 0xff, 0xf3, 0x0, 0x0,
    0x0, 0x0, 0xd, 0xff, 0xff, 0xc0, 0x0, 0x0,
    0x0, 0x0, 0x6, 0xff, 0xff, 0x50, 0x0, 0x0,
    0x0, 0x0, 0x0, 0xef, 0xfe, 0x0, 0x0, 0x0,
    0x0, 0x0, 0x0, 0xcf, 0xf7, 0x0, 0x0, 0x0,
    0x0, 0x0, 0x3, 0xff, 0xf1, 0x0, 0x0, 0x0,
    0x0, 0x20, 0xc, 0xff, 0x90, 0x0, 0x0, 0x0,
    0x5, 0xfd, 0xff, 0xff, 0x10, 0x0, 0x0, 0x0,
    0xd, 0xff, 0xff, 0xf5, 0x0, 0x0, 0x0, 0x0,
    0x5, 0xbe, 0xfc, 0x40, 0x0, 0x0, 0x0, 0x0,

    /* U+007A "z" */
    0xff, 0xff, 0xff, 0xff, 0xff, 0xf7, 0xff, 0xff,
    0xff, 0xff, 0xff, 0xf7, 0x89, 0x99, 0x99, 0x9d,
    0xff, 0xf3, 0x0, 0x0, 0x0, 0x4f, 0xff, 0x60,
    0x0, 0x0, 0x2, 0xef, 0xf9, 0x0, 0x0, 0x0,
    0xd, 0xff, 0xc0, 0x0, 0x0, 0x0, 0xbf, 0xfe,
    0x10, 0x0, 0x0, 0x8, 0xff, 0xf3, 0x0, 0x0,
    0x0, 0x5f, 0xff, 0x60, 0x0, 0x0, 0x3, 0xff,
    0xf9, 0x0, 0x0, 0x0, 0x1e, 0xff, 0xb0, 0x0,
    0x0, 0x0, 0xbf, 0xff, 0x98, 0x88, 0x88, 0x84,
    0xff, 0xff, 0xff, 0xff, 0xff, 0xf7, 0xff, 0xff,
    0xff, 0xff, 0xff, 0xf7,

    /* U+007B "{" */
    0x0, 0x0, 0x0, 0x57, 0x30, 0x0, 0x4, 0xef,
    0xf6, 0x0, 0x0, 0xef, 0xff, 0x60, 0x0, 0x4f,
    0xfd, 0x30, 0x0, 0x8, 0xff, 0x60, 0x0, 0x0,
    0xaf, 0xf3, 0x0, 0x0, 0xb, 0xff, 0x10, 0x0,
    0x0, 0xbf, 0xf1, 0x0, 0x0, 0xc, 0xff, 0x0,
    0x0, 0x0, 0xdf, 0xf0, 0x0, 0x0, 0x1f, 0xfd,
    0x0, 0x2, 0x6c, 0xff, 0x60, 0x0, 0x7f, 0xff,
    0x60, 0x0, 0x7, 0xff, 0xfc, 0x10, 0x0, 0x1,
    0x8f, 0xfa, 0x0, 0x0, 0x0, 0xff, 0xe0, 0x0,
    0x0, 0xc, 0xff, 0x0, 0x0, 0x0, 0xcf, 0xf1,
    0x0, 0x0, 0xb, 0xff, 0x10, 0x0, 0x0, 0xbf,
    0xf2, 0x0, 0x0, 0x9, 0xff, 0x40, 0x0, 0x0,
    0x6f, 0xf9, 0x0, 0x0, 0x2, 0xff, 0xfb, 0x30,
    0x0, 0xa, 0xff, 0xf6, 0x0, 0x0, 0x7, 0xcf,
    0x50,

    /* U+007C "|" */
    0x69, 0x8a, 0xfe, 0xaf, 0xea, 0xfe, 0xaf, 0xea,
    0xfe, 0xaf, 0xea, 0xfe, 0xaf, 0xea, 0xfe, 0xaf,
    0xea, 0xfe, 0xaf, 0xea, 0xfe, 0xaf, 0xea, 0xfe,
    0xaf, 0xea, 0xfe, 0xaf, 0xea, 0xfe, 0xaf, 0xea,
    0xfe, 0xaf, 0xea, 0xfe, 0xaf, 0xea, 0xfe, 0xaf,
    0xea, 0xfe,

    /* U+007D "}" */
    0x37, 0x50, 0x0, 0x0, 0x7, 0xff, 0xe3, 0x0,
    0x0, 0x7f, 0xff, 0xd0, 0x0, 0x0, 0x3e, 0xff,
    0x30, 0x0, 0x0, 0x8f, 0xf7, 0x0, 0x0, 0x4,
    0xff, 0x90, 0x0, 0x0, 0x3f, 0xfa, 0x0, 0x0,
    0x2, 0xff, 0xa0, 0x0, 0x0, 0x2f, 0xfb, 0x0,
    0x0, 0x1, 0xff, 0xc0, 0x0, 0x0, 0xe, 0xfe,
    0x0, 0x0, 0x0, 0x8f, 0xfb, 0x61, 0x0, 0x0,
    0x7f, 0xff, 0x60, 0x0, 0x1c, 0xff, 0xf6, 0x0,
    0xb, 0xff, 0x71, 0x0, 0x0, 0xff, 0xd0, 0x0,
    0x0, 0x1f, 0xfb, 0x0, 0x0, 0x2, 0xff, 0xa0,
    0x0, 0x0, 0x2f, 0xfa, 0x0, 0x0, 0x3, 0xff,
    0x90, 0x0, 0x0, 0x5f, 0xf8, 0x0, 0x0, 0xb,
    0xff, 0x50, 0x0, 0x3b, 0xff, 0xf1, 0x0, 0x7,
    0xff, 0xf9, 0x0, 0x0, 0x6f, 0xc6, 0x0, 0x0,
    0x0,

    /* U+007E "~" */
    0x0, 0x2a, 0xed, 0xa2, 0x0, 0x0, 0x0, 0x0,
    0x2, 0xef, 0xff, 0xff, 0x30, 0x0, 0x25, 0x50,
    0xb, 0xff, 0xff, 0xff, 0xd0, 0x0, 0xbf, 0xe0,
    0x1f, 0xfc, 0x13, 0xef, 0xfb, 0x4, 0xff, 0xb0,
    0x5f, 0xf5, 0x0, 0x4f, 0xff, 0xff, 0xff, 0x50,
    0x26, 0x60, 0x0, 0x7, 0xff, 0xff, 0xfa, 0x0,
    0x0, 0x0, 0x0, 0x0, 0x5c, 0xfe, 0x80, 0x0,

    /* U+00A0 " " */

    /* U+00A1 "¡" */
    0x1c, 0xf7, 0x9, 0xff, 0xf2, 0x8f, 0xff, 0x20,
    0xac, 0x60, 0x0, 0x0, 0x0, 0x22, 0x20, 0x3f,
    0xfd, 0x4, 0xff, 0xd0, 0x4f, 0xfd, 0x4, 0xff,
    0xe0, 0x4f, 0xfe, 0x5, 0xff, 0xe0, 0x5f, 0xfe,
    0x5, 0xff, 0xe0, 0x5f, 0xff, 0x6, 0xff, 0xf0,
    0x6f, 0xff, 0x6, 0xff, 0xf0, 0x6f, 0xff, 0x0,

    /* U+00A2 "¢" */
    0x0, 0x0, 0x0, 0xd, 0xf0, 0x0, 0x0, 0x0,
    0x0, 0x0, 0x0, 0xdf, 0x0, 0x0, 0x0, 0x0,
    0x0, 0x6, 0xaf, 0xfc, 0x81, 0x0, 0x0, 0x0,
    0x4e, 0xff, 0xff, 0xff, 0xf8, 0x0, 0x0, 0x5f,
    0xff, 0xff, 0xff, 0xff, 0xf9, 0x0, 0x1e, 0xff,
    0xd5, 0xdf, 0x3b, 0xff, 0xf3, 0x8, 0xff, 0xe1,
    0xd, 0xf0, 0xa, 0x93, 0x0, 0xdf, 0xf7, 0x0,
    0xdf, 0x0, 0x0, 0x0, 0xf, 0xff, 0x30, 0xd,
    0xf0, 0x0, 0x0, 0x0, 0xff, 0xf2, 0x0, 0xdf,
    0x0, 0x0, 0x0, 0xe, 0xff, 0x50, 0xd, 0xf0,
    0x0, 0x0, 0x0, 0xaf, 0xfb, 0x0, 0xdf, 0x0,
    0x55, 0x0, 0x4, 0xff, 0xf8, 0xd, 0xf0, 0x4f,
    0xfe, 0x40, 0xa, 0xff, 0xfe, 0xff, 0xcf, 0xff,
    0xd0, 0x0, 0xb, 0xff, 0xff, 0xff, 0xff, 0xd2,
    0x0, 0x0, 0x6, 0xdf, 0xff, 0xff, 0x81, 0x0,
    0x0, 0x0, 0x0, 0x1e, 0xf3, 0x0, 0x0, 0x0,
    0x0, 0x0, 0x0, 0xdf, 0x0, 0x0, 0x0, 0x0,
    0x0, 0x0, 0xd, 0xf0, 0x0, 0x0, 0x0,

    /* U+00A3 "£" */
    0x0, 0x0, 0x7, 0xce, 0xfe, 0xb5, 0x0, 0x0,
    0x0, 0x2e, 0xff, 0xff, 0xff, 0xfb, 0x0, 0x0,
    0xe, 0xff, 0xfd, 0xbe, 0xff, 0xf9, 0x0, 0x6,
    0xff, 0xf5, 0x0, 0x9, 0xff, 0xf0, 0x0, 0x9f,
    0xfb, 0x0, 0x0, 0xf, 0xff, 0x30, 0xa, 0xff,
    0x80, 0x0, 0x0, 0x23, 0x41, 0x0, 0xaf, 0xf8,
    0x0, 0x0, 0x0, 0x0, 0x0, 0xa, 0xff, 0x80,
    0x0, 0x0, 0x0, 0x0, 0x69, 0xdf, 0xfc, 0x99,
    0x99, 0x91, 0x0, 0xb, 0xff, 0xff, 0xff, 0xff,
    0xff, 0x30, 0x0, 0xbf, 0xff, 0xff, 0xff, 0xff,
    0xf3, 0x0, 0x0, 0xa, 0xff, 0x80, 0x0, 0x0,
    0x0, 0x0, 0x0, 0xaf, 0xf8, 0x0, 0x0, 0x0,
    0x0, 0x0, 0xa, 0xff, 0x80, 0x0, 0x0, 0x0,
    0x0, 0x0, 0xbf, 0xf7, 0x0, 0x0, 0x0, 0x0,
    0x0, 0x2f, 0xff, 0x30, 0x0, 0x0, 0x0, 0x0,
    0xaf, 0xff, 0xfe, 0xee, 0xee, 0xee, 0xee, 0x4b,
    0xff, 0xff, 0xff, 0xff, 0xff, 0xff, 0xf5, 0xbf,
    0xff, 0xff, 0xff, 0xff, 0xff, 0xff, 0x50,

    /* U+00A4 "¤" */
    0x0, 0x0, 0x0, 0x0, 0x0, 0x0, 0x0, 0x0,
    0xb5, 0x0, 0x0, 0x0, 0x2c, 0x10, 0xb, 0xff,
    0x8b, 0xef, 0xd8, 0xef, 0xe1, 0x4, 0xff, 0xff,
    0xff, 0xff, 0xff, 0x70, 0x0, 0x7f, 0xff, 0xba,
    0xef, 0xfd, 0x0, 0x0, 0xdf, 0xf4, 0x0, 0x1d,
    0xff, 0x30, 0x0, 0xff, 0xd0, 0x0, 0x7, 0xff,
    0x60, 0x0, 0xff, 0xd0, 0x0, 0x7, 0xff, 0x60,
    0x0, 0xdf, 0xf5, 0x0, 0x1d, 0xff, 0x30, 0x0,
    0x8f, 0xff, 0xba, 0xef, 0xfe, 0x0, 0x5, 0xff,
    0xff, 0xff, 0xff, 0xff, 0x90, 0x9, 0xff, 0x7b,
    0xef, 0xd7, 0xdf, 0xd1, 0x0, 0x94, 0x0, 0x0,
    0x0, 0x1a, 0x10,

    /* U+00A5 "¥" */
    0x7f, 0xff, 0x20, 0x0, 0x0, 0x1, 0xff, 0xf9,
    0xe, 0xff, 0xb0, 0x0, 0x0, 0x9, 0xff, 0xe1,
    0x5, 0xff, 0xf4, 0x0, 0x0, 0x2f, 0xff, 0x60,
    0x0, 0xcf, 0xfc, 0x0, 0x0, 0xaf, 0xfd, 0x0,
    0x0, 0x3f, 0xff, 0x50, 0x3, 0xff, 0xf4, 0x0,
    0x0, 0x9, 0xff, 0xd0, 0xc, 0xff, 0xb0, 0x0,
    0x0, 0x1, 0xff, 0xf7, 0x5f, 0xff, 0x20, 0x0,
    0x0, 0x0, 0x7f, 0xfe, 0xdf, 0xf9, 0x0, 0x0,
    0x0, 0x0, 0xd, 0xff, 0xff, 0xe1, 0x0, 0x0,
    0x0, 0x7e, 0xef, 0xff, 0xff, 0xfe, 0xe8, 0x0,
    0x0, 0x8f, 0xff, 0xff, 0xff, 0xff, 0xf9, 0x0,
    0x0, 0x0, 0x0, 0x9f, 0xfb, 0x0, 0x0, 0x0,
    0x0, 0x7e, 0xee, 0xff, 0xff, 0xee, 0xe8, 0x0,
    0x0, 0x8f, 0xff, 0xff, 0xff, 0xff, 0xf9, 0x0,
    0x0, 0x0, 0x0, 0x9f, 0xfb, 0x0, 0x0, 0x0,
    0x0, 0x0, 0x0, 0x9f, 0xfb, 0x0, 0x0, 0x0,
    0x0, 0x0, 0x0, 0x9f, 0xfb, 0x0, 0x0, 0x0,
    0x0, 0x0, 0x0, 0x9f, 0xfb, 0x0, 0x0, 0x0,
    0x0, 0x0, 0x0, 0x9f, 0xfb, 0x0, 0x0, 0x0,

    /* U+00A6 "¦" */
    0x3f, 0xf5, 0x3f, 0xf5, 0x3f, 0xf5, 0x3f, 0xf5,
    0x3f, 0xf5, 0x3f, 0xf5, 0x3f, 0xf5, 0x3f, 0xf5,
    0x3f, 0xf5, 0x3f, 0xf5, 0x3f, 0xf5, 0x3f, 0xf5,
    0x0, 0x0, 0x0, 0x0, 0x0, 0x0, 0x0, 0x0,
    0x3f, 0xf5, 0x3f, 0xf5, 0x3f, 0xf5, 0x3f, 0xf5,
    0x3f, 0xf5, 0x3f, 0xf5, 0x3f, 0xf5, 0x3f, 0xf5,
    0x3f, 0xf5, 0x3f, 0xf5, 0x3f, 0xf5, 0x3f, 0xf5,

    /* U+00A7 "§" */
    0x0, 0x4, 0xbe, 0xfe, 0xc6, 0x0, 0x0, 0x8,
    0xff, 0xff, 0xff, 0xfc, 0x10, 0x3, 0xff, 0xe6,
    0x35, 0xbf, 0xfa, 0x0, 0x8f, 0xf3, 0x0, 0x0,
    0xbc, 0x70, 0x9, 0xff, 0x10, 0x0, 0x0, 0x0,
    0x0, 0x6f, 0xf9, 0x0, 0x0, 0x0, 0x0, 0x1,
    0xef, 0xff, 0xb7, 0x20, 0x0, 0x0, 0x2, 0xff,
    0xff, 0xff, 0xc2, 0x0, 0x0, 0xbf, 0xff, 0xff,
    0xff, 0xf3, 0x0, 0x4f, 0xfb, 0x20, 0x28, 0xff,
    0xc0, 0x8, 0xff, 0x20, 0x0, 0xa, 0xff, 0x10,
    0x8f, 0xf2, 0x0, 0x0, 0xaf, 0xf1, 0x5, 0xff,
    0xd4, 0x1, 0x7f, 0xfd, 0x0, 0xb, 0xff, 0xff,
    0xff, 0xff, 0x40, 0x0, 0x7, 0xef, 0xff, 0xff,
    0x90, 0x0, 0x0, 0x0, 0x48, 0xcf, 0xff, 0x60,
    0x0, 0x0, 0x0, 0x0, 0x4f, 0xfe, 0x0, 0x0,
    0x0, 0x0, 0x0, 0x9f, 0xf1, 0x8, 0xdc, 0x0,
    0x0, 0xb, 0xff, 0x10, 0xaf, 0xfc, 0x53, 0x4a,
    0xff, 0xb0, 0x0, 0xbf, 0xff, 0xff, 0xff, 0xe2,
    0x0, 0x0, 0x5b, 0xef, 0xfd, 0x81, 0x0,

    /* U+00A8 "¨" */
    0x3, 0x20, 0x0, 0x0, 0x23, 0x6, 0xff, 0x50,
    0x0, 0x4f, 0xf7, 0xaf, 0xf9, 0x0, 0x8, 0xff,
    0xb3, 0xed, 0x30, 0x0, 0x2d, 0xe4,

    /* U+00A9 "©" */
    0x0, 0x0, 0x0, 0x49, 0xde, 0xfe, 0xb7, 0x10,
    0x0, 0x0, 0x0, 0x0, 0x4, 0xdf, 0xff, 0xff,
    0xff, 0xff, 0x80, 0x0, 0x0, 0x0, 0x8, 0xff,
    0xf9, 0x53, 0x24, 0x7d, 0xff, 0xd2, 0x0, 0x0,
    0x8, 0xff, 0xb1, 0x0, 0x0, 0x0, 0x6, 0xff,
    0xd1, 0x0, 0x4, 0xff, 0x90, 0x0, 0x1, 0x20,
    0x0, 0x3, 0xff, 0xb0, 0x0, 0xdf, 0xc0, 0x0,
    0x8e, 0xff, 0xf9, 0x0, 0x5, 0xff, 0x40, 0x4f,
    0xf3, 0x0, 0xcf, 0xff, 0xff, 0xfd, 0x10, 0xc,
    0xfb, 0x9, 0xfd, 0x0, 0x7f, 0xf9, 0x20, 0x6f,
    0xfa, 0x0, 0x6f, 0xf0, 0xcf, 0xa0, 0xc, 0xfb,
    0x0, 0x0, 0x48, 0x20, 0x2, 0xff, 0x3d, 0xf8,
    0x0, 0xff, 0x60, 0x0, 0x0, 0x0, 0x0, 0xf,
    0xf4, 0xdf, 0x80, 0xf, 0xf6, 0x0, 0x0, 0x0,
    0x0, 0x1, 0xff, 0x4c, 0xfa, 0x0, 0xcf, 0xb0,
    0x0, 0x5, 0xa5, 0x0, 0x3f, 0xf3, 0x9f, 0xd0,
    0x7, 0xff, 0x92, 0x6, 0xff, 0xa0, 0x6, 0xff,
    0x4, 0xff, 0x30, 0xc, 0xff, 0xff, 0xff, 0xd1,
    0x0, 0xcf, 0xb0, 0xd, 0xfc, 0x0, 0x8, 0xef,
    0xff, 0x90, 0x0, 0x5f, 0xf4, 0x0, 0x4f, 0xf9,
    0x0, 0x0, 0x22, 0x0, 0x0, 0x2f, 0xfb, 0x0,
    0x0, 0x8f, 0xfb, 0x10, 0x0, 0x0, 0x0, 0x5f,
    0xfe, 0x10, 0x0, 0x0, 0x8f, 0xff, 0xa5, 0x33,
    0x47, 0xdf, 0xfd, 0x20, 0x0, 0x0, 0x0, 0x4d,
    0xff, 0xff, 0xff, 0xff, 0xf9, 0x0, 0x0, 0x0,
    0x0, 0x0, 0x5, 0x9d, 0xef, 0xeb, 0x71, 0x0,
    0x0, 0x0,

    /* U+00AA "ª" */
    0x0, 0x8d, 0xed, 0x70, 0x0, 0xcf, 0xff, 0xff,
    0x90, 0x7, 0xd5, 0x9, 0xff, 0x10, 0x0, 0x0,
    0x1f, 0xf5, 0x4, 0xcf, 0xff, 0xff, 0x51, 0xff,
    0xc9, 0x9f, 0xf6, 0x4f, 0xf1, 0x5, 0xff, 0x61,
    0xff, 0xec, 0xff, 0xf6, 0x4, 0xcf, 0xe7, 0xef,
    0x60,

    /* U+00AB "«" */
    0x0, 0x0, 0xcf, 0xfc, 0x0, 0xbf, 0xfd, 0x0,
    0x0, 0x9f, 0xfe, 0x20, 0x8f, 0xff, 0x30, 0x0,
    0x5f, 0xff, 0x50, 0x4f, 0xff, 0x60, 0x0, 0x2f,
    0xff, 0x90, 0x1e, 0xff, 0xa0, 0x0, 0xd, 0xff,
    0xc0, 0xc, 0xff, 0xd0, 0x0, 0x7, 0xff, 0xf3,
    0x5, 0xff, 0xf5, 0x0, 0x0, 0xd, 0xff, 0xc0,
    0xc, 0xff, 0xd0, 0x0, 0x0, 0x2f, 0xff, 0x80,
    0x1e, 0xff, 0xa0, 0x0, 0x0, 0x6f, 0xff, 0x40,
    0x4f, 0xff, 0x60, 0x0, 0x0, 0xaf, 0xfe, 0x10,
    0x8f, 0xff, 0x20, 0x0, 0x0, 0xdf, 0xfc, 0x0,
    0xcf, 0xfd, 0x0, 0x0, 0x0, 0x0, 0x0, 0x0,
    0x0, 0x0,

    /* U+00AC "¬" */
    0x39, 0x99, 0x99, 0x99, 0x99, 0x75, 0xff, 0xff,
    0xff, 0xff, 0xfd, 0x5f, 0xff, 0xff, 0xff, 0xff,
    0xd0, 0x0, 0x0, 0x0, 0xc, 0xfd, 0x0, 0x0,
    0x0, 0x0, 0xcf, 0xd0, 0x0, 0x0, 0x0, 0xc,
    0xfd,

    /* U+00AE "®" */
    0x0, 0x0, 0x4, 0xae, 0xfe, 0xc6, 0x0, 0x0,
    0x0, 0x0, 0x1c, 0xff, 0xdb, 0xcf, 0xfe, 0x40,
    0x0, 0x0, 0x2e, 0xf8, 0x10, 0x0, 0x5, 0xef,
    0x50, 0x0, 0xd, 0xf4, 0x28, 0x87, 0x61, 0x1,
    0xef, 0x20, 0x6, 0xf8, 0x4, 0xff, 0xff, 0xf3,
    0x3, 0xfa, 0x0, 0xbf, 0x10, 0x4f, 0x60, 0x3f,
    0xa0, 0xc, 0xf1, 0xf, 0xe0, 0x4, 0xf6, 0x3,
    0xfb, 0x0, 0x8f, 0x40, 0xfc, 0x0, 0x4f, 0xff,
    0xff, 0x30, 0x7, 0xf5, 0xf, 0xe0, 0x4, 0xfb,
    0xaf, 0x70, 0x0, 0x8f, 0x40, 0xbf, 0x10, 0x4f,
    0x60, 0xde, 0x10, 0xc, 0xf1, 0x6, 0xf8, 0x4,
    0xf6, 0x4, 0xfa, 0x3, 0xfa, 0x0, 0xc, 0xf4,
    0x15, 0x20, 0x4, 0x41, 0xef, 0x20, 0x0, 0x1e,
    0xf8, 0x10, 0x0, 0x6, 0xef, 0x50, 0x0, 0x0,
    0x1c, 0xff, 0xdc, 0xdf, 0xfe, 0x40, 0x0, 0x0,
    0x0, 0x4, 0xae, 0xfe, 0xc6, 0x0, 0x0, 0x0,

    /* U+00AF "¯" */
    0x2a, 0xaa, 0xaa, 0xaa, 0xa6, 0x4f, 0xff, 0xff,
    0xff, 0xfa, 0x4f, 0xff, 0xff, 0xff, 0xfa,

    /* U+00B0 "°" */
    0x1, 0x9e, 0xfc, 0x40, 0x1, 0xdf, 0xff, 0xff,
    0x60, 0x8f, 0xf6, 0x3c, 0xff, 0xc, 0xfa, 0x0,
    0x2f, 0xf4, 0xcf, 0xa0, 0x3, 0xff, 0x48, 0xff,
    0x63, 0xcf, 0xe0, 0xd, 0xff, 0xff, 0xf5, 0x0,
    0x19, 0xef, 0xc4, 0x0,

    /* U+00B1 "±" */
    0x0, 0x0, 0x3, 0x66, 0x0, 0x0, 0x0, 0x0,
    0x0, 0x8, 0xff, 0x10, 0x0, 0x0, 0x0, 0x0,
    0x8, 0xff, 0x10, 0x0, 0x0, 0x0, 0x0, 0x8,
    0xff, 0x10, 0x0, 0x0, 0x0, 0x0, 0x8, 0xff,
    0x10, 0x0, 0x0, 0xaf, 0xff, 0xff, 0xff, 0xff,
    0xff, 0xf3, 0xaf, 0xff, 0xff, 0xff, 0xff, 0xff,
    0xf3, 0x46, 0x66, 0x6b, 0xff, 0x76, 0x66, 0x61,
    0x0, 0x0, 0x8, 0xff, 0x10, 0x0, 0x0, 0x0,
    0x0, 0x8, 0xff, 0x10, 0x0, 0x0, 0x0, 0x0,
    0x8, 0xff, 0x10, 0x0, 0x0, 0x0, 0x0, 0x8,
    0xff, 0x10, 0x0, 0x0, 0x0, 0x0, 0x0, 0x0,
    0x0, 0x0, 0x0, 0x23, 0x33, 0x33, 0x33, 0x33,
    0x33, 0x30, 0xaf, 0xff, 0xff, 0xff, 0xff, 0xff,
    0xf3, 0xaf, 0xff, 0xff, 0xff, 0xff, 0xff, 0xf3,

    /* U+00B2 "²" */
    0x0, 0x6c, 0xfe, 0xb4, 0x0, 0xa, 0xff, 0xff,
    0xff, 0x70, 0x4f, 0xfc, 0x56, 0xef, 0xf0, 0x13,
    0x61, 0x0, 0x8f, 0xf0, 0x0, 0x0, 0x1, 0xdf,
    0xc0, 0x0, 0x0, 0x5e, 0xfe, 0x20, 0x0, 0x1a,
    0xff, 0xb1, 0x0, 0x1, 0xdf, 0xf5, 0x0, 0x0,
    0xb, 0xff, 0x63, 0x33, 0x30, 0xf, 0xff, 0xff,
    0xff, 0xf3, 0xf, 0xff, 0xff, 0xff, 0xf3,

    /* U+00B3 "³" */
    0x0, 0x5c, 0xfe, 0xc5, 0x0, 0x6, 0xff, 0xff,
    0xff, 0x70, 0x8, 0xca, 0x33, 0xdf, 0xd0, 0x0,
    0x0, 0x2, 0xdf, 0xb0, 0x0, 0x8, 0xff, 0xfb,
    0x10, 0x0, 0x8, 0xff, 0xfb, 0x10, 0x0, 0x0,
    0x2, 0xcf, 0xb0, 0x0, 0x1, 0x0, 0x7f, 0xf0,
    0xc, 0xfc, 0x34, 0xdf, 0xf0, 0x7, 0xff, 0xff,
    0xff, 0x70, 0x0, 0x5c, 0xef, 0xc5, 0x0,

    /* U+00B4 "´" */
    0x0, 0x7, 0x88, 0x50, 0xa, 0xff, 0xc1, 0x9,
    0xff, 0xc1, 0x8, 0xff, 0xc0, 0x0,

    /* U+00B5 "µ" */
    0x9f, 0xf9, 0x0, 0x0, 0x0, 0xff, 0xf1, 0x9f,
    0xf9, 0x0, 0x0, 0x0, 0xff, 0xf1, 0x9f, 0xf9,
    0x0, 0x0, 0x0, 0xff, 0xf1, 0x9f, 0xf9, 0x0,
    0x0, 0x0, 0xff, 0xf1, 0x9f, 0xf9, 0x0, 0x0,
    0x0, 0xff, 0xf1, 0x9f, 0xf9, 0x0, 0x0, 0x0,
    0xff, 0xf1, 0x9f, 0xf9, 0x0, 0x0, 0x0, 0xff,
    0xf1, 0x9f, 0xf9, 0x0, 0x0, 0x1, 0xff, 0xf1,
    0x9f, 0xfb, 0x0, 0x0, 0x3, 0xff, 0xf1, 0x9f,
    0xfe, 0x0, 0x0, 0x9, 0xff, 0xf1, 0x9f, 0xff,
    0xa0, 0x0, 0x6f, 0xff, 0xf1, 0x9f, 0xff, 0xff,
    0xdf, 0xff, 0xff, 0xf1, 0x9f, 0xff, 0xff, 0xff,
    0xfb, 0xff, 0xf1, 0x9f, 0xf5, 0x9e, 0xfe, 0x80,
    0xef, 0xf1, 0x9f, 0xf5, 0x0, 0x0, 0x0, 0x0,
    0x0, 0x9f, 0xf5, 0x0, 0x0, 0x0, 0x0, 0x0,
    0x9f, 0xf5, 0x0, 0x0, 0x0, 0x0, 0x0, 0x9f,
    0xf5, 0x0, 0x0, 0x0, 0x0, 0x0, 0x9f, 0xf5,
    0x0, 0x0, 0x0, 0x0, 0x0,

    /* U+00B6 "¶" */
    0x0, 0x2, 0x8d, 0xff, 0xff, 0xff, 0xfa, 0x0,
    0x5f, 0xff, 0xff, 0xff, 0xff, 0xfa, 0x4, 0xff,
    0xff, 0xff, 0xff, 0xef, 0xfa, 0xd, 0xff, 0xff,
    0xff, 0xfd, 0xc, 0xfa, 0x3f, 0xff, 0xff, 0xff,
    0xfd, 0xc, 0xfa, 0x6f, 0xff, 0xff, 0xff, 0xfd,
    0xc, 0xfa, 0x6f, 0xff, 0xff, 0xff, 0xfd, 0xc,
    0xfa, 0x5f, 0xff, 0xff, 0xff, 0xfd, 0xc, 0xfa,
    0x1f, 0xff, 0xff, 0xff, 0xfd, 0xc, 0xfa, 0x9,
    0xff, 0xff, 0xff, 0xfd, 0xc, 0xfa, 0x0, 0xcf,
    0xff, 0xff, 0xfd, 0xc, 0xfa, 0x0, 0x9, 0xff,
    0xff, 0xfd, 0xc, 0xfa, 0x0, 0x0, 0x15, 0x7c,
    0xfd, 0xc, 0xfa, 0x0, 0x0, 0x0, 0x9, 0xfd,
    0xc, 0xfa, 0x0, 0x0, 0x0, 0x9, 0xfd, 0xc,
    0xfa, 0x0, 0x0, 0x0, 0x9, 0xfd, 0xc, 0xfa,
    0x0, 0x0, 0x0, 0x9, 0xfd, 0xc, 0xfa, 0x0,
    0x0, 0x0, 0x9, 0xfd, 0xc, 0xfa, 0x0, 0x0,
    0x0, 0x9, 0xfd, 0xc, 0xfa, 0x0, 0x0, 0x0,
    0x9, 0xfd, 0xc, 0xfa, 0x0, 0x0, 0x0, 0x9,
    0xfd, 0xc, 0xfa, 0x0, 0x0, 0x0, 0x3, 0x65,
    0x4, 0x64,

    /* U+00B7 "·" */
    0x7, 0xc9, 0x3, 0xff, 0xf7, 0x4f, 0xff, 0x80,
    0x9f, 0xb1,

    /* U+00B8 "¸" */
    0x0, 0x8c, 0x30, 0x0, 0xf, 0xfb, 0x10, 0x0,
    0x3c, 0xfc, 0x1, 0x10, 0x6f, 0xf0, 0x7f, 0xdf,
    0xfc, 0x4, 0xcf, 0xeb, 0x10,

    /* U+00B9 "¹" */
    0x16, 0xdf, 0xdf, 0xff, 0xfd, 0xfe, 0xcf, 0xd2,
    0x8, 0xfd, 0x0, 0x8f, 0xd0, 0x8, 0xfd, 0x0,
    0x8f, 0xd0, 0x8, 0xfd, 0x0, 0x8f, 0xd0, 0x8,
    0xfd, 0x0, 0x8f, 0xd0,

    /* U+00BA "º" */
    0x0, 0x3b, 0xff, 0xc4, 0x0, 0x4, 0xff, 0xff,
    0xff, 0x60, 0xe, 0xfe, 0x55, 0xdf, 0xf1, 0x3f,
    0xf5, 0x0, 0x2f, 0xf5, 0x4f, 0xf2, 0x0, 0xf,
    0xf7, 0x3f, 0xf5, 0x0, 0x2f, 0xf5, 0xe, 0xfe,
    0x54, 0xdf, 0xf1, 0x4, 0xff, 0xff, 0xff, 0x60,
    0x0, 0x3b, 0xff, 0xc4, 0x0,

    /* U+00BB "»" */
    0x2f, 0xff, 0x80, 0x1e, 0xff, 0xa0, 0x0, 0x0,
    0x6f, 0xff, 0x40, 0x4f, 0xff, 0x60, 0x0, 0x0,
    0xaf, 0xfe, 0x10, 0x8f, 0xff, 0x30, 0x0, 0x0,
    0xdf, 0xfc, 0x0, 0xcf, 0xfd, 0x0, 0x0, 0x3,
    0xff, 0xf9, 0x1, 0xef, 0xfa, 0x0, 0x0, 0x9,
    0xff, 0xf2, 0x7, 0xff, 0xf4, 0x0, 0x2, 0xff,
    0xf9, 0x1, 0xef, 0xfb, 0x0, 0x0, 0xdf, 0xfc,
    0x0, 0xbf, 0xfe, 0x10, 0x0, 0x9f, 0xff, 0x20,
    0x7f, 0xff, 0x30, 0x0, 0x5f, 0xff, 0x50, 0x4f,
    0xff, 0x60, 0x0, 0x2f, 0xff, 0x80, 0x1e, 0xff,
    0xa0, 0x0, 0x0, 0x0, 0x0, 0x0, 0x0, 0x0,
    0x0, 0x0,

    /* U+00BC "¼" */
    0x0, 0xcf, 0xd0, 0x0, 0x0, 0x0, 0x0, 0x1e,
    0xfa, 0x0, 0x0, 0x5d, 0xff, 0xd0, 0x0, 0x0,
    0x0, 0x0, 0xaf, 0xd0, 0x0, 0x0, 0xff, 0xff,
    0xd0, 0x0, 0x0, 0x0, 0x5, 0xff, 0x30, 0x0,
    0x0, 0xea, 0xbf, 0xd0, 0x0, 0x0, 0x0, 0x2f,
    0xf8, 0x0, 0x0, 0x0, 0x0, 0x8f, 0xd0, 0x0,
    0x0, 0x0, 0xcf, 0xc0, 0x0, 0x0, 0x0, 0x0,
    0x8f, 0xd0, 0x0, 0x0, 0x7, 0xff, 0x20, 0x0,
    0x0, 0x0, 0x0, 0x8f, 0xd0, 0x0, 0x0, 0x3f,
    0xf6, 0x0, 0x0, 0x0, 0x0, 0x0, 0x8f, 0xd0,
    0x0, 0x0, 0xdf, 0xa0, 0x0, 0x3, 0x43, 0x0,
    0x0, 0x8f, 0xd0, 0x0, 0x9, 0xfe, 0x10, 0x0,
    0x6f, 0xfc, 0x0, 0x0, 0x8f, 0xd0, 0x0, 0x5f,
    0xf4, 0x0, 0x2, 0xff, 0xfc, 0x0, 0x0, 0x8f,
    0xd0, 0x1, 0xef, 0x80, 0x0, 0xc, 0xff, 0xfc,
    0x0, 0x0, 0x37, 0x60, 0xb, 0xfc, 0x0, 0x0,
    0x8f, 0xd9, 0xfc, 0x0, 0x0, 0x0, 0x0, 0x7f,
    0xf2, 0x0, 0x3, 0xff, 0x29, 0xfc, 0x0, 0x0,
    0x0, 0x3, 0xff, 0x60, 0x0, 0x1e, 0xf7, 0x9,
    0xfc, 0x0, 0x0, 0x0, 0xd, 0xfb, 0x0, 0x0,
    0xaf, 0xc1, 0x19, 0xfc, 0x10, 0x0, 0x0, 0x9f,
    0xe1, 0x0, 0x0, 0xff, 0xff, 0xff, 0xff, 0xfc,
    0x0, 0x4, 0xff, 0x40, 0x0, 0x0, 0xff, 0xff,
    0xff, 0xff, 0xfc, 0x0, 0x1e, 0xf9, 0x0, 0x0,
    0x0, 0x0, 0x0, 0x9, 0xfc, 0x0, 0x0, 0xbf,
    0xd0, 0x0, 0x0, 0x0, 0x0, 0x0, 0x9, 0xfc,
    0x0,

    /* U+00BD "½" */
    0x0, 0xcf, 0xd0, 0x0, 0x0, 0x0, 0x0, 0x1e,
    0xfa, 0x0, 0x0, 0x5, 0xdf, 0xfd, 0x0, 0x0,
    0x0, 0x0, 0xa, 0xfd, 0x0, 0x0, 0x0, 0xff,
    0xff, 0xd0, 0x0, 0x0, 0x0, 0x5, 0xff, 0x30,
    0x0, 0x0, 0xe, 0xab, 0xfd, 0x0, 0x0, 0x0,
    0x2, 0xff, 0x80, 0x0, 0x0, 0x0, 0x0, 0x8f,
    0xd0, 0x0, 0x0, 0x0, 0xcf, 0xc0, 0x0, 0x0,
    0x0, 0x0, 0x8, 0xfd, 0x0, 0x0, 0x0, 0x7f,
    0xf2, 0x0, 0x0, 0x0, 0x0, 0x0, 0x8f, 0xd0,
    0x0, 0x0, 0x3f, 0xf6, 0x0, 0x0, 0x0, 0x0,
    0x0, 0x8, 0xfd, 0x0, 0x0, 0xd, 0xfa, 0x0,
    0x6d, 0xff, 0xb4, 0x0, 0x0, 0x8f, 0xd0, 0x0,
    0x9, 0xfe, 0x10, 0x7f, 0xff, 0xff, 0xf5, 0x0,
    0x8, 0xfd, 0x0, 0x5, 0xff, 0x40, 0x2f, 0xfd,
    0x45, 0xef, 0xe0, 0x0, 0x8f, 0xd0, 0x1, 0xef,
    0x80, 0x2, 0x9c, 0x30, 0x7, 0xff, 0x10, 0x3,
    0x76, 0x0, 0xbf, 0xc0, 0x0, 0x0, 0x0, 0x0,
    0xcf, 0xf0, 0x0, 0x0, 0x0, 0x7f, 0xf2, 0x0,
    0x0, 0x0, 0x1, 0xbf, 0xf9, 0x0, 0x0, 0x0,
    0x3f, 0xf6, 0x0, 0x0, 0x0, 0x4, 0xef, 0xfb,
    0x0, 0x0, 0x0, 0xd, 0xfb, 0x0, 0x0, 0x0,
    0x6, 0xff, 0xf8, 0x0, 0x0, 0x0, 0x9, 0xfe,
    0x10, 0x0, 0x0, 0x4, 0xff, 0xf4, 0x0, 0x0,
    0x0, 0x4, 0xff, 0x40, 0x0, 0x0, 0x0, 0xdf,
    0xf5, 0x22, 0x22, 0x0, 0x1, 0xef, 0x90, 0x0,
    0x0, 0x0, 0xf, 0xff, 0xff, 0xff, 0xf3, 0x0,
    0xbf, 0xd0, 0x0, 0x0, 0x0, 0x0, 0xff, 0xff,
    0xff, 0xff, 0x30,

    /* U+00BE "¾" */
    0x0, 0x0, 0x0, 0x0, 0x0, 0x0, 0x0, 0x0,
    0x0, 0x1, 0x10, 0x0, 0x0, 0x5, 0xcf, 0xfc,
    0x40, 0x0, 0x0, 0x0, 0x0, 0x1e, 0xf9, 0x0,
    0x0, 0x6, 0xff, 0xff, 0xff, 0x50, 0x0, 0x0,
    0x0, 0xa, 0xfd, 0x0, 0x0, 0x0, 0xaf, 0xc1,
    0x2e, 0xfc, 0x0, 0x0, 0x0, 0x5, 0xff, 0x30,
    0x0, 0x0, 0x0, 0x11, 0x0, 0xaf, 0xd0, 0x0,
    0x0, 0x2, 0xff, 0x80, 0x0, 0x0, 0x0, 0x0,
    0x0, 0x3e, 0xf9, 0x0, 0x0, 0x0, 0xcf, 0xc0,
    0x0, 0x0, 0x0, 0x0, 0x8, 0xff, 0xfa, 0x0,
    0x0, 0x0, 0x7f, 0xf2, 0x0, 0x0, 0x0, 0x0,
    0x0, 0x7f, 0xff, 0xc1, 0x0, 0x0, 0x3f, 0xf6,
    0x0, 0x0, 0x0, 0x0, 0x0, 0x0, 0x2, 0xcf,
    0xb0, 0x0, 0xd, 0xfa, 0x0, 0x0, 0x0, 0x0,
    0x0, 0x0, 0x10, 0x7, 0xff, 0x0, 0x9, 0xfe,
    0x10, 0x0, 0x2e, 0xfc, 0x0, 0xb, 0xfc, 0x23,
    0xdf, 0xf0, 0x4, 0xff, 0x40, 0x0, 0xd, 0xff,
    0xd0, 0x0, 0x7f, 0xff, 0xff, 0xf7, 0x1, 0xef,
    0x80, 0x0, 0x9, 0xff, 0xfd, 0x0, 0x0, 0x5c,
    0xef, 0xc6, 0x0, 0xbf, 0xd0, 0x0, 0x5, 0xff,
    0xaf, 0xd0, 0x0, 0x0, 0x0, 0x0, 0x0, 0x6f,
    0xf2, 0x0, 0x2, 0xff, 0x68, 0xfd, 0x0, 0x0,
    0x0, 0x0, 0x0, 0x2f, 0xf7, 0x0, 0x0, 0xcf,
    0xa0, 0x8f, 0xd0, 0x0, 0x0, 0x0, 0x0, 0xd,
    0xfb, 0x0, 0x0, 0x9f, 0xd1, 0x18, 0xfd, 0x11,
    0x0, 0x0, 0x0, 0x8, 0xfe, 0x10, 0x0, 0xf,
    0xff, 0xff, 0xff, 0xff, 0xd0, 0x0, 0x0, 0x4,
    0xff, 0x50, 0x0, 0x0, 0xff, 0xff, 0xff, 0xff,
    0xfd, 0x0, 0x0, 0x1, 0xef, 0x90, 0x0, 0x0,
    0x0, 0x0, 0x0, 0x8f, 0xd0, 0x0, 0x0, 0x0,
    0xaf, 0xd0, 0x0, 0x0, 0x0, 0x0, 0x0, 0x8,
    0xfd, 0x0,

    /* U+00BF "¿" */
    0x0, 0x0, 0x2, 0xcf, 0x70, 0x0, 0x0, 0x0,
    0x0, 0x9f, 0xff, 0x20, 0x0, 0x0, 0x0, 0x9,
    0xff, 0xf1, 0x0, 0x0, 0x0, 0x0, 0x1a, 0xc5,
    0x0, 0x0, 0x0, 0x0, 0x0, 0x0, 0x0, 0x0,
    0x0, 0x0, 0x0, 0x4f, 0xfc, 0x0, 0x0, 0x0,
    0x0, 0x4, 0xff, 0xd0, 0x0, 0x0, 0x0, 0x0,
    0x6f, 0xfd, 0x0, 0x0, 0x0, 0x2a, 0xff, 0xff,
    0xd0, 0x0, 0x0, 0x3e, 0xff, 0xff, 0xec, 0x0,
    0x0, 0xe, 0xff, 0xb3, 0x0, 0x0, 0x0, 0x6,
    0xff, 0xc0, 0x0, 0x0, 0x0, 0x0, 0xaf, 0xf7,
    0x0, 0x0, 0x0, 0x0, 0xa, 0xff, 0x70, 0x0,
    0x0, 0x0, 0x0, 0x8f, 0xfc, 0x0, 0x0, 0x2,
    0x61, 0x2, 0xff, 0xf9, 0x0, 0x3, 0xdf, 0xf7,
    0x9, 0xff, 0xff, 0xdd, 0xff, 0xff, 0x10, 0x9,
    0xff, 0xff, 0xff, 0xfe, 0x30, 0x0, 0x3, 0xad,
    0xff, 0xd8, 0x10, 0x0,

    /* U+00C0 "À" */
    0x0, 0x0, 0x0, 0x9f, 0xfd, 0x10, 0x0, 0x0,
    0x0, 0x0, 0x0, 0x0, 0x0, 0x9, 0xff, 0xd1,
    0x0, 0x0, 0x0, 0x0, 0x0, 0x0, 0x0, 0x0,
    0x8f, 0xfc, 0x0, 0x0, 0x0, 0x0, 0x0, 0x0,
    0x0, 0x0, 0x5, 0x88, 0x40, 0x0, 0x0, 0x0,
    0x0, 0x0, 0x0, 0x0, 0x0, 0x0, 0x0, 0x0,
    0x0, 0x0, 0x0, 0x0, 0x0, 0x2, 0xff, 0xfb,
    0x0, 0x0, 0x0, 0x0, 0x0, 0x0, 0x0, 0x8,
    0xff, 0xff, 0x20, 0x0, 0x0, 0x0, 0x0, 0x0,
    0x0, 0xe, 0xff, 0xff, 0x80, 0x0, 0x0, 0x0,
    0x0, 0x0, 0x0, 0x6f, 0xff, 0xff, 0xe0, 0x0,
    0x0, 0x0, 0x0, 0x0, 0x0, 0xcf, 0xf8, 0xef,
    0xf5, 0x0, 0x0, 0x0, 0x0, 0x0, 0x3, 0xff,
    0xf1, 0x8f, 0xfc, 0x0, 0x0, 0x0, 0x0, 0x0,
    0x9, 0xff, 0xa0, 0x1f, 0xff, 0x30, 0x0, 0x0,
    0x0, 0x0, 0x1f, 0xff, 0x30, 0xa, 0xff, 0x90,
    0x0, 0x0, 0x0, 0x0, 0x6f, 0xfd, 0x0, 0x3,
    0xff, 0xf0, 0x0, 0x0, 0x0, 0x0, 0xdf, 0xf6,
    0x0, 0x0, 0xdf, 0xf6, 0x0, 0x0, 0x0, 0x4,
    0xff, 0xe0, 0x0, 0x0, 0x6f, 0xfd, 0x0, 0x0,
    0x0, 0xa, 0xff, 0xfd, 0xdd, 0xdd, 0xdf, 0xff,
    0x40, 0x0, 0x0, 0x1f, 0xff, 0xff, 0xff, 0xff,
    0xff, 0xff, 0xa0, 0x0, 0x0, 0x7f, 0xff, 0xff,
    0xff, 0xff, 0xff, 0xff, 0xf1, 0x0, 0x0, 0xef,
    0xf6, 0x0, 0x0, 0x0, 0x0, 0xdf, 0xf7, 0x0,
    0x5, 0xff, 0xf0, 0x0, 0x0, 0x0, 0x0, 0x7f,
    0xfe, 0x0, 0xb, 0xff, 0xa0, 0x0, 0x0, 0x0,
    0x0, 0x1f, 0xff, 0x50, 0x2f, 0xff, 0x40, 0x0,
    0x0, 0x0, 0x0, 0xa, 0xff, 0xb0, 0x8f, 0xfe,
    0x0, 0x0, 0x0, 0x0, 0x0, 0x4, 0xff, 0xf2,

    /* U+00C1 "Á" */
    0x0, 0x0, 0x0, 0x0, 0x0, 0x9f, 0xfd, 0x10,
    0x0, 0x0, 0x0, 0x0, 0x0, 0x0, 0x8, 0xff,
    0xd1, 0x0, 0x0, 0x0, 0x0, 0x0, 0x0, 0x0,
    0x7f, 0xfc, 0x10, 0x0, 0x0, 0x0, 0x0, 0x0,
    0x0, 0x1, 0x78, 0x71, 0x0, 0x0, 0x0, 0x0,
    0x0, 0x0, 0x0, 0x0, 0x0, 0x0, 0x0, 0x0,
    0x0, 0x0, 0x0, 0x0, 0x0, 0x2, 0xff, 0xfb,
    0x0, 0x0, 0x0, 0x0, 0x0, 0x0, 0x0, 0x8,
    0xff, 0xff, 0x20, 0x0, 0x0, 0x0, 0x0, 0x0,
    0x0, 0xe, 0xff, 0xff, 0x80, 0x0, 0x0, 0x0,
    0x0, 0x0, 0x0, 0x6f, 0xff, 0xff, 0xe0, 0x0,
    0x0, 0x0, 0x0, 0x0, 0x0, 0xcf, 0xf8, 0xef,
    0xf5, 0x0, 0x0, 0x0, 0x0, 0x0, 0x3, 0xff,
    0xf1, 0x8f, 0xfc, 0x0, 0x0, 0x0, 0x0, 0x0,
    0x9, 0xff, 0xa0, 0x1f, 0xff, 0x30, 0x0, 0x0,
    0x0, 0x0, 0x1f, 0xff, 0x30, 0xa, 0xff, 0x90,
    0x0, 0x0, 0x0, 0x0, 0x6f, 0xfd, 0x0, 0x3,
    0xff, 0xf0, 0x0, 0x0, 0x0, 0x0, 0xdf, 0xf6,
    0x0, 0x0, 0xdf, 0xf6, 0x0, 0x0, 0x0, 0x4,
    0xff, 0xe0, 0x0, 0x0, 0x6f, 0xfd, 0x0, 0x0,
    0x0, 0xa, 0xff, 0xfd, 0xdd, 0xdd, 0xdf, 0xff,
    0x40, 0x0, 0x0, 0x1f, 0xff, 0xff, 0xff, 0xff,
    0xff, 0xff, 0xa0, 0x0, 0x0, 0x7f, 0xff, 0xff,
    0xff, 0xff, 0xff, 0xff, 0xf1, 0x0, 0x0, 0xef,
    0xf6, 0x0, 0x0, 0x0, 0x0, 0xdf, 0xf7, 0x0,
    0x5, 0xff, 0xf0, 0x0, 0x0, 0x0, 0x0, 0x7f,
    0xfe, 0x0, 0xb, 0xff, 0xa0, 0x0, 0x0, 0x0,
    0x0, 0x1f, 0xff, 0x50, 0x2f, 0xff, 0x40, 0x0,
    0x0, 0x0, 0x0, 0xa, 0xff, 0xb0, 0x8f, 0xfe,
    0x0, 0x0, 0x0, 0x0, 0x0, 0x4, 0xff, 0xf2,

    /* U+00C2 "Â" */
    0x0, 0x0, 0x0, 0x1, 0x78, 0x85, 0x0, 0x0,
    0x0, 0x0, 0x0, 0x0, 0x0, 0x1d, 0xff, 0xff,
    0x60, 0x0, 0x0, 0x0, 0x0, 0x0, 0x1, 0xdf,
    0xf6, 0xcf, 0xf6, 0x0, 0x0, 0x0, 0x0, 0x0,
    0x1d, 0xfe, 0x30, 0xb, 0xff, 0x60, 0x0, 0x0,
    0x0, 0x0, 0x0, 0x0, 0x0, 0x0, 0x0, 0x0,
    0x0, 0x0, 0x0, 0x0, 0x0, 0x0, 0x0, 0x0,
    0x0, 0x0, 0x0, 0x0, 0x0, 0x0, 0x0, 0x2,
    0xff, 0xfb, 0x0, 0x0, 0x0, 0x0, 0x0, 0x0,
    0x0, 0x8, 0xff, 0xff, 0x20, 0x0, 0x0, 0x0,
    0x0, 0x0, 0x0, 0xe, 0xff, 0xff, 0x80, 0x0,
    0x0, 0x0, 0x0, 0x0, 0x0, 0x6f, 0xff, 0xff,
    0xe0, 0x0, 0x0, 0x0, 0x0, 0x0, 0x0, 0xcf,
    0xf8, 0xef, 0xf5, 0x0, 0x0, 0x0, 0x0, 0x0,
    0x3, 0xff, 0xf1, 0x8f, 0xfc, 0x0, 0x0, 0x0,
    0x0, 0x0, 0x9, 0xff, 0xa0, 0x1f, 0xff, 0x30,
    0x0, 0x0, 0x0, 0x0, 0x1f, 0xff, 0x30, 0xa,
    0xff, 0x90, 0x0, 0x0, 0x0, 0x0, 0x6f, 0xfd,
    0x0, 0x3, 0xff, 0xf0, 0x0, 0x0, 0x0, 0x0,
    0xdf, 0xf6, 0x0, 0x0, 0xdf, 0xf6, 0x0, 0x0,
    0x0, 0x4, 0xff, 0xe0, 0x0, 0x0, 0x6f, 0xfd,
    0x0, 0x0, 0x0, 0xa, 0xff, 0xfd, 0xdd, 0xdd,
    0xdf, 0xff, 0x40, 0x0, 0x0, 0x1f, 0xff, 0xff,
    0xff, 0xff, 0xff, 0xff, 0xa0, 0x0, 0x0, 0x7f,
    0xff, 0xff, 0xff, 0xff, 0xff, 0xff, 0xf1, 0x0,
    0x0, 0xef, 0xf6, 0x0, 0x0, 0x0, 0x0, 0xdf,
    0xf7, 0x0, 0x5, 0xff, 0xf0, 0x0, 0x0, 0x0,
    0x0, 0x7f, 0xfe, 0x0, 0xb, 0xff, 0xa0, 0x0,
    0x0, 0x0, 0x0, 0x1f, 0xff, 0x50, 0x2f, 0xff,
    0x40, 0x0, 0x0, 0x0, 0x0, 0xa, 0xff, 0xb0,
    0x8f, 0xfe, 0x0, 0x0, 0x0, 0x0, 0x0, 0x4,
    0xff, 0xf2,

    /* U+00C3 "Ã" */
    0x0, 0x0, 0x0, 0x0, 0x10, 0x0, 0x0, 0x0,
    0x0, 0x0, 0x0, 0x0, 0x0, 0x6e, 0xfe, 0x40,
    0x2, 0x20, 0x0, 0x0, 0x0, 0x0, 0x3, 0xff,
    0xff, 0xf5, 0x5f, 0xf0, 0x0, 0x0, 0x0, 0x0,
    0x8, 0xfc, 0x1a, 0xff, 0xff, 0xa0, 0x0, 0x0,
    0x0, 0x0, 0x0, 0x0, 0x0, 0x8f, 0xea, 0x0,
    0x0, 0x0, 0x0, 0x0, 0x0, 0x0, 0x0, 0x0,
    0x0, 0x0, 0x0, 0x0, 0x0, 0x0, 0x0, 0x2,
    0xff, 0xfb, 0x0, 0x0, 0x0, 0x0, 0x0, 0x0,
    0x0, 0x8, 0xff, 0xff, 0x20, 0x0, 0x0, 0x0,
    0x0, 0x0, 0x0, 0xe, 0xff, 0xff, 0x80, 0x0,
    0x0, 0x0, 0x0, 0x0, 0x0, 0x6f, 0xff, 0xff,
    0xe0, 0x0, 0x0, 0x0, 0x0, 0x0, 0x0, 0xcf,
    0xf8, 0xef, 0xf5, 0x0, 0x0, 0x0, 0x0, 0x0,
    0x3, 0xff, 0xf1, 0x8f, 0xfc, 0x0, 0x0, 0x0,
    0x0, 0x0, 0x9, 0xff, 0xa0, 0x1f, 0xff, 0x30,
    0x0, 0x0, 0x0, 0x0, 0x1f, 0xff, 0x30, 0xa,
    0xff, 0x90, 0x0, 0x0, 0x0, 0x0, 0x6f, 0xfd,
    0x0, 0x3, 0xff, 0xf0, 0x0, 0x0, 0x0, 0x0,
    0xdf, 0xf6, 0x0, 0x0, 0xdf, 0xf6, 0x0, 0x0,
    0x0, 0x4, 0xff, 0xe0, 0x0, 0x0, 0x6f, 0xfd,
    0x0, 0x0, 0x0, 0xa, 0xff, 0xfd, 0xdd, 0xdd,
    0xdf, 0xff, 0x40, 0x0, 0x0, 0x1f, 0xff, 0xff,
    0xff, 0xff, 0xff, 0xff, 0xa0, 0x0, 0x0, 0x7f,
    0xff, 0xff, 0xff, 0xff, 0xff, 0xff, 0xf1, 0x0,
    0x0, 0xef, 0xf6, 0x0, 0x0, 0x0, 0x0, 0xdf,
    0xf7, 0x0, 0x5, 0xff, 0xf0, 0x0, 0x0, 0x0,
    0x0, 0x7f, 0xfe, 0x0, 0xb, 0xff, 0xa0, 0x0,
    0x0, 0x0, 0x0, 0x1f, 0xff, 0x50, 0x2f, 0xff,
    0x40, 0x0, 0x0, 0x0, 0x0, 0xa, 0xff, 0xb0,
    0x8f, 0xfe, 0x0, 0x0, 0x0, 0x0, 0x0, 0x4,
    0xff, 0xf2,

    /* U+00C4 "Ä" */
    0x0, 0x0, 0x1c, 0xe5, 0x0, 0x0, 0xbf, 0x70,
    0x0, 0x0, 0x0, 0x0, 0x6f, 0xfe, 0x0, 0x4,
    0xff, 0xf0, 0x0, 0x0, 0x0, 0x0, 0x2f, 0xfa,
    0x0, 0x1, 0xef, 0xb0, 0x0, 0x0, 0x0, 0x0,
    0x1, 0x30, 0x0, 0x0, 0x13, 0x0, 0x0, 0x0,
    0x0, 0x0, 0x0, 0x0, 0x0, 0x0, 0x0, 0x0,
    0x0, 0x0, 0x0, 0x0, 0x0, 0x0, 0x0, 0x0,
    0x0, 0x0, 0x0, 0x0, 0x0, 0x0, 0x0, 0x2,
    0xff, 0xfb, 0x0, 0x0, 0x0, 0x0, 0x0, 0x0,
    0x0, 0x8, 0xff, 0xff, 0x20, 0x0, 0x0, 0x0,
    0x0, 0x0, 0x0, 0xe, 0xff, 0xff, 0x80, 0x0,
    0x0, 0x0, 0x0, 0x0, 0x0, 0x6f, 0xff, 0xff,
    0xe0, 0x0, 0x0, 0x0, 0x0, 0x0, 0x0, 0xcf,
    0xf8, 0xef, 0xf5, 0x0, 0x0, 0x0, 0x0, 0x0,
    0x3, 0xff, 0xf1, 0x8f, 0xfc, 0x0, 0x0, 0x0,
    0x0, 0x0, 0x9, 0xff, 0xa0, 0x1f, 0xff, 0x30,
    0x0, 0x0, 0x0, 0x0, 0x1f, 0xff, 0x30, 0xa,
    0xff, 0x90, 0x0, 0x0, 0x0, 0x0, 0x6f, 0xfd,
    0x0, 0x3, 0xff, 0xf0, 0x0, 0x0, 0x0, 0x0,
    0xdf, 0xf6, 0x0, 0x0, 0xdf, 0xf6, 0x0, 0x0,
    0x0, 0x4, 0xff, 0xe0, 0x0, 0x0, 0x6f, 0xfd,
    0x0, 0x0, 0x0, 0xa, 0xff, 0xfd, 0xdd, 0xdd,
    0xdf, 0xff, 0x40, 0x0, 0x0, 0x1f, 0xff, 0xff,
    0xff, 0xff, 0xff, 0xff, 0xa0, 0x0, 0x0, 0x7f,
    0xff, 0xff, 0xff, 0xff, 0xff, 0xff, 0xf1, 0x0,
    0x0, 0xef, 0xf6, 0x0, 0x0, 0x0, 0x0, 0xdf,
    0xf7, 0x0, 0x5, 0xff, 0xf0, 0x0, 0x0, 0x0,
    0x0, 0x7f, 0xfe, 0x0, 0xb, 0xff, 0xa0, 0x0,
    0x0, 0x0, 0x0, 0x1f, 0xff, 0x50, 0x2f, 0xff,
    0x40, 0x0, 0x0, 0x0, 0x0, 0xa, 0xff, 0xb0,
    0x8f, 0xfe, 0x0, 0x0, 0x0, 0x0, 0x0, 0x4,
    0xff, 0xf2,

    /* U+00C5 "Å" */
    0x0, 0x0, 0x0, 0x0, 0x8c, 0xb4, 0x0, 0x0,
    0x0, 0x0, 0x0, 0x0, 0x0, 0xb, 0xff, 0xff,
    0x40, 0x0, 0x0, 0x0, 0x0, 0x0, 0x0, 0x2f,
    0xe1, 0x6f, 0xb0, 0x0, 0x0, 0x0, 0x0, 0x0,
    0x0, 0x2f, 0xe0, 0x5f, 0xc0, 0x0, 0x0, 0x0,
    0x0, 0x0, 0x0, 0xc, 0xfe, 0xff, 0x60, 0x0,
    0x0, 0x0, 0x0, 0x0, 0x0, 0x1, 0xaf, 0xe7,
    0x0, 0x0, 0x0, 0x0, 0x0, 0x0, 0x0, 0x0,
    0x0, 0x0, 0x0, 0x0, 0x0, 0x0, 0x0, 0x0,
    0x0, 0x2, 0xff, 0xfb, 0x0, 0x0, 0x0, 0x0,
    0x0, 0x0, 0x0, 0x8, 0xff, 0xff, 0x20, 0x0,
    0x0, 0x0, 0x0, 0x0, 0x0, 0xe, 0xff, 0xff,
    0x80, 0x0, 0x0, 0x0, 0x0, 0x0, 0x0, 0x6f,
    0xff, 0xff, 0xe0, 0x0, 0x0, 0x0, 0x0, 0x0,
    0x0, 0xcf, 0xf8, 0xef, 0xf5, 0x0, 0x0, 0x0,
    0x0, 0x0, 0x3, 0xff, 0xf1, 0x8f, 0xfc, 0x0,
    0x0, 0x0, 0x0, 0x0, 0x9, 0xff, 0xa0, 0x1f,
    0xff, 0x30, 0x0, 0x0, 0x0, 0x0, 0x1f, 0xff,
    0x30, 0xa, 0xff, 0x90, 0x0, 0x0, 0x0, 0x0,
    0x6f, 0xfd, 0x0, 0x3, 0xff, 0xf0, 0x0, 0x0,
    0x0, 0x0, 0xdf, 0xf6, 0x0, 0x0, 0xdf, 0xf6,
    0x0, 0x0, 0x0, 0x4, 0xff, 0xe0, 0x0, 0x0,
    0x6f, 0xfd, 0x0, 0x0, 0x0, 0xa, 0xff, 0xfd,
    0xdd, 0xdd, 0xdf, 0xff, 0x40, 0x0, 0x0, 0x1f,
    0xff, 0xff, 0xff, 0xff, 0xff, 0xff, 0xa0, 0x0,
    0x0, 0x7f, 0xff, 0xff, 0xff, 0xff, 0xff, 0xff,
    0xf1, 0x0, 0x0, 0xef, 0xf6, 0x0, 0x0, 0x0,
    0x0, 0xdf, 0xf7, 0x0, 0x5, 0xff, 0xf0, 0x0,
    0x0, 0x0, 0x0, 0x7f, 0xfe, 0x0, 0xb, 0xff,
    0xa0, 0x0, 0x0, 0x0, 0x0, 0x1f, 0xff, 0x50,
    0x2f, 0xff, 0x40, 0x0, 0x0, 0x0, 0x0, 0xa,
    0xff, 0xb0, 0x8f, 0xfe, 0x0, 0x0, 0x0, 0x0,
    0x0, 0x4, 0xff, 0xf2,

    /* U+00C6 "Æ" */
    0x0, 0x0, 0x0, 0x0, 0x0, 0xa, 0xff, 0xff,
    0xff, 0xff, 0xff, 0xff, 0xff, 0x30, 0x0, 0x0,
    0x0, 0x0, 0x3, 0xff, 0xff, 0xff, 0xff, 0xff,
    0xff, 0xff, 0xf3, 0x0, 0x0, 0x0, 0x0, 0x0,
    0xdf, 0xff, 0xff, 0xfe, 0xee, 0xee, 0xee, 0xee,
    0x20, 0x0, 0x0, 0x0, 0x0, 0x6f, 0xff, 0x2e,
    0xff, 0x60, 0x0, 0x0, 0x0, 0x0, 0x0, 0x0,
    0x0, 0x0, 0x1f, 0xff, 0x70, 0xef, 0xf6, 0x0,
    0x0, 0x0, 0x0, 0x0, 0x0, 0x0, 0x0, 0xa,
    0xff, 0xd0, 0xe, 0xff, 0x60, 0x0, 0x0, 0x0,
    0x0, 0x0, 0x0, 0x0, 0x3, 0xff, 0xf3, 0x0,
    0xef, 0xf6, 0x0, 0x0, 0x0, 0x0, 0x0, 0x0,
    0x0, 0x0, 0xdf, 0xf9, 0x0, 0xe, 0xff, 0x60,
    0x0, 0x0, 0x0, 0x0, 0x0, 0x0, 0x0, 0x7f,
    0xfe, 0x10, 0x0, 0xef, 0xff, 0xff, 0xff, 0xff,
    0xf2, 0x0, 0x0, 0x0, 0x1f, 0xff, 0x50, 0x0,
    0xe, 0xff, 0xff, 0xff, 0xff, 0xff, 0x20, 0x0,
    0x0, 0xa, 0xff, 0xb0, 0x0, 0x0, 0xef, 0xfe,
    0xdd, 0xdd, 0xdd, 0xd2, 0x0, 0x0, 0x3, 0xff,
    0xfe, 0xdd, 0xdd, 0xdf, 0xff, 0x60, 0x0, 0x0,
    0x0, 0x0, 0x0, 0x0, 0xdf, 0xff, 0xff, 0xff,
    0xff, 0xff, 0xf6, 0x0, 0x0, 0x0, 0x0, 0x0,
    0x0, 0x7f, 0xff, 0xff, 0xff, 0xff, 0xff, 0xff,
    0x60, 0x0, 0x0, 0x0, 0x0, 0x0, 0x1f, 0xff,
    0x70, 0x0, 0x0, 0x0, 0xef, 0xf6, 0x0, 0x0,
    0x0, 0x0, 0x0, 0xa, 0xff, 0xd0, 0x0, 0x0,
    0x0, 0xe, 0xff, 0x60, 0x0, 0x0, 0x0, 0x0,
    0x4, 0xff, 0xf5, 0x0, 0x0, 0x0, 0x0, 0xef,
    0xfe, 0xee, 0xee, 0xee, 0xee, 0x40, 0xdf, 0xfc,
    0x0, 0x0, 0x0, 0x0, 0xe, 0xff, 0xff, 0xff,
    0xff, 0xff, 0xf4, 0x7f, 0xff, 0x30, 0x0, 0x0,
    0x0, 0x0, 0xef, 0xff, 0xff, 0xff, 0xff, 0xff,
    0x40,

    /* U+00C7 "Ç" */
    0x0, 0x0, 0x2, 0x8c, 0xef, 0xed, 0x94, 0x0,
    0x0, 0x0, 0x0, 0x9, 0xff, 0xff, 0xff, 0xff,
    0xfc, 0x30, 0x0, 0x0, 0x1d, 0xff, 0xff, 0xfe,
    0xff, 0xff, 0xff, 0x60, 0x0, 0xc, 0xff, 0xfc,
    0x50, 0x0, 0x29, 0xff, 0xff, 0x50, 0x9, 0xff,
    0xf8, 0x0, 0x0, 0x0, 0x3, 0xdf, 0xfe, 0x12,
    0xff, 0xfa, 0x0, 0x0, 0x0, 0x0, 0x2, 0xfc,
    0x60, 0x7f, 0xff, 0x10, 0x0, 0x0, 0x0, 0x0,
    0x1, 0x0, 0xb, 0xff, 0xa0, 0x0, 0x0, 0x0,
    0x0, 0x0, 0x0, 0x0, 0xdf, 0xf8, 0x0, 0x0,
    0x0, 0x0, 0x0, 0x0, 0x0, 0xe, 0xff, 0x60,
    0x0, 0x0, 0x0, 0x0, 0x0, 0x0, 0x0, 0xdf,
    0xf8, 0x0, 0x0, 0x0, 0x0, 0x0, 0x0, 0x0,
    0xb, 0xff, 0xa0, 0x0, 0x0, 0x0, 0x0, 0x0,
    0x0, 0x0, 0x7f, 0xff, 0x10, 0x0, 0x0, 0x0,
    0x0, 0x3, 0x10, 0x2, 0xff, 0xfa, 0x0, 0x0,
    0x0, 0x0, 0x2, 0xff, 0xa2, 0x9, 0xff, 0xf8,
    0x0, 0x0, 0x0, 0x2, 0xef, 0xfe, 0x0, 0xc,
    0xff, 0xfc, 0x50, 0x0, 0x28, 0xff, 0xff, 0x40,
    0x0, 0x1c, 0xff, 0xff, 0xfe, 0xff, 0xff, 0xff,
    0x50, 0x0, 0x0, 0x9, 0xff, 0xff, 0xff, 0xff,
    0xfc, 0x20, 0x0, 0x0, 0x0, 0x2, 0x7c, 0xff,
    0xfd, 0x94, 0x0, 0x0, 0x0, 0x0, 0x0, 0x0,
    0x1f, 0xf4, 0x0, 0x0, 0x0, 0x0, 0x0, 0x0,
    0x0, 0x2, 0x8f, 0xf6, 0x0, 0x0, 0x0, 0x0,
    0x0, 0x0, 0x1, 0x0, 0x9f, 0xc0, 0x0, 0x0,
    0x0, 0x0, 0x0, 0x0, 0xaf, 0xdf, 0xf9, 0x0,
    0x0, 0x0, 0x0, 0x0, 0x0, 0x6, 0xdf, 0xea,
    0x10, 0x0, 0x0, 0x0,

    /* U+00C8 "È" */
    0x0, 0x2e, 0xff, 0x80, 0x0, 0x0, 0x0, 0x0,
    0x1d, 0xff, 0x70, 0x0, 0x0, 0x0, 0x0, 0x1d,
    0xff, 0x60, 0x0, 0x0, 0x0, 0x0, 0x17, 0x87,
    0x10, 0x0, 0x0, 0x0, 0x0, 0x0, 0x0, 0x0,
    0xa, 0xff, 0xff, 0xff, 0xff, 0xff, 0xf6, 0xaf,
    0xff, 0xff, 0xff, 0xff, 0xff, 0x6a, 0xff, 0xfe,
    0xee, 0xee, 0xee, 0xe5, 0xaf, 0xf9, 0x0, 0x0,
    0x0, 0x0, 0xa, 0xff, 0x90, 0x0, 0x0, 0x0,
    0x0, 0xaf, 0xf9, 0x0, 0x0, 0x0, 0x0, 0xa,
    0xff, 0x90, 0x0, 0x0, 0x0, 0x0, 0xaf, 0xf9,
    0x0, 0x0, 0x0, 0x0, 0xa, 0xff, 0xff, 0xff,
    0xff, 0xff, 0x50, 0xaf, 0xff, 0xff, 0xff, 0xff,
    0xf5, 0xa, 0xff, 0xed, 0xdd, 0xdd, 0xdd, 0x40,
    0xaf, 0xf9, 0x0, 0x0, 0x0, 0x0, 0xa, 0xff,
    0x90, 0x0, 0x0, 0x0, 0x0, 0xaf, 0xf9, 0x0,
    0x0, 0x0, 0x0, 0xa, 0xff, 0x90, 0x0, 0x0,
    0x0, 0x0, 0xaf, 0xf9, 0x0, 0x0, 0x0, 0x0,
    0xa, 0xff, 0xfe, 0xee, 0xee, 0xee, 0xe6, 0xaf,
    0xff, 0xff, 0xff, 0xff, 0xff, 0x7a, 0xff, 0xff,
    0xff, 0xff, 0xff, 0xf7,

    /* U+00C9 "É" */
    0x0, 0x0, 0x0, 0x2e, 0xff, 0x80, 0x0, 0x0,
    0x0, 0x1d, 0xff, 0x80, 0x0, 0x0, 0x0, 0x1d,
    0xff, 0x80, 0x0, 0x0, 0x0, 0x4, 0x88, 0x50,
    0x0, 0x0, 0x0, 0x0, 0x0, 0x0, 0x0, 0x0,
    0xa, 0xff, 0xff, 0xff, 0xff, 0xff, 0xf6, 0xaf,
    0xff, 0xff, 0xff, 0xff, 0xff, 0x6a, 0xff, 0xfe,
    0xee, 0xee, 0xee, 0xe5, 0xaf, 0xf9, 0x0, 0x0,
    0x0, 0x0, 0xa, 0xff, 0x90, 0x0, 0x0, 0x0,
    0x0, 0xaf, 0xf9, 0x0, 0x0, 0x0, 0x0, 0xa,
    0xff, 0x90, 0x0, 0x0, 0x0, 0x0, 0xaf, 0xf9,
    0x0, 0x0, 0x0, 0x0, 0xa, 0xff, 0xff, 0xff,
    0xff, 0xff, 0x50, 0xaf, 0xff, 0xff, 0xff, 0xff,
    0xf5, 0xa, 0xff, 0xed, 0xdd, 0xdd, 0xdd, 0x40,
    0xaf, 0xf9, 0x0, 0x0, 0x0, 0x0, 0xa, 0xff,
    0x90, 0x0, 0x0, 0x0, 0x0, 0xaf, 0xf9, 0x0,
    0x0, 0x0, 0x0, 0xa, 0xff, 0x90, 0x0, 0x0,
    0x0, 0x0, 0xaf, 0xf9, 0x0, 0x0, 0x0, 0x0,
    0xa, 0xff, 0xfe, 0xee, 0xee, 0xee, 0xe6, 0xaf,
    0xff, 0xff, 0xff, 0xff, 0xff, 0x7a, 0xff, 0xff,
    0xff, 0xff, 0xff, 0xf7,

    /* U+00CA "Ê" */
    0x0, 0x0, 0x58, 0x88, 0x10, 0x0, 0x0, 0x0,
    0x6f, 0xff, 0xfd, 0x10, 0x0, 0x0, 0x6f, 0xfc,
    0x6f, 0xfd, 0x10, 0x0, 0x5f, 0xfb, 0x0, 0x3e,
    0xfd, 0x10, 0x0, 0x0, 0x0, 0x0, 0x0, 0x0,
    0x0, 0x0, 0x0, 0x0, 0x0, 0x0, 0x0, 0xaf,
    0xff, 0xff, 0xff, 0xff, 0xff, 0x6a, 0xff, 0xff,
    0xff, 0xff, 0xff, 0xf6, 0xaf, 0xff, 0xee, 0xee,
    0xee, 0xee, 0x5a, 0xff, 0x90, 0x0, 0x0, 0x0,
    0x0, 0xaf, 0xf9, 0x0, 0x0, 0x0, 0x0, 0xa,
    0xff, 0x90, 0x0, 0x0, 0x0, 0x0, 0xaf, 0xf9,
    0x0, 0x0, 0x0, 0x0, 0xa, 0xff, 0x90, 0x0,
    0x0, 0x0, 0x0, 0xaf, 0xff, 0xff, 0xff, 0xff,
    0xf5, 0xa, 0xff, 0xff, 0xff, 0xff, 0xff, 0x50,
    0xaf, 0xfe, 0xdd, 0xdd, 0xdd, 0xd4, 0xa, 0xff,
    0x90, 0x0, 0x0, 0x0, 0x0, 0xaf, 0xf9, 0x0,
    0x0, 0x0, 0x0, 0xa, 0xff, 0x90, 0x0, 0x0,
    0x0, 0x0, 0xaf, 0xf9, 0x0, 0x0, 0x0, 0x0,
    0xa, 0xff, 0x90, 0x0, 0x0, 0x0, 0x0, 0xaf,
    0xff, 0xee, 0xee, 0xee, 0xee, 0x6a, 0xff, 0xff,
    0xff, 0xff, 0xff, 0xf7, 0xaf, 0xff, 0xff, 0xff,
    0xff, 0xff, 0x70,

    /* U+00CB "Ë" */
    0x5, 0xec, 0x10, 0x0, 0x3e, 0xd2, 0x0, 0xcf,
    0xf7, 0x0, 0xb, 0xff, 0x90, 0x8, 0xff, 0x30,
    0x0, 0x7f, 0xf5, 0x0, 0x3, 0x20, 0x0, 0x0,
    0x32, 0x0, 0x0, 0x0, 0x0, 0x0, 0x0, 0x0,
    0x0, 0x0, 0x0, 0x0, 0x0, 0x0, 0x0, 0xaf,
    0xff, 0xff, 0xff, 0xff, 0xff, 0x6a, 0xff, 0xff,
    0xff, 0xff, 0xff, 0xf6, 0xaf, 0xff, 0xee, 0xee,
    0xee, 0xee, 0x5a, 0xff, 0x90, 0x0, 0x0, 0x0,
    0x0, 0xaf, 0xf9, 0x0, 0x0, 0x0, 0x0, 0xa,
    0xff, 0x90, 0x0, 0x0, 0x0, 0x0, 0xaf, 0xf9,
    0x0, 0x0, 0x0, 0x0, 0xa, 0xff, 0x90, 0x0,
    0x0, 0x0, 0x0, 0xaf, 0xff, 0xff, 0xff, 0xff,
    0xf5, 0xa, 0xff, 0xff, 0xff, 0xff, 0xff, 0x50,
    0xaf, 0xfe, 0xdd, 0xdd, 0xdd, 0xd4, 0xa, 0xff,
    0x90, 0x0, 0x0, 0x0, 0x0, 0xaf, 0xf9, 0x0,
    0x0, 0x0, 0x0, 0xa, 0xff, 0x90, 0x0, 0x0,
    0x0, 0x0, 0xaf, 0xf9, 0x0, 0x0, 0x0, 0x0,
    0xa, 0xff, 0x90, 0x0, 0x0, 0x0, 0x0, 0xaf,
    0xff, 0xee, 0xee, 0xee, 0xee, 0x6a, 0xff, 0xff,
    0xff, 0xff, 0xff, 0xf7, 0xaf, 0xff, 0xff, 0xff,
    0xff, 0xff, 0x70,

    /* U+00CC "Ì" */
    0x6f, 0xff, 0x30, 0x0, 0x6f, 0xfe, 0x20, 0x0,
    0x5f, 0xfe, 0x20, 0x0, 0x48, 0x85, 0x0, 0x0,
    0x0, 0x0, 0xa, 0xff, 0x90, 0x0, 0xaf, 0xf9,
    0x0, 0xa, 0xff, 0x90, 0x0, 0xaf, 0xf9, 0x0,
    0xa, 0xff, 0x90, 0x0, 0xaf, 0xf9, 0x0, 0xa,
    0xff, 0x90, 0x0, 0xaf, 0xf9, 0x0, 0xa, 0xff,
    0x90, 0x0, 0xaf, 0xf9, 0x0, 0xa, 0xff, 0x90,
    0x0, 0xaf, 0xf9, 0x0, 0xa, 0xff, 0x90, 0x0,
    0xaf, 0xf9, 0x0, 0xa, 0xff, 0x90, 0x0, 0xaf,
    0xf9, 0x0, 0xa, 0xff, 0x90, 0x0, 0xaf, 0xf9,
    0x0, 0xa, 0xff, 0x90,

    /* U+00CD "Í" */
    0x0, 0x7, 0xff, 0xe3, 0x0, 0x5f, 0xfe, 0x30,
    0x4, 0xff, 0xe2, 0x0, 0x7, 0x88, 0x20, 0x0,
    0x0, 0x0, 0x0, 0x0, 0xa, 0xff, 0x90, 0x0,
    0xa, 0xff, 0x90, 0x0, 0xa, 0xff, 0x90, 0x0,
    0xa, 0xff, 0x90, 0x0, 0xa, 0xff, 0x90, 0x0,
    0xa, 0xff, 0x90, 0x0, 0xa, 0xff, 0x90, 0x0,
    0xa, 0xff, 0x90, 0x0, 0xa, 0xff, 0x90, 0x0,
    0xa, 0xff, 0x90, 0x0, 0xa, 0xff, 0x90, 0x0,
    0xa, 0xff, 0x90, 0x0, 0xa, 0xff, 0x90, 0x0,
    0xa, 0xff, 0x90, 0x0, 0xa, 0xff, 0x90, 0x0,
    0xa, 0xff, 0x90, 0x0, 0xa, 0xff, 0x90, 0x0,
    0xa, 0xff, 0x90, 0x0, 0xa, 0xff, 0x90, 0x0,

    /* U+00CE "Î" */
    0x0, 0x0, 0x78, 0x86, 0x0, 0x0, 0x0, 0xc,
    0xff, 0xff, 0x90, 0x0, 0x0, 0xbf, 0xf7, 0xaf,
    0xf8, 0x0, 0xb, 0xff, 0x50, 0x8, 0xff, 0x80,
    0x0, 0x0, 0x0, 0x0, 0x0, 0x0, 0x0, 0x0,
    0x0, 0x0, 0x0, 0x0, 0x0, 0x0, 0xaf, 0xf9,
    0x0, 0x0, 0x0, 0x0, 0xaf, 0xf9, 0x0, 0x0,
    0x0, 0x0, 0xaf, 0xf9, 0x0, 0x0, 0x0, 0x0,
    0xaf, 0xf9, 0x0, 0x0, 0x0, 0x0, 0xaf, 0xf9,
    0x0, 0x0, 0x0, 0x0, 0xaf, 0xf9, 0x0, 0x0,
    0x0, 0x0, 0xaf, 0xf9, 0x0, 0x0, 0x0, 0x0,
    0xaf, 0xf9, 0x0, 0x0, 0x0, 0x0, 0xaf, 0xf9,
    0x0, 0x0, 0x0, 0x0, 0xaf, 0xf9, 0x0, 0x0,
    0x0, 0x0, 0xaf, 0xf9, 0x0, 0x0, 0x0, 0x0,
    0xaf, 0xf9, 0x0, 0x0, 0x0, 0x0, 0xaf, 0xf9,
    0x0, 0x0, 0x0, 0x0, 0xaf, 0xf9, 0x0, 0x0,
    0x0, 0x0, 0xaf, 0xf9, 0x0, 0x0, 0x0, 0x0,
    0xaf, 0xf9, 0x0, 0x0, 0x0, 0x0, 0xaf, 0xf9,
    0x0, 0x0, 0x0, 0x0, 0xaf, 0xf9, 0x0, 0x0,
    0x0, 0x0, 0xaf, 0xf9, 0x0, 0x0,

    /* U+00CF "Ï" */
    0x4e, 0xd2, 0xc, 0xf6, 0xbf, 0xf9, 0x6f, 0xfe,
    0x7f, 0xf5, 0x2f, 0xfa, 0x3, 0x20, 0x1, 0x30,
    0x0, 0x0, 0x0, 0x0, 0x0, 0x0, 0x0, 0x0,
    0x0, 0xaf, 0xf9, 0x0, 0x0, 0xaf, 0xf9, 0x0,
    0x0, 0xaf, 0xf9, 0x0, 0x0, 0xaf, 0xf9, 0x0,
    0x0, 0xaf, 0xf9, 0x0, 0x0, 0xaf, 0xf9, 0x0,
    0x0, 0xaf, 0xf9, 0x0, 0x0, 0xaf, 0xf9, 0x0,
    0x0, 0xaf, 0xf9, 0x0, 0x0, 0xaf, 0xf9, 0x0,
    0x0, 0xaf, 0xf9, 0x0, 0x0, 0xaf, 0xf9, 0x0,
    0x0, 0xaf, 0xf9, 0x0, 0x0, 0xaf, 0xf9, 0x0,
    0x0, 0xaf, 0xf9, 0x0, 0x0, 0xaf, 0xf9, 0x0,
    0x0, 0xaf, 0xf9, 0x0, 0x0, 0xaf, 0xf9, 0x0,
    0x0, 0xaf, 0xf9, 0x0,

    /* U+00D0 "Ð" */
    0x0, 0x3f, 0xff, 0xff, 0xff, 0xeb, 0x71, 0x0,
    0x0, 0x0, 0x3, 0xff, 0xff, 0xff, 0xff, 0xff,
    0xf7, 0x0, 0x0, 0x0, 0x3f, 0xff, 0xff, 0xff,
    0xff, 0xff, 0xfc, 0x10, 0x0, 0x3, 0xff, 0xf1,
    0x0, 0x2, 0x7e, 0xff, 0xfb, 0x0, 0x0, 0x3f,
    0xff, 0x10, 0x0, 0x0, 0x1b, 0xff, 0xf8, 0x0,
    0x3, 0xff, 0xf1, 0x0, 0x0, 0x0, 0xd, 0xff,
    0xf1, 0x0, 0x3f, 0xff, 0x10, 0x0, 0x0, 0x0,
    0x3f, 0xff, 0x60, 0x3, 0xff, 0xf1, 0x0, 0x0,
    0x0, 0x0, 0xdf, 0xfa, 0x3f, 0xff, 0xff, 0xff,
    0xfd, 0x0, 0x0, 0x9, 0xff, 0xc3, 0xff, 0xff,
    0xff, 0xff, 0xd0, 0x0, 0x0, 0x8f, 0xfd, 0x16,
    0x7f, 0xff, 0x66, 0x65, 0x0, 0x0, 0x9, 0xff,
    0xc0, 0x3, 0xff, 0xf1, 0x0, 0x0, 0x0, 0x0,
    0xdf, 0xfa, 0x0, 0x3f, 0xff, 0x10, 0x0, 0x0,
    0x0, 0x3f, 0xff, 0x60, 0x3, 0xff, 0xf1, 0x0,
    0x0, 0x0, 0xd, 0xff, 0xf1, 0x0, 0x3f, 0xff,
    0x10, 0x0, 0x0, 0x1b, 0xff, 0xf7, 0x0, 0x3,
    0xff, 0xf1, 0x0, 0x2, 0x7e, 0xff, 0xfb, 0x0,
    0x0, 0x3f, 0xff, 0xff, 0xff, 0xff, 0xff, 0xfb,
    0x10, 0x0, 0x3, 0xff, 0xff, 0xff, 0xff, 0xff,
    0xf7, 0x0, 0x0, 0x0, 0x3f, 0xff, 0xff, 0xff,
    0xeb, 0x71, 0x0, 0x0, 0x0,

    /* U+00D1 "Ñ" */
    0x0, 0x0, 0x5, 0xdf, 0xc3, 0x0, 0x11, 0x0,
    0x0, 0x0, 0x0, 0x3f, 0xff, 0xff, 0x34, 0xff,
    0x0, 0x0, 0x0, 0x0, 0x9f, 0xc2, 0xbf, 0xff,
    0xfa, 0x0, 0x0, 0x0, 0x0, 0x12, 0x10, 0xa,
    0xff, 0xb1, 0x0, 0x0, 0x0, 0x0, 0x0, 0x0,
    0x0, 0x0, 0x0, 0x0, 0x0, 0xaf, 0xfe, 0x20,
    0x0, 0x0, 0x0, 0x0, 0xef, 0xf5, 0xaf, 0xff,
    0xc0, 0x0, 0x0, 0x0, 0x0, 0xef, 0xf5, 0xaf,
    0xff, 0xf9, 0x0, 0x0, 0x0, 0x0, 0xef, 0xf5,
    0xaf, 0xff, 0xff, 0x50, 0x0, 0x0, 0x0, 0xef,
    0xf5, 0xaf, 0xff, 0xff, 0xf2, 0x0, 0x0, 0x0,
    0xef, 0xf5, 0xaf, 0xfb, 0xff, 0xfd, 0x0, 0x0,
    0x0, 0xef, 0xf5, 0xaf, 0xf9, 0x5f, 0xff, 0x90,
    0x0, 0x0, 0xef, 0xf5, 0xaf, 0xf9, 0x9, 0xff,
    0xf5, 0x0, 0x0, 0xef, 0xf5, 0xaf, 0xf9, 0x0,
    0xdf, 0xff, 0x20, 0x0, 0xef, 0xf5, 0xaf, 0xf9,
    0x0, 0x2f, 0xff, 0xd0, 0x0, 0xef, 0xf5, 0xaf,
    0xf9, 0x0, 0x5, 0xff, 0xfa, 0x0, 0xef, 0xf5,
    0xaf, 0xf9, 0x0, 0x0, 0x9f, 0xff, 0x60, 0xef,
    0xf5, 0xaf, 0xf9, 0x0, 0x0, 0xc, 0xff, 0xf3,
    0xef, 0xf5, 0xaf, 0xf9, 0x0, 0x0, 0x2, 0xef,
    0xfd, 0xef, 0xf5, 0xaf, 0xf9, 0x0, 0x0, 0x0,
    0x5f, 0xff, 0xff, 0xf5, 0xaf, 0xf9, 0x0, 0x0,
    0x0, 0x8, 0xff, 0xff, 0xf5, 0xaf, 0xf9, 0x0,
    0x0, 0x0, 0x0, 0xcf, 0xff, 0xf5, 0xaf, 0xf9,
    0x0, 0x0, 0x0, 0x0, 0x1e, 0xff, 0xf5, 0xaf,
    0xf9, 0x0, 0x0, 0x0, 0x0, 0x4, 0xff, 0xf5,

    /* U+00D2 "Ò" */
    0x0, 0x0, 0x0, 0x58, 0x87, 0x0, 0x0, 0x0,
    0x0, 0x0, 0x0, 0x0, 0x0, 0x1d, 0xff, 0xa0,
    0x0, 0x0, 0x0, 0x0, 0x0, 0x0, 0x0, 0x1,
    0xcf, 0xf9, 0x0, 0x0, 0x0, 0x0, 0x0, 0x0,
    0x0, 0x0, 0xc, 0xff, 0x80, 0x0, 0x0, 0x0,
    0x0, 0x0, 0x0, 0x0, 0x0, 0x0, 0x0, 0x0,
    0x0, 0x0, 0x0, 0x0, 0x0, 0x0, 0x0, 0x0,
    0x0, 0x0, 0x0, 0x0, 0x0, 0x0, 0x1, 0x7b,
    0xef, 0xfe, 0xb7, 0x10, 0x0, 0x0, 0x0, 0x0,
    0x8f, 0xff, 0xff, 0xff, 0xff, 0xf7, 0x0, 0x0,
    0x0, 0x1c, 0xff, 0xff, 0xff, 0xff, 0xff, 0xff,
    0xb1, 0x0, 0x0, 0xcf, 0xff, 0xd6, 0x10, 0x1,
    0x6d, 0xff, 0xfb, 0x0, 0x9, 0xff, 0xf9, 0x0,
    0x0, 0x0, 0x0, 0xaf, 0xff, 0x70, 0x1f, 0xff,
    0xa0, 0x0, 0x0, 0x0, 0x0, 0xc, 0xff, 0xf1,
    0x7f, 0xff, 0x10, 0x0, 0x0, 0x0, 0x0, 0x2,
    0xff, 0xf6, 0xbf, 0xfb, 0x0, 0x0, 0x0, 0x0,
    0x0, 0x0, 0xcf, 0xfa, 0xdf, 0xf8, 0x0, 0x0,
    0x0, 0x0, 0x0, 0x0, 0x9f, 0xfc, 0xef, 0xf6,
    0x0, 0x0, 0x0, 0x0, 0x0, 0x0, 0x8f, 0xfd,
    0xdf, 0xf8, 0x0, 0x0, 0x0, 0x0, 0x0, 0x0,
    0x9f, 0xfc, 0xbf, 0xfb, 0x0, 0x0, 0x0, 0x0,
    0x0, 0x0, 0xcf, 0xfa, 0x7f, 0xff, 0x10, 0x0,
    0x0, 0x0, 0x0, 0x2, 0xff, 0xf6, 0x1f, 0xff,
    0xb0, 0x0, 0x0, 0x0, 0x0, 0xb, 0xff, 0xf1,
    0x9, 0xff, 0xf9, 0x0, 0x0, 0x0, 0x0, 0xaf,
    0xff, 0x70, 0x0, 0xcf, 0xff, 0xd6, 0x10, 0x1,
    0x6d, 0xff, 0xfb, 0x0, 0x0, 0x1c, 0xff, 0xff,
    0xff, 0xff, 0xff, 0xff, 0xc1, 0x0, 0x0, 0x0,
    0x8f, 0xff, 0xff, 0xff, 0xff, 0xf7, 0x0, 0x0,
    0x0, 0x0, 0x1, 0x7b, 0xef, 0xfe, 0xb7, 0x10,
    0x0, 0x0,

    /* U+00D3 "Ó" */
    0x0, 0x0, 0x0, 0x0, 0x0, 0x6f, 0xff, 0x40,
    0x0, 0x0, 0x0, 0x0, 0x0, 0x0, 0x5, 0xff,
    0xf4, 0x0, 0x0, 0x0, 0x0, 0x0, 0x0, 0x0,
    0x5f, 0xfe, 0x30, 0x0, 0x0, 0x0, 0x0, 0x0,
    0x0, 0x0, 0x78, 0x82, 0x0, 0x0, 0x0, 0x0,
    0x0, 0x0, 0x0, 0x0, 0x0, 0x0, 0x0, 0x0,
    0x0, 0x0, 0x0, 0x0, 0x1, 0x7b, 0xef, 0xfe,
    0xb7, 0x10, 0x0, 0x0, 0x0, 0x0, 0x8f, 0xff,
    0xff, 0xff, 0xff, 0xf7, 0x0, 0x0, 0x0, 0x1c,
    0xff, 0xff, 0xff, 0xff, 0xff, 0xff, 0xb1, 0x0,
    0x0, 0xcf, 0xff, 0xd6, 0x10, 0x1, 0x6d, 0xff,
    0xfb, 0x0, 0x9, 0xff, 0xf9, 0x0, 0x0, 0x0,
    0x0, 0xaf, 0xff, 0x70, 0x1f, 0xff, 0xa0, 0x0,
    0x0, 0x0, 0x0, 0xc, 0xff, 0xf1, 0x7f, 0xff,
    0x10, 0x0, 0x0, 0x0, 0x0, 0x2, 0xff, 0xf6,
    0xbf, 0xfb, 0x0, 0x0, 0x0, 0x0, 0x0, 0x0,
    0xcf, 0xfa, 0xdf, 0xf8, 0x0, 0x0, 0x0, 0x0,
    0x0, 0x0, 0x9f, 0xfc, 0xef, 0xf6, 0x0, 0x0,
    0x0, 0x0, 0x0, 0x0, 0x8f, 0xfd, 0xdf, 0xf8,
    0x0, 0x0, 0x0, 0x0, 0x0, 0x0, 0x9f, 0xfc,
    0xbf, 0xfb, 0x0, 0x0, 0x0, 0x0, 0x0, 0x0,
    0xcf, 0xfa, 0x7f, 0xff, 0x10, 0x0, 0x0, 0x0,
    0x0, 0x2, 0xff, 0xf6, 0x1f, 0xff, 0xb0, 0x0,
    0x0, 0x0, 0x0, 0xb, 0xff, 0xf1, 0x9, 0xff,
    0xf9, 0x0, 0x0, 0x0, 0x0, 0xaf, 0xff, 0x70,
    0x0, 0xcf, 0xff, 0xd6, 0x10, 0x1, 0x6d, 0xff,
    0xfb, 0x0, 0x0, 0x1c, 0xff, 0xff, 0xff, 0xff,
    0xff, 0xff, 0xc1, 0x0, 0x0, 0x0, 0x8f, 0xff,
    0xff, 0xff, 0xff, 0xf7, 0x0, 0x0, 0x0, 0x0,
    0x1, 0x7b, 0xef, 0xfe, 0xb7, 0x10, 0x0, 0x0,

    /* U+00D4 "Ô" */
    0x0, 0x0, 0x0, 0x4, 0xff, 0xfe, 0x10, 0x0,
    0x0, 0x0, 0x0, 0x0, 0x0, 0x2f, 0xff, 0xff,
    0xd0, 0x0, 0x0, 0x0, 0x0, 0x0, 0x1, 0xef,
    0xf4, 0x7f, 0xfb, 0x0, 0x0, 0x0, 0x0, 0x0,
    0xc, 0xff, 0x40, 0x7, 0xff, 0x90, 0x0, 0x0,
    0x0, 0x0, 0x0, 0x0, 0x0, 0x0, 0x0, 0x0,
    0x0, 0x0, 0x0, 0x0, 0x0, 0x0, 0x0, 0x0,
    0x0, 0x0, 0x0, 0x0, 0x0, 0x0, 0x1, 0x7b,
    0xef, 0xfe, 0xb7, 0x10, 0x0, 0x0, 0x0, 0x0,
    0x8f, 0xff, 0xff, 0xff, 0xff, 0xf7, 0x0, 0x0,
    0x0, 0x1c, 0xff, 0xff, 0xff, 0xff, 0xff, 0xff,
    0xb1, 0x0, 0x0, 0xcf, 0xff, 0xd6, 0x10, 0x1,
    0x6d, 0xff, 0xfb, 0x0, 0x9, 0xff, 0xf9, 0x0,
    0x0, 0x0, 0x0, 0xaf, 0xff, 0x70, 0x1f, 0xff,
    0xa0, 0x0, 0x0, 0x0, 0x0, 0xc, 0xff, 0xf1,
    0x7f, 0xff, 0x10, 0x0, 0x0, 0x0, 0x0, 0x2,
    0xff, 0xf6, 0xbf, 0xfb, 0x0, 0x0, 0x0, 0x0,
    0x0, 0x0, 0xcf, 0xfa, 0xdf, 0xf8, 0x0, 0x0,
    0x0, 0x0, 0x0, 0x0, 0x9f, 0xfc, 0xef, 0xf6,
    0x0, 0x0, 0x0, 0x0, 0x0, 0x0, 0x8f, 0xfd,
    0xdf, 0xf8, 0x0, 0x0, 0x0, 0x0, 0x0, 0x0,
    0x9f, 0xfc, 0xbf, 0xfb, 0x0, 0x0, 0x0, 0x0,
    0x0, 0x0, 0xcf, 0xfa, 0x7f, 0xff, 0x10, 0x0,
    0x0, 0x0, 0x0, 0x2, 0xff, 0xf6, 0x1f, 0xff,
    0xb0, 0x0, 0x0, 0x0, 0x0, 0xb, 0xff, 0xf1,
    0x9, 0xff, 0xf9, 0x0, 0x0, 0x0, 0x0, 0xaf,
    0xff, 0x70, 0x0, 0xcf, 0xff, 0xd6, 0x10, 0x1,
    0x6d, 0xff, 0xfb, 0x0, 0x0, 0x1c, 0xff, 0xff,
    0xff, 0xff, 0xff, 0xff, 0xc1, 0x0, 0x0, 0x0,
    0x8f, 0xff, 0xff, 0xff, 0xff, 0xf7, 0x0, 0x0,
    0x0, 0x0, 0x1, 0x7b, 0xef, 0xfe, 0xb7, 0x10,
    0x0, 0x0,

    /* U+00D5 "Õ" */
    0x0, 0x0, 0x0, 0x3c, 0xfe, 0x50, 0x0, 0x10,
    0x0, 0x0, 0x0, 0x0, 0x0, 0xef, 0xff, 0xf6,
    0x1f, 0xf3, 0x0, 0x0, 0x0, 0x0, 0x5, 0xfe,
    0x39, 0xff, 0xff, 0xd0, 0x0, 0x0, 0x0, 0x0,
    0x1, 0x21, 0x0, 0x8f, 0xfc, 0x20, 0x0, 0x0,
    0x0, 0x0, 0x0, 0x0, 0x0, 0x0, 0x0, 0x0,
    0x0, 0x0, 0x0, 0x0, 0x0, 0x0, 0x0, 0x0,
    0x0, 0x0, 0x0, 0x0, 0x0, 0x0, 0x1, 0x7b,
    0xef, 0xfe, 0xb7, 0x10, 0x0, 0x0, 0x0, 0x0,
    0x8f, 0xff, 0xff, 0xff, 0xff, 0xf7, 0x0, 0x0,
    0x0, 0x1c, 0xff, 0xff, 0xff, 0xff, 0xff, 0xff,
    0xb1, 0x0, 0x0, 0xcf, 0xff, 0xd6, 0x10, 0x1,
    0x6d, 0xff, 0xfb, 0x0, 0x9, 0xff, 0xf9, 0x0,
    0x0, 0x0, 0x0, 0xaf, 0xff, 0x70, 0x1f, 0xff,
    0xa0, 0x0, 0x0, 0x0, 0x0, 0xc, 0xff, 0xf1,
    0x7f, 0xff, 0x10, 0x0, 0x0, 0x0, 0x0, 0x2,
    0xff, 0xf6, 0xbf, 0xfb, 0x0, 0x0, 0x0, 0x0,
    0x0, 0x0, 0xcf, 0xfa, 0xdf, 0xf8, 0x0, 0x0,
    0x0, 0x0, 0x0, 0x0, 0x9f, 0xfc, 0xef, 0xf6,
    0x0, 0x0, 0x0, 0x0, 0x0, 0x0, 0x8f, 0xfd,
    0xdf, 0xf8, 0x0, 0x0, 0x0, 0x0, 0x0, 0x0,
    0x9f, 0xfc, 0xbf, 0xfb, 0x0, 0x0, 0x0, 0x0,
    0x0, 0x0, 0xcf, 0xfa, 0x7f, 0xff, 0x10, 0x0,
    0x0, 0x0, 0x0, 0x2, 0xff, 0xf6, 0x1f, 0xff,
    0xb0, 0x0, 0x0, 0x0, 0x0, 0xb, 0xff, 0xf1,
    0x9, 0xff, 0xf9, 0x0, 0x0, 0x0, 0x0, 0xaf,
    0xff, 0x70, 0x0, 0xcf, 0xff, 0xd6, 0x10, 0x1,
    0x6d, 0xff, 0xfb, 0x0, 0x0, 0x1c, 0xff, 0xff,
    0xff, 0xff, 0xff, 0xff, 0xc1, 0x0, 0x0, 0x0,
    0x8f, 0xff, 0xff, 0xff, 0xff, 0xf7, 0x0, 0x0,
    0x0, 0x0, 0x1, 0x7b, 0xef, 0xfe, 0xb7, 0x10,
    0x0, 0x0,

    /* U+00D6 "Ö" */
    0x0, 0x0, 0xa, 0xf8, 0x0, 0x0, 0x9f, 0x90,
    0x0, 0x0, 0x0, 0x0, 0x3f, 0xff, 0x0, 0x1,
    0xff, 0xf2, 0x0, 0x0, 0x0, 0x0, 0x1e, 0xfc,
    0x0, 0x0, 0xdf, 0xd0, 0x0, 0x0, 0x0, 0x0,
    0x1, 0x30, 0x0, 0x0, 0x4, 0x0, 0x0, 0x0,
    0x0, 0x0, 0x0, 0x0, 0x0, 0x0, 0x0, 0x0,
    0x0, 0x0, 0x0, 0x0, 0x0, 0x0, 0x0, 0x0,
    0x0, 0x0, 0x0, 0x0, 0x0, 0x0, 0x1, 0x7b,
    0xef, 0xfe, 0xb7, 0x10, 0x0, 0x0, 0x0, 0x0,
    0x8f, 0xff, 0xff, 0xff, 0xff, 0xf7, 0x0, 0x0,
    0x0, 0x1c, 0xff, 0xff, 0xff, 0xff, 0xff, 0xff,
    0xb1, 0x0, 0x0, 0xcf, 0xff, 0xd6, 0x10, 0x1,
    0x6d, 0xff, 0xfb, 0x0, 0x9, 0xff, 0xf9, 0x0,
    0x0, 0x0, 0x0, 0xaf, 0xff, 0x70, 0x1f, 0xff,
    0xa0, 0x0, 0x0, 0x0, 0x0, 0xc, 0xff, 0xf1,
    0x7f, 0xff, 0x10, 0x0, 0x0, 0x0, 0x0, 0x2,
    0xff, 0xf6, 0xbf, 0xfb, 0x0, 0x0, 0x0, 0x0,
    0x0, 0x0, 0xcf, 0xfa, 0xdf, 0xf8, 0x0, 0x0,
    0x0, 0x0, 0x0, 0x0, 0x9f, 0xfc, 0xef, 0xf6,
    0x0, 0x0, 0x0, 0x0, 0x0, 0x0, 0x8f, 0xfd,
    0xdf, 0xf8, 0x0, 0x0, 0x0, 0x0, 0x0, 0x0,
    0x9f, 0xfc, 0xbf, 0xfb, 0x0, 0x0, 0x0, 0x0,
    0x0, 0x0, 0xcf, 0xfa, 0x7f, 0xff, 0x10, 0x0,
    0x0, 0x0, 0x0, 0x2, 0xff, 0xf6, 0x1f, 0xff,
    0xb0, 0x0, 0x0, 0x0, 0x0, 0xb, 0xff, 0xf1,
    0x9, 0xff, 0xf9, 0x0, 0x0, 0x0, 0x0, 0xaf,
    0xff, 0x70, 0x0, 0xcf, 0xff, 0xd6, 0x10, 0x1,
    0x6d, 0xff, 0xfb, 0x0, 0x0, 0x1c, 0xff, 0xff,
    0xff, 0xff, 0xff, 0xff, 0xc1, 0x0, 0x0, 0x0,
    0x8f, 0xff, 0xff, 0xff, 0xff, 0xf7, 0x0, 0x0,
    0x0, 0x0, 0x1, 0x7b, 0xef, 0xfe, 0xb7, 0x10,
    0x0, 0x0,

    /* U+00D7 "×" */
    0x4, 0x20, 0x0, 0x0, 0x6, 0x0, 0x4f, 0xe3,
    0x0, 0x0, 0x8f, 0xc0, 0x7f, 0xfe, 0x30, 0x9,
    0xff, 0xe2, 0x6, 0xff, 0xf3, 0x9f, 0xfe, 0x20,
    0x0, 0x6f, 0xff, 0xff, 0xd1, 0x0, 0x0, 0x6,
    0xff, 0xfd, 0x10, 0x0, 0x0, 0xa, 0xff, 0xff,
    0x40, 0x0, 0x0, 0xaf, 0xfd, 0xff, 0xf4, 0x0,
    0xa, 0xff, 0xc1, 0x5f, 0xff, 0x50, 0x9f, 0xfc,
    0x10, 0x4, 0xff, 0xf3, 0x1d, 0xc0, 0x0, 0x0,
    0x4f, 0x80, 0x1, 0x0, 0x0, 0x0, 0x2, 0x0,

    /* U+00D8 "Ø" */
    0x0, 0x0, 0x0, 0x17, 0xbe, 0xff, 0xeb, 0x71,
    0x6, 0xff, 0xa0, 0x0, 0x0, 0x8, 0xff, 0xff,
    0xff, 0xff, 0xff, 0xaf, 0xfd, 0x0, 0x0, 0x1,
    0xcf, 0xff, 0xff, 0xff, 0xff, 0xff, 0xff, 0xe2,
    0x0, 0x0, 0xc, 0xff, 0xfd, 0x61, 0x0, 0x15,
    0xdf, 0xff, 0xc0, 0x0, 0x0, 0x8f, 0xff, 0x90,
    0x0, 0x0, 0x0, 0xcf, 0xff, 0xf6, 0x0, 0x1,
    0xff, 0xfb, 0x0, 0x0, 0x0, 0xb, 0xff, 0xdf,
    0xfe, 0x0, 0x7, 0xff, 0xf1, 0x0, 0x0, 0x0,
    0xaf, 0xf6, 0x2f, 0xff, 0x50, 0xb, 0xff, 0xb0,
    0x0, 0x0, 0x9, 0xff, 0x70, 0xc, 0xff, 0x90,
    0xd, 0xff, 0x80, 0x0, 0x0, 0x9f, 0xf8, 0x0,
    0x8, 0xff, 0xb0, 0xd, 0xff, 0x70, 0x0, 0x8,
    0xff, 0x90, 0x0, 0x7, 0xff, 0xc0, 0xc, 0xff,
    0x70, 0x0, 0x7f, 0xfa, 0x0, 0x0, 0x9, 0xff,
    0xc0, 0xa, 0xff, 0xb0, 0x6, 0xff, 0xa0, 0x0,
    0x0, 0xc, 0xff, 0xa0, 0x6, 0xff, 0xf1, 0x5f,
    0xfb, 0x0, 0x0, 0x0, 0x2f, 0xff, 0x60, 0x1,
    0xff, 0xfc, 0xff, 0xc0, 0x0, 0x0, 0x0, 0xbf,
    0xff, 0x10, 0x0, 0x7f, 0xff, 0xfc, 0x0, 0x0,
    0x0, 0x9, 0xff, 0xf8, 0x0, 0x0, 0xb, 0xff,
    0xfd, 0x50, 0x0, 0x15, 0xdf, 0xff, 0xc0, 0x0,
    0x0, 0x1e, 0xff, 0xff, 0xff, 0xef, 0xff, 0xff,
    0xfc, 0x10, 0x0, 0x0, 0xcf, 0xfa, 0xff, 0xff,
    0xff, 0xff, 0xff, 0x80, 0x0, 0x0, 0x9, 0xff,
    0x70, 0x27, 0xbe, 0xff, 0xeb, 0x71, 0x0, 0x0,
    0x0,

    /* U+00D9 "Ù" */
    0x0, 0x0, 0x68, 0x86, 0x0, 0x0, 0x0, 0x0,
    0x0, 0x0, 0x2d, 0xff, 0x80, 0x0, 0x0, 0x0,
    0x0, 0x0, 0x1, 0xdf, 0xf7, 0x0, 0x0, 0x0,
    0x0, 0x0, 0x0, 0x1d, 0xff, 0x60, 0x0, 0x0,
    0x0, 0x0, 0x0, 0x0, 0x0, 0x0, 0x0, 0x0,
    0x0, 0x0, 0x0, 0x0, 0x0, 0x0, 0x0, 0x0,
    0xff, 0xf4, 0x0, 0x0, 0x0, 0x0, 0x8f, 0xfb,
    0xff, 0xf4, 0x0, 0x0, 0x0, 0x0, 0x8f, 0xfb,
    0xff, 0xf4, 0x0, 0x0, 0x0, 0x0, 0x8f, 0xfb,
    0xff, 0xf4, 0x0, 0x0, 0x0, 0x0, 0x8f, 0xfb,
    0xff, 0xf4, 0x0, 0x0, 0x0, 0x0, 0x8f, 0xfb,
    0xff, 0xf4, 0x0, 0x0, 0x0, 0x0, 0x8f, 0xfb,
    0xff, 0xf4, 0x0, 0x0, 0x0, 0x0, 0x8f, 0xfb,
    0xff, 0xf4, 0x0, 0x0, 0x0, 0x0, 0x8f, 0xfb,
    0xff, 0xf4, 0x0, 0x0, 0x0, 0x0, 0x8f, 0xfb,
    0xff, 0xf4, 0x0, 0x0, 0x0, 0x0, 0x8f, 0xfb,
    0xff, 0xf4, 0x0, 0x0, 0x0, 0x0, 0x8f, 0xfb,
    0xff, 0xf4, 0x0, 0x0, 0x0, 0x0, 0x8f, 0xfb,
    0xef, 0xf5, 0x0, 0x0, 0x0, 0x0, 0x9f, 0xf9,
    0xcf, 0xfa, 0x0, 0x0, 0x0, 0x0, 0xdf, 0xf7,
    0x7f, 0xff, 0x30, 0x0, 0x0, 0x7, 0xff, 0xf2,
    0x1e, 0xff, 0xf7, 0x10, 0x2, 0x9f, 0xff, 0xb0,
    0x4, 0xff, 0xff, 0xff, 0xff, 0xff, 0xfe, 0x10,
    0x0, 0x4e, 0xff, 0xff, 0xff, 0xff, 0xb1, 0x0,
    0x0, 0x0, 0x6b, 0xdf, 0xed, 0x94, 0x0, 0x0,

    /* U+00DA "Ú" */
    0x0, 0x0, 0x0, 0x0, 0x28, 0x88, 0x20, 0x0,
    0x0, 0x0, 0x0, 0x1, 0xef, 0xf8, 0x0, 0x0,
    0x0, 0x0, 0x0, 0x1d, 0xff, 0x80, 0x0, 0x0,
    0x0, 0x0, 0x0, 0xcf, 0xf7, 0x0, 0x0, 0x0,
    0x0, 0x0, 0x0, 0x0, 0x0, 0x0, 0x0, 0x0,
    0x0, 0x0, 0x0, 0x0, 0x0, 0x0, 0x0, 0x0,
    0xff, 0xf4, 0x0, 0x0, 0x0, 0x0, 0x8f, 0xfb,
    0xff, 0xf4, 0x0, 0x0, 0x0, 0x0, 0x8f, 0xfb,
    0xff, 0xf4, 0x0, 0x0, 0x0, 0x0, 0x8f, 0xfb,
    0xff, 0xf4, 0x0, 0x0, 0x0, 0x0, 0x8f, 0xfb,
    0xff, 0xf4, 0x0, 0x0, 0x0, 0x0, 0x8f, 0xfb,
    0xff, 0xf4, 0x0, 0x0, 0x0, 0x0, 0x8f, 0xfb,
    0xff, 0xf4, 0x0, 0x0, 0x0, 0x0, 0x8f, 0xfb,
    0xff, 0xf4, 0x0, 0x0, 0x0, 0x0, 0x8f, 0xfb,
    0xff, 0xf4, 0x0, 0x0, 0x0, 0x0, 0x8f, 0xfb,
    0xff, 0xf4, 0x0, 0x0, 0x0, 0x0, 0x8f, 0xfb,
    0xff, 0xf4, 0x0, 0x0, 0x0, 0x0, 0x8f, 0xfb,
    0xff, 0xf4, 0x0, 0x0, 0x0, 0x0, 0x8f, 0xfb,
    0xef, 0xf5, 0x0, 0x0, 0x0, 0x0, 0x9f, 0xf9,
    0xcf, 0xfa, 0x0, 0x0, 0x0, 0x0, 0xdf, 0xf7,
    0x7f, 0xff, 0x30, 0x0, 0x0, 0x7, 0xff, 0xf2,
    0x1e, 0xff, 0xf7, 0x10, 0x2, 0x9f, 0xff, 0xb0,
    0x4, 0xff, 0xff, 0xff, 0xff, 0xff, 0xfe, 0x10,
    0x0, 0x4e, 0xff, 0xff, 0xff, 0xff, 0xb1, 0x0,
    0x0, 0x0, 0x6b, 0xdf, 0xed, 0x94, 0x0, 0x0,

    /* U+00DB "Û" */
    0x0, 0x0, 0x5, 0xff, 0xfd, 0x10, 0x0, 0x0,
    0x0, 0x0, 0x3f, 0xff, 0xff, 0xc0, 0x0, 0x0,
    0x0, 0x2, 0xef, 0xf3, 0x9f, 0xfa, 0x0, 0x0,
    0x0, 0x1d, 0xff, 0x30, 0x9, 0xff, 0x80, 0x0,
    0x0, 0x0, 0x0, 0x0, 0x0, 0x0, 0x0, 0x0,
    0x0, 0x0, 0x0, 0x0, 0x0, 0x0, 0x0, 0x0,
    0xff, 0xf4, 0x0, 0x0, 0x0, 0x0, 0x8f, 0xfb,
    0xff, 0xf4, 0x0, 0x0, 0x0, 0x0, 0x8f, 0xfb,
    0xff, 0xf4, 0x0, 0x0, 0x0, 0x0, 0x8f, 0xfb,
    0xff, 0xf4, 0x0, 0x0, 0x0, 0x0, 0x8f, 0xfb,
    0xff, 0xf4, 0x0, 0x0, 0x0, 0x0, 0x8f, 0xfb,
    0xff, 0xf4, 0x0, 0x0, 0x0, 0x0, 0x8f, 0xfb,
    0xff, 0xf4, 0x0, 0x0, 0x0, 0x0, 0x8f, 0xfb,
    0xff, 0xf4, 0x0, 0x0, 0x0, 0x0, 0x8f, 0xfb,
    0xff, 0xf4, 0x0, 0x0, 0x0, 0x0, 0x8f, 0xfb,
    0xff, 0xf4, 0x0, 0x0, 0x0, 0x0, 0x8f, 0xfb,
    0xff, 0xf4, 0x0, 0x0, 0x0, 0x0, 0x8f, 0xfb,
    0xff, 0xf4, 0x0, 0x0, 0x0, 0x0, 0x8f, 0xfb,
    0xef, 0xf5, 0x0, 0x0, 0x0, 0x0, 0x9f, 0xf9,
    0xcf, 0xfa, 0x0, 0x0, 0x0, 0x0, 0xdf, 0xf7,
    0x7f, 0xff, 0x30, 0x0, 0x0, 0x7, 0xff, 0xf2,
    0x1e, 0xff, 0xf7, 0x10, 0x2, 0x9f, 0xff, 0xb0,
    0x4, 0xff, 0xff, 0xff, 0xff, 0xff, 0xfe, 0x10,
    0x0, 0x4e, 0xff, 0xff, 0xff, 0xff, 0xb1, 0x0,
    0x0, 0x0, 0x6b, 0xdf, 0xed, 0x94, 0x0, 0x0,

    /* U+00DC "Ü" */
    0x0, 0x1, 0x30, 0x0, 0x0, 0x3, 0x0, 0x0,
    0x0, 0x1e, 0xfb, 0x0, 0x0, 0xdf, 0xc0, 0x0,
    0x0, 0x4f, 0xff, 0x0, 0x2, 0xff, 0xf1, 0x0,
    0x0, 0xb, 0xf7, 0x0, 0x0, 0xaf, 0x80, 0x0,
    0x0, 0x0, 0x0, 0x0, 0x0, 0x0, 0x0, 0x0,
    0x0, 0x0, 0x0, 0x0, 0x0, 0x0, 0x0, 0x0,
    0x0, 0x0, 0x0, 0x0, 0x0, 0x0, 0x0, 0x0,
    0xff, 0xf4, 0x0, 0x0, 0x0, 0x0, 0x8f, 0xfb,
    0xff, 0xf4, 0x0, 0x0, 0x0, 0x0, 0x8f, 0xfb,
    0xff, 0xf4, 0x0, 0x0, 0x0, 0x0, 0x8f, 0xfb,
    0xff, 0xf4, 0x0, 0x0, 0x0, 0x0, 0x8f, 0xfb,
    0xff, 0xf4, 0x0, 0x0, 0x0, 0x0, 0x8f, 0xfb,
    0xff, 0xf4, 0x0, 0x0, 0x0, 0x0, 0x8f, 0xfb,
    0xff, 0xf4, 0x0, 0x0, 0x0, 0x0, 0x8f, 0xfb,
    0xff, 0xf4, 0x0, 0x0, 0x0, 0x0, 0x8f, 0xfb,
    0xff, 0xf4, 0x0, 0x0, 0x0, 0x0, 0x8f, 0xfb,
    0xff, 0xf4, 0x0, 0x0, 0x0, 0x0, 0x8f, 0xfb,
    0xff, 0xf4, 0x0, 0x0, 0x0, 0x0, 0x8f, 0xfb,
    0xff, 0xf4, 0x0, 0x0, 0x0, 0x0, 0x8f, 0xfb,
    0xef, 0xf5, 0x0, 0x0, 0x0, 0x0, 0x9f, 0xf9,
    0xcf, 0xfa, 0x0, 0x0, 0x0, 0x0, 0xdf, 0xf7,
    0x7f, 0xff, 0x30, 0x0, 0x0, 0x7, 0xff, 0xf2,
    0x1e, 0xff, 0xf7, 0x10, 0x2, 0x9f, 0xff, 0xb0,
    0x4, 0xff, 0xff, 0xff, 0xff, 0xff, 0xfe, 0x10,
    0x0, 0x4e, 0xff, 0xff, 0xff, 0xff, 0xb1, 0x0,
    0x0, 0x0, 0x6b, 0xdf, 0xed, 0x94, 0x0, 0x0,

    /* U+00DD "Ý" */
    0x0, 0x0, 0x0, 0x0, 0x5, 0xcc, 0xc2, 0x0,
    0x0, 0x0, 0x0, 0x0, 0x0, 0x3f, 0xff, 0x50,
    0x0, 0x0, 0x0, 0x0, 0x0, 0x2, 0xef, 0xf5,
    0x0, 0x0, 0x0, 0x0, 0x0, 0x0, 0x1d, 0xff,
    0x60, 0x0, 0x0, 0x0, 0x0, 0x0, 0x0, 0x0,
    0x0, 0x0, 0x0, 0x0, 0x0, 0x7f, 0xff, 0x40,
    0x0, 0x0, 0x0, 0xa, 0xff, 0xf2, 0xd, 0xff,
    0xd0, 0x0, 0x0, 0x0, 0x3f, 0xff, 0x70, 0x3,
    0xff, 0xf8, 0x0, 0x0, 0x0, 0xdf, 0xfd, 0x0,
    0x0, 0x9f, 0xff, 0x20, 0x0, 0x7, 0xff, 0xf3,
    0x0, 0x0, 0xe, 0xff, 0xb0, 0x0, 0x2f, 0xff,
    0x90, 0x0, 0x0, 0x4, 0xff, 0xf5, 0x0, 0xbf,
    0xfe, 0x0, 0x0, 0x0, 0x0, 0xaf, 0xfe, 0x15,
    0xff, 0xf4, 0x0, 0x0, 0x0, 0x0, 0x1e, 0xff,
    0xae, 0xff, 0xa0, 0x0, 0x0, 0x0, 0x0, 0x6,
    0xff, 0xff, 0xfe, 0x10, 0x0, 0x0, 0x0, 0x0,
    0x0, 0xcf, 0xff, 0xf6, 0x0, 0x0, 0x0, 0x0,
    0x0, 0x0, 0x2f, 0xff, 0xc0, 0x0, 0x0, 0x0,
    0x0, 0x0, 0x0, 0xc, 0xff, 0x70, 0x0, 0x0,
    0x0, 0x0, 0x0, 0x0, 0xc, 0xff, 0x70, 0x0,
    0x0, 0x0, 0x0, 0x0, 0x0, 0xc, 0xff, 0x70,
    0x0, 0x0, 0x0, 0x0, 0x0, 0x0, 0xc, 0xff,
    0x70, 0x0, 0x0, 0x0, 0x0, 0x0, 0x0, 0xc,
    0xff, 0x70, 0x0, 0x0, 0x0, 0x0, 0x0, 0x0,
    0xc, 0xff, 0x70, 0x0, 0x0, 0x0, 0x0, 0x0,
    0x0, 0xc, 0xff, 0x70, 0x0, 0x0, 0x0, 0x0,
    0x0, 0x0, 0xc, 0xff, 0x70, 0x0, 0x0, 0x0,

    /* U+00DE "Þ" */
    0x9f, 0xfb, 0x0, 0x0, 0x0, 0x0, 0x0, 0x9,
    0xff, 0xb0, 0x0, 0x0, 0x0, 0x0, 0x0, 0x9f,
    0xfb, 0x0, 0x0, 0x0, 0x0, 0x0, 0x9, 0xff,
    0xff, 0xff, 0xfe, 0xb5, 0x0, 0x0, 0x9f, 0xff,
    0xff, 0xff, 0xff, 0xfc, 0x20, 0x9, 0xff, 0xfd,
    0xdd, 0xef, 0xff, 0xfd, 0x0, 0x9f, 0xfb, 0x0,
    0x0, 0x19, 0xff, 0xf8, 0x9, 0xff, 0xb0, 0x0,
    0x0, 0xa, 0xff, 0xe0, 0x9f, 0xfb, 0x0, 0x0,
    0x0, 0x3f, 0xff, 0x29, 0xff, 0xb0, 0x0, 0x0,
    0x2, 0xff, 0xf3, 0x9f, 0xfb, 0x0, 0x0, 0x0,
    0x4f, 0xff, 0x29, 0xff, 0xb0, 0x0, 0x0, 0xb,
    0xff, 0xe0, 0x9f, 0xfb, 0x0, 0x0, 0x2a, 0xff,
    0xf8, 0x9, 0xff, 0xff, 0xff, 0xff, 0xff, 0xfd,
    0x0, 0x9f, 0xff, 0xff, 0xff, 0xff, 0xfc, 0x20,
    0x9, 0xff, 0xff, 0xff, 0xed, 0xb5, 0x0, 0x0,
    0x9f, 0xfb, 0x0, 0x0, 0x0, 0x0, 0x0, 0x9,
    0xff, 0xb0, 0x0, 0x0, 0x0, 0x0, 0x0, 0x9f,
    0xfb, 0x0, 0x0, 0x0, 0x0, 0x0, 0x0,

    /* U+00DF "ß" */
    0x0, 0x2, 0x8d, 0xef, 0xea, 0x40, 0x0, 0x0,
    0x7, 0xff, 0xff, 0xff, 0xff, 0xb0, 0x0, 0x5,
    0xff, 0xff, 0xcb, 0xef, 0xff, 0xa0, 0x0, 0xdf,
    0xfc, 0x20, 0x0, 0x8f, 0xff, 0x20, 0x2f, 0xff,
    0x30, 0x0, 0x0, 0xdf, 0xf5, 0x3, 0xff, 0xf0,
    0x0, 0x0, 0xb, 0xff, 0x60, 0x4f, 0xfe, 0x0,
    0x0, 0x1, 0xef, 0xf4, 0x4, 0xff, 0xe0, 0x0,
    0x3, 0xcf, 0xfe, 0x0, 0x4f, 0xfe, 0x0, 0x8f,
    0xff, 0xff, 0x40, 0x4, 0xff, 0xe0, 0x8, 0xff,
    0xff, 0xb0, 0x0, 0x4f, 0xfe, 0x0, 0x8f, 0xff,
    0xff, 0xd1, 0x4, 0xff, 0xe0, 0x0, 0x1, 0x6f,
    0xff, 0x90, 0x4f, 0xfe, 0x0, 0x0, 0x0, 0x6f,
    0xfe, 0x4, 0xff, 0xe0, 0x0, 0x0, 0x2, 0xff,
    0xf0, 0x4f, 0xfe, 0x0, 0x0, 0x0, 0x5f, 0xff,
    0x4, 0xff, 0xe0, 0x0, 0x0, 0x4e, 0xff, 0xd0,
    0x4f, 0xfe, 0x0, 0x8d, 0xff, 0xff, 0xf6, 0x4,
    0xff, 0xe0, 0xa, 0xff, 0xff, 0xf8, 0x0, 0x4f,
    0xfe, 0x0, 0xaf, 0xfd, 0x93, 0x0, 0x0,

    /* U+00E0 "à" */
    0x0, 0x5, 0xff, 0xf4, 0x0, 0x0, 0x0, 0x0,
    0x0, 0x5f, 0xff, 0x30, 0x0, 0x0, 0x0, 0x0,
    0x5, 0xff, 0xe2, 0x0, 0x0, 0x0, 0x0, 0x0,
    0x59, 0x97, 0x0, 0x0, 0x0, 0x0, 0x0, 0x0,
    0x0, 0x0, 0x0, 0x0, 0x1, 0x8d, 0xff, 0xea,
    0x30, 0x0, 0x0, 0x3e, 0xff, 0xff, 0xff, 0xf7,
    0x0, 0x2, 0xff, 0xff, 0xcb, 0xff, 0xff, 0x40,
    0x4, 0xcf, 0xc1, 0x0, 0x1c, 0xff, 0xb0, 0x0,
    0x1, 0x10, 0x0, 0x3, 0xff, 0xf0, 0x0, 0x0,
    0x14, 0x55, 0x55, 0xff, 0xf2, 0x0, 0x4d, 0xff,
    0xff, 0xff, 0xff, 0xf3, 0x4, 0xff, 0xff, 0xff,
    0xff, 0xff, 0xf3, 0xd, 0xff, 0xc3, 0x0, 0x0,
    0xef, 0xf3, 0xf, 0xff, 0x30, 0x0, 0x2, 0xff,
    0xf3, 0xf, 0xff, 0x60, 0x0, 0x1d, 0xff, 0xf3,
    0xb, 0xff, 0xfb, 0x9b, 0xff, 0xff, 0xf2, 0x2,
    0xef, 0xff, 0xff, 0xfc, 0xdf, 0xf2, 0x0, 0x18,
    0xdf, 0xfd, 0x80, 0xbf, 0xf2,

    /* U+00E1 "á" */
    0x0, 0x0, 0x0, 0x5, 0xff, 0xf4, 0x0, 0x0,
    0x0, 0x0, 0x4f, 0xff, 0x40, 0x0, 0x0, 0x0,
    0x3, 0xff, 0xf4, 0x0, 0x0, 0x0, 0x0, 0x8,
    0x99, 0x40, 0x0, 0x0, 0x0, 0x0, 0x0, 0x0,
    0x0, 0x0, 0x0, 0x0, 0x1, 0x8d, 0xff, 0xea,
    0x30, 0x0, 0x0, 0x3e, 0xff, 0xff, 0xff, 0xf7,
    0x0, 0x2, 0xff, 0xff, 0xcb, 0xff, 0xff, 0x40,
    0x4, 0xcf, 0xc1, 0x0, 0x1c, 0xff, 0xb0, 0x0,
    0x1, 0x10, 0x0, 0x3, 0xff, 0xf0, 0x0, 0x0,
    0x14, 0x55, 0x55, 0xff, 0xf2, 0x0, 0x4d, 0xff,
    0xff, 0xff, 0xff, 0xf3, 0x4, 0xff, 0xff, 0xff,
    0xff, 0xff, 0xf3, 0xd, 0xff, 0xc3, 0x0, 0x0,
    0xef, 0xf3, 0xf, 0xff, 0x30, 0x0, 0x2, 0xff,
    0xf3, 0xf, 0xff, 0x60, 0x0, 0x1d, 0xff, 0xf3,
    0xb, 0xff, 0xfb, 0x9b, 0xff, 0xff, 0xf2, 0x2,
    0xef, 0xff, 0xff, 0xfc, 0xdf, 0xf2, 0x0, 0x18,
    0xdf, 0xfd, 0x80, 0xbf, 0xf2,

    /* U+00E2 "â" */
    0x0, 0x0, 0x4f, 0xff, 0xf3, 0x0, 0x0, 0x0,
    0x4, 0xff, 0xee, 0xff, 0x40, 0x0, 0x0, 0x5f,
    0xfc, 0x11, 0xdf, 0xf4, 0x0, 0x0, 0x56, 0x50,
    0x0, 0x5, 0x65, 0x0, 0x0, 0x0, 0x0, 0x0,
    0x0, 0x0, 0x0, 0x0, 0x1, 0x8d, 0xff, 0xea,
    0x30, 0x0, 0x0, 0x3e, 0xff, 0xff, 0xff, 0xf7,
    0x0, 0x2, 0xff, 0xff, 0xcb, 0xff, 0xff, 0x40,
    0x4, 0xcf, 0xc1, 0x0, 0x1c, 0xff, 0xb0, 0x0,
    0x1, 0x10, 0x0, 0x3, 0xff, 0xf0, 0x0, 0x0,
    0x14, 0x55, 0x55, 0xff, 0xf2, 0x0, 0x4d, 0xff,
    0xff, 0xff, 0xff, 0xf3, 0x4, 0xff, 0xff, 0xff,
    0xff, 0xff, 0xf3, 0xd, 0xff, 0xc3, 0x0, 0x0,
    0xef, 0xf3, 0xf, 0xff, 0x30, 0x0, 0x2, 0xff,
    0xf3, 0xf, 0xff, 0x60, 0x0, 0x1d, 0xff, 0xf3,
    0xb, 0xff, 0xfb, 0x9b, 0xff, 0xff, 0xf2, 0x2,
    0xef, 0xff, 0xff, 0xfc, 0xdf, 0xf2, 0x0, 0x18,
    0xdf, 0xfd, 0x80, 0xbf, 0xf2,

    /* U+00E3 "ã" */
    0x0, 0x0, 0x0, 0x0, 0x0, 0x1, 0x0, 0x0,
    0x2, 0xbf, 0xfb, 0x41, 0xef, 0x40, 0x0, 0xd,
    0xff, 0xff, 0xff, 0xfe, 0x0, 0x0, 0x4f, 0xf3,
    0x5c, 0xff, 0xd3, 0x0, 0x0, 0x2, 0x10, 0x0,
    0x1, 0x0, 0x0, 0x0, 0x0, 0x0, 0x0, 0x0,
    0x0, 0x0, 0x0, 0x1, 0x8d, 0xff, 0xea, 0x30,
    0x0, 0x0, 0x3e, 0xff, 0xff, 0xff, 0xf7, 0x0,
    0x2, 0xff, 0xff, 0xcb, 0xff, 0xff, 0x40, 0x4,
    0xcf, 0xc1, 0x0, 0x1c, 0xff, 0xb0, 0x0, 0x1,
    0x10, 0x0, 0x3, 0xff, 0xf0, 0x0, 0x0, 0x14,
    0x55, 0x55, 0xff, 0xf2, 0x0, 0x4d, 0xff, 0xff,
    0xff, 0xff, 0xf3, 0x4, 0xff, 0xff, 0xff, 0xff,
    0xff, 0xf3, 0xd, 0xff, 0xc3, 0x0, 0x0, 0xef,
    0xf3, 0xf, 0xff, 0x30, 0x0, 0x2, 0xff, 0xf3,
    0xf, 0xff, 0x60, 0x0, 0x1d, 0xff, 0xf3, 0xb,
    0xff, 0xfb, 0x9b, 0xff, 0xff, 0xf2, 0x2, 0xef,
    0xff, 0xff, 0xfc, 0xdf, 0xf2, 0x0, 0x18, 0xdf,
    0xfd, 0x80, 0xbf, 0xf2,

    /* U+00E4 "ä" */
    0x0, 0x27, 0x20, 0x0, 0x1, 0x73, 0x0, 0x0,
    0xef, 0xe0, 0x0, 0xd, 0xff, 0x20, 0x1, 0xff,
    0xf1, 0x0, 0xf, 0xff, 0x30, 0x0, 0x6c, 0x60,
    0x0, 0x5, 0xc8, 0x0, 0x0, 0x0, 0x0, 0x0,
    0x0, 0x0, 0x0, 0x0, 0x0, 0x0, 0x0, 0x0,
    0x0, 0x0, 0x0, 0x1, 0x8d, 0xff, 0xea, 0x30,
    0x0, 0x0, 0x3e, 0xff, 0xff, 0xff, 0xf7, 0x0,
    0x2, 0xff, 0xff, 0xcb, 0xff, 0xff, 0x40, 0x4,
    0xcf, 0xc1, 0x0, 0x1c, 0xff, 0xb0, 0x0, 0x1,
    0x10, 0x0, 0x3, 0xff, 0xf0, 0x0, 0x0, 0x14,
    0x55, 0x55, 0xff, 0xf2, 0x0, 0x4d, 0xff, 0xff,
    0xff, 0xff, 0xf3, 0x4, 0xff, 0xff, 0xff, 0xff,
    0xff, 0xf3, 0xd, 0xff, 0xc3, 0x0, 0x0, 0xef,
    0xf3, 0xf, 0xff, 0x30, 0x0, 0x2, 0xff, 0xf3,
    0xf, 0xff, 0x60, 0x0, 0x1d, 0xff, 0xf3, 0xb,
    0xff, 0xfb, 0x9b, 0xff, 0xff, 0xf2, 0x2, 0xef,
    0xff, 0xff, 0xfc, 0xdf, 0xf2, 0x0, 0x18, 0xdf,
    0xfd, 0x80, 0xbf, 0xf2,

    /* U+00E5 "å" */
    0x0, 0x0, 0x8, 0xee, 0x90, 0x0, 0x0, 0x0,
    0x0, 0x8f, 0xff, 0xfa, 0x0, 0x0, 0x0, 0x0,
    0xef, 0x21, 0xff, 0x0, 0x0, 0x0, 0x0, 0xef,
    0x32, 0xff, 0x0, 0x0, 0x0, 0x0, 0x7f, 0xff,
    0xf9, 0x0, 0x0, 0x0, 0x0, 0x6, 0xcc, 0x70,
    0x0, 0x0, 0x0, 0x0, 0x0, 0x0, 0x0, 0x0,
    0x0, 0x0, 0x1, 0x8d, 0xff, 0xea, 0x30, 0x0,
    0x0, 0x3e, 0xff, 0xff, 0xff, 0xf7, 0x0, 0x2,
    0xff, 0xff, 0xcb, 0xff, 0xff, 0x40, 0x4, 0xcf,
    0xc1, 0x0, 0x1c, 0xff, 0xb0, 0x0, 0x1, 0x10,
    0x0, 0x3, 0xff, 0xf0, 0x0, 0x0, 0x14, 0x55,
    0x55, 0xff, 0xf2, 0x0, 0x4d, 0xff, 0xff, 0xff,
    0xff, 0xf3, 0x4, 0xff, 0xff, 0xff, 0xff, 0xff,
    0xf3, 0xd, 0xff, 0xc3, 0x0, 0x0, 0xef, 0xf3,
    0xf, 0xff, 0x30, 0x0, 0x2, 0xff, 0xf3, 0xf,
    0xff, 0x60, 0x0, 0x1d, 0xff, 0xf3, 0xb, 0xff,
    0xfb, 0x9b, 0xff, 0xff, 0xf2, 0x2, 0xef, 0xff,
    0xff, 0xfc, 0xdf, 0xf2, 0x0, 0x18, 0xdf, 0xfd,
    0x80, 0xbf, 0xf2,

    /* U+00E6 "æ" */
    0x0, 0x2, 0x9d, 0xff, 0xc7, 0x0, 0x1, 0x8d,
    0xff, 0xd8, 0x10, 0x0, 0x0, 0x6f, 0xff, 0xff,
    0xff, 0xd1, 0x6f, 0xff, 0xff, 0xff, 0xe3, 0x0,
    0x5, 0xff, 0xfd, 0x9a, 0xef, 0xfd, 0xff, 0xfe,
    0x9a, 0xef, 0xff, 0x20, 0x6, 0xcf, 0x70, 0x0,
    0x1d, 0xff, 0xff, 0x80, 0x0, 0xa, 0xff, 0xc0,
    0x0, 0x2, 0x0, 0x0, 0x6, 0xff, 0xfc, 0x0,
    0x0, 0x0, 0xef, 0xf2, 0x0, 0x0, 0x0, 0x0,
    0x2, 0xff, 0xfa, 0x55, 0x55, 0x55, 0xcf, 0xf7,
    0x0, 0x19, 0xdf, 0xff, 0xff, 0xff, 0xff, 0xff,
    0xff, 0xff, 0xff, 0xfa, 0x2, 0xef, 0xff, 0xff,
    0xff, 0xff, 0xff, 0xff, 0xff, 0xff, 0xff, 0xfb,
    0xc, 0xff, 0xc3, 0x0, 0x0, 0xff, 0xf5, 0x0,
    0x0, 0x0, 0x0, 0x0, 0xf, 0xff, 0x30, 0x0,
    0x4, 0xff, 0xfc, 0x0, 0x0, 0x0, 0x34, 0x0,
    0xf, 0xff, 0x40, 0x0, 0xc, 0xff, 0xff, 0xa2,
    0x0, 0x5, 0xff, 0xe3, 0xc, 0xff, 0xe8, 0x57,
    0xdf, 0xfb, 0xff, 0xff, 0xdc, 0xef, 0xff, 0xc0,
    0x3, 0xff, 0xff, 0xff, 0xff, 0x80, 0x6f, 0xff,
    0xff, 0xff, 0xfb, 0x0, 0x0, 0x19, 0xdf, 0xfd,
    0x93, 0x0, 0x2, 0x8d, 0xff, 0xda, 0x40, 0x0,

    /* U+00E7 "ç" */
    0x0, 0x0, 0x17, 0xce, 0xfd, 0xa3, 0x0, 0x0,
    0x0, 0x6f, 0xff, 0xff, 0xff, 0xf9, 0x0, 0x0,
    0x6f, 0xff, 0xfe, 0xef, 0xff, 0xfa, 0x0, 0x2f,
    0xff, 0xc2, 0x0, 0x1a, 0xff, 0xf3, 0x9, 0xff,
    0xd0, 0x0, 0x0, 0x8, 0x61, 0x0, 0xdf, 0xf6,
    0x0, 0x0, 0x0, 0x0, 0x0, 0xf, 0xff, 0x20,
    0x0, 0x0, 0x0, 0x0, 0x0, 0xff, 0xf2, 0x0,
    0x0, 0x0, 0x0, 0x0, 0xd, 0xff, 0x60, 0x0,
    0x0, 0x0, 0x0, 0x0, 0x9f, 0xfd, 0x0, 0x0,
    0x0, 0xaa, 0x40, 0x2, 0xff, 0xfc, 0x20, 0x1,
    0xaf, 0xff, 0x40, 0x6, 0xff, 0xff, 0xee, 0xff,
    0xff, 0xa0, 0x0, 0x6, 0xff, 0xff, 0xff, 0xff,
    0x90, 0x0, 0x0, 0x1, 0x8f, 0xff, 0xea, 0x40,
    0x0, 0x0, 0x0, 0x0, 0x9f, 0xa1, 0x0, 0x0,
    0x0, 0x0, 0x0, 0x5, 0xcf, 0xd0, 0x0, 0x0,
    0x0, 0x0, 0x1, 0x2, 0xff, 0x30, 0x0, 0x0,
    0x0, 0x3, 0xfd, 0xff, 0xf1, 0x0, 0x0, 0x0,
    0x0, 0x2a, 0xef, 0xc4, 0x0, 0x0, 0x0,

    /* U+00E8 "è" */
    0x0, 0x0, 0x5f, 0xff, 0x40, 0x0, 0x0, 0x0,
    0x0, 0x0, 0x4f, 0xff, 0x30, 0x0, 0x0, 0x0,
    0x0, 0x0, 0x4f, 0xfe, 0x20, 0x0, 0x0, 0x0,
    0x0, 0x0, 0x49, 0x97, 0x0, 0x0, 0x0, 0x0,
    0x0, 0x0, 0x0, 0x0, 0x0, 0x0, 0x0, 0x2,
    0x8d, 0xef, 0xd8, 0x10, 0x0, 0x0, 0x6, 0xff,
    0xff, 0xff, 0xff, 0x50, 0x0, 0x7, 0xff, 0xfe,
    0xab, 0xef, 0xff, 0x30, 0x2, 0xff, 0xf5, 0x0,
    0x0, 0x8f, 0xfd, 0x0, 0x9f, 0xf8, 0x0, 0x0,
    0x0, 0xcf, 0xf4, 0xd, 0xff, 0xff, 0xff, 0xff,
    0xff, 0xff, 0x80, 0xff, 0xff, 0xff, 0xff, 0xff,
    0xff, 0xfa, 0xf, 0xff, 0x85, 0x55, 0x55, 0x55,
    0x55, 0x40, 0xdf, 0xf7, 0x0, 0x0, 0x0, 0x0,
    0x0, 0x9, 0xff, 0xd0, 0x0, 0x0, 0x8, 0x81,
    0x0, 0x2f, 0xff, 0xc2, 0x0, 0x7, 0xff, 0xf3,
    0x0, 0x7f, 0xff, 0xfd, 0xce, 0xff, 0xfa, 0x0,
    0x0, 0x7f, 0xff, 0xff, 0xff, 0xf9, 0x0, 0x0,
    0x0, 0x29, 0xdf, 0xfd, 0x93, 0x0, 0x0,

    /* U+00E9 "é" */
    0x0, 0x0, 0x0, 0x0, 0x4f, 0xff, 0x50, 0x0,
    0x0, 0x0, 0x0, 0x3f, 0xff, 0x50, 0x0, 0x0,
    0x0, 0x0, 0x2e, 0xff, 0x50, 0x0, 0x0, 0x0,
    0x0, 0x7, 0x99, 0x40, 0x0, 0x0, 0x0, 0x0,
    0x0, 0x0, 0x0, 0x0, 0x0, 0x0, 0x0, 0x2,
    0x8d, 0xef, 0xd8, 0x10, 0x0, 0x0, 0x6, 0xff,
    0xff, 0xff, 0xff, 0x50, 0x0, 0x7, 0xff, 0xfe,
    0xab, 0xef, 0xff, 0x30, 0x2, 0xff, 0xf5, 0x0,
    0x0, 0x8f, 0xfd, 0x0, 0x9f, 0xf8, 0x0, 0x0,
    0x0, 0xcf, 0xf4, 0xd, 0xff, 0xff, 0xff, 0xff,
    0xff, 0xff, 0x80, 0xff, 0xff, 0xff, 0xff, 0xff,
    0xff, 0xfa, 0xf, 0xff, 0x85, 0x55, 0x55, 0x55,
    0x55, 0x40, 0xdf, 0xf7, 0x0, 0x0, 0x0, 0x0,
    0x0, 0x9, 0xff, 0xd0, 0x0, 0x0, 0x8, 0x81,
    0x0, 0x2f, 0xff, 0xc2, 0x0, 0x7, 0xff, 0xf3,
    0x0, 0x7f, 0xff, 0xfd, 0xce, 0xff, 0xfa, 0x0,
    0x0, 0x7f, 0xff, 0xff, 0xff, 0xf9, 0x0, 0x0,
    0x0, 0x29, 0xdf, 0xfd, 0x93, 0x0, 0x0,

    /* U+00EA "ê" */
    0x0, 0x0, 0x3, 0xff, 0xff, 0x40, 0x0, 0x0,
    0x0, 0x3, 0xff, 0xee, 0xff, 0x40, 0x0, 0x0,
    0x4, 0xff, 0xd1, 0x1c, 0xff, 0x50, 0x0, 0x0,
    0x56, 0x50, 0x0, 0x5, 0x65, 0x0, 0x0, 0x0,
    0x0, 0x0, 0x0, 0x0, 0x0, 0x0, 0x0, 0x2,
    0x8d, 0xef, 0xd8, 0x10, 0x0, 0x0, 0x6, 0xff,
    0xff, 0xff, 0xff, 0x50, 0x0, 0x7, 0xff, 0xfe,
    0xab, 0xef, 0xff, 0x30, 0x2, 0xff, 0xf5, 0x0,
    0x0, 0x8f, 0xfd, 0x0, 0x9f, 0xf8, 0x0, 0x0,
    0x0, 0xcf, 0xf4, 0xd, 0xff, 0xff, 0xff, 0xff,
    0xff, 0xff, 0x80, 0xff, 0xff, 0xff, 0xff, 0xff,
    0xff, 0xfa, 0xf, 0xff, 0x85, 0x55, 0x55, 0x55,
    0x55, 0x40, 0xdf, 0xf7, 0x0, 0x0, 0x0, 0x0,
    0x0, 0x9, 0xff, 0xd0, 0x0, 0x0, 0x8, 0x81,
    0x0, 0x2f, 0xff, 0xc2, 0x0, 0x7, 0xff, 0xf3,
    0x0, 0x7f, 0xff, 0xfd, 0xce, 0xff, 0xfa, 0x0,
    0x0, 0x7f, 0xff, 0xff, 0xff, 0xf9, 0x0, 0x0,
    0x0, 0x29, 0xdf, 0xfd, 0x93, 0x0, 0x0,

    /* U+00EB "ë" */
    0x0, 0x2, 0x73, 0x0, 0x0, 0x17, 0x30, 0x0,
    0x0, 0xef, 0xf1, 0x0, 0xc, 0xff, 0x30, 0x0,
    0xf, 0xff, 0x20, 0x0, 0xef, 0xf4, 0x0, 0x0,
    0x5c, 0x70, 0x0, 0x4, 0xc8, 0x0, 0x0, 0x0,
    0x0, 0x0, 0x0, 0x0, 0x0, 0x0, 0x0, 0x0,
    0x0, 0x0, 0x0, 0x0, 0x0, 0x0, 0x0, 0x28,
    0xde, 0xfd, 0x81, 0x0, 0x0, 0x0, 0x6f, 0xff,
    0xff, 0xff, 0xf5, 0x0, 0x0, 0x7f, 0xff, 0xea,
    0xbe, 0xff, 0xf3, 0x0, 0x2f, 0xff, 0x50, 0x0,
    0x8, 0xff, 0xd0, 0x9, 0xff, 0x80, 0x0, 0x0,
    0xc, 0xff, 0x40, 0xdf, 0xff, 0xff, 0xff, 0xff,
    0xff, 0xf8, 0xf, 0xff, 0xff, 0xff, 0xff, 0xff,
    0xff, 0xa0, 0xff, 0xf8, 0x55, 0x55, 0x55, 0x55,
    0x54, 0xd, 0xff, 0x70, 0x0, 0x0, 0x0, 0x0,
    0x0, 0x9f, 0xfd, 0x0, 0x0, 0x0, 0x88, 0x10,
    0x2, 0xff, 0xfc, 0x20, 0x0, 0x7f, 0xff, 0x30,
    0x7, 0xff, 0xff, 0xdc, 0xef, 0xff, 0xa0, 0x0,
    0x7, 0xff, 0xff, 0xff, 0xff, 0x90, 0x0, 0x0,
    0x2, 0x9d, 0xff, 0xd9, 0x30, 0x0,

    /* U+00EC "ì" */
    0x1c, 0xff, 0xa0, 0x0, 0x0, 0xcf, 0xfa, 0x0,
    0x0, 0xb, 0xff, 0xa0, 0x0, 0x0, 0x56, 0x61,
    0x0, 0x0, 0x0, 0x0, 0x0, 0x1f, 0xff, 0x0,
    0x0, 0x1f, 0xff, 0x0, 0x0, 0x1f, 0xff, 0x0,
    0x0, 0x1f, 0xff, 0x0, 0x0, 0x1f, 0xff, 0x0,
    0x0, 0x1f, 0xff, 0x0, 0x0, 0x1f, 0xff, 0x0,
    0x0, 0x1f, 0xff, 0x0, 0x0, 0x1f, 0xff, 0x0,
    0x0, 0x1f, 0xff, 0x0, 0x0, 0x1f, 0xff, 0x0,
    0x0, 0x1f, 0xff, 0x0, 0x0, 0x1f, 0xff, 0x0,
    0x0, 0x1f, 0xff, 0x0,

    /* U+00ED "í" */
    0x0, 0x1d, 0xff, 0xa0, 0x1, 0xdf, 0xf9, 0x0,
    0xc, 0xff, 0x80, 0x0, 0x36, 0x64, 0x0, 0x0,
    0x0, 0x0, 0x0, 0x0, 0x1f, 0xff, 0x0, 0x0,
    0x1f, 0xff, 0x0, 0x0, 0x1f, 0xff, 0x0, 0x0,
    0x1f, 0xff, 0x0, 0x0, 0x1f, 0xff, 0x0, 0x0,
    0x1f, 0xff, 0x0, 0x0, 0x1f, 0xff, 0x0, 0x0,
    0x1f, 0xff, 0x0, 0x0, 0x1f, 0xff, 0x0, 0x0,
    0x1f, 0xff, 0x0, 0x0, 0x1f, 0xff, 0x0, 0x0,
    0x1f, 0xff, 0x0, 0x0, 0x1f, 0xff, 0x0, 0x0,
    0x1f, 0xff, 0x0, 0x0,

    /* U+00EE "î" */
    0x0, 0x1c, 0xff, 0xfa, 0x0, 0x0, 0x1d, 0xff,
    0xbf, 0xfb, 0x0, 0x2d, 0xfe, 0x30, 0x5f, 0xfc,
    0x1, 0x33, 0x10, 0x0, 0x13, 0x31, 0x0, 0x0,
    0x0, 0x0, 0x0, 0x0, 0x0, 0x1f, 0xff, 0x0,
    0x0, 0x0, 0x1, 0xff, 0xf0, 0x0, 0x0, 0x0,
    0x1f, 0xff, 0x0, 0x0, 0x0, 0x1, 0xff, 0xf0,
    0x0, 0x0, 0x0, 0x1f, 0xff, 0x0, 0x0, 0x0,
    0x1, 0xff, 0xf0, 0x0, 0x0, 0x0, 0x1f, 0xff,
    0x0, 0x0, 0x0, 0x1, 0xff, 0xf0, 0x0, 0x0,
    0x0, 0x1f, 0xff, 0x0, 0x0, 0x0, 0x1, 0xff,
    0xf0, 0x0, 0x0, 0x0, 0x1f, 0xff, 0x0, 0x0,
    0x0, 0x1, 0xff, 0xf0, 0x0, 0x0, 0x0, 0x1f,
    0xff, 0x0, 0x0, 0x0, 0x1, 0xff, 0xf0, 0x0,
    0x0,

    /* U+00EF "ï" */
    0x3, 0x71, 0x1, 0x73, 0x2, 0xff, 0xd0, 0xdf,
    0xf2, 0x4f, 0xff, 0xf, 0xff, 0x40, 0x8c, 0x40,
    0x4c, 0x80, 0x0, 0x0, 0x0, 0x0, 0x0, 0x0,
    0x0, 0x0, 0x0, 0x0, 0x1f, 0xff, 0x0, 0x0,
    0x1, 0xff, 0xf0, 0x0, 0x0, 0x1f, 0xff, 0x0,
    0x0, 0x1, 0xff, 0xf0, 0x0, 0x0, 0x1f, 0xff,
    0x0, 0x0, 0x1, 0xff, 0xf0, 0x0, 0x0, 0x1f,
    0xff, 0x0, 0x0, 0x1, 0xff, 0xf0, 0x0, 0x0,
    0x1f, 0xff, 0x0, 0x0, 0x1, 0xff, 0xf0, 0x0,
    0x0, 0x1f, 0xff, 0x0, 0x0, 0x1, 0xff, 0xf0,
    0x0, 0x0, 0x1f, 0xff, 0x0, 0x0, 0x1, 0xff,
    0xf0, 0x0,

    /* U+00F0 "ð" */
    0x0, 0x0, 0x6a, 0x61, 0x0, 0x0, 0x0, 0x0,
    0x0, 0xb, 0xff, 0xfa, 0x20, 0x28, 0x0, 0x0,
    0x0, 0xdf, 0xff, 0xff, 0xaf, 0xf3, 0x0, 0x0,
    0x0, 0x28, 0xef, 0xff, 0xf3, 0x0, 0x0, 0x0,
    0x0, 0x8, 0xff, 0xff, 0x70, 0x0, 0x0, 0x0,
    0x4, 0xfc, 0x7f, 0xff, 0x20, 0x0, 0x0, 0x0,
    0x4, 0x0, 0x8f, 0xfa, 0x0, 0x0, 0x3, 0xad,
    0xfe, 0xa4, 0xff, 0xf0, 0x0, 0x9, 0xff, 0xff,
    0xff, 0xfe, 0xff, 0x40, 0x9, 0xff, 0xff, 0xdd,
    0xff, 0xff, 0xf7, 0x3, 0xff, 0xfa, 0x10, 0x2,
    0xcf, 0xff, 0xa0, 0xaf, 0xfc, 0x0, 0x0, 0x1,
    0xef, 0xfc, 0xe, 0xff, 0x50, 0x0, 0x0, 0x8,
    0xff, 0xd0, 0xff, 0xf2, 0x0, 0x0, 0x0, 0x5f,
    0xfd, 0xf, 0xff, 0x20, 0x0, 0x0, 0x5, 0xff,
    0xc0, 0xdf, 0xf5, 0x0, 0x0, 0x0, 0x8f, 0xfb,
    0x9, 0xff, 0xc0, 0x0, 0x0, 0xe, 0xff, 0x60,
    0x3f, 0xff, 0xa1, 0x0, 0x1c, 0xff, 0xe0, 0x0,
    0x8f, 0xff, 0xfc, 0xdf, 0xff, 0xf4, 0x0, 0x0,
    0x7f, 0xff, 0xff, 0xff, 0xf5, 0x0, 0x0, 0x0,
    0x29, 0xdf, 0xfd, 0x81, 0x0, 0x0,

    /* U+00F1 "ñ" */
    0x0, 0x4, 0xcf, 0xd4, 0x0, 0x22, 0x0, 0x0,
    0x2f, 0xff, 0xff, 0x65, 0xff, 0x10, 0x0, 0x7f,
    0xd2, 0xaf, 0xff, 0xfa, 0x0, 0x0, 0x12, 0x10,
    0x8, 0xee, 0xa1, 0x0, 0x0, 0x0, 0x0, 0x0,
    0x0, 0x0, 0x0, 0x4f, 0xfb, 0x5, 0xcf, 0xfd,
    0x70, 0x0, 0x4f, 0xfc, 0x9f, 0xff, 0xff, 0xfd,
    0x0, 0x4f, 0xff, 0xff, 0xfe, 0xff, 0xff, 0x90,
    0x4f, 0xff, 0xf4, 0x0, 0x2d, 0xff, 0xf0, 0x4f,
    0xff, 0x60, 0x0, 0x3, 0xff, 0xf3, 0x4f, 0xff,
    0x0, 0x0, 0x0, 0xef, 0xf4, 0x4f, 0xfe, 0x0,
    0x0, 0x0, 0xcf, 0xf5, 0x4f, 0xfe, 0x0, 0x0,
    0x0, 0xcf, 0xf5, 0x4f, 0xfe, 0x0, 0x0, 0x0,
    0xcf, 0xf5, 0x4f, 0xfe, 0x0, 0x0, 0x0, 0xcf,
    0xf5, 0x4f, 0xfe, 0x0, 0x0, 0x0, 0xcf, 0xf5,
    0x4f, 0xfe, 0x0, 0x0, 0x0, 0xcf, 0xf5, 0x4f,
    0xfe, 0x0, 0x0, 0x0, 0xcf, 0xf5, 0x4f, 0xfe,
    0x0, 0x0, 0x0, 0xcf, 0xf5,

    /* U+00F2 "ò" */
    0x0, 0x0, 0x5f, 0xff, 0x40, 0x0, 0x0, 0x0,
    0x0, 0x0, 0x5, 0xff, 0xf3, 0x0, 0x0, 0x0,
    0x0, 0x0, 0x0, 0x5f, 0xfe, 0x20, 0x0, 0x0,
    0x0, 0x0, 0x0, 0x5, 0x99, 0x70, 0x0, 0x0,
    0x0, 0x0, 0x0, 0x0, 0x0, 0x0, 0x0, 0x0,
    0x0, 0x0, 0x28, 0xce, 0xfd, 0x93, 0x0, 0x0,
    0x0, 0x6, 0xff, 0xff, 0xff, 0xff, 0x90, 0x0,
    0x0, 0x7f, 0xff, 0xfe, 0xdf, 0xff, 0xfb, 0x0,
    0x2, 0xff, 0xfc, 0x20, 0x1, 0x9f, 0xff, 0x60,
    0x9, 0xff, 0xd0, 0x0, 0x0, 0xa, 0xff, 0xd0,
    0xd, 0xff, 0x60, 0x0, 0x0, 0x2, 0xff, 0xf1,
    0xf, 0xff, 0x20, 0x0, 0x0, 0x0, 0xef, 0xf3,
    0xf, 0xff, 0x20, 0x0, 0x0, 0x0, 0xef, 0xf3,
    0xd, 0xff, 0x60, 0x0, 0x0, 0x1, 0xff, 0xf1,
    0x9, 0xff, 0xd0, 0x0, 0x0, 0x9, 0xff, 0xd0,
    0x2, 0xff, 0xfc, 0x20, 0x0, 0x9f, 0xff, 0x60,
    0x0, 0x7f, 0xff, 0xfe, 0xdf, 0xff, 0xfb, 0x0,
    0x0, 0x6, 0xff, 0xff, 0xff, 0xff, 0xa0, 0x0,
    0x0, 0x0, 0x28, 0xce, 0xfd, 0xa3, 0x0, 0x0,

    /* U+00F3 "ó" */
    0x0, 0x0, 0x0, 0x0, 0x5f, 0xff, 0x40, 0x0,
    0x0, 0x0, 0x0, 0x4, 0xff, 0xf4, 0x0, 0x0,
    0x0, 0x0, 0x0, 0x3f, 0xff, 0x40, 0x0, 0x0,
    0x0, 0x0, 0x0, 0x89, 0x94, 0x0, 0x0, 0x0,
    0x0, 0x0, 0x0, 0x0, 0x0, 0x0, 0x0, 0x0,
    0x0, 0x0, 0x28, 0xce, 0xfd, 0x93, 0x0, 0x0,
    0x0, 0x6, 0xff, 0xff, 0xff, 0xff, 0x90, 0x0,
    0x0, 0x7f, 0xff, 0xfe, 0xdf, 0xff, 0xfb, 0x0,
    0x2, 0xff, 0xfc, 0x20, 0x1, 0x9f, 0xff, 0x60,
    0x9, 0xff, 0xd0, 0x0, 0x0, 0xa, 0xff, 0xd0,
    0xd, 0xff, 0x60, 0x0, 0x0, 0x2, 0xff, 0xf1,
    0xf, 0xff, 0x20, 0x0, 0x0, 0x0, 0xef, 0xf3,
    0xf, 0xff, 0x20, 0x0, 0x0, 0x0, 0xef, 0xf3,
    0xd, 0xff, 0x60, 0x0, 0x0, 0x1, 0xff, 0xf1,
    0x9, 0xff, 0xd0, 0x0, 0x0, 0x9, 0xff, 0xd0,
    0x2, 0xff, 0xfc, 0x20, 0x0, 0x9f, 0xff, 0x60,
    0x0, 0x7f, 0xff, 0xfe, 0xdf, 0xff, 0xfb, 0x0,
    0x0, 0x6, 0xff, 0xff, 0xff, 0xff, 0xa0, 0x0,
    0x0, 0x0, 0x28, 0xce, 0xfd, 0xa3, 0x0, 0x0,

    /* U+00F4 "ô" */
    0x0, 0x0, 0x4, 0xff, 0xff, 0x30, 0x0, 0x0,
    0x0, 0x0, 0x4f, 0xfe, 0xef, 0xf4, 0x0, 0x0,
    0x0, 0x4, 0xff, 0xc1, 0x1d, 0xff, 0x40, 0x0,
    0x0, 0x5, 0x65, 0x0, 0x0, 0x56, 0x50, 0x0,
    0x0, 0x0, 0x0, 0x0, 0x0, 0x0, 0x0, 0x0,
    0x0, 0x0, 0x28, 0xce, 0xfd, 0x93, 0x0, 0x0,
    0x0, 0x6, 0xff, 0xff, 0xff, 0xff, 0x90, 0x0,
    0x0, 0x7f, 0xff, 0xfe, 0xdf, 0xff, 0xfb, 0x0,
    0x2, 0xff, 0xfc, 0x20, 0x1, 0x9f, 0xff, 0x60,
    0x9, 0xff, 0xd0, 0x0, 0x0, 0xa, 0xff, 0xd0,
    0xd, 0xff, 0x60, 0x0, 0x0, 0x2, 0xff, 0xf1,
    0xf, 0xff, 0x20, 0x0, 0x0, 0x0, 0xef, 0xf3,
    0xf, 0xff, 0x20, 0x0, 0x0, 0x0, 0xef, 0xf3,
    0xd, 0xff, 0x60, 0x0, 0x0, 0x1, 0xff, 0xf1,
    0x9, 0xff, 0xd0, 0x0, 0x0, 0x9, 0xff, 0xd0,
    0x2, 0xff, 0xfc, 0x20, 0x0, 0x9f, 0xff, 0x60,
    0x0, 0x7f, 0xff, 0xfe, 0xdf, 0xff, 0xfb, 0x0,
    0x0, 0x6, 0xff, 0xff, 0xff, 0xff, 0xa0, 0x0,
    0x0, 0x0, 0x28, 0xce, 0xfd, 0xa3, 0x0, 0x0,

    /* U+00F5 "õ" */
    0x0, 0x0, 0x0, 0x0, 0x0, 0x0, 0x10, 0x0,
    0x0, 0x0, 0x2b, 0xff, 0xb4, 0x1e, 0xf5, 0x0,
    0x0, 0x0, 0xdf, 0xff, 0xff, 0xff, 0xe0, 0x0,
    0x0, 0x4, 0xff, 0x35, 0xcf, 0xfd, 0x30, 0x0,
    0x0, 0x0, 0x21, 0x0, 0x0, 0x10, 0x0, 0x0,
    0x0, 0x0, 0x0, 0x0, 0x0, 0x0, 0x0, 0x0,
    0x0, 0x0, 0x28, 0xce, 0xfd, 0x93, 0x0, 0x0,
    0x0, 0x6, 0xff, 0xff, 0xff, 0xff, 0x90, 0x0,
    0x0, 0x7f, 0xff, 0xfe, 0xdf, 0xff, 0xfb, 0x0,
    0x2, 0xff, 0xfc, 0x20, 0x1, 0x9f, 0xff, 0x60,
    0x9, 0xff, 0xd0, 0x0, 0x0, 0xa, 0xff, 0xd0,
    0xd, 0xff, 0x60, 0x0, 0x0, 0x2, 0xff, 0xf1,
    0xf, 0xff, 0x20, 0x0, 0x0, 0x0, 0xef, 0xf3,
    0xf, 0xff, 0x20, 0x0, 0x0, 0x0, 0xef, 0xf3,
    0xd, 0xff, 0x60, 0x0, 0x0, 0x1, 0xff, 0xf1,
    0x9, 0xff, 0xd0, 0x0, 0x0, 0x9, 0xff, 0xd0,
    0x2, 0xff, 0xfc, 0x20, 0x0, 0x9f, 0xff, 0x60,
    0x0, 0x7f, 0xff, 0xfe, 0xdf, 0xff, 0xfb, 0x0,
    0x0, 0x6, 0xff, 0xff, 0xff, 0xff, 0xa0, 0x0,
    0x0, 0x0, 0x28, 0xce, 0xfd, 0xa3, 0x0, 0x0,

    /* U+00F6 "ö" */
    0x0, 0x2, 0x72, 0x0, 0x0, 0x17, 0x30, 0x0,
    0x0, 0xe, 0xff, 0x10, 0x0, 0xdf, 0xf2, 0x0,
    0x0, 0x1f, 0xff, 0x20, 0x0, 0xff, 0xf3, 0x0,
    0x0, 0x6, 0xc6, 0x0, 0x0, 0x5c, 0x80, 0x0,
    0x0, 0x0, 0x0, 0x0, 0x0, 0x0, 0x0, 0x0,
    0x0, 0x0, 0x0, 0x0, 0x0, 0x0, 0x0, 0x0,
    0x0, 0x0, 0x28, 0xce, 0xfd, 0x93, 0x0, 0x0,
    0x0, 0x6, 0xff, 0xff, 0xff, 0xff, 0x90, 0x0,
    0x0, 0x7f, 0xff, 0xfe, 0xdf, 0xff, 0xfb, 0x0,
    0x2, 0xff, 0xfc, 0x20, 0x1, 0x9f, 0xff, 0x60,
    0x9, 0xff, 0xd0, 0x0, 0x0, 0xa, 0xff, 0xd0,
    0xd, 0xff, 0x60, 0x0, 0x0, 0x2, 0xff, 0xf1,
    0xf, 0xff, 0x20, 0x0, 0x0, 0x0, 0xef, 0xf3,
    0xf, 0xff, 0x20, 0x0, 0x0, 0x0, 0xef, 0xf3,
    0xd, 0xff, 0x60, 0x0, 0x0, 0x1, 0xff, 0xf1,
    0x9, 0xff, 0xd0, 0x0, 0x0, 0x9, 0xff, 0xd0,
    0x2, 0xff, 0xfc, 0x20, 0x0, 0x9f, 0xff, 0x60,
    0x0, 0x7f, 0xff, 0xfe, 0xdf, 0xff, 0xfb, 0x0,
    0x0, 0x6, 0xff, 0xff, 0xff, 0xff, 0xa0, 0x0,
    0x0, 0x0, 0x28, 0xce, 0xfd, 0xa3, 0x0, 0x0,

    /* U+00F7 "÷" */
    0x0, 0x0, 0x4e, 0xc0, 0x0, 0x0, 0x0, 0x0,
    0xaf, 0xf3, 0x0, 0x0, 0x0, 0x0, 0x4e, 0xb0,
    0x0, 0x0, 0x0, 0x0, 0x0, 0x0, 0x0, 0x0,
    0x79, 0x99, 0x99, 0x99, 0x99, 0x93, 0xdf, 0xff,
    0xff, 0xff, 0xff, 0xf6, 0xdf, 0xff, 0xff, 0xff,
    0xff, 0xf6, 0x0, 0x0, 0x0, 0x0, 0x0, 0x0,
    0x0, 0x0, 0x0, 0x0, 0x0, 0x0, 0x0, 0x0,
    0x4e, 0xc0, 0x0, 0x0, 0x0, 0x0, 0xaf, 0xf3,
    0x0, 0x0, 0x0, 0x0, 0x3e, 0xb0, 0x0, 0x0,

    /* U+00F8 "ø" */
    0x0, 0x0, 0x28, 0xdf, 0xfd, 0xa5, 0xbf, 0xf3,
    0x0, 0x7, 0xff, 0xff, 0xff, 0xff, 0xff, 0x60,
    0x0, 0x8f, 0xff, 0xfe, 0xef, 0xff, 0xfd, 0x0,
    0x3, 0xff, 0xfb, 0x20, 0x5, 0xff, 0xff, 0x50,
    0xa, 0xff, 0xc0, 0x0, 0x2e, 0xff, 0xff, 0xc0,
    0xe, 0xff, 0x40, 0x1, 0xef, 0xd5, 0xff, 0xf1,
    0xf, 0xff, 0x10, 0x1d, 0xfe, 0x10, 0xff, 0xf3,
    0x1f, 0xff, 0x10, 0xcf, 0xe2, 0x0, 0xff, 0xf2,
    0xf, 0xff, 0x5b, 0xff, 0x30, 0x3, 0xff, 0xf0,
    0xa, 0xff, 0xff, 0xf4, 0x0, 0xa, 0xff, 0xc0,
    0x3, 0xff, 0xff, 0x70, 0x1, 0x9f, 0xff, 0x50,
    0x0, 0xbf, 0xff, 0xfe, 0xdf, 0xff, 0xfa, 0x0,
    0x3, 0xff, 0xff, 0xff, 0xff, 0xff, 0x90, 0x0,
    0x1e, 0xfd, 0x5a, 0xdf, 0xfd, 0x93, 0x0, 0x0,

    /* U+00F9 "ù" */
    0x0, 0x8, 0xff, 0xe2, 0x0, 0x0, 0x0, 0x0,
    0x0, 0x7f, 0xfe, 0x20, 0x0, 0x0, 0x0, 0x0,
    0x6, 0xff, 0xe1, 0x0, 0x0, 0x0, 0x0, 0x0,
    0x36, 0x64, 0x0, 0x0, 0x0, 0x0, 0x0, 0x0,
    0x0, 0x0, 0x0, 0x9f, 0xf9, 0x0, 0x0, 0x0,
    0xff, 0xf1, 0x9f, 0xf9, 0x0, 0x0, 0x0, 0xff,
    0xf1, 0x9f, 0xf9, 0x0, 0x0, 0x0, 0xff, 0xf1,
    0x9f, 0xf9, 0x0, 0x0, 0x0, 0xff, 0xf1, 0x9f,
    0xf9, 0x0, 0x0, 0x0, 0xff, 0xf1, 0x9f, 0xf9,
    0x0, 0x0, 0x0, 0xff, 0xf1, 0x9f, 0xf9, 0x0,
    0x0, 0x0, 0xff, 0xf1, 0x9f, 0xf9, 0x0, 0x0,
    0x1, 0xff, 0xf1, 0x8f, 0xfb, 0x0, 0x0, 0x3,
    0xff, 0xf1, 0x7f, 0xfe, 0x0, 0x0, 0x9, 0xff,
    0xf1, 0x3f, 0xff, 0xa0, 0x0, 0x6f, 0xff, 0xf1,
    0xd, 0xff, 0xff, 0xdf, 0xff, 0xff, 0xf1, 0x3,
    0xef, 0xff, 0xff, 0xf6, 0xff, 0xf1, 0x0, 0x19,
    0xdf, 0xeb, 0x40, 0xef, 0xf1,

    /* U+00FA "ú" */
    0x0, 0x0, 0x0, 0x8, 0xff, 0xe2, 0x0, 0x0,
    0x0, 0x0, 0x8f, 0xfd, 0x10, 0x0, 0x0, 0x0,
    0x7, 0xff, 0xc1, 0x0, 0x0, 0x0, 0x0, 0x5,
    0x65, 0x0, 0x0, 0x0, 0x0, 0x0, 0x0, 0x0,
    0x0, 0x0, 0x0, 0x9f, 0xf9, 0x0, 0x0, 0x0,
    0xff, 0xf1, 0x9f, 0xf9, 0x0, 0x0, 0x0, 0xff,
    0xf1, 0x9f, 0xf9, 0x0, 0x0, 0x0, 0xff, 0xf1,
    0x9f, 0xf9, 0x0, 0x0, 0x0, 0xff, 0xf1, 0x9f,
    0xf9, 0x0, 0x0, 0x0, 0xff, 0xf1, 0x9f, 0xf9,
    0x0, 0x0, 0x0, 0xff, 0xf1, 0x9f, 0xf9, 0x0,
    0x0, 0x0, 0xff, 0xf1, 0x9f, 0xf9, 0x0, 0x0,
    0x1, 0xff, 0xf1, 0x8f, 0xfb, 0x0, 0x0, 0x3,
    0xff, 0xf1, 0x7f, 0xfe, 0x0, 0x0, 0x9, 0xff,
    0xf1, 0x3f, 0xff, 0xa0, 0x0, 0x6f, 0xff, 0xf1,
    0xd, 0xff, 0xff, 0xdf, 0xff, 0xff, 0xf1, 0x3,
    0xef, 0xff, 0xff, 0xf6, 0xff, 0xf1, 0x0, 0x19,
    0xdf, 0xeb, 0x40, 0xef, 0xf1,

    /* U+00FB "û" */
    0x0, 0x0, 0x7f, 0xff, 0xe2, 0x0, 0x0, 0x0,
    0x8, 0xff, 0xbe, 0xfe, 0x30, 0x0, 0x0, 0x9f,
    0xf8, 0x2, 0xdf, 0xf3, 0x0, 0x0, 0x33, 0x20,
    0x0, 0x3, 0x32, 0x0, 0x0, 0x0, 0x0, 0x0,
    0x0, 0x0, 0x0, 0x9f, 0xf9, 0x0, 0x0, 0x0,
    0xff, 0xf1, 0x9f, 0xf9, 0x0, 0x0, 0x0, 0xff,
    0xf1, 0x9f, 0xf9, 0x0, 0x0, 0x0, 0xff, 0xf1,
    0x9f, 0xf9, 0x0, 0x0, 0x0, 0xff, 0xf1, 0x9f,
    0xf9, 0x0, 0x0, 0x0, 0xff, 0xf1, 0x9f, 0xf9,
    0x0, 0x0, 0x0, 0xff, 0xf1, 0x9f, 0xf9, 0x0,
    0x0, 0x0, 0xff, 0xf1, 0x9f, 0xf9, 0x0, 0x0,
    0x1, 0xff, 0xf1, 0x8f, 0xfb, 0x0, 0x0, 0x3,
    0xff, 0xf1, 0x7f, 0xfe, 0x0, 0x0, 0x9, 0xff,
    0xf1, 0x3f, 0xff, 0xa0, 0x0, 0x6f, 0xff, 0xf1,
    0xd, 0xff, 0xff, 0xdf, 0xff, 0xff, 0xf1, 0x3,
    0xef, 0xff, 0xff, 0xf6, 0xff, 0xf1, 0x0, 0x19,
    0xdf, 0xeb, 0x40, 0xef, 0xf1,

    /* U+00FC "ü" */
    0x0, 0x37, 0x10, 0x0, 0x2, 0x72, 0x0, 0x2,
    0xff, 0xc0, 0x0, 0x1f, 0xfe, 0x0, 0x4, 0xff,
    0xe0, 0x0, 0x2f, 0xff, 0x0, 0x0, 0x8c, 0x40,
    0x0, 0x7, 0xc5, 0x0, 0x0, 0x0, 0x0, 0x0,
    0x0, 0x0, 0x0, 0x0, 0x0, 0x0, 0x0, 0x0,
    0x0, 0x0, 0x9f, 0xf9, 0x0, 0x0, 0x0, 0xff,
    0xf1, 0x9f, 0xf9, 0x0, 0x0, 0x0, 0xff, 0xf1,
    0x9f, 0xf9, 0x0, 0x0, 0x0, 0xff, 0xf1, 0x9f,
    0xf9, 0x0, 0x0, 0x0, 0xff, 0xf1, 0x9f, 0xf9,
    0x0, 0x0, 0x0, 0xff, 0xf1, 0x9f, 0xf9, 0x0,
    0x0, 0x0, 0xff, 0xf1, 0x9f, 0xf9, 0x0, 0x0,
    0x0, 0xff, 0xf1, 0x9f, 0xf9, 0x0, 0x0, 0x1,
    0xff, 0xf1, 0x8f, 0xfb, 0x0, 0x0, 0x3, 0xff,
    0xf1, 0x7f, 0xfe, 0x0, 0x0, 0x9, 0xff, 0xf1,
    0x3f, 0xff, 0xa0, 0x0, 0x6f, 0xff, 0xf1, 0xd,
    0xff, 0xff, 0xdf, 0xff, 0xff, 0xf1, 0x3, 0xef,
    0xff, 0xff, 0xf6, 0xff, 0xf1, 0x0, 0x19, 0xdf,
    0xeb, 0x40, 0xef, 0xf1,

    /* U+00FD "ý" */
    0x0, 0x0, 0x0, 0x0, 0xaf, 0xfd, 0x10, 0x0,
    0x0, 0x0, 0x0, 0x9, 0xff, 0xc1, 0x0, 0x0,
    0x0, 0x0, 0x0, 0x9f, 0xfc, 0x0, 0x0, 0x0,
    0x0, 0x0, 0x1, 0x66, 0x50, 0x0, 0x0, 0x0,
    0x0, 0x0, 0x0, 0x0, 0x0, 0x0, 0x0, 0x0,
    0x9f, 0xfc, 0x0, 0x0, 0x0, 0x3, 0xff, 0xf3,
    0x2f, 0xff, 0x30, 0x0, 0x0, 0xa, 0xff, 0xc0,
    0xa, 0xff, 0xa0, 0x0, 0x0, 0x1f, 0xff, 0x50,
    0x2, 0xff, 0xf1, 0x0, 0x0, 0x7f, 0xfd, 0x0,
    0x0, 0xbf, 0xf8, 0x0, 0x0, 0xef, 0xf7, 0x0,
    0x0, 0x3f, 0xfe, 0x0, 0x5, 0xff, 0xf0, 0x0,
    0x0, 0xc, 0xff, 0x60, 0xc, 0xff, 0x90, 0x0,
    0x0, 0x4, 0xff, 0xd0, 0x2f, 0xff, 0x20, 0x0,
    0x0, 0x0, 0xdf, 0xf4, 0x9f, 0xfb, 0x0, 0x0,
    0x0, 0x0, 0x5f, 0xfc, 0xff, 0xf3, 0x0, 0x0,
    0x0, 0x0, 0xd, 0xff, 0xff, 0xc0, 0x0, 0x0,
    0x0, 0x0, 0x6, 0xff, 0xff, 0x50, 0x0, 0x0,
    0x0, 0x0, 0x0, 0xef, 0xfe, 0x0, 0x0, 0x0,
    0x0, 0x0, 0x0, 0xcf, 0xf7, 0x0, 0x0, 0x0,
    0x0, 0x0, 0x3, 0xff, 0xf1, 0x0, 0x0, 0x0,
    0x0, 0x20, 0xc, 0xff, 0x90, 0x0, 0x0, 0x0,
    0x5, 0xfd, 0xff, 0xff, 0x10, 0x0, 0x0, 0x0,
    0xd, 0xff, 0xff, 0xf5, 0x0, 0x0, 0x0, 0x0,
    0x5, 0xbe, 0xfc, 0x40, 0x0, 0x0, 0x0, 0x0,

    /* U+00FE "þ" */
    0x4f, 0xfe, 0x0, 0x0, 0x0, 0x0, 0x0, 0x4,
    0xff, 0xe0, 0x0, 0x0, 0x0, 0x0, 0x0, 0x4f,
    0xfe, 0x0, 0x0, 0x0, 0x0, 0x0, 0x4, 0xff,
    0xe0, 0x0, 0x0, 0x0, 0x0, 0x0, 0x4f, 0xfe,
    0x0, 0x0, 0x0, 0x0, 0x0, 0x4, 0xff, 0xe0,
    0x3a, 0xef, 0xd9, 0x20, 0x0, 0x4f, 0xfe, 0x6f,
    0xff, 0xff, 0xff, 0x60, 0x4, 0xff, 0xff, 0xff,
    0xdf, 0xff, 0xff, 0x40, 0x4f, 0xff, 0xf7, 0x0,
    0x6, 0xff, 0xfd, 0x4, 0xff, 0xf8, 0x0, 0x0,
    0x5, 0xff, 0xf3, 0x4f, 0xff, 0x10, 0x0, 0x0,
    0xd, 0xff, 0x74, 0xff, 0xe0, 0x0, 0x0, 0x0,
    0xaf, 0xf9, 0x4f, 0xfe, 0x0, 0x0, 0x0, 0xa,
    0xff, 0x94, 0xff, 0xf1, 0x0, 0x0, 0x0, 0xdf,
    0xf7, 0x4f, 0xff, 0x80, 0x0, 0x0, 0x5f, 0xff,
    0x34, 0xff, 0xff, 0x70, 0x0, 0x5f, 0xff, 0xd0,
    0x4f, 0xff, 0xff, 0xec, 0xef, 0xff, 0xf4, 0x4,
    0xff, 0xe6, 0xff, 0xff, 0xff, 0xf6, 0x0, 0x4f,
    0xfe, 0x3, 0xae, 0xfd, 0x92, 0x0, 0x4, 0xff,
    0xe0, 0x0, 0x0, 0x0, 0x0, 0x0, 0x4f, 0xfe,
    0x0, 0x0, 0x0, 0x0, 0x0, 0x4, 0xff, 0xe0,
    0x0, 0x0, 0x0, 0x0, 0x0, 0x4f, 0xfe, 0x0,
    0x0, 0x0, 0x0, 0x0, 0x4, 0xff, 0xe0, 0x0,
    0x0, 0x0, 0x0, 0x0,

    /* U+00FF "ÿ" */
    0x0, 0x4, 0x60, 0x0, 0x0, 0x37, 0x10, 0x0,
    0x0, 0x4f, 0xfb, 0x0, 0x2, 0xff, 0xd0, 0x0,
    0x0, 0x5f, 0xfd, 0x0, 0x4, 0xff, 0xf0, 0x0,
    0x0, 0x9, 0xb3, 0x0, 0x0, 0x8c, 0x50, 0x0,
    0x0, 0x0, 0x0, 0x0, 0x0, 0x0, 0x0, 0x0,
    0x0, 0x0, 0x0, 0x0, 0x0, 0x0, 0x0, 0x0,
    0x9f, 0xfc, 0x0, 0x0, 0x0, 0x3, 0xff, 0xf3,
    0x2f, 0xff, 0x30, 0x0, 0x0, 0xa, 0xff, 0xc0,
    0xa, 0xff, 0xa0, 0x0, 0x0, 0x1f, 0xff, 0x50,
    0x2, 0xff, 0xf1, 0x0, 0x0, 0x7f, 0xfd, 0x0,
    0x0, 0xbf, 0xf8, 0x0, 0x0, 0xef, 0xf7, 0x0,
    0x0, 0x3f, 0xfe, 0x0, 0x5, 0xff, 0xf0, 0x0,
    0x0, 0xc, 0xff, 0x60, 0xc, 0xff, 0x90, 0x0,
    0x0, 0x4, 0xff, 0xd0, 0x2f, 0xff, 0x20, 0x0,
    0x0, 0x0, 0xdf, 0xf4, 0x9f, 0xfb, 0x0, 0x0,
    0x0, 0x0, 0x5f, 0xfc, 0xff, 0xf3, 0x0, 0x0,
    0x0, 0x0, 0xd, 0xff, 0xff, 0xc0, 0x0, 0x0,
    0x0, 0x0, 0x6, 0xff, 0xff, 0x50, 0x0, 0x0,
    0x0, 0x0, 0x0, 0xef, 0xfe, 0x0, 0x0, 0x0,
    0x0, 0x0, 0x0, 0xcf, 0xf7, 0x0, 0x0, 0x0,
    0x0, 0x0, 0x3, 0xff, 0xf1, 0x0, 0x0, 0x0,
    0x0, 0x20, 0xc, 0xff, 0x90, 0x0, 0x0, 0x0,
    0x5, 0xfd, 0xff, 0xff, 0x10, 0x0, 0x0, 0x0,
    0xd, 0xff, 0xff, 0xf5, 0x0, 0x0, 0x0, 0x0,
    0x5, 0xbe, 0xfc, 0x40, 0x0, 0x0, 0x0, 0x0,

    /* U+0100 "Ā" */
    0x0, 0x0, 0xa, 0xff, 0xff, 0xff, 0xff, 0x40,
    0x0, 0x0, 0x0, 0x0, 0xa, 0xff, 0xff, 0xff,
    0xff, 0x40, 0x0, 0x0, 0x0, 0x0, 0x6, 0xaa,
    0xaa, 0xaa, 0xaa, 0x20, 0x0, 0x0, 0x0, 0x0,
    0x0, 0x0, 0x0, 0x0, 0x0, 0x0, 0x0, 0x0,
    0x0, 0x0, 0x0, 0x2, 0xff, 0xfb, 0x0, 0x0,
    0x0, 0x0, 0x0, 0x0, 0x0, 0x8, 0xff, 0xff,
    0x20, 0x0, 0x0, 0x0, 0x0, 0x0, 0x0, 0xe,
    0xff, 0xff, 0x80, 0x0, 0x0, 0x0, 0x0, 0x0,
    0x0, 0x6f, 0xff, 0xff, 0xe0, 0x0, 0x0, 0x0,
    0x0, 0x0, 0x0, 0xcf, 0xf8, 0xef, 0xf5, 0x0,
    0x0, 0x0, 0x0, 0x0, 0x3, 0xff, 0xf1, 0x8f,
    0xfc, 0x0, 0x0, 0x0, 0x0, 0x0, 0x9, 0xff,
    0xa0, 0x1f, 0xff, 0x30, 0x0, 0x0, 0x0, 0x0,
    0x1f, 0xff, 0x30, 0xa, 0xff, 0x90, 0x0, 0x0,
    0x0, 0x0, 0x6f, 0xfd, 0x0, 0x3, 0xff, 0xf0,
    0x0, 0x0, 0x0, 0x0, 0xdf, 0xf6, 0x0, 0x0,
    0xdf, 0xf6, 0x0, 0x0, 0x0, 0x4, 0xff, 0xe0,
    0x0, 0x0, 0x6f, 0xfd, 0x0, 0x0, 0x0, 0xa,
    0xff, 0xfd, 0xdd, 0xdd, 0xdf, 0xff, 0x40, 0x0,
    0x0, 0x1f, 0xff, 0xff, 0xff, 0xff, 0xff, 0xff,
    0xa0, 0x0, 0x0, 0x7f, 0xff, 0xff, 0xff, 0xff,
    0xff, 0xff, 0xf1, 0x0, 0x0, 0xef, 0xf6, 0x0,
    0x0, 0x0, 0x0, 0xdf, 0xf7, 0x0, 0x5, 0xff,
    0xf0, 0x0, 0x0, 0x0, 0x0, 0x7f, 0xfe, 0x0,
    0xb, 0xff, 0xa0, 0x0, 0x0, 0x0, 0x0, 0x1f,
    0xff, 0x50, 0x2f, 0xff, 0x40, 0x0, 0x0, 0x0,
    0x0, 0xa, 0xff, 0xb0, 0x8f, 0xfe, 0x0, 0x0,
    0x0, 0x0, 0x0, 0x4, 0xff, 0xf2,

    /* U+0101 "ā" */
    0x0, 0x4a, 0xaa, 0xaa, 0xaa, 0xa5, 0x0, 0x0,
    0x6f, 0xff, 0xff, 0xff, 0xf8, 0x0, 0x0, 0x6f,
    0xff, 0xff, 0xff, 0xf8, 0x0, 0x0, 0x0, 0x0,
    0x0, 0x0, 0x0, 0x0, 0x0, 0x0, 0x0, 0x0,
    0x0, 0x0, 0x0, 0x0, 0x1, 0x8d, 0xff, 0xea,
    0x30, 0x0, 0x0, 0x3e, 0xff, 0xff, 0xff, 0xf7,
    0x0, 0x2, 0xff, 0xff, 0xcb, 0xff, 0xff, 0x40,
    0x4, 0xcf, 0xc1, 0x0, 0x1c, 0xff, 0xb0, 0x0,
    0x1, 0x10, 0x0, 0x3, 0xff, 0xf0, 0x0, 0x0,
    0x14, 0x55, 0x55, 0xff, 0xf2, 0x0, 0x4d, 0xff,
    0xff, 0xff, 0xff, 0xf3, 0x4, 0xff, 0xff, 0xff,
    0xff, 0xff, 0xf3, 0xd, 0xff, 0xc3, 0x0, 0x0,
    0xef, 0xf3, 0xf, 0xff, 0x30, 0x0, 0x2, 0xff,
    0xf3, 0xf, 0xff, 0x60, 0x0, 0x1d, 0xff, 0xf3,
    0xb, 0xff, 0xfb, 0x9b, 0xff, 0xff, 0xf2, 0x2,
    0xef, 0xff, 0xff, 0xfc, 0xdf, 0xf2, 0x0, 0x18,
    0xdf, 0xfd, 0x80, 0xbf, 0xf2,

    /* U+0102 "Ă" */
    0x0, 0x0, 0x2f, 0xfd, 0x0, 0x3, 0xff, 0xb0,
    0x0, 0x0, 0x0, 0x0, 0xd, 0xff, 0xa4, 0x6d,
    0xff, 0x70, 0x0, 0x0, 0x0, 0x0, 0x3, 0xff,
    0xff, 0xff, 0xfb, 0x0, 0x0, 0x0, 0x0, 0x0,
    0x0, 0x19, 0xdf, 0xfc, 0x60, 0x0, 0x0, 0x0,
    0x0, 0x0, 0x0, 0x0, 0x0, 0x0, 0x0, 0x0,
    0x0, 0x0, 0x0, 0x0, 0x0, 0x2, 0xff, 0xfb,
    0x0, 0x0, 0x0, 0x0, 0x0, 0x0, 0x0, 0x8,
    0xff, 0xff, 0x20, 0x0, 0x0, 0x0, 0x0, 0x0,
    0x0, 0xe, 0xff, 0xff, 0x80, 0x0, 0x0, 0x0,
    0x0, 0x0, 0x0, 0x6f, 0xff, 0xff, 0xe0, 0x0,
    0x0, 0x0, 0x0, 0x0, 0x0, 0xcf, 0xf8, 0xef,
    0xf5, 0x0, 0x0, 0x0, 0x0, 0x0, 0x3, 0xff,
    0xf1, 0x8f, 0xfc, 0x0, 0x0, 0x0, 0x0, 0x0,
    0x9, 0xff, 0xa0, 0x1f, 0xff, 0x30, 0x0, 0x0,
    0x0, 0x0, 0x1f, 0xff, 0x30, 0xa, 0xff, 0x90,
    0x0, 0x0, 0x0, 0x0, 0x6f, 0xfd, 0x0, 0x3,
    0xff, 0xf0, 0x0, 0x0, 0x0, 0x0, 0xdf, 0xf6,
    0x0, 0x0, 0xdf, 0xf6, 0x0, 0x0, 0x0, 0x4,
    0xff, 0xe0, 0x0, 0x0, 0x6f, 0xfd, 0x0, 0x0,
    0x0, 0xa, 0xff, 0xfd, 0xdd, 0xdd, 0xdf, 0xff,
    0x40, 0x0, 0x0, 0x1f, 0xff, 0xff, 0xff, 0xff,
    0xff, 0xff, 0xa0, 0x0, 0x0, 0x7f, 0xff, 0xff,
    0xff, 0xff, 0xff, 0xff, 0xf1, 0x0, 0x0, 0xef,
    0xf6, 0x0, 0x0, 0x0, 0x0, 0xdf, 0xf7, 0x0,
    0x5, 0xff, 0xf0, 0x0, 0x0, 0x0, 0x0, 0x7f,
    0xfe, 0x0, 0xb, 0xff, 0xa0, 0x0, 0x0, 0x0,
    0x0, 0x1f, 0xff, 0x50, 0x2f, 0xff, 0x40, 0x0,
    0x0, 0x0, 0x0, 0xa, 0xff, 0xb0, 0x8f, 0xfe,
    0x0, 0x0, 0x0, 0x0, 0x0, 0x4, 0xff, 0xf2,

    /* U+0103 "ă" */
    0x0, 0xef, 0xf5, 0x0, 0x4f, 0xff, 0x0, 0x0,
    0x6f, 0xff, 0xff, 0xff, 0xf8, 0x0, 0x0, 0x5,
    0xdf, 0xff, 0xfd, 0x60, 0x0, 0x0, 0x0, 0x1,
    0x33, 0x10, 0x0, 0x0, 0x0, 0x0, 0x0, 0x0,
    0x0, 0x0, 0x0, 0x0, 0x1, 0x8d, 0xff, 0xea,
    0x30, 0x0, 0x0, 0x3e, 0xff, 0xff, 0xff, 0xf7,
    0x0, 0x2, 0xff, 0xff, 0xcb, 0xff, 0xff, 0x40,
    0x4, 0xcf, 0xc1, 0x0, 0x1c, 0xff, 0xb0, 0x0,
    0x1, 0x10, 0x0, 0x3, 0xff, 0xf0, 0x0, 0x0,
    0x14, 0x55, 0x55, 0xff, 0xf2, 0x0, 0x4d, 0xff,
    0xff, 0xff, 0xff, 0xf3, 0x4, 0xff, 0xff, 0xff,
    0xff, 0xff, 0xf3, 0xd, 0xff, 0xc3, 0x0, 0x0,
    0xef, 0xf3, 0xf, 0xff, 0x30, 0x0, 0x2, 0xff,
    0xf3, 0xf, 0xff, 0x60, 0x0, 0x1d, 0xff, 0xf3,
    0xb, 0xff, 0xfb, 0x9b, 0xff, 0xff, 0xf2, 0x2,
    0xef, 0xff, 0xff, 0xfc, 0xdf, 0xf2, 0x0, 0x18,
    0xdf, 0xfd, 0x80, 0xbf, 0xf2,

    /* U+0104 "Ą" */
    0x0, 0x0, 0x0, 0x2, 0xff, 0xfb, 0x0, 0x0,
    0x0, 0x0, 0x0, 0x0, 0x0, 0x0, 0x8f, 0xff,
    0xf2, 0x0, 0x0, 0x0, 0x0, 0x0, 0x0, 0x0,
    0xe, 0xff, 0xff, 0x80, 0x0, 0x0, 0x0, 0x0,
    0x0, 0x0, 0x6, 0xff, 0xff, 0xfe, 0x0, 0x0,
    0x0, 0x0, 0x0, 0x0, 0x0, 0xcf, 0xf7, 0xef,
    0xf5, 0x0, 0x0, 0x0, 0x0, 0x0, 0x0, 0x3f,
    0xff, 0x17, 0xff, 0xc0, 0x0, 0x0, 0x0, 0x0,
    0x0, 0x9, 0xff, 0x90, 0x1f, 0xff, 0x30, 0x0,
    0x0, 0x0, 0x0, 0x1, 0xff, 0xf3, 0x0, 0x9f,
    0xf9, 0x0, 0x0, 0x0, 0x0, 0x0, 0x6f, 0xfc,
    0x0, 0x3, 0xff, 0xf0, 0x0, 0x0, 0x0, 0x0,
    0xd, 0xff, 0x50, 0x0, 0xc, 0xff, 0x60, 0x0,
    0x0, 0x0, 0x4, 0xff, 0xe0, 0x0, 0x0, 0x5f,
    0xfd, 0x0, 0x0, 0x0, 0x0, 0xaf, 0xff, 0xff,
    0xff, 0xff, 0xff, 0xf4, 0x0, 0x0, 0x0, 0x1f,
    0xff, 0xff, 0xff, 0xff, 0xff, 0xff, 0xa0, 0x0,
    0x0, 0x7, 0xff, 0xed, 0xdd, 0xdd, 0xdd, 0xdf,
    0xff, 0x10, 0x0, 0x0, 0xef, 0xf5, 0x0, 0x0,
    0x0, 0x0, 0xcf, 0xf7, 0x0, 0x0, 0x5f, 0xff,
    0x0, 0x0, 0x0, 0x0, 0x6, 0xff, 0xe0, 0x0,
    0xb, 0xff, 0x90, 0x0, 0x0, 0x0, 0x0, 0xf,
    0xff, 0x50, 0x2, 0xff, 0xf3, 0x0, 0x0, 0x0,
    0x0, 0x0, 0xaf, 0xfb, 0x0, 0x8f, 0xfe, 0x0,
    0x0, 0x0, 0x0, 0x0, 0x4, 0xff, 0xf2, 0x0,
    0x0, 0x0, 0x0, 0x0, 0x0, 0x0, 0x0, 0x2d,
    0xf9, 0x0, 0x0, 0x0, 0x0, 0x0, 0x0, 0x0,
    0x0, 0x2f, 0xf7, 0x0, 0x0, 0x0, 0x0, 0x0,
    0x0, 0x0, 0x0, 0x7, 0xff, 0x75, 0x20, 0x0,
    0x0, 0x0, 0x0, 0x0, 0x0, 0x0, 0x3f, 0xff,
    0xfa, 0x0, 0x0, 0x0, 0x0, 0x0, 0x0, 0x0,
    0x0, 0x5c, 0xff, 0xb0,

    /* U+0105 "ą" */
    0x0, 0x1, 0x8c, 0xef, 0xea, 0x30, 0x0, 0x0,
    0x4f, 0xff, 0xff, 0xff, 0xf7, 0x0, 0x2, 0xff,
    0xff, 0xbb, 0xef, 0xff, 0x40, 0x2, 0x8c, 0x90,
    0x0, 0xa, 0xff, 0xb0, 0x0, 0x0, 0x0, 0x0,
    0x1, 0xff, 0xf0, 0x0, 0x6, 0xce, 0xff, 0xff,
    0xff, 0xf2, 0x1, 0xcf, 0xff, 0xff, 0xff, 0xff,
    0xf3, 0x9, 0xff, 0xfa, 0x65, 0x55, 0xef, 0xf3,
    0xe, 0xff, 0x70, 0x0, 0x0, 0xff, 0xf3, 0xf,
    0xff, 0x30, 0x0, 0x5, 0xff, 0xf3, 0xf, 0xff,
    0x70, 0x0, 0x2e, 0xff, 0xf3, 0xa, 0xff, 0xfc,
    0x9a, 0xff, 0xff, 0xf2, 0x1, 0xef, 0xff, 0xff,
    0xfc, 0xdf, 0xf2, 0x0, 0x18, 0xdf, 0xfd, 0x80,
    0xdf, 0xf2, 0x0, 0x0, 0x0, 0x0, 0x4, 0xef,
    0x60, 0x0, 0x0, 0x0, 0x0, 0x4f, 0xf3, 0x0,
    0x0, 0x0, 0x0, 0x0, 0xaf, 0xf5, 0x50, 0x0,
    0x0, 0x0, 0x0, 0x7f, 0xff, 0xf6, 0x0, 0x0,
    0x0, 0x0, 0x7, 0xdf, 0xe8,

    /* U+0106 "Ć" */
    0x0, 0x0, 0x0, 0x0, 0x0, 0x38, 0x87, 0x10,
    0x0, 0x0, 0x0, 0x0, 0x0, 0x0, 0x2e, 0xff,
    0x60, 0x0, 0x0, 0x0, 0x0, 0x0, 0x0, 0x2e,
    0xff, 0x60, 0x0, 0x0, 0x0, 0x0, 0x0, 0x0,
    0x1d, 0xff, 0x50, 0x0, 0x0, 0x0, 0x0, 0x0,
    0x0, 0x0, 0x0, 0x0, 0x0, 0x0, 0x0, 0x0,
    0x0, 0x0, 0x0, 0x0, 0x0, 0x0, 0x0, 0x0,
    0x0, 0x0, 0x0, 0x2, 0x8c, 0xef, 0xed, 0x94,
    0x0, 0x0, 0x0, 0x0, 0x9, 0xff, 0xff, 0xff,
    0xff, 0xfc, 0x30, 0x0, 0x0, 0x1d, 0xff, 0xff,
    0xfe, 0xff, 0xff, 0xff, 0x60, 0x0, 0xc, 0xff,
    0xfc, 0x50, 0x0, 0x29, 0xff, 0xff, 0x50, 0x9,
    0xff, 0xf8, 0x0, 0x0, 0x0, 0x3, 0xdf, 0xfe,
    0x12, 0xff, 0xfa, 0x0, 0x0, 0x0, 0x0, 0x2,
    0xfc, 0x60, 0x7f, 0xff, 0x10, 0x0, 0x0, 0x0,
    0x0, 0x1, 0x0, 0xb, 0xff, 0xa0, 0x0, 0x0,
    0x0, 0x0, 0x0, 0x0, 0x0, 0xdf, 0xf8, 0x0,
    0x0, 0x0, 0x0, 0x0, 0x0, 0x0, 0xe, 0xff,
    0x60, 0x0, 0x0, 0x0, 0x0, 0x0, 0x0, 0x0,
    0xdf, 0xf8, 0x0, 0x0, 0x0, 0x0, 0x0, 0x0,
    0x0, 0xb, 0xff, 0xa0, 0x0, 0x0, 0x0, 0x0,
    0x0, 0x0, 0x0, 0x7f, 0xff, 0x10, 0x0, 0x0,
    0x0, 0x0, 0x3, 0x10, 0x2, 0xff, 0xfa, 0x0,
    0x0, 0x0, 0x0, 0x2, 0xff, 0xa2, 0x9, 0xff,
    0xf8, 0x0, 0x0, 0x0, 0x2, 0xef, 0xfe, 0x0,
    0xc, 0xff, 0xfc, 0x50, 0x0, 0x28, 0xff, 0xff,
    0x40, 0x0, 0x1c, 0xff, 0xff, 0xfe, 0xff, 0xff,
    0xff, 0x50, 0x0, 0x0, 0x9, 0xff, 0xff, 0xff,
    0xff, 0xfc, 0x20, 0x0, 0x0, 0x0, 0x2, 0x7c,
    0xef, 0xfd, 0x94, 0x0, 0x0, 0x0,

    /* U+0107 "ć" */
    0x0, 0x0, 0x0, 0x0, 0x3f, 0xff, 0x60, 0x0,
    0x0, 0x0, 0x0, 0x2e, 0xff, 0x60, 0x0, 0x0,
    0x0, 0x0, 0x1e, 0xff, 0x60, 0x0, 0x0, 0x0,
    0x0, 0x6, 0x99, 0x50, 0x0, 0x0, 0x0, 0x0,
    0x0, 0x0, 0x0, 0x0, 0x0, 0x0, 0x0, 0x1,
    0x7c, 0xef, 0xda, 0x30, 0x0, 0x0, 0x6, 0xff,
    0xff, 0xff, 0xff, 0x90, 0x0, 0x6, 0xff, 0xff,
    0xee, 0xff, 0xff, 0xa0, 0x2, 0xff, 0xfc, 0x20,
    0x1, 0xaf, 0xff, 0x30, 0x9f, 0xfd, 0x0, 0x0,
    0x0, 0x86, 0x10, 0xd, 0xff, 0x60, 0x0, 0x0,
    0x0, 0x0, 0x0, 0xff, 0xf2, 0x0, 0x0, 0x0,
    0x0, 0x0, 0xf, 0xff, 0x20, 0x0, 0x0, 0x0,
    0x0, 0x0, 0xdf, 0xf6, 0x0, 0x0, 0x0, 0x0,
    0x0, 0x9, 0xff, 0xd0, 0x0, 0x0, 0xa, 0xa4,
    0x0, 0x2f, 0xff, 0xc2, 0x0, 0x1a, 0xff, 0xf4,
    0x0, 0x6f, 0xff, 0xfe, 0xef, 0xff, 0xfa, 0x0,
    0x0, 0x6f, 0xff, 0xff, 0xff, 0xf9, 0x0, 0x0,
    0x0, 0x18, 0xce, 0xfe, 0xa4, 0x0, 0x0,

    /* U+0108 "Ĉ" */
    0x0, 0x0, 0x0, 0x7, 0xff, 0xfc, 0x0, 0x0,
    0x0, 0x0, 0x0, 0x0, 0x5, 0xff, 0xff, 0xfa,
    0x0, 0x0, 0x0, 0x0, 0x0, 0x3, 0xff, 0xe2,
    0xaf, 0xf8, 0x0, 0x0, 0x0, 0x0, 0x1, 0xef,
    0xe2, 0x0, 0xaf, 0xf6, 0x0, 0x0, 0x0, 0x0,
    0x0, 0x0, 0x0, 0x0, 0x0, 0x0, 0x0, 0x0,
    0x0, 0x0, 0x0, 0x0, 0x0, 0x0, 0x0, 0x0,
    0x0, 0x0, 0x0, 0x2, 0x8c, 0xef, 0xed, 0x94,
    0x0, 0x0, 0x0, 0x0, 0x9, 0xff, 0xff, 0xff,
    0xff, 0xfc, 0x30, 0x0, 0x0, 0x1d, 0xff, 0xff,
    0xfe, 0xff, 0xff, 0xff, 0x60, 0x0, 0xc, 0xff,
    0xfc, 0x50, 0x0, 0x29, 0xff, 0xff, 0x50, 0x9,
    0xff, 0xf8, 0x0, 0x0, 0x0, 0x3, 0xdf, 0xfe,
    0x12, 0xff, 0xfa, 0x0, 0x0, 0x0, 0x0, 0x2,
    0xfc, 0x60, 0x7f, 0xff, 0x10, 0x0, 0x0, 0x0,
    0x0, 0x1, 0x0, 0xb, 0xff, 0xa0, 0x0, 0x0,
    0x0, 0x0, 0x0, 0x0, 0x0, 0xdf, 0xf8, 0x0,
    0x0, 0x0, 0x0, 0x0, 0x0, 0x0, 0xe, 0xff,
    0x60, 0x0, 0x0, 0x0, 0x0, 0x0, 0x0, 0x0,
    0xdf, 0xf8, 0x0, 0x0, 0x0, 0x0, 0x0, 0x0,
    0x0, 0xb, 0xff, 0xa0, 0x0, 0x0, 0x0, 0x0,
    0x0, 0x0, 0x0, 0x7f, 0xff, 0x10, 0x0, 0x0,
    0x0, 0x0, 0x3, 0x10, 0x2, 0xff, 0xfa, 0x0,
    0x0, 0x0, 0x0, 0x2, 0xff, 0xa2, 0x9, 0xff,
    0xf8, 0x0, 0x0, 0x0, 0x2, 0xef, 0xfe, 0x0,
    0xc, 0xff, 0xfc, 0x50, 0x0, 0x28, 0xff, 0xff,
    0x40, 0x0, 0x1c, 0xff, 0xff, 0xfe, 0xff, 0xff,
    0xff, 0x50, 0x0, 0x0, 0x9, 0xff, 0xff, 0xff,
    0xff, 0xfc, 0x20, 0x0, 0x0, 0x0, 0x2, 0x7c,
    0xef, 0xfd, 0x94, 0x0, 0x0, 0x0,

    /* U+0109 "ĉ" */
    0x0, 0x0, 0x2, 0xef, 0xff, 0x60, 0x0, 0x0,
    0x0, 0x2, 0xef, 0xfd, 0xff, 0x60, 0x0, 0x0,
    0x3, 0xef, 0xe2, 0xb, 0xff, 0x60, 0x0, 0x0,
    0x46, 0x61, 0x0, 0x5, 0x65, 0x0, 0x0, 0x0,
    0x0, 0x0, 0x0, 0x0, 0x0, 0x0, 0x0, 0x1,
    0x7c, 0xef, 0xda, 0x30, 0x0, 0x0, 0x6, 0xff,
    0xff, 0xff, 0xff, 0x90, 0x0, 0x6, 0xff, 0xff,
    0xee, 0xff, 0xff, 0xa0, 0x2, 0xff, 0xfc, 0x20,
    0x1, 0xaf, 0xff, 0x30, 0x9f, 0xfd, 0x0, 0x0,
    0x0, 0x86, 0x10, 0xd, 0xff, 0x60, 0x0, 0x0,
    0x0, 0x0, 0x0, 0xff, 0xf2, 0x0, 0x0, 0x0,
    0x0, 0x0, 0xf, 0xff, 0x20, 0x0, 0x0, 0x0,
    0x0, 0x0, 0xdf, 0xf6, 0x0, 0x0, 0x0, 0x0,
    0x0, 0x9, 0xff, 0xd0, 0x0, 0x0, 0xa, 0xa4,
    0x0, 0x2f, 0xff, 0xc2, 0x0, 0x1a, 0xff, 0xf4,
    0x0, 0x6f, 0xff, 0xfe, 0xef, 0xff, 0xfa, 0x0,
    0x0, 0x6f, 0xff, 0xff, 0xff, 0xf9, 0x0, 0x0,
    0x0, 0x18, 0xce, 0xfe, 0xa4, 0x0, 0x0,

    /* U+010A "Ċ" */
    0x0, 0x0, 0x0, 0x0, 0x6e, 0xc1, 0x0, 0x0,
    0x0, 0x0, 0x0, 0x0, 0x0, 0xf, 0xff, 0x80,
    0x0, 0x0, 0x0, 0x0, 0x0, 0x0, 0x0, 0xdf,
    0xf6, 0x0, 0x0, 0x0, 0x0, 0x0, 0x0, 0x0,
    0x1, 0x86, 0x0, 0x0, 0x0, 0x0, 0x0, 0x0,
    0x0, 0x0, 0x0, 0x0, 0x0, 0x0, 0x0, 0x0,
    0x0, 0x0, 0x0, 0x0, 0x0, 0x0, 0x0, 0x0,
    0x0, 0x0, 0x0, 0x2, 0x8c, 0xef, 0xed, 0x94,
    0x0, 0x0, 0x0, 0x0, 0x9, 0xff, 0xff, 0xff,
    0xff, 0xfc, 0x30, 0x0, 0x0, 0x1d, 0xff, 0xff,
    0xfe, 0xff, 0xff, 0xff, 0x60, 0x0, 0xc, 0xff,
    0xfc, 0x50, 0x0, 0x29, 0xff, 0xff, 0x50, 0x9,
    0xff, 0xf8, 0x0, 0x0, 0x0, 0x3, 0xdf, 0xfe,
    0x12, 0xff, 0xfa, 0x0, 0x0, 0x0, 0x0, 0x2,
    0xfc, 0x60, 0x7f, 0xff, 0x10, 0x0, 0x0, 0x0,
    0x0, 0x1, 0x0, 0xb, 0xff, 0xa0, 0x0, 0x0,
    0x0, 0x0, 0x0, 0x0, 0x0, 0xdf, 0xf8, 0x0,
    0x0, 0x0, 0x0, 0x0, 0x0, 0x0, 0xe, 0xff,
    0x60, 0x0, 0x0, 0x0, 0x0, 0x0, 0x0, 0x0,
    0xdf, 0xf8, 0x0, 0x0, 0x0, 0x0, 0x0, 0x0,
    0x0, 0xb, 0xff, 0xa0, 0x0, 0x0, 0x0, 0x0,
    0x0, 0x0, 0x0, 0x7f, 0xff, 0x10, 0x0, 0x0,
    0x0, 0x0, 0x3, 0x10, 0x2, 0xff, 0xfa, 0x0,
    0x0, 0x0, 0x0, 0x2, 0xff, 0xa2, 0x9, 0xff,
    0xf8, 0x0, 0x0, 0x0, 0x2, 0xef, 0xfe, 0x0,
    0xc, 0xff, 0xfc, 0x50, 0x0, 0x28, 0xff, 0xff,
    0x40, 0x0, 0x1c, 0xff, 0xff, 0xfe, 0xff, 0xff,
    0xff, 0x50, 0x0, 0x0, 0x9, 0xff, 0xff, 0xff,
    0xff, 0xfc, 0x20, 0x0, 0x0, 0x0, 0x2, 0x7c,
    0xef, 0xfd, 0x94, 0x0, 0x0, 0x0,

    /* U+010B "ċ" */
    0x0, 0x0, 0x0, 0x4, 0x71, 0x0, 0x0, 0x0,
    0x0, 0x0, 0x5, 0xff, 0xd0, 0x0, 0x0, 0x0,
    0x0, 0x0, 0x8f, 0xff, 0x0, 0x0, 0x0, 0x0,
    0x0, 0x2, 0xdf, 0x70, 0x0, 0x0, 0x0, 0x0,
    0x0, 0x0, 0x0, 0x0, 0x0, 0x0, 0x0, 0x0,
    0x0, 0x0, 0x0, 0x0, 0x0, 0x0, 0x0, 0x17,
    0xce, 0xfd, 0xa3, 0x0, 0x0, 0x0, 0x6f, 0xff,
    0xff, 0xff, 0xf9, 0x0, 0x0, 0x6f, 0xff, 0xfe,
    0xef, 0xff, 0xfa, 0x0, 0x2f, 0xff, 0xc2, 0x0,
    0x1a, 0xff, 0xf3, 0x9, 0xff, 0xd0, 0x0, 0x0,
    0x8, 0x61, 0x0, 0xdf, 0xf6, 0x0, 0x0, 0x0,
    0x0, 0x0, 0xf, 0xff, 0x20, 0x0, 0x0, 0x0,
    0x0, 0x0, 0xff, 0xf2, 0x0, 0x0, 0x0, 0x0,
    0x0, 0xd, 0xff, 0x60, 0x0, 0x0, 0x0, 0x0,
    0x0, 0x9f, 0xfd, 0x0, 0x0, 0x0, 0xaa, 0x40,
    0x2, 0xff, 0xfc, 0x20, 0x1, 0xaf, 0xff, 0x40,
    0x6, 0xff, 0xff, 0xee, 0xff, 0xff, 0xa0, 0x0,
    0x6, 0xff, 0xff, 0xff, 0xff, 0x90, 0x0, 0x0,
    0x1, 0x8c, 0xef, 0xea, 0x40, 0x0,

    /* U+010C "Č" */
    0x0, 0x0, 0x17, 0x86, 0x0, 0x3, 0x88, 0x40,
    0x0, 0x0, 0x0, 0x0, 0x7f, 0xfa, 0x4, 0xff,
    0xc1, 0x0, 0x0, 0x0, 0x0, 0x0, 0x7f, 0xfc,
    0xff, 0xc1, 0x0, 0x0, 0x0, 0x0, 0x0, 0x0,
    0x8f, 0xff, 0xd1, 0x0, 0x0, 0x0, 0x0, 0x0,
    0x0, 0x0, 0x0, 0x0, 0x0, 0x0, 0x0, 0x0,
    0x0, 0x0, 0x0, 0x0, 0x0, 0x0, 0x0, 0x0,
    0x0, 0x0, 0x0, 0x2, 0x8c, 0xef, 0xed, 0x94,
    0x0, 0x0, 0x0, 0x0, 0x9, 0xff, 0xff, 0xff,
    0xff, 0xfc, 0x30, 0x0, 0x0, 0x1d, 0xff, 0xff,
    0xfe, 0xff, 0xff, 0xff, 0x60, 0x0, 0xc, 0xff,
    0xfc, 0x50, 0x0, 0x29, 0xff, 0xff, 0x50, 0x9,
    0xff, 0xf8, 0x0, 0x0, 0x0, 0x3, 0xdf, 0xfe,
    0x12, 0xff, 0xfa, 0x0, 0x0, 0x0, 0x0, 0x2,
    0xfc, 0x60, 0x7f, 0xff, 0x10, 0x0, 0x0, 0x0,
    0x0, 0x1, 0x0, 0xb, 0xff, 0xa0, 0x0, 0x0,
    0x0, 0x0, 0x0, 0x0, 0x0, 0xdf, 0xf8, 0x0,
    0x0, 0x0, 0x0, 0x0, 0x0, 0x0, 0xe, 0xff,
    0x60, 0x0, 0x0, 0x0, 0x0, 0x0, 0x0, 0x0,
    0xdf, 0xf8, 0x0, 0x0, 0x0, 0x0, 0x0, 0x0,
    0x0, 0xb, 0xff, 0xa0, 0x0, 0x0, 0x0, 0x0,
    0x0, 0x0, 0x0, 0x7f, 0xff, 0x10, 0x0, 0x0,
    0x0, 0x0, 0x3, 0x10, 0x2, 0xff, 0xfa, 0x0,
    0x0, 0x0, 0x0, 0x2, 0xff, 0xa2, 0x9, 0xff,
    0xf8, 0x0, 0x0, 0x0, 0x2, 0xef, 0xfe, 0x0,
    0xc, 0xff, 0xfc, 0x50, 0x0, 0x28, 0xff, 0xff,
    0x40, 0x0, 0x1c, 0xff, 0xff, 0xfe, 0xff, 0xff,
    0xff, 0x50, 0x0, 0x0, 0x9, 0xff, 0xff, 0xff,
    0xff, 0xfc, 0x20, 0x0, 0x0, 0x0, 0x2, 0x7c,
    0xef, 0xfd, 0x94, 0x0, 0x0, 0x0,

    /* U+010D "č" */
    0x0, 0x8, 0xff, 0x80, 0x4, 0xff, 0xc0, 0x0,
    0x0, 0x9, 0xff, 0x95, 0xff, 0xc0, 0x0, 0x0,
    0x0, 0x9, 0xff, 0xff, 0xd1, 0x0, 0x0, 0x0,
    0x0, 0x7, 0x99, 0x91, 0x0, 0x0, 0x0, 0x0,
    0x0, 0x0, 0x0, 0x0, 0x0, 0x0, 0x0, 0x1,
    0x7c, 0xef, 0xda, 0x30, 0x0, 0x0, 0x6, 0xff,
    0xff, 0xff, 0xff, 0x90, 0x0, 0x6, 0xff, 0xff,
    0xee, 0xff, 0xff, 0xa0, 0x2, 0xff, 0xfc, 0x20,
    0x1, 0xaf, 0xff, 0x30, 0x9f, 0xfd, 0x0, 0x0,
    0x0, 0x86, 0x10, 0xd, 0xff, 0x60, 0x0, 0x0,
    0x0, 0x0, 0x0, 0xff, 0xf2, 0x0, 0x0, 0x0,
    0x0, 0x0, 0xf, 0xff, 0x20, 0x0, 0x0, 0x0,
    0x0, 0x0, 0xdf, 0xf6, 0x0, 0x0, 0x0, 0x0,
    0x0, 0x9, 0xff, 0xd0, 0x0, 0x0, 0xa, 0xa4,
    0x0, 0x2f, 0xff, 0xc2, 0x0, 0x1a, 0xff, 0xf4,
    0x0, 0x6f, 0xff, 0xfe, 0xef, 0xff, 0xfa, 0x0,
    0x0, 0x6f, 0xff, 0xff, 0xff, 0xf9, 0x0, 0x0,
    0x0, 0x18, 0xce, 0xfe, 0xa4, 0x0, 0x0,

    /* U+010E "Ď" */
    0x3, 0xff, 0xd1, 0x1, 0xdf, 0xf3, 0x0, 0x0,
    0x0, 0x3, 0xff, 0xd3, 0xdf, 0xf3, 0x0, 0x0,
    0x0, 0x0, 0x3, 0xff, 0xff, 0xf3, 0x0, 0x0,
    0x0, 0x0, 0x0, 0x3, 0x88, 0x83, 0x0, 0x0,
    0x0, 0x0, 0x0, 0x0, 0x0, 0x0, 0x0, 0x0,
    0x0, 0x0, 0xa, 0xff, 0xff, 0xff, 0xfd, 0x94,
    0x0, 0x0, 0x0, 0xaf, 0xff, 0xff, 0xff, 0xff,
    0xfc, 0x20, 0x0, 0xa, 0xff, 0xff, 0xff, 0xff,
    0xff, 0xff, 0x60, 0x0, 0xaf, 0xf9, 0x0, 0x1,
    0x4b, 0xff, 0xff, 0x40, 0xa, 0xff, 0x90, 0x0,
    0x0, 0x5, 0xff, 0xfe, 0x10, 0xaf, 0xf9, 0x0,
    0x0, 0x0, 0x5, 0xff, 0xf8, 0xa, 0xff, 0x90,
    0x0, 0x0, 0x0, 0xb, 0xff, 0xe0, 0xaf, 0xf9,
    0x0, 0x0, 0x0, 0x0, 0x4f, 0xff, 0x2a, 0xff,
    0x90, 0x0, 0x0, 0x0, 0x1, 0xff, 0xf5, 0xaf,
    0xf9, 0x0, 0x0, 0x0, 0x0, 0xf, 0xff, 0x5a,
    0xff, 0x90, 0x0, 0x0, 0x0, 0x1, 0xff, 0xf4,
    0xaf, 0xf9, 0x0, 0x0, 0x0, 0x0, 0x4f, 0xff,
    0x2a, 0xff, 0x90, 0x0, 0x0, 0x0, 0xb, 0xff,
    0xe0, 0xaf, 0xf9, 0x0, 0x0, 0x0, 0x5, 0xff,
    0xf8, 0xa, 0xff, 0x90, 0x0, 0x0, 0x5, 0xff,
    0xfe, 0x10, 0xaf, 0xf9, 0x0, 0x1, 0x4b, 0xff,
    0xff, 0x40, 0xa, 0xff, 0xff, 0xff, 0xff, 0xff,
    0xff, 0x50, 0x0, 0xaf, 0xff, 0xff, 0xff, 0xff,
    0xfc, 0x20, 0x0, 0xa, 0xff, 0xff, 0xff, 0xfd,
    0x94, 0x0, 0x0, 0x0,

    /* U+010F "ď" */
    0x0, 0x0, 0x0, 0x0, 0x0, 0x4, 0xff, 0xd0,
    0x9f, 0xf4, 0x0, 0x0, 0x0, 0x0, 0x0, 0x4,
    0xff, 0xd0, 0xdf, 0xe0, 0x0, 0x0, 0x0, 0x0,
    0x0, 0x4, 0xff, 0xd1, 0xff, 0x80, 0x0, 0x0,
    0x0, 0x0, 0x0, 0x4, 0xff, 0xd5, 0xff, 0x20,
    0x0, 0x0, 0x0, 0x0, 0x0, 0x4, 0xff, 0xd3,
    0x66, 0x0, 0x0, 0x0, 0x5b, 0xef, 0xd8, 0x4,
    0xff, 0xd0, 0x0, 0x0, 0x0, 0x1b, 0xff, 0xff,
    0xff, 0xd6, 0xff, 0xd0, 0x0, 0x0, 0x0, 0xbf,
    0xff, 0xfe, 0xef, 0xff, 0xff, 0xd0, 0x0, 0x0,
    0x4, 0xff, 0xfc, 0x20, 0x2, 0xcf, 0xff, 0xd0,
    0x0, 0x0, 0xa, 0xff, 0xd0, 0x0, 0x0, 0x1f,
    0xff, 0xd0, 0x0, 0x0, 0xe, 0xff, 0x60, 0x0,
    0x0, 0x8, 0xff, 0xd0, 0x0, 0x0, 0xf, 0xff,
    0x30, 0x0, 0x0, 0x5, 0xff, 0xd0, 0x0, 0x0,
    0xf, 0xff, 0x30, 0x0, 0x0, 0x5, 0xff, 0xd0,
    0x0, 0x0, 0xe, 0xff, 0x60, 0x0, 0x0, 0x8,
    0xff, 0xd0, 0x0, 0x0, 0xa, 0xff, 0xd0, 0x0,
    0x0, 0x1e, 0xff, 0xd0, 0x0, 0x0, 0x5, 0xff,
    0xfb, 0x10, 0x1, 0xcf, 0xff, 0xd0, 0x0, 0x0,
    0x0, 0xbf, 0xff, 0xfd, 0xdf, 0xff, 0xff, 0xd0,
    0x0, 0x0, 0x0, 0x1c, 0xff, 0xff, 0xff, 0xe5,
    0xff, 0xd0, 0x0, 0x0, 0x0, 0x0, 0x6c, 0xef,
    0xd8, 0x12, 0xff, 0xd0, 0x0, 0x0,

    /* U+0110 "Đ" */
    0x0, 0x3f, 0xff, 0xff, 0xff, 0xeb, 0x71, 0x0,
    0x0, 0x0, 0x3, 0xff, 0xff, 0xff, 0xff, 0xff,
    0xf7, 0x0, 0x0, 0x0, 0x3f, 0xff, 0xff, 0xff,
    0xff, 0xff, 0xfc, 0x10, 0x0, 0x3, 0xff, 0xf1,
    0x0, 0x2, 0x7e, 0xff, 0xfb, 0x0, 0x0, 0x3f,
    0xff, 0x10, 0x0, 0x0, 0x1b, 0xff, 0xf8, 0x0,
    0x3, 0xff, 0xf1, 0x0, 0x0, 0x0, 0xd, 0xff,
    0xf1, 0x0, 0x3f, 0xff, 0x10, 0x0, 0x0, 0x0,
    0x3f, 0xff, 0x60, 0x3, 0xff, 0xf1, 0x0, 0x0,
    0x0, 0x0, 0xdf, 0xfa, 0x3f, 0xff, 0xff, 0xff,
    0xfd, 0x0, 0x0, 0x9, 0xff, 0xc3, 0xff, 0xff,
    0xff, 0xff, 0xd0, 0x0, 0x0, 0x8f, 0xfd, 0x16,
    0x7f, 0xff, 0x66, 0x65, 0x0, 0x0, 0x9, 0xff,
    0xc0, 0x3, 0xff, 0xf1, 0x0, 0x0, 0x0, 0x0,
    0xdf, 0xfa, 0x0, 0x3f, 0xff, 0x10, 0x0, 0x0,
    0x0, 0x3f, 0xff, 0x60, 0x3, 0xff, 0xf1, 0x0,
    0x0, 0x0, 0xd, 0xff, 0xf1, 0x0, 0x3f, 0xff,
    0x10, 0x0, 0x0, 0x1b, 0xff, 0xf7, 0x0, 0x3,
    0xff, 0xf1, 0x0, 0x2, 0x7e, 0xff, 0xfb, 0x0,
    0x0, 0x3f, 0xff, 0xff, 0xff, 0xff, 0xff, 0xfb,
    0x10, 0x0, 0x3, 0xff, 0xff, 0xff, 0xff, 0xff,
    0xf7, 0x0, 0x0, 0x0, 0x3f, 0xff, 0xff, 0xff,
    0xeb, 0x71, 0x0, 0x0, 0x0,

    /* U+0111 "đ" */
    0x0, 0x0, 0x0, 0x0, 0x0, 0x4, 0xff, 0xd0,
    0x0, 0x0, 0x0, 0x0, 0x6f, 0xff, 0xff, 0xff,
    0xfc, 0x0, 0x0, 0x0, 0x6, 0xff, 0xff, 0xff,
    0xff, 0xc0, 0x0, 0x0, 0x0, 0x1, 0x11, 0x5f,
    0xfd, 0x10, 0x0, 0x0, 0x0, 0x0, 0x0, 0x4,
    0xff, 0xd0, 0x0, 0x0, 0x5, 0xbe, 0xfd, 0x80,
    0x4f, 0xfd, 0x0, 0x0, 0x1b, 0xff, 0xff, 0xff,
    0xd6, 0xff, 0xd0, 0x0, 0xb, 0xff, 0xff, 0xee,
    0xff, 0xff, 0xfd, 0x0, 0x4, 0xff, 0xfc, 0x20,
    0x2, 0xcf, 0xff, 0xd0, 0x0, 0xaf, 0xfd, 0x0,
    0x0, 0x1, 0xff, 0xfd, 0x0, 0xe, 0xff, 0x60,
    0x0, 0x0, 0x8, 0xff, 0xd0, 0x0, 0xff, 0xf3,
    0x0, 0x0, 0x0, 0x5f, 0xfd, 0x0, 0xf, 0xff,
    0x30, 0x0, 0x0, 0x5, 0xff, 0xd0, 0x0, 0xef,
    0xf6, 0x0, 0x0, 0x0, 0x8f, 0xfd, 0x0, 0xa,
    0xff, 0xd0, 0x0, 0x0, 0x1e, 0xff, 0xd0, 0x0,
    0x5f, 0xff, 0xb1, 0x0, 0x1c, 0xff, 0xfd, 0x0,
    0x0, 0xbf, 0xff, 0xfd, 0xdf, 0xff, 0xff, 0xd0,
    0x0, 0x1, 0xcf, 0xff, 0xff, 0xfe, 0x5f, 0xfd,
    0x0, 0x0, 0x0, 0x6c, 0xef, 0xd8, 0x12, 0xff,
    0xd0, 0x0,

    /* U+0112 "Ē" */
    0x1, 0xff, 0xff, 0xff, 0xff, 0xd0, 0x0, 0x1f,
    0xff, 0xff, 0xff, 0xfd, 0x0, 0x0, 0xaa, 0xaa,
    0xaa, 0xaa, 0x80, 0x0, 0x0, 0x0, 0x0, 0x0,
    0x0, 0x0, 0xaf, 0xff, 0xff, 0xff, 0xff, 0xff,
    0x6a, 0xff, 0xff, 0xff, 0xff, 0xff, 0xf6, 0xaf,
    0xff, 0xee, 0xee, 0xee, 0xee, 0x5a, 0xff, 0x90,
    0x0, 0x0, 0x0, 0x0, 0xaf, 0xf9, 0x0, 0x0,
    0x0, 0x0, 0xa, 0xff, 0x90, 0x0, 0x0, 0x0,
    0x0, 0xaf, 0xf9, 0x0, 0x0, 0x0, 0x0, 0xa,
    0xff, 0x90, 0x0, 0x0, 0x0, 0x0, 0xaf, 0xff,
    0xff, 0xff, 0xff, 0xf5, 0xa, 0xff, 0xff, 0xff,
    0xff, 0xff, 0x50, 0xaf, 0xfe, 0xdd, 0xdd, 0xdd,
    0xd4, 0xa, 0xff, 0x90, 0x0, 0x0, 0x0, 0x0,
    0xaf, 0xf9, 0x0, 0x0, 0x0, 0x0, 0xa, 0xff,
    0x90, 0x0, 0x0, 0x0, 0x0, 0xaf, 0xf9, 0x0,
    0x0, 0x0, 0x0, 0xa, 0xff, 0x90, 0x0, 0x0,
    0x0, 0x0, 0xaf, 0xff, 0xee, 0xee, 0xee, 0xee,
    0x6a, 0xff, 0xff, 0xff, 0xff, 0xff, 0xf7, 0xaf,
    0xff, 0xff, 0xff, 0xff, 0xff, 0x70,

    /* U+0113 "ē" */
    0x0, 0x3, 0xaa, 0xaa, 0xaa, 0xaa, 0x50, 0x0,
    0x0, 0x5f, 0xff, 0xff, 0xff, 0xf9, 0x0, 0x0,
    0x5, 0xff, 0xff, 0xff, 0xff, 0x90, 0x0, 0x0,
    0x0, 0x0, 0x0, 0x0, 0x0, 0x0, 0x0, 0x0,
    0x0, 0x0, 0x0, 0x0, 0x0, 0x0, 0x0, 0x2,
    0x8d, 0xef, 0xd8, 0x10, 0x0, 0x0, 0x6, 0xff,
    0xff, 0xff, 0xff, 0x50, 0x0, 0x7, 0xff, 0xfe,
    0xab, 0xef, 0xff, 0x30, 0x2, 0xff, 0xf5, 0x0,
    0x0, 0x8f, 0xfd, 0x0, 0x9f, 0xf8, 0x0, 0x0,
    0x0, 0xcf, 0xf4, 0xd, 0xff, 0xff, 0xff, 0xff,
    0xff, 0xff, 0x80, 0xff, 0xff, 0xff, 0xff, 0xff,
    0xff, 0xfa, 0xf, 0xff, 0x85, 0x55, 0x55, 0x55,
    0x55, 0x40, 0xdf, 0xf7, 0x0, 0x0, 0x0, 0x0,
    0x0, 0x9, 0xff, 0xd0, 0x0, 0x0, 0x8, 0x81,
    0x0, 0x2f, 0xff, 0xc2, 0x0, 0x7, 0xff, 0xf3,
    0x0, 0x7f, 0xff, 0xfd, 0xce, 0xff, 0xfa, 0x0,
    0x0, 0x7f, 0xff, 0xff, 0xff, 0xf9, 0x0, 0x0,
    0x0, 0x29, 0xdf, 0xfd, 0x93, 0x0, 0x0,

    /* U+0116 "Ė" */
    0x0, 0x0, 0xb, 0xf9, 0x0, 0x0, 0x0, 0x0,
    0x6, 0xff, 0xf2, 0x0, 0x0, 0x0, 0x0, 0x3f,
    0xff, 0x10, 0x0, 0x0, 0x0, 0x0, 0x48, 0x30,
    0x0, 0x0, 0x0, 0x0, 0x0, 0x0, 0x0, 0x0,
    0x0, 0x0, 0x0, 0x0, 0x0, 0x0, 0x0, 0xaf,
    0xff, 0xff, 0xff, 0xff, 0xff, 0x6a, 0xff, 0xff,
    0xff, 0xff, 0xff, 0xf6, 0xaf, 0xff, 0xee, 0xee,
    0xee, 0xee, 0x5a, 0xff, 0x90, 0x0, 0x0, 0x0,
    0x0, 0xaf, 0xf9, 0x0, 0x0, 0x0, 0x0, 0xa,
    0xff, 0x90, 0x0, 0x0, 0x0, 0x0, 0xaf, 0xf9,
    0x0, 0x0, 0x0, 0x0, 0xa, 0xff, 0x90, 0x0,
    0x0, 0x0, 0x0, 0xaf, 0xff, 0xff, 0xff, 0xff,
    0xf5, 0xa, 0xff, 0xff, 0xff, 0xff, 0xff, 0x50,
    0xaf, 0xfe, 0xdd, 0xdd, 0xdd, 0xd4, 0xa, 0xff,
    0x90, 0x0, 0x0, 0x0, 0x0, 0xaf, 0xf9, 0x0,
    0x0, 0x0, 0x0, 0xa, 0xff, 0x90, 0x0, 0x0,
    0x0, 0x0, 0xaf, 0xf9, 0x0, 0x0, 0x0, 0x0,
    0xa, 0xff, 0x90, 0x0, 0x0, 0x0, 0x0, 0xaf,
    0xff, 0xee, 0xee, 0xee, 0xee, 0x6a, 0xff, 0xff,
    0xff, 0xff, 0xff, 0xf7, 0xaf, 0xff, 0xff, 0xff,
    0xff, 0xff, 0x70,

    /* U+0117 "ė" */
    0x0, 0x0, 0x0, 0x5, 0x60, 0x0, 0x0, 0x0,
    0x0, 0x0, 0x7, 0xff, 0xb0, 0x0, 0x0, 0x0,
    0x0, 0x0, 0xaf, 0xfe, 0x0, 0x0, 0x0, 0x0,
    0x0, 0x3, 0xef, 0x60, 0x0, 0x0, 0x0, 0x0,
    0x0, 0x0, 0x0, 0x0, 0x0, 0x0, 0x0, 0x0,
    0x0, 0x0, 0x0, 0x0, 0x0, 0x0, 0x0, 0x28,
    0xde, 0xfd, 0x81, 0x0, 0x0, 0x0, 0x6f, 0xff,
    0xff, 0xff, 0xf5, 0x0, 0x0, 0x7f, 0xff, 0xea,
    0xbe, 0xff, 0xf3, 0x0, 0x2f, 0xff, 0x50, 0x0,
    0x8, 0xff, 0xd0, 0x9, 0xff, 0x80, 0x0, 0x0,
    0xc, 0xff, 0x40, 0xdf, 0xff, 0xff, 0xff, 0xff,
    0xff, 0xf8, 0xf, 0xff, 0xff, 0xff, 0xff, 0xff,
    0xff, 0xa0, 0xff, 0xf8, 0x55, 0x55, 0x55, 0x55,
    0x54, 0xd, 0xff, 0x70, 0x0, 0x0, 0x0, 0x0,
    0x0, 0x9f, 0xfd, 0x0, 0x0, 0x0, 0x88, 0x10,
    0x2, 0xff, 0xfc, 0x20, 0x0, 0x7f, 0xff, 0x30,
    0x7, 0xff, 0xff, 0xdc, 0xef, 0xff, 0xa0, 0x0,
    0x7, 0xff, 0xff, 0xff, 0xff, 0x90, 0x0, 0x0,
    0x2, 0x9d, 0xff, 0xd9, 0x30, 0x0,

    /* U+0118 "Ę" */
    0xaf, 0xff, 0xff, 0xff, 0xff, 0xff, 0x60, 0xaf,
    0xff, 0xff, 0xff, 0xff, 0xff, 0x60, 0xaf, 0xff,
    0xee, 0xee, 0xee, 0xee, 0x50, 0xaf, 0xf9, 0x0,
    0x0, 0x0, 0x0, 0x0, 0xaf, 0xf9, 0x0, 0x0,
    0x0, 0x0, 0x0, 0xaf, 0xf9, 0x0, 0x0, 0x0,
    0x0, 0x0, 0xaf, 0xf9, 0x0, 0x0, 0x0, 0x0,
    0x0, 0xaf, 0xff, 0xff, 0xff, 0xff, 0xf5, 0x0,
    0xaf, 0xff, 0xff, 0xff, 0xff, 0xf5, 0x0, 0xaf,
    0xfe, 0xdd, 0xdd, 0xdd, 0xd4, 0x0, 0xaf, 0xf9,
    0x0, 0x0, 0x0, 0x0, 0x0, 0xaf, 0xf9, 0x0,
    0x0, 0x0, 0x0, 0x0, 0xaf, 0xf9, 0x0, 0x0,
    0x0, 0x0, 0x0, 0xaf, 0xf9, 0x0, 0x0, 0x0,
    0x0, 0x0, 0xaf, 0xf9, 0x0, 0x0, 0x0, 0x0,
    0x0, 0xaf, 0xf9, 0x0, 0x0, 0x0, 0x0, 0x0,
    0xaf, 0xff, 0xee, 0xee, 0xee, 0xee, 0x60, 0xaf,
    0xff, 0xff, 0xff, 0xff, 0xff, 0x70, 0xaf, 0xff,
    0xff, 0xff, 0xff, 0xff, 0x70, 0x0, 0x0, 0x0,
    0x0, 0x1c, 0xfa, 0x10, 0x0, 0x0, 0x0, 0x1,
    0xef, 0x90, 0x0, 0x0, 0x0, 0x0, 0x5, 0xff,
    0x94, 0x20, 0x0, 0x0, 0x0, 0x2, 0xff, 0xff,
    0xc0, 0x0, 0x0, 0x0, 0x0, 0x3b, 0xef, 0xc1,

    /* U+0119 "ę" */
    0x0, 0x0, 0x28, 0xde, 0xfd, 0x81, 0x0, 0x0,
    0x0, 0x6, 0xff, 0xff, 0xff, 0xff, 0x50, 0x0,
    0x0, 0x7f, 0xff, 0xea, 0xbe, 0xff, 0xf3, 0x0,
    0x2, 0xff, 0xf5, 0x0, 0x0, 0x8f, 0xfd, 0x0,
    0x9, 0xff, 0x80, 0x0, 0x0, 0xc, 0xff, 0x40,
    0xd, 0xff, 0xff, 0xff, 0xff, 0xff, 0xff, 0x80,
    0xf, 0xff, 0xff, 0xff, 0xff, 0xff, 0xff, 0xa0,
    0xf, 0xff, 0x85, 0x55, 0x55, 0x55, 0x55, 0x40,
    0xd, 0xff, 0x70, 0x0, 0x0, 0x0, 0x0, 0x0,
    0x9, 0xff, 0xd0, 0x0, 0x0, 0x8, 0x81, 0x0,
    0x2, 0xff, 0xfc, 0x20, 0x0, 0x7f, 0xff, 0x30,
    0x0, 0x7f, 0xff, 0xfd, 0xce, 0xff, 0xfa, 0x0,
    0x0, 0x7, 0xff, 0xff, 0xff, 0xff, 0xf0, 0x0,
    0x0, 0x0, 0x29, 0xdf, 0xfd, 0xff, 0x10, 0x0,
    0x0, 0x0, 0x0, 0x0, 0x6, 0xf9, 0x0, 0x0,
    0x0, 0x0, 0x0, 0x0, 0xf, 0xf6, 0x0, 0x0,
    0x0, 0x0, 0x0, 0x0, 0x2f, 0xfb, 0x35, 0x10,
    0x0, 0x0, 0x0, 0x0, 0xd, 0xff, 0xff, 0x80,
    0x0, 0x0, 0x0, 0x0, 0x1, 0x8d, 0xff, 0xa0,

    /* U+011A "Ě" */
    0x5, 0xff, 0xb0, 0x3, 0xef, 0xd1, 0x0, 0x5,
    0xff, 0xb4, 0xef, 0xe1, 0x0, 0x0, 0x6, 0xff,
    0xff, 0xe2, 0x0, 0x0, 0x0, 0x5, 0x88, 0x82,
    0x0, 0x0, 0x0, 0x0, 0x0, 0x0, 0x0, 0x0,
    0xa, 0xff, 0xff, 0xff, 0xff, 0xff, 0xf6, 0xaf,
    0xff, 0xff, 0xff, 0xff, 0xff, 0x6a, 0xff, 0xfe,
    0xee, 0xee, 0xee, 0xe5, 0xaf, 0xf9, 0x0, 0x0,
    0x0, 0x0, 0xa, 0xff, 0x90, 0x0, 0x0, 0x0,
    0x0, 0xaf, 0xf9, 0x0, 0x0, 0x0, 0x0, 0xa,
    0xff, 0x90, 0x0, 0x0, 0x0, 0x0, 0xaf, 0xf9,
    0x0, 0x0, 0x0, 0x0, 0xa, 0xff, 0xff, 0xff,
    0xff, 0xff, 0x50, 0xaf, 0xff, 0xff, 0xff, 0xff,
    0xf5, 0xa, 0xff, 0xed, 0xdd, 0xdd, 0xdd, 0x40,
    0xaf, 0xf9, 0x0, 0x0, 0x0, 0x0, 0xa, 0xff,
    0x90, 0x0, 0x0, 0x0, 0x0, 0xaf, 0xf9, 0x0,
    0x0, 0x0, 0x0, 0xa, 0xff, 0x90, 0x0, 0x0,
    0x0, 0x0, 0xaf, 0xf9, 0x0, 0x0, 0x0, 0x0,
    0xa, 0xff, 0xfe, 0xee, 0xee, 0xee, 0xe6, 0xaf,
    0xff, 0xff, 0xff, 0xff, 0xff, 0x7a, 0xff, 0xff,
    0xff, 0xff, 0xff, 0xf7,

    /* U+011B "ě" */
    0x0, 0xa, 0xff, 0x70, 0x6, 0xff, 0xb0, 0x0,
    0x0, 0xa, 0xff, 0x76, 0xff, 0xb0, 0x0, 0x0,
    0x0, 0xb, 0xff, 0xff, 0xc0, 0x0, 0x0, 0x0,
    0x0, 0x8, 0x99, 0x80, 0x0, 0x0, 0x0, 0x0,
    0x0, 0x0, 0x0, 0x0, 0x0, 0x0, 0x0, 0x2,
    0x8d, 0xef, 0xd8, 0x10, 0x0, 0x0, 0x6, 0xff,
    0xff, 0xff, 0xff, 0x50, 0x0, 0x7, 0xff, 0xfe,
    0xab, 0xef, 0xff, 0x30, 0x2, 0xff, 0xf5, 0x0,
    0x0, 0x8f, 0xfd, 0x0, 0x9f, 0xf8, 0x0, 0x0,
    0x0, 0xcf, 0xf4, 0xd, 0xff, 0xff, 0xff, 0xff,
    0xff, 0xff, 0x80, 0xff, 0xff, 0xff, 0xff, 0xff,
    0xff, 0xfa, 0xf, 0xff, 0x85, 0x55, 0x55, 0x55,
    0x55, 0x40, 0xdf, 0xf7, 0x0, 0x0, 0x0, 0x0,
    0x0, 0x9, 0xff, 0xd0, 0x0, 0x0, 0x8, 0x81,
    0x0, 0x2f, 0xff, 0xc2, 0x0, 0x7, 0xff, 0xf3,
    0x0, 0x7f, 0xff, 0xfd, 0xce, 0xff, 0xfa, 0x0,
    0x0, 0x7f, 0xff, 0xff, 0xff, 0xf9, 0x0, 0x0,
    0x0, 0x29, 0xdf, 0xfd, 0x93, 0x0, 0x0,

    /* U+011C "Ĝ" */
    0x0, 0x0, 0x0, 0x4, 0xff, 0xfe, 0x10, 0x0,
    0x0, 0x0, 0x0, 0x0, 0x0, 0x2f, 0xff, 0xff,
    0xd0, 0x0, 0x0, 0x0, 0x0, 0x0, 0x1, 0xef,
    0xf4, 0x8f, 0xfb, 0x0, 0x0, 0x0, 0x0, 0x0,
    0xc, 0xff, 0x40, 0x8, 0xff, 0x90, 0x0, 0x0,
    0x0, 0x0, 0x0, 0x0, 0x0, 0x0, 0x0, 0x0,
    0x0, 0x0, 0x0, 0x0, 0x0, 0x0, 0x0, 0x0,
    0x0, 0x0, 0x0, 0x0, 0x0, 0x0, 0x0, 0x6a,
    0xdf, 0xfe, 0xc8, 0x20, 0x0, 0x0, 0x0, 0x0,
    0x6f, 0xff, 0xff, 0xff, 0xff, 0xf8, 0x0, 0x0,
    0x0, 0xb, 0xff, 0xff, 0xff, 0xef, 0xff, 0xff,
    0xd1, 0x0, 0x0, 0xbf, 0xff, 0xe7, 0x10, 0x0,
    0x4a, 0xff, 0xfd, 0x0, 0x8, 0xff, 0xfa, 0x0,
    0x0, 0x0, 0x0, 0x4f, 0xb2, 0x0, 0x1f, 0xff,
    0xb0, 0x0, 0x0, 0x0, 0x0, 0x1, 0x0, 0x0,
    0x7f, 0xff, 0x10, 0x0, 0x0, 0x0, 0x0, 0x0,
    0x0, 0x0, 0xbf, 0xfb, 0x0, 0x0, 0x0, 0x0,
    0x0, 0x0, 0x0, 0x0, 0xdf, 0xf8, 0x0, 0x0,
    0x0, 0x5, 0x99, 0x99, 0x99, 0x91, 0xef, 0xf6,
    0x0, 0x0, 0x0, 0xa, 0xff, 0xff, 0xff, 0xf3,
    0xdf, 0xf8, 0x0, 0x0, 0x0, 0xa, 0xff, 0xff,
    0xff, 0xf2, 0xbf, 0xfb, 0x0, 0x0, 0x0, 0x0,
    0x0, 0x0, 0xff, 0xf1, 0x7f, 0xff, 0x10, 0x0,
    0x0, 0x0, 0x0, 0x4, 0xff, 0xf0, 0x1f, 0xff,
    0xb0, 0x0, 0x0, 0x0, 0x0, 0xb, 0xff, 0xb0,
    0x8, 0xff, 0xfa, 0x0, 0x0, 0x0, 0x0, 0x7f,
    0xff, 0x40, 0x0, 0xbf, 0xff, 0xd6, 0x10, 0x0,
    0x4b, 0xff, 0xfa, 0x0, 0x0, 0xb, 0xff, 0xff,
    0xff, 0xef, 0xff, 0xff, 0xc0, 0x0, 0x0, 0x0,
    0x6f, 0xff, 0xff, 0xff, 0xff, 0xf8, 0x0, 0x0,
    0x0, 0x0, 0x0, 0x6a, 0xdf, 0xfe, 0xc8, 0x20,
    0x0, 0x0,

    /* U+011D "ĝ" */
    0x0, 0x0, 0x5, 0xff, 0xfe, 0x30, 0x0, 0x0,
    0x0, 0x5, 0xff, 0xde, 0xff, 0x30, 0x0, 0x0,
    0x5, 0xff, 0xc1, 0x2d, 0xff, 0x30, 0x0, 0x0,
    0x56, 0x50, 0x0, 0x15, 0x65, 0x0, 0x0, 0x0,
    0x0, 0x0, 0x0, 0x0, 0x0, 0x0, 0x0, 0x5,
    0xbe, 0xfd, 0x70, 0x3f, 0xff, 0x0, 0xb, 0xff,
    0xff, 0xff, 0xd4, 0xff, 0xf0, 0xa, 0xff, 0xff,
    0xcc, 0xff, 0xef, 0xff, 0x4, 0xff, 0xfc, 0x10,
    0x1, 0xbf, 0xff, 0xf0, 0xaf, 0xfe, 0x10, 0x0,
    0x1, 0xef, 0xff, 0xe, 0xff, 0x80, 0x0, 0x0,
    0x8, 0xff, 0xf0, 0xff, 0xf5, 0x0, 0x0, 0x0,
    0x6f, 0xff, 0xf, 0xff, 0x50, 0x0, 0x0, 0x5,
    0xff, 0xf0, 0xef, 0xf8, 0x0, 0x0, 0x0, 0x8f,
    0xff, 0xb, 0xff, 0xe0, 0x0, 0x0, 0xe, 0xff,
    0xf0, 0x5f, 0xff, 0xb1, 0x0, 0x9, 0xff, 0xff,
    0x0, 0xbf, 0xff, 0xea, 0xae, 0xfe, 0xff, 0xf0,
    0x1, 0xcf, 0xff, 0xff, 0xfd, 0x5f, 0xfe, 0x0,
    0x0, 0x6c, 0xef, 0xd8, 0x4, 0xff, 0xc0, 0x0,
    0x0, 0x0, 0x0, 0x0, 0x9f, 0xf8, 0x0, 0x16,
    0x10, 0x0, 0x1, 0x8f, 0xff, 0x20, 0x9, 0xff,
    0xec, 0xbd, 0xff, 0xff, 0x70, 0x0, 0xdf, 0xff,
    0xff, 0xff, 0xff, 0x70, 0x0, 0x0, 0x59, 0xde,
    0xfe, 0xd8, 0x20, 0x0,

    /* U+011E "Ğ" */
    0x0, 0x0, 0x1f, 0xfe, 0x0, 0x2, 0xff, 0xc0,
    0x0, 0x0, 0x0, 0x0, 0xc, 0xff, 0xa4, 0x5d,
    0xff, 0x80, 0x0, 0x0, 0x0, 0x0, 0x2, 0xef,
    0xff, 0xff, 0xfc, 0x0, 0x0, 0x0, 0x0, 0x0,
    0x0, 0x18, 0xdf, 0xfc, 0x60, 0x0, 0x0, 0x0,
    0x0, 0x0, 0x0, 0x0, 0x0, 0x0, 0x0, 0x0,
    0x0, 0x0, 0x0, 0x0, 0x0, 0x0, 0x0, 0x0,
    0x0, 0x0, 0x0, 0x0, 0x0, 0x0, 0x0, 0x6a,
    0xdf, 0xfe, 0xc8, 0x20, 0x0, 0x0, 0x0, 0x0,
    0x6f, 0xff, 0xff, 0xff, 0xff, 0xf8, 0x0, 0x0,
    0x0, 0xb, 0xff, 0xff, 0xff, 0xef, 0xff, 0xff,
    0xd1, 0x0, 0x0, 0xbf, 0xff, 0xe7, 0x10, 0x0,
    0x4a, 0xff, 0xfd, 0x0, 0x8, 0xff, 0xfa, 0x0,
    0x0, 0x0, 0x0, 0x4f, 0xb2, 0x0, 0x1f, 0xff,
    0xb0, 0x0, 0x0, 0x0, 0x0, 0x1, 0x0, 0x0,
    0x7f, 0xff, 0x10, 0x0, 0x0, 0x0, 0x0, 0x0,
    0x0, 0x0, 0xbf, 0xfb, 0x0, 0x0, 0x0, 0x0,
    0x0, 0x0, 0x0, 0x0, 0xdf, 0xf8, 0x0, 0x0,
    0x0, 0x5, 0x99, 0x99, 0x99, 0x91, 0xef, 0xf6,
    0x0, 0x0, 0x0, 0xa, 0xff, 0xff, 0xff, 0xf3,
    0xdf, 0xf8, 0x0, 0x0, 0x0, 0xa, 0xff, 0xff,
    0xff, 0xf2, 0xbf, 0xfb, 0x0, 0x0, 0x0, 0x0,
    0x0, 0x0, 0xff, 0xf1, 0x7f, 0xff, 0x10, 0x0,
    0x0, 0x0, 0x0, 0x4, 0xff, 0xf0, 0x1f, 0xff,
    0xb0, 0x0, 0x0, 0x0, 0x0, 0xb, 0xff, 0xb0,
    0x8, 0xff, 0xfa, 0x0, 0x0, 0x0, 0x0, 0x7f,
    0xff, 0x40, 0x0, 0xbf, 0xff, 0xd6, 0x10, 0x0,
    0x4b, 0xff, 0xfa, 0x0, 0x0, 0xb, 0xff, 0xff,
    0xff, 0xef, 0xff, 0xff, 0xc0, 0x0, 0x0, 0x0,
    0x6f, 0xff, 0xff, 0xff, 0xff, 0xf8, 0x0, 0x0,
    0x0, 0x0, 0x0, 0x6a, 0xdf, 0xfe, 0xc8, 0x20,
    0x0, 0x0,

    /* U+011F "ğ" */
    0x0, 0xe, 0xff, 0x74, 0x47, 0xff, 0xe0, 0x0,
    0x0, 0x5f, 0xff, 0xff, 0xff, 0xf5, 0x0, 0x0,
    0x0, 0x39, 0xdf, 0xfd, 0xa3, 0x0, 0x0, 0x0,
    0x0, 0x0, 0x0, 0x0, 0x0, 0x0, 0x0, 0x0,
    0x0, 0x0, 0x0, 0x0, 0x0, 0x0, 0x0, 0x5,
    0xbe, 0xfd, 0x70, 0x3f, 0xff, 0x0, 0xb, 0xff,
    0xff, 0xff, 0xd4, 0xff, 0xf0, 0xa, 0xff, 0xff,
    0xcc, 0xff, 0xef, 0xff, 0x4, 0xff, 0xfc, 0x10,
    0x1, 0xbf, 0xff, 0xf0, 0xaf, 0xfe, 0x10, 0x0,
    0x1, 0xef, 0xff, 0xe, 0xff, 0x80, 0x0, 0x0,
    0x8, 0xff, 0xf0, 0xff, 0xf5, 0x0, 0x0, 0x0,
    0x6f, 0xff, 0xf, 0xff, 0x50, 0x0, 0x0, 0x5,
    0xff, 0xf0, 0xef, 0xf8, 0x0, 0x0, 0x0, 0x8f,
    0xff, 0xb, 0xff, 0xe0, 0x0, 0x0, 0xe, 0xff,
    0xf0, 0x5f, 0xff, 0xb1, 0x0, 0x9, 0xff, 0xff,
    0x0, 0xbf, 0xff, 0xea, 0xae, 0xfe, 0xff, 0xf0,
    0x1, 0xcf, 0xff, 0xff, 0xfd, 0x5f, 0xfe, 0x0,
    0x0, 0x6c, 0xef, 0xd8, 0x4, 0xff, 0xc0, 0x0,
    0x0, 0x0, 0x0, 0x0, 0x9f, 0xf8, 0x0, 0x16,
    0x10, 0x0, 0x1, 0x8f, 0xff, 0x20, 0x9, 0xff,
    0xec, 0xbd, 0xff, 0xff, 0x70, 0x0, 0xdf, 0xff,
    0xff, 0xff, 0xff, 0x70, 0x0, 0x0, 0x59, 0xde,
    0xfe, 0xd8, 0x20, 0x0,

    /* U+0120 "Ġ" */
    0x0, 0x0, 0x0, 0x0, 0x17, 0x60, 0x0, 0x0,
    0x0, 0x0, 0x0, 0x0, 0x0, 0x0, 0xcf, 0xf7,
    0x0, 0x0, 0x0, 0x0, 0x0, 0x0, 0x0, 0x0,
    0xef, 0xfa, 0x0, 0x0, 0x0, 0x0, 0x0, 0x0,
    0x0, 0x0, 0x5e, 0xd2, 0x0, 0x0, 0x0, 0x0,
    0x0, 0x0, 0x0, 0x0, 0x0, 0x0, 0x0, 0x0,
    0x0, 0x0, 0x0, 0x0, 0x0, 0x0, 0x0, 0x0,
    0x0, 0x0, 0x0, 0x0, 0x0, 0x0, 0x0, 0x0,
    0x0, 0x0, 0x0, 0x0, 0x0, 0x0, 0x0, 0x0,
    0x0, 0x6a, 0xdf, 0xfe, 0xc8, 0x20, 0x0, 0x0,
    0x0, 0x0, 0x6f, 0xff, 0xff, 0xff, 0xff, 0xf8,
    0x0, 0x0, 0x0, 0xb, 0xff, 0xff, 0xff, 0xef,
    0xff, 0xff, 0xd1, 0x0, 0x0, 0xbf, 0xff, 0xe7,
    0x10, 0x0, 0x4a, 0xff, 0xfd, 0x0, 0x8, 0xff,
    0xfa, 0x0, 0x0, 0x0, 0x0, 0x4f, 0xb2, 0x0,
    0x1f, 0xff, 0xb0, 0x0, 0x0, 0x0, 0x0, 0x1,
    0x0, 0x0, 0x7f, 0xff, 0x10, 0x0, 0x0, 0x0,
    0x0, 0x0, 0x0, 0x0, 0xbf, 0xfb, 0x0, 0x0,
    0x0, 0x0, 0x0, 0x0, 0x0, 0x0, 0xdf, 0xf8,
    0x0, 0x0, 0x0, 0x5, 0x99, 0x99, 0x99, 0x91,
    0xef, 0xf6, 0x0, 0x0, 0x0, 0xa, 0xff, 0xff,
    0xff, 0xf3, 0xdf, 0xf8, 0x0, 0x0, 0x0, 0xa,
    0xff, 0xff, 0xff, 0xf2, 0xbf, 0xfb, 0x0, 0x0,
    0x0, 0x0, 0x0, 0x0, 0xff, 0xf1, 0x7f, 0xff,
    0x10, 0x0, 0x0, 0x0, 0x0, 0x4, 0xff, 0xf0,
    0x1f, 0xff, 0xb0, 0x0, 0x0, 0x0, 0x0, 0xb,
    0xff, 0xb0, 0x8, 0xff, 0xfa, 0x0, 0x0, 0x0,
    0x0, 0x7f, 0xff, 0x40, 0x0, 0xbf, 0xff, 0xd6,
    0x10, 0x0, 0x4b, 0xff, 0xfa, 0x0, 0x0, 0xb,
    0xff, 0xff, 0xff, 0xef, 0xff, 0xff, 0xc0, 0x0,
    0x0, 0x0, 0x6f, 0xff, 0xff, 0xff, 0xff, 0xf8,
    0x0, 0x0, 0x0, 0x0, 0x0, 0x6a, 0xdf, 0xfe,
    0xc8, 0x20, 0x0, 0x0,

    /* U+0121 "ġ" */
    0x0, 0x0, 0x0, 0x6, 0x60, 0x0, 0x0, 0x0,
    0x0, 0x0, 0x9, 0xff, 0x90, 0x0, 0x0, 0x0,
    0x0, 0x0, 0xcf, 0xfc, 0x0, 0x0, 0x0, 0x0,
    0x0, 0x4, 0xff, 0x40, 0x0, 0x0, 0x0, 0x0,
    0x0, 0x0, 0x0, 0x0, 0x0, 0x0, 0x0, 0x0,
    0x0, 0x0, 0x0, 0x0, 0x0, 0x0, 0x0, 0x5b,
    0xef, 0xd7, 0x3, 0xff, 0xf0, 0x0, 0xbf, 0xff,
    0xff, 0xfd, 0x4f, 0xff, 0x0, 0xaf, 0xff, 0xfc,
    0xcf, 0xfe, 0xff, 0xf0, 0x4f, 0xff, 0xc1, 0x0,
    0x1b, 0xff, 0xff, 0xa, 0xff, 0xe1, 0x0, 0x0,
    0x1e, 0xff, 0xf0, 0xef, 0xf8, 0x0, 0x0, 0x0,
    0x8f, 0xff, 0xf, 0xff, 0x50, 0x0, 0x0, 0x6,
    0xff, 0xf0, 0xff, 0xf5, 0x0, 0x0, 0x0, 0x5f,
    0xff, 0xe, 0xff, 0x80, 0x0, 0x0, 0x8, 0xff,
    0xf0, 0xbf, 0xfe, 0x0, 0x0, 0x0, 0xef, 0xff,
    0x5, 0xff, 0xfb, 0x10, 0x0, 0x9f, 0xff, 0xf0,
    0xb, 0xff, 0xfe, 0xaa, 0xef, 0xef, 0xff, 0x0,
    0x1c, 0xff, 0xff, 0xff, 0xd5, 0xff, 0xe0, 0x0,
    0x6, 0xce, 0xfd, 0x80, 0x4f, 0xfc, 0x0, 0x0,
    0x0, 0x0, 0x0, 0x9, 0xff, 0x80, 0x1, 0x61,
    0x0, 0x0, 0x18, 0xff, 0xf2, 0x0, 0x9f, 0xfe,
    0xcb, 0xdf, 0xff, 0xf7, 0x0, 0xd, 0xff, 0xff,
    0xff, 0xff, 0xf7, 0x0, 0x0, 0x5, 0x9d, 0xef,
    0xed, 0x82, 0x0, 0x0,

    /* U+0122 "Ģ" */
    0x0, 0x0, 0x0, 0x6a, 0xdf, 0xfe, 0xc8, 0x20,
    0x0, 0x0, 0x0, 0x0, 0x6f, 0xff, 0xff, 0xff,
    0xff, 0xf8, 0x0, 0x0, 0x0, 0xb, 0xff, 0xff,
    0xff, 0xef, 0xff, 0xff, 0xd1, 0x0, 0x0, 0xbf,
    0xff, 0xe7, 0x10, 0x0, 0x4a, 0xff, 0xfd, 0x0,
    0x8, 0xff, 0xfa, 0x0, 0x0, 0x0, 0x0, 0x4f,
    0xb2, 0x0, 0x1f, 0xff, 0xb0, 0x0, 0x0, 0x0,
    0x0, 0x1, 0x0, 0x0, 0x7f, 0xff, 0x10, 0x0,
    0x0, 0x0, 0x0, 0x0, 0x0, 0x0, 0xbf, 0xfb,
    0x0, 0x0, 0x0, 0x0, 0x0, 0x0, 0x0, 0x0,
    0xdf, 0xf8, 0x0, 0x0, 0x0, 0x5, 0x99, 0x99,
    0x99, 0x91, 0xef, 0xf6, 0x0, 0x0, 0x0, 0xa,
    0xff, 0xff, 0xff, 0xf3, 0xdf, 0xf8, 0x0, 0x0,
    0x0, 0xa, 0xff, 0xff, 0xff, 0xf2, 0xbf, 0xfb,
    0x0, 0x0, 0x0, 0x0, 0x0, 0x0, 0xff, 0xf1,
    0x7f, 0xff, 0x10, 0x0, 0x0, 0x0, 0x0, 0x4,
    0xff, 0xf0, 0x1f, 0xff, 0xb0, 0x0, 0x0, 0x0,
    0x0, 0xb, 0xff, 0xb0, 0x8, 0xff, 0xfa, 0x0,
    0x0, 0x0, 0x0, 0x7f, 0xff, 0x40, 0x0, 0xbf,
    0xff, 0xd6, 0x10, 0x0, 0x4b, 0xff, 0xfa, 0x0,
    0x0, 0xb, 0xff, 0xff, 0xff, 0xef, 0xff, 0xff,
    0xc0, 0x0, 0x0, 0x0, 0x6f, 0xff, 0xff, 0xff,
    0xff, 0xf8, 0x0, 0x0, 0x0, 0x0, 0x0, 0x6a,
    0xdf, 0xfe, 0xc8, 0x20, 0x0, 0x0, 0x0, 0x0,
    0x0, 0x0, 0x0, 0x0, 0x0, 0x0, 0x0, 0x0,
    0x0, 0x0, 0x0, 0x0, 0x3f, 0xfd, 0x0, 0x0,
    0x0, 0x0, 0x0, 0x0, 0x0, 0x0, 0x8f, 0xf5,
    0x0, 0x0, 0x0, 0x0, 0x0, 0x0, 0x0, 0x0,
    0xdf, 0xd0, 0x0, 0x0, 0x0, 0x0, 0x0, 0x0,
    0x0, 0x2, 0xff, 0x50, 0x0, 0x0, 0x0, 0x0,

    /* U+0123 "ģ" */
    0x0, 0x0, 0x0, 0x0, 0x9f, 0xf0, 0x0, 0x0,
    0x0, 0x0, 0x0, 0x3f, 0xf8, 0x0, 0x0, 0x0,
    0x0, 0x0, 0xd, 0xff, 0x20, 0x0, 0x0, 0x0,
    0x0, 0x6, 0xcc, 0x80, 0x0, 0x0, 0x0, 0x0,
    0x0, 0x0, 0x0, 0x0, 0x0, 0x0, 0x0, 0x5,
    0xbe, 0xfd, 0x70, 0x3f, 0xff, 0x0, 0xb, 0xff,
    0xff, 0xff, 0xd4, 0xff, 0xf0, 0xa, 0xff, 0xff,
    0xcc, 0xff, 0xef, 0xff, 0x4, 0xff, 0xfc, 0x10,
    0x1, 0xbf, 0xff, 0xf0, 0xaf, 0xfe, 0x10, 0x0,
    0x1, 0xef, 0xff, 0xe, 0xff, 0x80, 0x0, 0x0,
    0x8, 0xff, 0xf0, 0xff, 0xf5, 0x0, 0x0, 0x0,
    0x6f, 0xff, 0xf, 0xff, 0x50, 0x0, 0x0, 0x5,
    0xff, 0xf0, 0xef, 0xf8, 0x0, 0x0, 0x0, 0x8f,
    0xff, 0xb, 0xff, 0xe0, 0x0, 0x0, 0xe, 0xff,
    0xf0, 0x5f, 0xff, 0xb1, 0x0, 0x9, 0xff, 0xff,
    0x0, 0xbf, 0xff, 0xea, 0xae, 0xfe, 0xff, 0xf0,
    0x1, 0xcf, 0xff, 0xff, 0xfd, 0x5f, 0xfe, 0x0,
    0x0, 0x6c, 0xef, 0xd8, 0x4, 0xff, 0xc0, 0x0,
    0x0, 0x0, 0x0, 0x0, 0x9f, 0xf8, 0x0, 0x16,
    0x10, 0x0, 0x1, 0x8f, 0xff, 0x20, 0x9, 0xff,
    0xec, 0xbd, 0xff, 0xff, 0x70, 0x0, 0xdf, 0xff,
    0xff, 0xff, 0xff, 0x70, 0x0, 0x0, 0x59, 0xde,
    0xfe, 0xd8, 0x20, 0x0,

    /* U+0124 "Ĥ" */
    0x0, 0x0, 0x0, 0x38, 0x88, 0x30, 0x0, 0x0,
    0x0, 0x0, 0x0, 0x3f, 0xff, 0xff, 0x30, 0x0,
    0x0, 0x0, 0x0, 0x3f, 0xfe, 0x5e, 0xff, 0x30,
    0x0, 0x0, 0x0, 0x3f, 0xfd, 0x10, 0x1d, 0xff,
    0x30, 0x0, 0x0, 0x0, 0x0, 0x0, 0x0, 0x0,
    0x0, 0x0, 0x0, 0x0, 0x0, 0x0, 0x0, 0x0,
    0x0, 0x0, 0x0, 0xaf, 0xf9, 0x0, 0x0, 0x0,
    0x0, 0x9, 0xff, 0xaa, 0xff, 0x90, 0x0, 0x0,
    0x0, 0x0, 0x9f, 0xfa, 0xaf, 0xf9, 0x0, 0x0,
    0x0, 0x0, 0x9, 0xff, 0xaa, 0xff, 0x90, 0x0,
    0x0, 0x0, 0x0, 0x9f, 0xfa, 0xaf, 0xf9, 0x0,
    0x0, 0x0, 0x0, 0x9, 0xff, 0xaa, 0xff, 0x90,
    0x0, 0x0, 0x0, 0x0, 0x9f, 0xfa, 0xaf, 0xf9,
    0x0, 0x0, 0x0, 0x0, 0x9, 0xff, 0xaa, 0xff,
    0x90, 0x0, 0x0, 0x0, 0x0, 0x9f, 0xfa, 0xaf,
    0xff, 0xff, 0xff, 0xff, 0xff, 0xff, 0xff, 0xaa,
    0xff, 0xff, 0xff, 0xff, 0xff, 0xff, 0xff, 0xfa,
    0xaf, 0xff, 0xee, 0xee, 0xee, 0xee, 0xef, 0xff,
    0xaa, 0xff, 0x90, 0x0, 0x0, 0x0, 0x0, 0x9f,
    0xfa, 0xaf, 0xf9, 0x0, 0x0, 0x0, 0x0, 0x9,
    0xff, 0xaa, 0xff, 0x90, 0x0, 0x0, 0x0, 0x0,
    0x9f, 0xfa, 0xaf, 0xf9, 0x0, 0x0, 0x0, 0x0,
    0x9, 0xff, 0xaa, 0xff, 0x90, 0x0, 0x0, 0x0,
    0x0, 0x9f, 0xfa, 0xaf, 0xf9, 0x0, 0x0, 0x0,
    0x0, 0x9, 0xff, 0xaa, 0xff, 0x90, 0x0, 0x0,
    0x0, 0x0, 0x9f, 0xfa, 0xaf, 0xf9, 0x0, 0x0,
    0x0, 0x0, 0x9, 0xff, 0xa0,

    /* U+0125 "ĥ" */
    0x0, 0x1d, 0xff, 0xf5, 0x0, 0x0, 0x0, 0x0,
    0x0, 0xc, 0xff, 0xff, 0xf3, 0x0, 0x0, 0x0,
    0x0, 0xa, 0xff, 0x93, 0xff, 0xe2, 0x0, 0x0,
    0x0, 0x8, 0xff, 0x90, 0x3, 0xff, 0xd1, 0x0,
    0x0, 0x0, 0x0, 0x0, 0x0, 0x0, 0x0, 0x0,
    0x0, 0x0, 0x0, 0x0, 0x0, 0x0, 0x0, 0x0,
    0x0, 0x0, 0x0, 0x0, 0x3, 0xff, 0xe0, 0x0,
    0x0, 0x0, 0x0, 0x0, 0x0, 0x3f, 0xfe, 0x0,
    0x0, 0x0, 0x0, 0x0, 0x0, 0x3, 0xff, 0xe0,
    0x0, 0x0, 0x0, 0x0, 0x0, 0x0, 0x3f, 0xfe,
    0x0, 0x0, 0x0, 0x0, 0x0, 0x0, 0x3, 0xff,
    0xe0, 0x0, 0x0, 0x0, 0x0, 0x0, 0x0, 0x3f,
    0xfe, 0x5, 0xcf, 0xfd, 0x80, 0x0, 0x0, 0x3,
    0xff, 0xe8, 0xff, 0xff, 0xff, 0xd1, 0x0, 0x0,
    0x3f, 0xff, 0xff, 0xfe, 0xff, 0xff, 0xa0, 0x0,
    0x3, 0xff, 0xff, 0x50, 0x2, 0xcf, 0xff, 0x0,
    0x0, 0x3f, 0xff, 0x70, 0x0, 0x2, 0xff, 0xf3,
    0x0, 0x3, 0xff, 0xf1, 0x0, 0x0, 0xe, 0xff,
    0x50, 0x0, 0x3f, 0xff, 0x0, 0x0, 0x0, 0xcf,
    0xf6, 0x0, 0x3, 0xff, 0xe0, 0x0, 0x0, 0xc,
    0xff, 0x60, 0x0, 0x3f, 0xfe, 0x0, 0x0, 0x0,
    0xcf, 0xf6, 0x0, 0x3, 0xff, 0xe0, 0x0, 0x0,
    0xc, 0xff, 0x60, 0x0, 0x3f, 0xfe, 0x0, 0x0,
    0x0, 0xcf, 0xf6, 0x0, 0x3, 0xff, 0xe0, 0x0,
    0x0, 0xc, 0xff, 0x60, 0x0, 0x3f, 0xfe, 0x0,
    0x0, 0x0, 0xcf, 0xf6, 0x0, 0x3, 0xff, 0xe0,
    0x0, 0x0, 0xc, 0xff, 0x60,

    /* U+0126 "Ħ" */
    0x0, 0xaf, 0xf9, 0x0, 0x0, 0x0, 0x0, 0x9,
    0xff, 0xa0, 0x0, 0xa, 0xff, 0x90, 0x0, 0x0,
    0x0, 0x0, 0x9f, 0xfa, 0x0, 0x0, 0xaf, 0xf9,
    0x0, 0x0, 0x0, 0x0, 0x9, 0xff, 0xa0, 0xd,
    0xff, 0xff, 0xff, 0xff, 0xff, 0xff, 0xff, 0xff,
    0xff, 0xfd, 0xdf, 0xff, 0xff, 0xff, 0xff, 0xff,
    0xff, 0xff, 0xff, 0xff, 0xd5, 0x6c, 0xff, 0xb6,
    0x66, 0x66, 0x66, 0x66, 0xbf, 0xfc, 0x65, 0x0,
    0xaf, 0xf9, 0x0, 0x0, 0x0, 0x0, 0x9, 0xff,
    0xa0, 0x0, 0xa, 0xff, 0x90, 0x0, 0x0, 0x0,
    0x0, 0x9f, 0xfa, 0x0, 0x0, 0xaf, 0xff, 0xff,
    0xff, 0xff, 0xff, 0xff, 0xff, 0xa0, 0x0, 0xa,
    0xff, 0xff, 0xff, 0xff, 0xff, 0xff, 0xff, 0xfa,
    0x0, 0x0, 0xaf, 0xff, 0xee, 0xee, 0xee, 0xee,
    0xef, 0xff, 0xa0, 0x0, 0xa, 0xff, 0x90, 0x0,
    0x0, 0x0, 0x0, 0x9f, 0xfa, 0x0, 0x0, 0xaf,
    0xf9, 0x0, 0x0, 0x0, 0x0, 0x9, 0xff, 0xa0,
    0x0, 0xa, 0xff, 0x90, 0x0, 0x0, 0x0, 0x0,
    0x9f, 0xfa, 0x0, 0x0, 0xaf, 0xf9, 0x0, 0x0,
    0x0, 0x0, 0x9, 0xff, 0xa0, 0x0, 0xa, 0xff,
    0x90, 0x0, 0x0, 0x0, 0x0, 0x9f, 0xfa, 0x0,
    0x0, 0xaf, 0xf9, 0x0, 0x0, 0x0, 0x0, 0x9,
    0xff, 0xa0, 0x0, 0xa, 0xff, 0x90, 0x0, 0x0,
    0x0, 0x0, 0x9f, 0xfa, 0x0, 0x0, 0xaf, 0xf9,
    0x0, 0x0, 0x0, 0x0, 0x9, 0xff, 0xa0, 0x0,

    /* U+0127 "ħ" */
    0x3, 0xff, 0xe0, 0x0, 0x0, 0x0, 0x0, 0x1,
    0x4f, 0xfe, 0x11, 0x11, 0x0, 0x0, 0x0, 0xff,
    0xff, 0xff, 0xff, 0xf3, 0x0, 0x0, 0xf, 0xff,
    0xff, 0xff, 0xff, 0x30, 0x0, 0x0, 0x3, 0xff,
    0xe0, 0x0, 0x0, 0x0, 0x0, 0x0, 0x3f, 0xfe,
    0x5, 0xcf, 0xfd, 0x80, 0x0, 0x3, 0xff, 0xe8,
    0xff, 0xff, 0xff, 0xd1, 0x0, 0x3f, 0xff, 0xff,
    0xfe, 0xff, 0xff, 0xa0, 0x3, 0xff, 0xff, 0x50,
    0x2, 0xcf, 0xff, 0x0, 0x3f, 0xff, 0x70, 0x0,
    0x2, 0xff, 0xf3, 0x3, 0xff, 0xf1, 0x0, 0x0,
    0xe, 0xff, 0x50, 0x3f, 0xff, 0x0, 0x0, 0x0,
    0xcf, 0xf6, 0x3, 0xff, 0xe0, 0x0, 0x0, 0xc,
    0xff, 0x60, 0x3f, 0xfe, 0x0, 0x0, 0x0, 0xcf,
    0xf6, 0x3, 0xff, 0xe0, 0x0, 0x0, 0xc, 0xff,
    0x60, 0x3f, 0xfe, 0x0, 0x0, 0x0, 0xcf, 0xf6,
    0x3, 0xff, 0xe0, 0x0, 0x0, 0xc, 0xff, 0x60,
    0x3f, 0xfe, 0x0, 0x0, 0x0, 0xcf, 0xf6, 0x3,
    0xff, 0xe0, 0x0, 0x0, 0xc, 0xff, 0x60,

    /* U+012A "Ī" */
    0x7f, 0xff, 0xff, 0xff, 0xf6, 0x7f, 0xff, 0xff,
    0xff, 0xf6, 0x4a, 0xaa, 0xaa, 0xaa, 0xa4, 0x0,
    0x0, 0x0, 0x0, 0x0, 0x0, 0xa, 0xff, 0x90,
    0x0, 0x0, 0xa, 0xff, 0x90, 0x0, 0x0, 0xa,
    0xff, 0x90, 0x0, 0x0, 0xa, 0xff, 0x90, 0x0,
    0x0, 0xa, 0xff, 0x90, 0x0, 0x0, 0xa, 0xff,
    0x90, 0x0, 0x0, 0xa, 0xff, 0x90, 0x0, 0x0,
    0xa, 0xff, 0x90, 0x0, 0x0, 0xa, 0xff, 0x90,
    0x0, 0x0, 0xa, 0xff, 0x90, 0x0, 0x0, 0xa,
    0xff, 0x90, 0x0, 0x0, 0xa, 0xff, 0x90, 0x0,
    0x0, 0xa, 0xff, 0x90, 0x0, 0x0, 0xa, 0xff,
    0x90, 0x0, 0x0, 0xa, 0xff, 0x90, 0x0, 0x0,
    0xa, 0xff, 0x90, 0x0, 0x0, 0xa, 0xff, 0x90,
    0x0, 0x0, 0xa, 0xff, 0x90, 0x0, 0x0, 0xa,
    0xff, 0x90, 0x0,

    /* U+012B "ī" */
    0x5f, 0xff, 0xff, 0xff, 0x55, 0xff, 0xff, 0xff,
    0xf5, 0x3a, 0xaa, 0xaa, 0xaa, 0x30, 0x0, 0x0,
    0x0, 0x0, 0x0, 0x1f, 0xff, 0x0, 0x0, 0x1,
    0xff, 0xf0, 0x0, 0x0, 0x1f, 0xff, 0x0, 0x0,
    0x1, 0xff, 0xf0, 0x0, 0x0, 0x1f, 0xff, 0x0,
    0x0, 0x1, 0xff, 0xf0, 0x0, 0x0, 0x1f, 0xff,
    0x0, 0x0, 0x1, 0xff, 0xf0, 0x0, 0x0, 0x1f,
    0xff, 0x0, 0x0, 0x1, 0xff, 0xf0, 0x0, 0x0,
    0x1f, 0xff, 0x0, 0x0, 0x1, 0xff, 0xf0, 0x0,
    0x0, 0x1f, 0xff, 0x0, 0x0, 0x1, 0xff, 0xf0,
    0x0,

    /* U+012E "Į" */
    0x0, 0xaf, 0xf9, 0x0, 0xa, 0xff, 0x90, 0x0,
    0xaf, 0xf9, 0x0, 0xa, 0xff, 0x90, 0x0, 0xaf,
    0xf9, 0x0, 0xa, 0xff, 0x90, 0x0, 0xaf, 0xf9,
    0x0, 0xa, 0xff, 0x90, 0x0, 0xaf, 0xf9, 0x0,
    0xa, 0xff, 0x90, 0x0, 0xaf, 0xf9, 0x0, 0xa,
    0xff, 0x90, 0x0, 0xaf, 0xf9, 0x0, 0xa, 0xff,
    0x90, 0x0, 0xaf, 0xf9, 0x0, 0xa, 0xff, 0x90,
    0x0, 0xaf, 0xf9, 0x0, 0xa, 0xff, 0x90, 0x0,
    0xaf, 0xf9, 0x0, 0x1b, 0xfb, 0x10, 0xd, 0xfa,
    0x0, 0x3, 0xff, 0xa4, 0x30, 0xf, 0xff, 0xfd,
    0x0, 0x3b, 0xef, 0xd2,

    /* U+012F "į" */
    0x0, 0x27, 0x20, 0x2, 0xff, 0xf2, 0x4, 0xff,
    0xf4, 0x0, 0xbf, 0xb0, 0x0, 0x0, 0x0, 0x0,
    0x0, 0x0, 0x1, 0xff, 0xf0, 0x1, 0xff, 0xf0,
    0x1, 0xff, 0xf0, 0x1, 0xff, 0xf0, 0x1, 0xff,
    0xf0, 0x1, 0xff, 0xf0, 0x1, 0xff, 0xf0, 0x1,
    0xff, 0xf0, 0x1, 0xff, 0xf0, 0x1, 0xff, 0xf0,
    0x1, 0xff, 0xf0, 0x1, 0xff, 0xf0, 0x1, 0xff,
    0xf0, 0x1, 0xff, 0xf0, 0x5, 0xfe, 0x50, 0x6f,
    0xf2, 0x0, 0xbf, 0xf4, 0x50, 0x8f, 0xff, 0xf5,
    0x7, 0xdf, 0xe7,

    /* U+0130 "İ" */
    0x4e, 0xe3, 0xcf, 0xfc, 0xaf, 0xf9, 0x7, 0x70,
    0x0, 0x0, 0x0, 0x0, 0xaf, 0xf9, 0xaf, 0xf9,
    0xaf, 0xf9, 0xaf, 0xf9, 0xaf, 0xf9, 0xaf, 0xf9,
    0xaf, 0xf9, 0xaf, 0xf9, 0xaf, 0xf9, 0xaf, 0xf9,
    0xaf, 0xf9, 0xaf, 0xf9, 0xaf, 0xf9, 0xaf, 0xf9,
    0xaf, 0xf9, 0xaf, 0xf9, 0xaf, 0xf9, 0xaf, 0xf9,
    0xaf, 0xf9,

    /* U+0131 "ı" */
    0x1f, 0xff, 0x1, 0xff, 0xf0, 0x1f, 0xff, 0x1,
    0xff, 0xf0, 0x1f, 0xff, 0x1, 0xff, 0xf0, 0x1f,
    0xff, 0x1, 0xff, 0xf0, 0x1f, 0xff, 0x1, 0xff,
    0xf0, 0x1f, 0xff, 0x1, 0xff, 0xf0, 0x1f, 0xff,
    0x1, 0xff, 0xf0,

    /* U+0132 "Ĳ" */
    0xaf, 0xf9, 0x0, 0x0, 0x0, 0x0, 0x0, 0x5,
    0xff, 0xea, 0xff, 0x90, 0x0, 0x0, 0x0, 0x0,
    0x0, 0x5f, 0xfe, 0xaf, 0xf9, 0x0, 0x0, 0x0,
    0x0, 0x0, 0x5, 0xff, 0xea, 0xff, 0x90, 0x0,
    0x0, 0x0, 0x0, 0x0, 0x5f, 0xfe, 0xaf, 0xf9,
    0x0, 0x0, 0x0, 0x0, 0x0, 0x5, 0xff, 0xea,
    0xff, 0x90, 0x0, 0x0, 0x0, 0x0, 0x0, 0x5f,
    0xfe, 0xaf, 0xf9, 0x0, 0x0, 0x0, 0x0, 0x0,
    0x5, 0xff, 0xea, 0xff, 0x90, 0x0, 0x0, 0x0,
    0x0, 0x0, 0x5f, 0xfe, 0xaf, 0xf9, 0x0, 0x0,
    0x0, 0x0, 0x0, 0x5, 0xff, 0xea, 0xff, 0x90,
    0x0, 0x0, 0x0, 0x0, 0x0, 0x5f, 0xfe, 0xaf,
    0xf9, 0x0, 0x0, 0x0, 0x0, 0x0, 0x5, 0xff,
    0xea, 0xff, 0x90, 0x0, 0x0, 0x0, 0x0, 0x0,
    0x5f, 0xfe, 0xaf, 0xf9, 0x0, 0x0, 0x0, 0x0,
    0x0, 0x6, 0xff, 0xea, 0xff, 0x90, 0x0, 0x1,
    0x0, 0x0, 0x0, 0x8f, 0xfd, 0xaf, 0xf9, 0x0,
    0x4b, 0xf3, 0x0, 0x0, 0x1e, 0xff, 0xba, 0xff,
    0x90, 0x9, 0xff, 0xe5, 0x0, 0x3c, 0xff, 0xf5,
    0xaf, 0xf9, 0x0, 0x1e, 0xff, 0xff, 0xff, 0xff,
    0xfb, 0xa, 0xff, 0x90, 0x0, 0x3e, 0xff, 0xff,
    0xff, 0xfa, 0x0, 0xaf, 0xf9, 0x0, 0x0, 0x18,
    0xdf, 0xfd, 0x93, 0x0, 0x0,

    /* U+0133 "ĳ" */
    0x2, 0x72, 0x0, 0x0, 0x3, 0x72, 0x2, 0xff,
    0xf2, 0x0, 0x4, 0xff, 0xe1, 0x4f, 0xff, 0x40,
    0x0, 0x7f, 0xff, 0x30, 0xbf, 0xb0, 0x0, 0x1,
    0xdf, 0xa0, 0x0, 0x0, 0x0, 0x0, 0x0, 0x0,
    0x0, 0x0, 0x0, 0x0, 0x0, 0x0, 0x0, 0x1f,
    0xff, 0x0, 0x0, 0x3f, 0xfe, 0x1, 0xff, 0xf0,
    0x0, 0x3, 0xff, 0xe0, 0x1f, 0xff, 0x0, 0x0,
    0x3f, 0xfe, 0x1, 0xff, 0xf0, 0x0, 0x3, 0xff,
    0xe0, 0x1f, 0xff, 0x0, 0x0, 0x3f, 0xfe, 0x1,
    0xff, 0xf0, 0x0, 0x3, 0xff, 0xe0, 0x1f, 0xff,
    0x0, 0x0, 0x3f, 0xfe, 0x1, 0xff, 0xf0, 0x0,
    0x3, 0xff, 0xe0, 0x1f, 0xff, 0x0, 0x0, 0x3f,
    0xfe, 0x1, 0xff, 0xf0, 0x0, 0x3, 0xff, 0xe0,
    0x1f, 0xff, 0x0, 0x0, 0x3f, 0xfe, 0x1, 0xff,
    0xf0, 0x0, 0x3, 0xff, 0xe0, 0x1f, 0xff, 0x0,
    0x0, 0x3f, 0xfe, 0x1, 0xff, 0xf0, 0x0, 0x3,
    0xff, 0xe0, 0x0, 0x0, 0x0, 0x0, 0x3f, 0xfe,
    0x0, 0x0, 0x0, 0x0, 0x8, 0xff, 0xc0, 0x0,
    0x0, 0xc, 0xfe, 0xff, 0xf8, 0x0, 0x0, 0x4,
    0xff, 0xff, 0xfe, 0x10, 0x0, 0x0, 0x3a, 0xef,
    0xe9, 0x10, 0x0,

    /* U+0134 "Ĵ" */
    0x0, 0x0, 0x0, 0x0, 0x1e, 0xff, 0xf4, 0x0,
    0x0, 0x0, 0x0, 0x0, 0xd, 0xff, 0xff, 0xf2,
    0x0, 0x0, 0x0, 0x0, 0xb, 0xff, 0x74, 0xff,
    0xe1, 0x0, 0x0, 0x0, 0x9, 0xff, 0x70, 0x4,
    0xff, 0xc0, 0x0, 0x0, 0x0, 0x0, 0x0, 0x0,
    0x0, 0x0, 0x0, 0x0, 0x0, 0x0, 0x0, 0x0,
    0x0, 0x0, 0x0, 0x0, 0x0, 0x0, 0x0, 0x3,
    0xff, 0xf0, 0x0, 0x0, 0x0, 0x0, 0x0, 0x0,
    0x3f, 0xff, 0x0, 0x0, 0x0, 0x0, 0x0, 0x0,
    0x3, 0xff, 0xf0, 0x0, 0x0, 0x0, 0x0, 0x0,
    0x0, 0x3f, 0xff, 0x0, 0x0, 0x0, 0x0, 0x0,
    0x0, 0x3, 0xff, 0xf0, 0x0, 0x0, 0x0, 0x0,
    0x0, 0x0, 0x3f, 0xff, 0x0, 0x0, 0x0, 0x0,
    0x0, 0x0, 0x3, 0xff, 0xf0, 0x0, 0x0, 0x0,
    0x0, 0x0, 0x0, 0x3f, 0xff, 0x0, 0x0, 0x0,
    0x0, 0x0, 0x0, 0x3, 0xff, 0xf0, 0x0, 0x0,
    0x0, 0x0, 0x0, 0x0, 0x3f, 0xff, 0x0, 0x0,
    0x0, 0x0, 0x0, 0x0, 0x3, 0xff, 0xf0, 0x0,
    0x0, 0x0, 0x0, 0x0, 0x0, 0x3f, 0xff, 0x0,
    0x0, 0x0, 0x0, 0x0, 0x0, 0x4, 0xff, 0xf0,
    0x0, 0x0, 0x1, 0x0, 0x0, 0x0, 0x7f, 0xff,
    0x0, 0x0, 0x4b, 0xf5, 0x0, 0x0, 0xd, 0xff,
    0xc0, 0x0, 0x7, 0xff, 0xf6, 0x0, 0x2b, 0xff,
    0xf7, 0x0, 0x0, 0xd, 0xff, 0xff, 0xff, 0xff,
    0xfc, 0x0, 0x0, 0x0, 0x2d, 0xff, 0xff, 0xff,
    0xfb, 0x10, 0x0, 0x0, 0x0, 0x7, 0xcf, 0xfd,
    0xa4, 0x0, 0x0, 0x0, 0x0,

    /* U+0135 "ĵ" */
    0x0, 0x1, 0xdf, 0xff, 0x80, 0x0, 0x0, 0x2e,
    0xff, 0xbf, 0xf9, 0x0, 0x3, 0xef, 0xd2, 0x7,
    0xff, 0xa0, 0x2, 0x33, 0x0, 0x0, 0x23, 0x31,
    0x0, 0x0, 0x0, 0x0, 0x0, 0x0, 0x0, 0x0,
    0x3f, 0xfe, 0x0, 0x0, 0x0, 0x0, 0x3f, 0xfe,
    0x0, 0x0, 0x0, 0x0, 0x3f, 0xfe, 0x0, 0x0,
    0x0, 0x0, 0x3f, 0xfe, 0x0, 0x0, 0x0, 0x0,
    0x3f, 0xfe, 0x0, 0x0, 0x0, 0x0, 0x3f, 0xfe,
    0x0, 0x0, 0x0, 0x0, 0x3f, 0xfe, 0x0, 0x0,
    0x0, 0x0, 0x3f, 0xfe, 0x0, 0x0, 0x0, 0x0,
    0x3f, 0xfe, 0x0, 0x0, 0x0, 0x0, 0x3f, 0xfe,
    0x0, 0x0, 0x0, 0x0, 0x3f, 0xfe, 0x0, 0x0,
    0x0, 0x0, 0x3f, 0xfe, 0x0, 0x0, 0x0, 0x0,
    0x3f, 0xfe, 0x0, 0x0, 0x0, 0x0, 0x3f, 0xfe,
    0x0, 0x0, 0x0, 0x0, 0x3f, 0xfe, 0x0, 0x0,
    0x1, 0x0, 0x8f, 0xfc, 0x0, 0x0, 0xc, 0xfe,
    0xff, 0xf8, 0x0, 0x0, 0x4f, 0xff, 0xff, 0xe1,
    0x0, 0x0, 0x3a, 0xef, 0xe9, 0x10, 0x0, 0x0,

    /* U+0136 "Ķ" */
    0xaf, 0xf8, 0x0, 0x0, 0x0, 0x3f, 0xff, 0xe2,
    0xaf, 0xf8, 0x0, 0x0, 0x3, 0xef, 0xfe, 0x20,
    0xaf, 0xf8, 0x0, 0x0, 0x2e, 0xff, 0xe2, 0x0,
    0xaf, 0xf8, 0x0, 0x2, 0xef, 0xfe, 0x20, 0x0,
    0xaf, 0xf8, 0x0, 0x2e, 0xff, 0xe2, 0x0, 0x0,
    0xaf, 0xf8, 0x2, 0xef, 0xfe, 0x30, 0x0, 0x0,
    0xaf, 0xf8, 0x2e, 0xff, 0xf3, 0x0, 0x0, 0x0,
    0xaf, 0xfa, 0xef, 0xff, 0x30, 0x0, 0x0, 0x0,
    0xaf, 0xff, 0xff, 0xf6, 0x0, 0x0, 0x0, 0x0,
    0xaf, 0xff, 0xff, 0xfd, 0x10, 0x0, 0x0, 0x0,
    0xaf, 0xff, 0xff, 0xff, 0xc0, 0x0, 0x0, 0x0,
    0xaf, 0xff, 0x55, 0xff, 0xf9, 0x0, 0x0, 0x0,
    0xaf, 0xf9, 0x0, 0x8f, 0xff, 0x70, 0x0, 0x0,
    0xaf, 0xf8, 0x0, 0xb, 0xff, 0xf4, 0x0, 0x0,
    0xaf, 0xf8, 0x0, 0x0, 0xdf, 0xff, 0x20, 0x0,
    0xaf, 0xf8, 0x0, 0x0, 0x2e, 0xff, 0xd1, 0x0,
    0xaf, 0xf8, 0x0, 0x0, 0x4, 0xff, 0xfb, 0x0,
    0xaf, 0xf8, 0x0, 0x0, 0x0, 0x6f, 0xff, 0x90,
    0xaf, 0xf8, 0x0, 0x0, 0x0, 0x9, 0xff, 0xf6,
    0x0, 0x0, 0x0, 0x0, 0x0, 0x0, 0x0, 0x0,
    0x0, 0x0, 0x8, 0xff, 0x80, 0x0, 0x0, 0x0,
    0x0, 0x0, 0xd, 0xff, 0x10, 0x0, 0x0, 0x0,
    0x0, 0x0, 0x2f, 0xf8, 0x0, 0x0, 0x0, 0x0,
    0x0, 0x0, 0x7f, 0xf1, 0x0, 0x0, 0x0, 0x0,

    /* U+0137 "ķ" */
    0x4f, 0xfe, 0x0, 0x0, 0x0, 0x0, 0x0, 0x4f,
    0xfe, 0x0, 0x0, 0x0, 0x0, 0x0, 0x4f, 0xfe,
    0x0, 0x0, 0x0, 0x0, 0x0, 0x4f, 0xfe, 0x0,
    0x0, 0x0, 0x0, 0x0, 0x4f, 0xfe, 0x0, 0x0,
    0x0, 0x0, 0x0, 0x4f, 0xfe, 0x0, 0x0, 0x5f,
    0xff, 0x60, 0x4f, 0xfe, 0x0, 0x4, 0xff, 0xf8,
    0x0, 0x4f, 0xfe, 0x0, 0x3f, 0xff, 0x90, 0x0,
    0x4f, 0xfe, 0x3, 0xff, 0xfb, 0x0, 0x0, 0x4f,
    0xfe, 0x2e, 0xff, 0xc0, 0x0, 0x0, 0x4f, 0xfe,
    0xdf, 0xfd, 0x10, 0x0, 0x0, 0x4f, 0xff, 0xff,
    0xff, 0x20, 0x0, 0x0, 0x4f, 0xff, 0xff, 0xff,
    0xc0, 0x0, 0x0, 0x4f, 0xff, 0xf5, 0xff, 0xf8,
    0x0, 0x0, 0x4f, 0xff, 0x40, 0x6f, 0xff, 0x30,
    0x0, 0x4f, 0xfe, 0x0, 0xb, 0xff, 0xd0, 0x0,
    0x4f, 0xfe, 0x0, 0x1, 0xff, 0xf9, 0x0, 0x4f,
    0xfe, 0x0, 0x0, 0x5f, 0xff, 0x40, 0x4f, 0xfe,
    0x0, 0x0, 0xb, 0xff, 0xe1, 0x0, 0x0, 0x0,
    0x0, 0x0, 0x0, 0x0, 0x0, 0x0, 0x4f, 0xfd,
    0x0, 0x0, 0x0, 0x0, 0x0, 0x9f, 0xf5, 0x0,
    0x0, 0x0, 0x0, 0x0, 0xef, 0xd0, 0x0, 0x0,
    0x0, 0x0, 0x3, 0xff, 0x50, 0x0, 0x0, 0x0,

    /* U+0139 "Ĺ" */
    0x0, 0x7, 0xff, 0xe3, 0x0, 0x0, 0x0, 0x0,
    0x6f, 0xfe, 0x30, 0x0, 0x0, 0x0, 0x5, 0xff,
    0xe2, 0x0, 0x0, 0x0, 0x0, 0x7, 0x88, 0x20,
    0x0, 0x0, 0x0, 0x0, 0x0, 0x0, 0x0, 0x0,
    0x0, 0x0, 0x0, 0xa, 0xff, 0x90, 0x0, 0x0,
    0x0, 0x0, 0xa, 0xff, 0x90, 0x0, 0x0, 0x0,
    0x0, 0xa, 0xff, 0x90, 0x0, 0x0, 0x0, 0x0,
    0xa, 0xff, 0x90, 0x0, 0x0, 0x0, 0x0, 0xa,
    0xff, 0x90, 0x0, 0x0, 0x0, 0x0, 0xa, 0xff,
    0x90, 0x0, 0x0, 0x0, 0x0, 0xa, 0xff, 0x90,
    0x0, 0x0, 0x0, 0x0, 0xa, 0xff, 0x90, 0x0,
    0x0, 0x0, 0x0, 0xa, 0xff, 0x90, 0x0, 0x0,
    0x0, 0x0, 0xa, 0xff, 0x90, 0x0, 0x0, 0x0,
    0x0, 0xa, 0xff, 0x90, 0x0, 0x0, 0x0, 0x0,
    0xa, 0xff, 0x90, 0x0, 0x0, 0x0, 0x0, 0xa,
    0xff, 0x90, 0x0, 0x0, 0x0, 0x0, 0xa, 0xff,
    0x90, 0x0, 0x0, 0x0, 0x0, 0xa, 0xff, 0x90,
    0x0, 0x0, 0x0, 0x0, 0xa, 0xff, 0x90, 0x0,
    0x0, 0x0, 0x0, 0xa, 0xff, 0xfe, 0xee, 0xee,
    0xee, 0xe6, 0xa, 0xff, 0xff, 0xff, 0xff, 0xff,
    0xf7, 0xa, 0xff, 0xff, 0xff, 0xff, 0xff, 0xf7,

    /* U+013A "ĺ" */
    0x0, 0x2e, 0xff, 0x80, 0x1, 0xef, 0xf7, 0x0,
    0x1d, 0xff, 0x60, 0x0, 0x58, 0x85, 0x0, 0x0,
    0x0, 0x0, 0x0, 0x0, 0x4f, 0xfe, 0x0, 0x0,
    0x4f, 0xfe, 0x0, 0x0, 0x4f, 0xfe, 0x0, 0x0,
    0x4f, 0xfe, 0x0, 0x0, 0x4f, 0xfe, 0x0, 0x0,
    0x4f, 0xfe, 0x0, 0x0, 0x4f, 0xfe, 0x0, 0x0,
    0x4f, 0xfe, 0x0, 0x0, 0x4f, 0xfe, 0x0, 0x0,
    0x4f, 0xfe, 0x0, 0x0, 0x4f, 0xfe, 0x0, 0x0,
    0x4f, 0xfe, 0x0, 0x0, 0x4f, 0xfe, 0x0, 0x0,
    0x4f, 0xfe, 0x0, 0x0, 0x4f, 0xfe, 0x0, 0x0,
    0x4f, 0xfe, 0x0, 0x0, 0x4f, 0xfe, 0x0, 0x0,
    0x4f, 0xfe, 0x0, 0x0, 0x4f, 0xfe, 0x0, 0x0,

    /* U+013B "Ļ" */
    0xaf, 0xf9, 0x0, 0x0, 0x0, 0x0, 0xa, 0xff,
    0x90, 0x0, 0x0, 0x0, 0x0, 0xaf, 0xf9, 0x0,
    0x0, 0x0, 0x0, 0xa, 0xff, 0x90, 0x0, 0x0,
    0x0, 0x0, 0xaf, 0xf9, 0x0, 0x0, 0x0, 0x0,
    0xa, 0xff, 0x90, 0x0, 0x0, 0x0, 0x0, 0xaf,
    0xf9, 0x0, 0x0, 0x0, 0x0, 0xa, 0xff, 0x90,
    0x0, 0x0, 0x0, 0x0, 0xaf, 0xf9, 0x0, 0x0,
    0x0, 0x0, 0xa, 0xff, 0x90, 0x0, 0x0, 0x0,
    0x0, 0xaf, 0xf9, 0x0, 0x0, 0x0, 0x0, 0xa,
    0xff, 0x90, 0x0, 0x0, 0x0, 0x0, 0xaf, 0xf9,
    0x0, 0x0, 0x0, 0x0, 0xa, 0xff, 0x90, 0x0,
    0x0, 0x0, 0x0, 0xaf, 0xf9, 0x0, 0x0, 0x0,
    0x0, 0xa, 0xff, 0x90, 0x0, 0x0, 0x0, 0x0,
    0xaf, 0xff, 0xee, 0xee, 0xee, 0xee, 0x6a, 0xff,
    0xff, 0xff, 0xff, 0xff, 0xf7, 0xaf, 0xff, 0xff,
    0xff, 0xff, 0xff, 0x70, 0x0, 0x0, 0x0, 0x0,
    0x0, 0x0, 0x0, 0x0, 0x8f, 0xf8, 0x0, 0x0,
    0x0, 0x0, 0xe, 0xff, 0x10, 0x0, 0x0, 0x0,
    0x3, 0xff, 0x80, 0x0, 0x0, 0x0, 0x0, 0x8f,
    0xf1, 0x0, 0x0, 0x0,

    /* U+013C "ļ" */
    0x4, 0xff, 0xe0, 0x4, 0xff, 0xe0, 0x4, 0xff,
    0xe0, 0x4, 0xff, 0xe0, 0x4, 0xff, 0xe0, 0x4,
    0xff, 0xe0, 0x4, 0xff, 0xe0, 0x4, 0xff, 0xe0,
    0x4, 0xff, 0xe0, 0x4, 0xff, 0xe0, 0x4, 0xff,
    0xe0, 0x4, 0xff, 0xe0, 0x4, 0xff, 0xe0, 0x4,
    0xff, 0xe0, 0x4, 0xff, 0xe0, 0x4, 0xff, 0xe0,
    0x4, 0xff, 0xe0, 0x4, 0xff, 0xe0, 0x4, 0xff,
    0xe0, 0x0, 0x0, 0x0, 0x3, 0xff, 0xd0, 0x8,
    0xff, 0x50, 0xd, 0xfd, 0x0, 0x3f, 0xf5, 0x0,

    /* U+013D "Ľ" */
    0x0, 0x0, 0x1, 0xff, 0xc0, 0x0, 0x0, 0x0,
    0x0, 0x5f, 0xf7, 0x0, 0x0, 0xaf, 0xf9, 0x9,
    0xff, 0x10, 0x0, 0xa, 0xff, 0x90, 0xdf, 0xb0,
    0x0, 0x0, 0xaf, 0xf9, 0x6, 0x62, 0x0, 0x0,
    0xa, 0xff, 0x90, 0x0, 0x0, 0x0, 0x0, 0xaf,
    0xf9, 0x0, 0x0, 0x0, 0x0, 0xa, 0xff, 0x90,
    0x0, 0x0, 0x0, 0x0, 0xaf, 0xf9, 0x0, 0x0,
    0x0, 0x0, 0xa, 0xff, 0x90, 0x0, 0x0, 0x0,
    0x0, 0xaf, 0xf9, 0x0, 0x0, 0x0, 0x0, 0xa,
    0xff, 0x90, 0x0, 0x0, 0x0, 0x0, 0xaf, 0xf9,
    0x0, 0x0, 0x0, 0x0, 0xa, 0xff, 0x90, 0x0,
    0x0, 0x0, 0x0, 0xaf, 0xf9, 0x0, 0x0, 0x0,
    0x0, 0xa, 0xff, 0x90, 0x0, 0x0, 0x0, 0x0,
    0xaf, 0xf9, 0x0, 0x0, 0x0, 0x0, 0xa, 0xff,
    0x90, 0x0, 0x0, 0x0, 0x0, 0xaf, 0xff, 0xee,
    0xee, 0xee, 0xee, 0x6a, 0xff, 0xff, 0xff, 0xff,
    0xff, 0xf7, 0xaf, 0xff, 0xff, 0xff, 0xff, 0xff,
    0x70,

    /* U+013E "ľ" */
    0x4f, 0xfe, 0x7, 0xff, 0x64, 0xff, 0xe0, 0xcf,
    0xf0, 0x4f, 0xfe, 0xf, 0xfa, 0x4, 0xff, 0xe4,
    0xff, 0x40, 0x4f, 0xfe, 0x36, 0x60, 0x4, 0xff,
    0xe0, 0x0, 0x0, 0x4f, 0xfe, 0x0, 0x0, 0x4,
    0xff, 0xe0, 0x0, 0x0, 0x4f, 0xfe, 0x0, 0x0,
    0x4, 0xff, 0xe0, 0x0, 0x0, 0x4f, 0xfe, 0x0,
    0x0, 0x4, 0xff, 0xe0, 0x0, 0x0, 0x4f, 0xfe,
    0x0, 0x0, 0x4, 0xff, 0xe0, 0x0, 0x0, 0x4f,
    0xfe, 0x0, 0x0, 0x4, 0xff, 0xe0, 0x0, 0x0,
    0x4f, 0xfe, 0x0, 0x0, 0x4, 0xff, 0xe0, 0x0,
    0x0, 0x4f, 0xfe, 0x0, 0x0, 0x0,

    /* U+0141 "Ł" */
    0x0, 0xaf, 0xf9, 0x0, 0x0, 0x0, 0x0, 0x0,
    0xa, 0xff, 0x90, 0x0, 0x0, 0x0, 0x0, 0x0,
    0xaf, 0xf9, 0x0, 0x0, 0x0, 0x0, 0x0, 0xa,
    0xff, 0x90, 0x0, 0x0, 0x0, 0x0, 0x0, 0xaf,
    0xf9, 0x0, 0x0, 0x0, 0x0, 0x0, 0xa, 0xff,
    0x90, 0x1, 0x0, 0x0, 0x0, 0x0, 0xaf, 0xf9,
    0x6d, 0x80, 0x0, 0x0, 0x0, 0xa, 0xff, 0xff,
    0xf8, 0x0, 0x0, 0x0, 0x1, 0xcf, 0xff, 0xfc,
    0x30, 0x0, 0x0, 0x8, 0xff, 0xff, 0xd3, 0x0,
    0x0, 0x0, 0x0, 0xff, 0xff, 0xf9, 0x0, 0x0,
    0x0, 0x0, 0xe, 0x9c, 0xff, 0x90, 0x0, 0x0,
    0x0, 0x0, 0x10, 0xaf, 0xf9, 0x0, 0x0, 0x0,
    0x0, 0x0, 0xa, 0xff, 0x90, 0x0, 0x0, 0x0,
    0x0, 0x0, 0xaf, 0xf9, 0x0, 0x0, 0x0, 0x0,
    0x0, 0xa, 0xff, 0x90, 0x0, 0x0, 0x0, 0x0,
    0x0, 0xaf, 0xff, 0xee, 0xee, 0xee, 0xee, 0x60,
    0xa, 0xff, 0xff, 0xff, 0xff, 0xff, 0xf7, 0x0,
    0xaf, 0xff, 0xff, 0xff, 0xff, 0xff, 0x70,

    /* U+0142 "ł" */
    0x0, 0x9f, 0xf8, 0x0, 0x0, 0x9f, 0xf8, 0x0,
    0x0, 0x9f, 0xf8, 0x0, 0x0, 0x9f, 0xf8, 0x0,
    0x0, 0x9f, 0xf8, 0x0, 0x0, 0x9f, 0xf8, 0x0,
    0x0, 0x9f, 0xf8, 0x14, 0x0, 0x9f, 0xfd, 0xfa,
    0x0, 0x9f, 0xff, 0xf9, 0x29, 0xff, 0xfe, 0x60,
    0xbf, 0xff, 0xf8, 0x0, 0xbd, 0xcf, 0xf8, 0x0,
    0x30, 0x9f, 0xf8, 0x0, 0x0, 0x9f, 0xf8, 0x0,
    0x0, 0x9f, 0xf8, 0x0, 0x0, 0x9f, 0xf8, 0x0,
    0x0, 0x9f, 0xf8, 0x0, 0x0, 0x9f, 0xf8, 0x0,
    0x0, 0x9f, 0xf8, 0x0,

    /* U+0143 "Ń" */
    0x0, 0x0, 0x0, 0x0, 0x9, 0xff, 0xd1, 0x0,
    0x0, 0x0, 0x0, 0x0, 0x0, 0x6f, 0xfe, 0x20,
    0x0, 0x0, 0x0, 0x0, 0x0, 0x4, 0xff, 0xf3,
    0x0, 0x0, 0x0, 0x0, 0x0, 0x0, 0x2e, 0xff,
    0x40, 0x0, 0x0, 0x0, 0x0, 0x0, 0x0, 0x0,
    0x0, 0x0, 0x0, 0x0, 0x0, 0xaf, 0xfe, 0x20,
    0x0, 0x0, 0x0, 0x0, 0xef, 0xf5, 0xaf, 0xff,
    0xc0, 0x0, 0x0, 0x0, 0x0, 0xef, 0xf5, 0xaf,
    0xff, 0xf9, 0x0, 0x0, 0x0, 0x0, 0xef, 0xf5,
    0xaf, 0xff, 0xff, 0x50, 0x0, 0x0, 0x0, 0xef,
    0xf5, 0xaf, 0xff, 0xff, 0xf2, 0x0, 0x0, 0x0,
    0xef, 0xf5, 0xaf, 0xfb, 0xff, 0xfd, 0x0, 0x0,
    0x0, 0xef, 0xf5, 0xaf, 0xf9, 0x5f, 0xff, 0x90,
    0x0, 0x0, 0xef, 0xf5, 0xaf, 0xf9, 0x9, 0xff,
    0xf5, 0x0, 0x0, 0xef, 0xf5, 0xaf, 0xf9, 0x0,
    0xdf, 0xff, 0x20, 0x0, 0xef, 0xf5, 0xaf, 0xf9,
    0x0, 0x2f, 0xff, 0xd0, 0x0, 0xef, 0xf5, 0xaf,
    0xf9, 0x0, 0x5, 0xff, 0xfa, 0x0, 0xef, 0xf5,
    0xaf, 0xf9, 0x0, 0x0, 0x9f, 0xff, 0x60, 0xef,
    0xf5, 0xaf, 0xf9, 0x0, 0x0, 0xc, 0xff, 0xf3,
    0xef, 0xf5, 0xaf, 0xf9, 0x0, 0x0, 0x2, 0xef,
    0xfd, 0xef, 0xf5, 0xaf, 0xf9, 0x0, 0x0, 0x0,
    0x5f, 0xff, 0xff, 0xf5, 0xaf, 0xf9, 0x0, 0x0,
    0x0, 0x8, 0xff, 0xff, 0xf5, 0xaf, 0xf9, 0x0,
    0x0, 0x0, 0x0, 0xcf, 0xff, 0xf5, 0xaf, 0xf9,
    0x0, 0x0, 0x0, 0x0, 0x1e, 0xff, 0xf5, 0xaf,
    0xf9, 0x0, 0x0, 0x0, 0x0, 0x4, 0xff, 0xf5,

    /* U+0144 "ń" */
    0x0, 0x0, 0x0, 0x8, 0xff, 0xe2, 0x0, 0x0,
    0x0, 0x0, 0x7f, 0xfe, 0x20, 0x0, 0x0, 0x0,
    0x5, 0xff, 0xe2, 0x0, 0x0, 0x0, 0x0, 0x19,
    0x99, 0x20, 0x0, 0x0, 0x0, 0x0, 0x0, 0x0,
    0x0, 0x0, 0x0, 0x4f, 0xfb, 0x5, 0xcf, 0xfd,
    0x70, 0x0, 0x4f, 0xfc, 0x9f, 0xff, 0xff, 0xfd,
    0x0, 0x4f, 0xff, 0xff, 0xfe, 0xff, 0xff, 0x90,
    0x4f, 0xff, 0xf4, 0x0, 0x2d, 0xff, 0xf0, 0x4f,
    0xff, 0x60, 0x0, 0x3, 0xff, 0xf3, 0x4f, 0xff,
    0x0, 0x0, 0x0, 0xef, 0xf4, 0x4f, 0xfe, 0x0,
    0x0, 0x0, 0xcf, 0xf5, 0x4f, 0xfe, 0x0, 0x0,
    0x0, 0xcf, 0xf5, 0x4f, 0xfe, 0x0, 0x0, 0x0,
    0xcf, 0xf5, 0x4f, 0xfe, 0x0, 0x0, 0x0, 0xcf,
    0xf5, 0x4f, 0xfe, 0x0, 0x0, 0x0, 0xcf, 0xf5,
    0x4f, 0xfe, 0x0, 0x0, 0x0, 0xcf, 0xf5, 0x4f,
    0xfe, 0x0, 0x0, 0x0, 0xcf, 0xf5, 0x4f, 0xfe,
    0x0, 0x0, 0x0, 0xcf, 0xf5,

    /* U+0145 "Ņ" */
    0xaf, 0xfe, 0x20, 0x0, 0x0, 0x0, 0x0, 0xef,
    0xf5, 0xaf, 0xff, 0xc0, 0x0, 0x0, 0x0, 0x0,
    0xef, 0xf5, 0xaf, 0xff, 0xf9, 0x0, 0x0, 0x0,
    0x0, 0xef, 0xf5, 0xaf, 0xff, 0xff, 0x50, 0x0,
    0x0, 0x0, 0xef, 0xf5, 0xaf, 0xff, 0xff, 0xf2,
    0x0, 0x0, 0x0, 0xef, 0xf5, 0xaf, 0xfb, 0xff,
    0xfd, 0x0, 0x0, 0x0, 0xef, 0xf5, 0xaf, 0xf9,
    0x5f, 0xff, 0x90, 0x0, 0x0, 0xef, 0xf5, 0xaf,
    0xf9, 0x9, 0xff, 0xf5, 0x0, 0x0, 0xef, 0xf5,
    0xaf, 0xf9, 0x0, 0xdf, 0xff, 0x20, 0x0, 0xef,
    0xf5, 0xaf, 0xf9, 0x0, 0x2f, 0xff, 0xd0, 0x0,
    0xef, 0xf5, 0xaf, 0xf9, 0x0, 0x5, 0xff, 0xfa,
    0x0, 0xef, 0xf5, 0xaf, 0xf9, 0x0, 0x0, 0x9f,
    0xff, 0x60, 0xef, 0xf5, 0xaf, 0xf9, 0x0, 0x0,
    0xc, 0xff, 0xf3, 0xef, 0xf5, 0xaf, 0xf9, 0x0,
    0x0, 0x2, 0xef, 0xfd, 0xef, 0xf5, 0xaf, 0xf9,
    0x0, 0x0, 0x0, 0x5f, 0xff, 0xff, 0xf5, 0xaf,
    0xf9, 0x0, 0x0, 0x0, 0x8, 0xff, 0xff, 0xf5,
    0xaf, 0xf9, 0x0, 0x0, 0x0, 0x0, 0xcf, 0xff,
    0xf5, 0xaf, 0xf9, 0x0, 0x0, 0x0, 0x0, 0x1e,
    0xff, 0xf5, 0xaf, 0xf9, 0x0, 0x0, 0x0, 0x0,
    0x4, 0xff, 0xf5, 0x0, 0x0, 0x0, 0x0, 0x0,
    0x0, 0x0, 0x0, 0x0, 0x0, 0x0, 0x0, 0xb,
    0xff, 0x50, 0x0, 0x0, 0x0, 0x0, 0x0, 0x0,
    0xf, 0xfd, 0x0, 0x0, 0x0, 0x0, 0x0, 0x0,
    0x0, 0x5f, 0xf6, 0x0, 0x0, 0x0, 0x0, 0x0,
    0x0, 0x0, 0xaf, 0xd0, 0x0, 0x0, 0x0, 0x0,

    /* U+0146 "ņ" */
    0x4f, 0xfb, 0x5, 0xcf, 0xfd, 0x70, 0x0, 0x4f,
    0xfc, 0x9f, 0xff, 0xff, 0xfd, 0x0, 0x4f, 0xff,
    0xff, 0xfe, 0xff, 0xff, 0x90, 0x4f, 0xff, 0xf4,
    0x0, 0x2d, 0xff, 0xf0, 0x4f, 0xff, 0x60, 0x0,
    0x3, 0xff, 0xf3, 0x4f, 0xff, 0x0, 0x0, 0x0,
    0xef, 0xf4, 0x4f, 0xfe, 0x0, 0x0, 0x0, 0xcf,
    0xf5, 0x4f, 0xfe, 0x0, 0x0, 0x0, 0xcf, 0xf5,
    0x4f, 0xfe, 0x0, 0x0, 0x0, 0xcf, 0xf5, 0x4f,
    0xfe, 0x0, 0x0, 0x0, 0xcf, 0xf5, 0x4f, 0xfe,
    0x0, 0x0, 0x0, 0xcf, 0xf5, 0x4f, 0xfe, 0x0,
    0x0, 0x0, 0xcf, 0xf5, 0x4f, 0xfe, 0x0, 0x0,
    0x0, 0xcf, 0xf5, 0x4f, 0xfe, 0x0, 0x0, 0x0,
    0xcf, 0xf5, 0x0, 0x0, 0x0, 0x0, 0x0, 0x0,
    0x0, 0x0, 0x0, 0xb, 0xff, 0x50, 0x0, 0x0,
    0x0, 0x0, 0xf, 0xfd, 0x0, 0x0, 0x0, 0x0,
    0x0, 0x5f, 0xf6, 0x0, 0x0, 0x0, 0x0, 0x0,
    0xaf, 0xd0, 0x0, 0x0, 0x0,

    /* U+0147 "Ň" */
    0x0, 0x2, 0xef, 0xe2, 0x0, 0xaf, 0xf6, 0x0,
    0x0, 0x0, 0x0, 0x3f, 0xfd, 0x19, 0xff, 0x80,
    0x0, 0x0, 0x0, 0x0, 0x5, 0xff, 0xef, 0xfa,
    0x0, 0x0, 0x0, 0x0, 0x0, 0x0, 0x7f, 0xff,
    0xc0, 0x0, 0x0, 0x0, 0x0, 0x0, 0x0, 0x0,
    0x0, 0x0, 0x0, 0x0, 0x0, 0xaf, 0xfe, 0x20,
    0x0, 0x0, 0x0, 0x0, 0xef, 0xf5, 0xaf, 0xff,
    0xc0, 0x0, 0x0, 0x0, 0x0, 0xef, 0xf5, 0xaf,
    0xff, 0xf9, 0x0, 0x0, 0x0, 0x0, 0xef, 0xf5,
    0xaf, 0xff, 0xff, 0x50, 0x0, 0x0, 0x0, 0xef,
    0xf5, 0xaf, 0xff, 0xff, 0xf2, 0x0, 0x0, 0x0,
    0xef, 0xf5, 0xaf, 0xfb, 0xff, 0xfd, 0x0, 0x0,
    0x0, 0xef, 0xf5, 0xaf, 0xf9, 0x5f, 0xff, 0x90,
    0x0, 0x0, 0xef, 0xf5, 0xaf, 0xf9, 0x9, 0xff,
    0xf5, 0x0, 0x0, 0xef, 0xf5, 0xaf, 0xf9, 0x0,
    0xdf, 0xff, 0x20, 0x0, 0xef, 0xf5, 0xaf, 0xf9,
    0x0, 0x2f, 0xff, 0xd0, 0x0, 0xef, 0xf5, 0xaf,
    0xf9, 0x0, 0x5, 0xff, 0xfa, 0x0, 0xef, 0xf5,
    0xaf, 0xf9, 0x0, 0x0, 0x9f, 0xff, 0x60, 0xef,
    0xf5, 0xaf, 0xf9, 0x0, 0x0, 0xc, 0xff, 0xf3,
    0xef, 0xf5, 0xaf, 0xf9, 0x0, 0x0, 0x2, 0xef,
    0xfd, 0xef, 0xf5, 0xaf, 0xf9, 0x0, 0x0, 0x0,
    0x5f, 0xff, 0xff, 0xf5, 0xaf, 0xf9, 0x0, 0x0,
    0x0, 0x8, 0xff, 0xff, 0xf5, 0xaf, 0xf9, 0x0,
    0x0, 0x0, 0x0, 0xcf, 0xff, 0xf5, 0xaf, 0xf9,
    0x0, 0x0, 0x0, 0x0, 0x1e, 0xff, 0xf5, 0xaf,
    0xf9, 0x0, 0x0, 0x0, 0x0, 0x4, 0xff, 0xf5,

    /* U+0148 "ň" */
    0x1, 0xdf, 0xf3, 0x0, 0xaf, 0xf6, 0x0, 0x0,
    0x1d, 0xff, 0x4a, 0xff, 0x70, 0x0, 0x0, 0x1,
    0xef, 0xff, 0xf8, 0x0, 0x0, 0x0, 0x0, 0x29,
    0x99, 0x70, 0x0, 0x0, 0x0, 0x0, 0x0, 0x0,
    0x0, 0x0, 0x0, 0x4f, 0xfb, 0x5, 0xcf, 0xfd,
    0x70, 0x0, 0x4f, 0xfc, 0x9f, 0xff, 0xff, 0xfd,
    0x0, 0x4f, 0xff, 0xff, 0xfe, 0xff, 0xff, 0x90,
    0x4f, 0xff, 0xf4, 0x0, 0x2d, 0xff, 0xf0, 0x4f,
    0xff, 0x60, 0x0, 0x3, 0xff, 0xf3, 0x4f, 0xff,
    0x0, 0x0, 0x0, 0xef, 0xf4, 0x4f, 0xfe, 0x0,
    0x0, 0x0, 0xcf, 0xf5, 0x4f, 0xfe, 0x0, 0x0,
    0x0, 0xcf, 0xf5, 0x4f, 0xfe, 0x0, 0x0, 0x0,
    0xcf, 0xf5, 0x4f, 0xfe, 0x0, 0x0, 0x0, 0xcf,
    0xf5, 0x4f, 0xfe, 0x0, 0x0, 0x0, 0xcf, 0xf5,
    0x4f, 0xfe, 0x0, 0x0, 0x0, 0xcf, 0xf5, 0x4f,
    0xfe, 0x0, 0x0, 0x0, 0xcf, 0xf5, 0x4f, 0xfe,
    0x0, 0x0, 0x0, 0xcf, 0xf5,

    /* U+014A "Ŋ" */
    0xaf, 0xfe, 0x20, 0x0, 0x0, 0x0, 0x0, 0xef,
    0xf5, 0xaf, 0xff, 0xc0, 0x0, 0x0, 0x0, 0x0,
    0xef, 0xf5, 0xaf, 0xff, 0xf9, 0x0, 0x0, 0x0,
    0x0, 0xef, 0xf5, 0xaf, 0xff, 0xff, 0x50, 0x0,
    0x0, 0x0, 0xef, 0xf5, 0xaf, 0xff, 0xff, 0xf2,
    0x0, 0x0, 0x0, 0xef, 0xf5, 0xaf, 0xfb, 0xff,
    0xfd, 0x0, 0x0, 0x0, 0xef, 0xf5, 0xaf, 0xf9,
    0x5f, 0xff, 0x90, 0x0, 0x0, 0xef, 0xf5, 0xaf,
    0xf9, 0x9, 0xff, 0xf5, 0x0, 0x0, 0xef, 0xf5,
    0xaf, 0xf9, 0x0, 0xdf, 0xff, 0x20, 0x0, 0xef,
    0xf5, 0xaf, 0xf9, 0x0, 0x2f, 0xff, 0xd0, 0x0,
    0xef, 0xf5, 0xaf, 0xf9, 0x0, 0x5, 0xff, 0xfa,
    0x0, 0xef, 0xf5, 0xaf, 0xf9, 0x0, 0x0, 0x9f,
    0xff, 0x60, 0xef, 0xf5, 0xaf, 0xf9, 0x0, 0x0,
    0xc, 0xff, 0xf3, 0xef, 0xf5, 0xaf, 0xf9, 0x0,
    0x0, 0x2, 0xef, 0xfd, 0xef, 0xf5, 0xaf, 0xf9,
    0x0, 0x0, 0x0, 0x5f, 0xff, 0xff, 0xf5, 0xaf,
    0xf9, 0x0, 0x0, 0x0, 0x8, 0xff, 0xff, 0xf5,
    0xaf, 0xf9, 0x0, 0x0, 0x0, 0x0, 0xcf, 0xff,
    0xf5, 0xaf, 0xf9, 0x0, 0x0, 0x0, 0x0, 0x1e,
    0xff, 0xf5, 0xaf, 0xf9, 0x0, 0x0, 0x0, 0x0,
    0x4, 0xff, 0xf5, 0x0, 0x0, 0x0, 0x0, 0x0,
    0x0, 0x0, 0xdf, 0xf5, 0x0, 0x0, 0x0, 0x0,
    0x0, 0x1, 0x1, 0xff, 0xf4, 0x0, 0x0, 0x0,
    0x0, 0x0, 0x6f, 0xdf, 0xff, 0xf0, 0x0, 0x0,
    0x0, 0x0, 0x0, 0xdf, 0xff, 0xff, 0x60, 0x0,
    0x0, 0x0, 0x0, 0x1, 0x8d, 0xff, 0xb4, 0x0,

    /* U+014B "ŋ" */
    0x4f, 0xfb, 0x5, 0xcf, 0xfd, 0x80, 0x0, 0x4f,
    0xfc, 0x9f, 0xff, 0xff, 0xfd, 0x10, 0x4f, 0xff,
    0xff, 0xfe, 0xff, 0xff, 0xa0, 0x4f, 0xff, 0xf4,
    0x0, 0x2c, 0xff, 0xf0, 0x4f, 0xff, 0x60, 0x0,
    0x2, 0xff, 0xf3, 0x4f, 0xff, 0x0, 0x0, 0x0,
    0xef, 0xf5, 0x4f, 0xfe, 0x0, 0x0, 0x0, 0xcf,
    0xf5, 0x4f, 0xfe, 0x0, 0x0, 0x0, 0xcf, 0xf5,
    0x4f, 0xfe, 0x0, 0x0, 0x0, 0xcf, 0xf5, 0x4f,
    0xfe, 0x0, 0x0, 0x0, 0xcf, 0xf5, 0x4f, 0xfe,
    0x0, 0x0, 0x0, 0xcf, 0xf5, 0x4f, 0xfe, 0x0,
    0x0, 0x0, 0xcf, 0xf5, 0x4f, 0xfe, 0x0, 0x0,
    0x0, 0xcf, 0xf5, 0x4f, 0xfe, 0x0, 0x0, 0x0,
    0xcf, 0xf5, 0x0, 0x0, 0x0, 0x0, 0x0, 0xcf,
    0xf5, 0x0, 0x0, 0x0, 0x1, 0x2, 0xff, 0xf4,
    0x0, 0x0, 0x0, 0x5f, 0xef, 0xff, 0xf0, 0x0,
    0x0, 0x0, 0xdf, 0xff, 0xff, 0x70, 0x0, 0x0,
    0x0, 0x7d, 0xff, 0xc5, 0x0,

    /* U+014C "Ō" */
    0x0, 0x0, 0x4a, 0xaa, 0xaa, 0xaa, 0xaa, 0xa3,
    0x0, 0x0, 0x0, 0x0, 0x6f, 0xff, 0xff, 0xff,
    0xff, 0xf5, 0x0, 0x0, 0x0, 0x0, 0x6f, 0xff,
    0xff, 0xff, 0xff, 0xf5, 0x0, 0x0, 0x0, 0x0,
    0x0, 0x0, 0x0, 0x0, 0x0, 0x0, 0x0, 0x0,
    0x0, 0x0, 0x0, 0x0, 0x0, 0x0, 0x0, 0x0,
    0x0, 0x0, 0x0, 0x0, 0x1, 0x7b, 0xef, 0xfe,
    0xb7, 0x10, 0x0, 0x0, 0x0, 0x0, 0x8f, 0xff,
    0xff, 0xff, 0xff, 0xf7, 0x0, 0x0, 0x0, 0x1c,
    0xff, 0xff, 0xff, 0xff, 0xff, 0xff, 0xb1, 0x0,
    0x0, 0xcf, 0xff, 0xd6, 0x10, 0x1, 0x6d, 0xff,
    0xfb, 0x0, 0x9, 0xff, 0xf9, 0x0, 0x0, 0x0,
    0x0, 0xaf, 0xff, 0x70, 0x1f, 0xff, 0xa0, 0x0,
    0x0, 0x0, 0x0, 0xc, 0xff, 0xf1, 0x7f, 0xff,
    0x10, 0x0, 0x0, 0x0, 0x0, 0x2, 0xff, 0xf6,
    0xbf, 0xfb, 0x0, 0x0, 0x0, 0x0, 0x0, 0x0,
    0xcf, 0xfa, 0xdf, 0xf8, 0x0, 0x0, 0x0, 0x0,
    0x0, 0x0, 0x9f, 0xfc, 0xef, 0xf6, 0x0, 0x0,
    0x0, 0x0, 0x0, 0x0, 0x8f, 0xfd, 0xdf, 0xf8,
    0x0, 0x0, 0x0, 0x0, 0x0, 0x0, 0x9f, 0xfc,
    0xbf, 0xfb, 0x0, 0x0, 0x0, 0x0, 0x0, 0x0,
    0xcf, 0xfa, 0x7f, 0xff, 0x10, 0x0, 0x0, 0x0,
    0x0, 0x2, 0xff, 0xf6, 0x1f, 0xff, 0xb0, 0x0,
    0x0, 0x0, 0x0, 0xb, 0xff, 0xf1, 0x9, 0xff,
    0xf9, 0x0, 0x0, 0x0, 0x0, 0xaf, 0xff, 0x70,
    0x0, 0xcf, 0xff, 0xd6, 0x10, 0x1, 0x6d, 0xff,
    0xfb, 0x0, 0x0, 0x1c, 0xff, 0xff, 0xff, 0xff,
    0xff, 0xff, 0xc1, 0x0, 0x0, 0x0, 0x8f, 0xff,
    0xff, 0xff, 0xff, 0xf7, 0x0, 0x0, 0x0, 0x0,
    0x1, 0x7b, 0xef, 0xfe, 0xb7, 0x10, 0x0, 0x0,

    /* U+014D "ō" */
    0x0, 0x4, 0xaa, 0xaa, 0xaa, 0xaa, 0x50, 0x0,
    0x0, 0x6, 0xff, 0xff, 0xff, 0xff, 0x80, 0x0,
    0x0, 0x6, 0xff, 0xff, 0xff, 0xff, 0x80, 0x0,
    0x0, 0x0, 0x0, 0x0, 0x0, 0x0, 0x0, 0x0,
    0x0, 0x0, 0x0, 0x0, 0x0, 0x0, 0x0, 0x0,
    0x0, 0x0, 0x28, 0xce, 0xfd, 0x93, 0x0, 0x0,
    0x0, 0x6, 0xff, 0xff, 0xff, 0xff, 0x90, 0x0,
    0x0, 0x7f, 0xff, 0xfe, 0xdf, 0xff, 0xfb, 0x0,
    0x2, 0xff, 0xfc, 0x20, 0x1, 0x9f, 0xff, 0x60,
    0x9, 0xff, 0xd0, 0x0, 0x0, 0xa, 0xff, 0xd0,
    0xd, 0xff, 0x60, 0x0, 0x0, 0x2, 0xff, 0xf1,
    0xf, 0xff, 0x20, 0x0, 0x0, 0x0, 0xef, 0xf3,
    0xf, 0xff, 0x20, 0x0, 0x0, 0x0, 0xef, 0xf3,
    0xd, 0xff, 0x60, 0x0, 0x0, 0x1, 0xff, 0xf1,
    0x9, 0xff, 0xd0, 0x0, 0x0, 0x9, 0xff, 0xd0,
    0x2, 0xff, 0xfc, 0x20, 0x0, 0x9f, 0xff, 0x60,
    0x0, 0x7f, 0xff, 0xfe, 0xdf, 0xff, 0xfb, 0x0,
    0x0, 0x6, 0xff, 0xff, 0xff, 0xff, 0xa0, 0x0,
    0x0, 0x0, 0x28, 0xce, 0xfd, 0xa3, 0x0, 0x0,

    /* U+0150 "Ő" */
    0x0, 0x0, 0x0, 0x1, 0xab, 0xb3, 0x5, 0xbb,
    0x90, 0x0, 0x0, 0x0, 0x0, 0xa, 0xff, 0xa0,
    0x3f, 0xff, 0x30, 0x0, 0x0, 0x0, 0x0, 0x6f,
    0xfc, 0x0, 0xdf, 0xf5, 0x0, 0x0, 0x0, 0x0,
    0x3, 0xff, 0xd1, 0xa, 0xff, 0x70, 0x0, 0x0,
    0x0, 0x0, 0x0, 0x0, 0x0, 0x0, 0x0, 0x0,
    0x0, 0x0, 0x0, 0x0, 0x0, 0x0, 0x0, 0x0,
    0x0, 0x0, 0x0, 0x0, 0x0, 0x0, 0x1, 0x7b,
    0xef, 0xfe, 0xb7, 0x10, 0x0, 0x0, 0x0, 0x0,
    0x8f, 0xff, 0xff, 0xff, 0xff, 0xf7, 0x0, 0x0,
    0x0, 0x1c, 0xff, 0xff, 0xff, 0xff, 0xff, 0xff,
    0xb1, 0x0, 0x0, 0xcf, 0xff, 0xd6, 0x10, 0x1,
    0x6d, 0xff, 0xfb, 0x0, 0x9, 0xff, 0xf9, 0x0,
    0x0, 0x0, 0x0, 0xaf, 0xff, 0x70, 0x1f, 0xff,
    0xa0, 0x0, 0x0, 0x0, 0x0, 0xc, 0xff, 0xf1,
    0x7f, 0xff, 0x10, 0x0, 0x0, 0x0, 0x0, 0x2,
    0xff, 0xf6, 0xbf, 0xfb, 0x0, 0x0, 0x0, 0x0,
    0x0, 0x0, 0xcf, 0xfa, 0xdf, 0xf8, 0x0, 0x0,
    0x0, 0x0, 0x0, 0x0, 0x9f, 0xfc, 0xef, 0xf6,
    0x0, 0x0, 0x0, 0x0, 0x0, 0x0, 0x8f, 0xfd,
    0xdf, 0xf8, 0x0, 0x0, 0x0, 0x0, 0x0, 0x0,
    0x9f, 0xfc, 0xbf, 0xfb, 0x0, 0x0, 0x0, 0x0,
    0x0, 0x0, 0xcf, 0xfa, 0x7f, 0xff, 0x10, 0x0,
    0x0, 0x0, 0x0, 0x2, 0xff, 0xf6, 0x1f, 0xff,
    0xb0, 0x0, 0x0, 0x0, 0x0, 0xb, 0xff, 0xf1,
    0x9, 0xff, 0xf9, 0x0, 0x0, 0x0, 0x0, 0xaf,
    0xff, 0x70, 0x0, 0xcf, 0xff, 0xd6, 0x10, 0x1,
    0x6d, 0xff, 0xfb, 0x0, 0x0, 0x1c, 0xff, 0xff,
    0xff, 0xff, 0xff, 0xff, 0xc1, 0x0, 0x0, 0x0,
    0x8f, 0xff, 0xff, 0xff, 0xff, 0xf7, 0x0, 0x0,
    0x0, 0x0, 0x1, 0x7b, 0xef, 0xfe, 0xb7, 0x10,
    0x0, 0x0,

    /* U+0151 "ő" */
    0x0, 0x0, 0x2, 0xff, 0xf5, 0x8, 0xff, 0xd0,
    0x0, 0x0, 0xc, 0xff, 0x70, 0x4f, 0xfe, 0x10,
    0x0, 0x0, 0x8f, 0xf9, 0x1, 0xef, 0xf3, 0x0,
    0x0, 0x1, 0xab, 0x90, 0x7, 0xbb, 0x40, 0x0,
    0x0, 0x0, 0x0, 0x0, 0x0, 0x0, 0x0, 0x0,
    0x0, 0x0, 0x28, 0xce, 0xfd, 0x93, 0x0, 0x0,
    0x0, 0x6, 0xff, 0xff, 0xff, 0xff, 0x90, 0x0,
    0x0, 0x7f, 0xff, 0xfe, 0xdf, 0xff, 0xfb, 0x0,
    0x2, 0xff, 0xfc, 0x20, 0x1, 0x9f, 0xff, 0x60,
    0x9, 0xff, 0xd0, 0x0, 0x0, 0xa, 0xff, 0xd0,
    0xd, 0xff, 0x60, 0x0, 0x0, 0x2, 0xff, 0xf1,
    0xf, 0xff, 0x20, 0x0, 0x0, 0x0, 0xef, 0xf3,
    0xf, 0xff, 0x20, 0x0, 0x0, 0x0, 0xef, 0xf3,
    0xd, 0xff, 0x60, 0x0, 0x0, 0x1, 0xff, 0xf1,
    0x9, 0xff, 0xd0, 0x0, 0x0, 0x9, 0xff, 0xd0,
    0x2, 0xff, 0xfc, 0x20, 0x0, 0x9f, 0xff, 0x60,
    0x0, 0x7f, 0xff, 0xfe, 0xdf, 0xff, 0xfb, 0x0,
    0x0, 0x6, 0xff, 0xff, 0xff, 0xff, 0xa0, 0x0,
    0x0, 0x0, 0x28, 0xce, 0xfd, 0xa3, 0x0, 0x0,

    /* U+0152 "Œ" */
    0x0, 0x0, 0x1, 0x7b, 0xef, 0xfd, 0xa5, 0x0,
    0xdf, 0xff, 0xff, 0xff, 0xff, 0xff, 0x40, 0x0,
    0x8, 0xff, 0xff, 0xff, 0xff, 0xfd, 0x3d, 0xff,
    0xff, 0xff, 0xff, 0xff, 0xf4, 0x0, 0x1c, 0xff,
    0xff, 0xff, 0xff, 0xff, 0xff, 0xff, 0xff, 0xee,
    0xee, 0xee, 0xee, 0x30, 0xc, 0xff, 0xfd, 0x72,
    0x0, 0x27, 0xef, 0xff, 0xff, 0x70, 0x0, 0x0,
    0x0, 0x0, 0x8, 0xff, 0xfa, 0x0, 0x0, 0x0,
    0x1, 0xcf, 0xff, 0xf7, 0x0, 0x0, 0x0, 0x0,
    0x1, 0xff, 0xfc, 0x0, 0x0, 0x0, 0x0, 0x1,
    0xef, 0xff, 0x70, 0x0, 0x0, 0x0, 0x0, 0x7f,
    0xff, 0x20, 0x0, 0x0, 0x0, 0x0, 0x6, 0xff,
    0xf7, 0x0, 0x0, 0x0, 0x0, 0xb, 0xff, 0xc0,
    0x0, 0x0, 0x0, 0x0, 0x0, 0x1f, 0xff, 0xed,
    0xdd, 0xdd, 0xdd, 0x20, 0xdf, 0xf9, 0x0, 0x0,
    0x0, 0x0, 0x0, 0x0, 0xef, 0xff, 0xff, 0xff,
    0xff, 0xf3, 0xe, 0xff, 0x80, 0x0, 0x0, 0x0,
    0x0, 0x0, 0xd, 0xff, 0xff, 0xff, 0xff, 0xff,
    0x30, 0xdf, 0xf9, 0x0, 0x0, 0x0, 0x0, 0x0,
    0x0, 0xef, 0xf7, 0x0, 0x0, 0x0, 0x0, 0xb,
    0xff, 0xc0, 0x0, 0x0, 0x0, 0x0, 0x0, 0xf,
    0xff, 0x70, 0x0, 0x0, 0x0, 0x0, 0x7f, 0xff,
    0x20, 0x0, 0x0, 0x0, 0x0, 0x5, 0xff, 0xf7,
    0x0, 0x0, 0x0, 0x0, 0x1, 0xff, 0xfc, 0x0,
    0x0, 0x0, 0x0, 0x0, 0xdf, 0xff, 0x70, 0x0,
    0x0, 0x0, 0x0, 0x9, 0xff, 0xfa, 0x0, 0x0,
    0x0, 0x0, 0xbf, 0xff, 0xf7, 0x0, 0x0, 0x0,
    0x0, 0x0, 0xc, 0xff, 0xfd, 0x61, 0x0, 0x16,
    0xdf, 0xff, 0xff, 0x70, 0x0, 0x0, 0x0, 0x0,
    0x0, 0x1c, 0xff, 0xff, 0xff, 0xff, 0xff, 0xff,
    0xff, 0xff, 0xee, 0xee, 0xee, 0xee, 0x40, 0x0,
    0x8, 0xff, 0xff, 0xff, 0xff, 0xfd, 0x3d, 0xff,
    0xff, 0xff, 0xff, 0xff, 0xf5, 0x0, 0x0, 0x1,
    0x7b, 0xef, 0xfd, 0xa5, 0x0, 0xdf, 0xff, 0xff,
    0xff, 0xff, 0xff, 0x50,

    /* U+0153 "œ" */
    0x0, 0x0, 0x28, 0xce, 0xfd, 0x93, 0x0, 0x0,
    0x6, 0xce, 0xfd, 0xa3, 0x0, 0x0, 0x0, 0x6,
    0xff, 0xff, 0xff, 0xff, 0x90, 0x3, 0xdf, 0xff,
    0xff, 0xff, 0x90, 0x0, 0x0, 0x7f, 0xff, 0xfe,
    0xdf, 0xff, 0xfb, 0x2f, 0xff, 0xff, 0xdf, 0xff,
    0xf8, 0x0, 0x2, 0xff, 0xfc, 0x20, 0x1, 0x9f,
    0xff, 0xff, 0xfb, 0x30, 0x0, 0x6f, 0xff, 0x30,
    0x9, 0xff, 0xd0, 0x0, 0x0, 0xa, 0xff, 0xff,
    0xe0, 0x0, 0x0, 0x8, 0xff, 0x90, 0xd, 0xff,
    0x60, 0x0, 0x0, 0x2, 0xff, 0xff, 0xff, 0xff,
    0xff, 0xff, 0xff, 0xe0, 0xf, 0xff, 0x20, 0x0,
    0x0, 0x0, 0xef, 0xff, 0xff, 0xff, 0xff, 0xff,
    0xff, 0xf0, 0xf, 0xff, 0x20, 0x0, 0x0, 0x0,
    0xef, 0xff, 0xb5, 0x55, 0x55, 0x55, 0x55, 0x50,
    0xd, 0xff, 0x60, 0x0, 0x0, 0x1, 0xff, 0xff,
    0xc0, 0x0, 0x0, 0x0, 0x0, 0x0, 0x9, 0xff,
    0xd0, 0x0, 0x0, 0x9, 0xff, 0xff, 0xf4, 0x0,
    0x0, 0x3, 0xa3, 0x0, 0x2, 0xff, 0xfc, 0x20,
    0x0, 0x9f, 0xff, 0xff, 0xff, 0x50, 0x0, 0x5e,
    0xff, 0x80, 0x0, 0x7f, 0xff, 0xfe, 0xdf, 0xff,
    0xfb, 0x3f, 0xff, 0xff, 0xde, 0xff, 0xfe, 0x10,
    0x0, 0x6, 0xff, 0xff, 0xff, 0xff, 0xa0, 0x3,
    0xef, 0xff, 0xff, 0xff, 0xc1, 0x0, 0x0, 0x0,
    0x28, 0xce, 0xfd, 0xa3, 0x0, 0x0, 0x17, 0xce,
    0xfd, 0xb5, 0x0, 0x0,

    /* U+0154 "Ŕ" */
    0x0, 0x0, 0x0, 0x3f, 0xff, 0x60, 0x0, 0x0,
    0x0, 0x0, 0x3f, 0xff, 0x50, 0x0, 0x0, 0x0,
    0x0, 0x2e, 0xff, 0x50, 0x0, 0x0, 0x0, 0x0,
    0x6, 0x88, 0x40, 0x0, 0x0, 0x0, 0x0, 0x0,
    0x0, 0x0, 0x0, 0x0, 0x0, 0xa, 0xff, 0xff,
    0xff, 0xfd, 0xa5, 0x0, 0x0, 0xaf, 0xff, 0xff,
    0xff, 0xff, 0xfc, 0x10, 0xa, 0xff, 0xfe, 0xee,
    0xff, 0xff, 0xfd, 0x0, 0xaf, 0xf9, 0x0, 0x0,
    0x2a, 0xff, 0xf8, 0xa, 0xff, 0x90, 0x0, 0x0,
    0xa, 0xff, 0xe0, 0xaf, 0xf9, 0x0, 0x0, 0x0,
    0x5f, 0xff, 0xa, 0xff, 0x90, 0x0, 0x0, 0x6,
    0xff, 0xf0, 0xaf, 0xf9, 0x0, 0x0, 0x0, 0xcf,
    0xfd, 0xa, 0xff, 0x90, 0x0, 0x3, 0xbf, 0xff,
    0x60, 0xaf, 0xff, 0xff, 0xff, 0xff, 0xff, 0xa0,
    0xa, 0xff, 0xff, 0xff, 0xff, 0xff, 0x90, 0x0,
    0xaf, 0xff, 0xee, 0xef, 0xff, 0x60, 0x0, 0xa,
    0xff, 0x90, 0x0, 0xaf, 0xfe, 0x0, 0x0, 0xaf,
    0xf9, 0x0, 0x1, 0xff, 0xf8, 0x0, 0xa, 0xff,
    0x90, 0x0, 0x7, 0xff, 0xf2, 0x0, 0xaf, 0xf9,
    0x0, 0x0, 0xd, 0xff, 0xb0, 0xa, 0xff, 0x90,
    0x0, 0x0, 0x4f, 0xff, 0x50, 0xaf, 0xf9, 0x0,
    0x0, 0x0, 0xbf, 0xfe, 0xa, 0xff, 0x90, 0x0,
    0x0, 0x2, 0xff, 0xf8,

    /* U+0155 "ŕ" */
    0x0, 0x0, 0xaf, 0xfd, 0x10, 0x0, 0xaf, 0xfc,
    0x10, 0x0, 0x9f, 0xfb, 0x0, 0x0, 0x16, 0x65,
    0x0, 0x0, 0x0, 0x0, 0x0, 0x0, 0x4, 0xff,
    0xe0, 0x18, 0xdc, 0x4f, 0xfe, 0x4f, 0xff, 0xd4,
    0xff, 0xff, 0xff, 0xfc, 0x4f, 0xff, 0xfa, 0x30,
    0x4, 0xff, 0xf8, 0x0, 0x0, 0x4f, 0xff, 0x0,
    0x0, 0x4, 0xff, 0xe0, 0x0, 0x0, 0x4f, 0xfe,
    0x0, 0x0, 0x4, 0xff, 0xe0, 0x0, 0x0, 0x4f,
    0xfe, 0x0, 0x0, 0x4, 0xff, 0xe0, 0x0, 0x0,
    0x4f, 0xfe, 0x0, 0x0, 0x4, 0xff, 0xe0, 0x0,
    0x0, 0x4f, 0xfe, 0x0, 0x0, 0x0,

    /* U+0156 "Ŗ" */
    0xaf, 0xff, 0xff, 0xff, 0xda, 0x50, 0x0, 0xa,
    0xff, 0xff, 0xff, 0xff, 0xff, 0xc1, 0x0, 0xaf,
    0xff, 0xee, 0xef, 0xff, 0xff, 0xd0, 0xa, 0xff,
    0x90, 0x0, 0x2, 0xaf, 0xff, 0x80, 0xaf, 0xf9,
    0x0, 0x0, 0x0, 0xaf, 0xfe, 0xa, 0xff, 0x90,
    0x0, 0x0, 0x5, 0xff, 0xf0, 0xaf, 0xf9, 0x0,
    0x0, 0x0, 0x6f, 0xff, 0xa, 0xff, 0x90, 0x0,
    0x0, 0xc, 0xff, 0xd0, 0xaf, 0xf9, 0x0, 0x0,
    0x3b, 0xff, 0xf6, 0xa, 0xff, 0xff, 0xff, 0xff,
    0xff, 0xfa, 0x0, 0xaf, 0xff, 0xff, 0xff, 0xff,
    0xf9, 0x0, 0xa, 0xff, 0xfe, 0xee, 0xff, 0xf6,
    0x0, 0x0, 0xaf, 0xf9, 0x0, 0xa, 0xff, 0xe0,
    0x0, 0xa, 0xff, 0x90, 0x0, 0x1f, 0xff, 0x80,
    0x0, 0xaf, 0xf9, 0x0, 0x0, 0x7f, 0xff, 0x20,
    0xa, 0xff, 0x90, 0x0, 0x0, 0xdf, 0xfb, 0x0,
    0xaf, 0xf9, 0x0, 0x0, 0x4, 0xff, 0xf5, 0xa,
    0xff, 0x90, 0x0, 0x0, 0xb, 0xff, 0xe0, 0xaf,
    0xf9, 0x0, 0x0, 0x0, 0x2f, 0xff, 0x80, 0x0,
    0x0, 0x0, 0x0, 0x0, 0x0, 0x0, 0x0, 0x0,
    0x9, 0xff, 0x70, 0x0, 0x0, 0x0, 0x0, 0x0,
    0xef, 0xe0, 0x0, 0x0, 0x0, 0x0, 0x0, 0x4f,
    0xf7, 0x0, 0x0, 0x0, 0x0, 0x0, 0x9, 0xfe,
    0x0, 0x0, 0x0, 0x0,

    /* U+0157 "ŗ" */
    0x4f, 0xfe, 0x1, 0x8d, 0xc4, 0xff, 0xe4, 0xff,
    0xfd, 0x4f, 0xff, 0xff, 0xff, 0xc4, 0xff, 0xff,
    0xa3, 0x0, 0x4f, 0xff, 0x80, 0x0, 0x4, 0xff,
    0xf0, 0x0, 0x0, 0x4f, 0xfe, 0x0, 0x0, 0x4,
    0xff, 0xe0, 0x0, 0x0, 0x4f, 0xfe, 0x0, 0x0,
    0x4, 0xff, 0xe0, 0x0, 0x0, 0x4f, 0xfe, 0x0,
    0x0, 0x4, 0xff, 0xe0, 0x0, 0x0, 0x4f, 0xfe,
    0x0, 0x0, 0x4, 0xff, 0xe0, 0x0, 0x0, 0x0,
    0x0, 0x0, 0x0, 0x0, 0x8f, 0xf8, 0x0, 0x0,
    0xd, 0xff, 0x10, 0x0, 0x2, 0xff, 0x80, 0x0,
    0x0, 0x7f, 0xf1, 0x0, 0x0, 0x0,

    /* U+0158 "Ř" */
    0x8, 0xff, 0x90, 0x4, 0xff, 0xc0, 0x0, 0x0,
    0x8, 0xff, 0x95, 0xff, 0xc0, 0x0, 0x0, 0x0,
    0x8, 0xff, 0xff, 0xc0, 0x0, 0x0, 0x0, 0x0,
    0x6, 0x88, 0x70, 0x0, 0x0, 0x0, 0x0, 0x0,
    0x0, 0x0, 0x0, 0x0, 0x0, 0xa, 0xff, 0xff,
    0xff, 0xfd, 0xa5, 0x0, 0x0, 0xaf, 0xff, 0xff,
    0xff, 0xff, 0xfc, 0x10, 0xa, 0xff, 0xfe, 0xee,
    0xff, 0xff, 0xfd, 0x0, 0xaf, 0xf9, 0x0, 0x0,
    0x2a, 0xff, 0xf8, 0xa, 0xff, 0x90, 0x0, 0x0,
    0xa, 0xff, 0xe0, 0xaf, 0xf9, 0x0, 0x0, 0x0,
    0x5f, 0xff, 0xa, 0xff, 0x90, 0x0, 0x0, 0x6,
    0xff, 0xf0, 0xaf, 0xf9, 0x0, 0x0, 0x0, 0xcf,
    0xfd, 0xa, 0xff, 0x90, 0x0, 0x3, 0xbf, 0xff,
    0x60, 0xaf, 0xff, 0xff, 0xff, 0xff, 0xff, 0xa0,
    0xa, 0xff, 0xff, 0xff, 0xff, 0xff, 0x90, 0x0,
    0xaf, 0xff, 0xee, 0xef, 0xff, 0x60, 0x0, 0xa,
    0xff, 0x90, 0x0, 0xaf, 0xfe, 0x0, 0x0, 0xaf,
    0xf9, 0x0, 0x1, 0xff, 0xf8, 0x0, 0xa, 0xff,
    0x90, 0x0, 0x7, 0xff, 0xf2, 0x0, 0xaf, 0xf9,
    0x0, 0x0, 0xd, 0xff, 0xb0, 0xa, 0xff, 0x90,
    0x0, 0x0, 0x4f, 0xff, 0x50, 0xaf, 0xf9, 0x0,
    0x0, 0x0, 0xbf, 0xfe, 0xa, 0xff, 0x90, 0x0,
    0x0, 0x2, 0xff, 0xf8,

    /* U+0159 "ř" */
    0x1d, 0xfe, 0x30, 0xb, 0xff, 0x50, 0x1d, 0xff,
    0x5c, 0xff, 0x50, 0x0, 0x1d, 0xff, 0xff, 0x40,
    0x0, 0x0, 0x16, 0x66, 0x30, 0x0, 0x0, 0x0,
    0x0, 0x0, 0x0, 0x0, 0x4, 0xff, 0xe0, 0x18,
    0xdc, 0x0, 0x4f, 0xfe, 0x4f, 0xff, 0xd0, 0x4,
    0xff, 0xff, 0xff, 0xfc, 0x0, 0x4f, 0xff, 0xfa,
    0x30, 0x0, 0x4, 0xff, 0xf8, 0x0, 0x0, 0x0,
    0x4f, 0xff, 0x0, 0x0, 0x0, 0x4, 0xff, 0xe0,
    0x0, 0x0, 0x0, 0x4f, 0xfe, 0x0, 0x0, 0x0,
    0x4, 0xff, 0xe0, 0x0, 0x0, 0x0, 0x4f, 0xfe,
    0x0, 0x0, 0x0, 0x4, 0xff, 0xe0, 0x0, 0x0,
    0x0, 0x4f, 0xfe, 0x0, 0x0, 0x0, 0x4, 0xff,
    0xe0, 0x0, 0x0, 0x0, 0x4f, 0xfe, 0x0, 0x0,
    0x0,

    /* U+015A "Ś" */
    0x0, 0x0, 0x0, 0x0, 0x38, 0x87, 0x10, 0x0,
    0x0, 0x0, 0x0, 0x2e, 0xff, 0x70, 0x0, 0x0,
    0x0, 0x0, 0x2e, 0xff, 0x60, 0x0, 0x0, 0x0,
    0x0, 0x1d, 0xff, 0x60, 0x0, 0x0, 0x0, 0x0,
    0x0, 0x0, 0x0, 0x0, 0x0, 0x0, 0x0, 0x0,
    0x0, 0x0, 0x0, 0x0, 0x0, 0x0, 0x1, 0x8c,
    0xef, 0xfd, 0xa4, 0x0, 0x0, 0x6, 0xff, 0xff,
    0xff, 0xff, 0xfa, 0x0, 0x4, 0xff, 0xff, 0xec,
    0xdf, 0xff, 0xfb, 0x0, 0xcf, 0xff, 0x40, 0x0,
    0x2b, 0xff, 0xf7, 0xf, 0xff, 0x60, 0x0, 0x0,
    0xb, 0xe9, 0x31, 0xff, 0xf4, 0x0, 0x0, 0x0,
    0x0, 0x0, 0xf, 0xff, 0x80, 0x0, 0x0, 0x0,
    0x0, 0x0, 0x9f, 0xff, 0xa4, 0x0, 0x0, 0x0,
    0x0, 0x1, 0xcf, 0xff, 0xff, 0xc8, 0x30, 0x0,
    0x0, 0x0, 0x7e, 0xff, 0xff, 0xff, 0xd3, 0x0,
    0x0, 0x0, 0x4, 0x8c, 0xff, 0xff, 0xf5, 0x0,
    0x0, 0x0, 0x0, 0x1, 0x6e, 0xff, 0xf2, 0x0,
    0x0, 0x0, 0x0, 0x0, 0x1e, 0xff, 0x90, 0x0,
    0x10, 0x0, 0x0, 0x0, 0xaf, 0xfc, 0x4a, 0xec,
    0x0, 0x0, 0x0, 0xc, 0xff, 0xb6, 0xff, 0xfc,
    0x30, 0x0, 0x19, 0xff, 0xf7, 0xb, 0xff, 0xff,
    0xec, 0xdf, 0xff, 0xfd, 0x0, 0x8, 0xff, 0xff,
    0xff, 0xff, 0xfd, 0x20, 0x0, 0x1, 0x7c, 0xef,
    0xfe, 0xa5, 0x0, 0x0,

    /* U+015B "ś" */
    0x0, 0x0, 0x0, 0x7, 0xff, 0xe3, 0x0, 0x0,
    0x0, 0x6, 0xff, 0xe3, 0x0, 0x0, 0x0, 0x4,
    0xff, 0xe3, 0x0, 0x0, 0x0, 0x0, 0x89, 0x92,
    0x0, 0x0, 0x0, 0x0, 0x0, 0x0, 0x0, 0x0,
    0x0, 0x0, 0x3a, 0xef, 0xec, 0x71, 0x0, 0x0,
    0x5f, 0xff, 0xff, 0xff, 0xe3, 0x0, 0xf, 0xff,
    0xfc, 0xcf, 0xff, 0xe0, 0x3, 0xff, 0xf2, 0x0,
    0x1c, 0xb4, 0x0, 0x4f, 0xfe, 0x10, 0x0, 0x0,
    0x0, 0x0, 0xef, 0xfe, 0x95, 0x20, 0x0, 0x0,
    0x4, 0xff, 0xff, 0xff, 0xc3, 0x0, 0x0, 0x1,
    0x9f, 0xff, 0xff, 0xf4, 0x0, 0x0, 0x0, 0x4,
    0x8e, 0xff, 0xd0, 0x0, 0x4, 0x0, 0x0, 0x1f,
    0xff, 0x30, 0x8e, 0xf8, 0x0, 0x2, 0xff, 0xf3,
    0x8, 0xff, 0xfe, 0xbc, 0xff, 0xfe, 0x0, 0x9,
    0xff, 0xff, 0xff, 0xff, 0x30, 0x0, 0x3, 0xad,
    0xff, 0xd8, 0x10, 0x0,

    /* U+015C "Ŝ" */
    0x0, 0x0, 0x6, 0xff, 0xfc, 0x0, 0x0, 0x0,
    0x0, 0x4, 0xff, 0xff, 0xfb, 0x0, 0x0, 0x0,
    0x3, 0xff, 0xe2, 0xaf, 0xf9, 0x0, 0x0, 0x1,
    0xef, 0xe2, 0x0, 0xaf, 0xf6, 0x0, 0x0, 0x0,
    0x0, 0x0, 0x0, 0x0, 0x0, 0x0, 0x0, 0x0,
    0x0, 0x0, 0x0, 0x0, 0x0, 0x0, 0x1, 0x8c,
    0xef, 0xfd, 0xa4, 0x0, 0x0, 0x6, 0xff, 0xff,
    0xff, 0xff, 0xfa, 0x0, 0x4, 0xff, 0xff, 0xec,
    0xdf, 0xff, 0xfb, 0x0, 0xcf, 0xff, 0x40, 0x0,
    0x2b, 0xff, 0xf7, 0xf, 0xff, 0x60, 0x0, 0x0,
    0xb, 0xe9, 0x31, 0xff, 0xf4, 0x0, 0x0, 0x0,
    0x0, 0x0, 0xf, 0xff, 0x80, 0x0, 0x0, 0x0,
    0x0, 0x0, 0x9f, 0xff, 0xa4, 0x0, 0x0, 0x0,
    0x0, 0x1, 0xcf, 0xff, 0xff, 0xc8, 0x30, 0x0,
    0x0, 0x0, 0x7e, 0xff, 0xff, 0xff, 0xd3, 0x0,
    0x0, 0x0, 0x4, 0x8c, 0xff, 0xff, 0xf5, 0x0,
    0x0, 0x0, 0x0, 0x1, 0x6e, 0xff, 0xf2, 0x0,
    0x0, 0x0, 0x0, 0x0, 0x1e, 0xff, 0x90, 0x0,
    0x10, 0x0, 0x0, 0x0, 0xaf, 0xfc, 0x4a, 0xec,
    0x0, 0x0, 0x0, 0xc, 0xff, 0xb6, 0xff, 0xfc,
    0x30, 0x0, 0x19, 0xff, 0xf7, 0xb, 0xff, 0xff,
    0xec, 0xdf, 0xff, 0xfd, 0x0, 0x8, 0xff, 0xff,
    0xff, 0xff, 0xfd, 0x20, 0x0, 0x1, 0x7c, 0xef,
    0xfe, 0xa5, 0x0, 0x0,

    /* U+015D "ŝ" */
    0x0, 0x0, 0x5f, 0xff, 0xe2, 0x0, 0x0, 0x0,
    0x6f, 0xfd, 0xff, 0xe2, 0x0, 0x0, 0x6f, 0xfb,
    0x2, 0xef, 0xe3, 0x0, 0x5, 0x65, 0x0, 0x1,
    0x66, 0x40, 0x0, 0x0, 0x0, 0x0, 0x0, 0x0,
    0x0, 0x0, 0x3a, 0xef, 0xec, 0x71, 0x0, 0x0,
    0x5f, 0xff, 0xff, 0xff, 0xe3, 0x0, 0xf, 0xff,
    0xfc, 0xcf, 0xff, 0xe0, 0x3, 0xff, 0xf2, 0x0,
    0x1c, 0xb4, 0x0, 0x4f, 0xfe, 0x10, 0x0, 0x0,
    0x0, 0x0, 0xef, 0xfe, 0x95, 0x20, 0x0, 0x0,
    0x4, 0xff, 0xff, 0xff, 0xc3, 0x0, 0x0, 0x1,
    0x9f, 0xff, 0xff, 0xf4, 0x0, 0x0, 0x0, 0x4,
    0x8e, 0xff, 0xd0, 0x0, 0x4, 0x0, 0x0, 0x1f,
    0xff, 0x30, 0x8e, 0xf8, 0x0, 0x2, 0xff, 0xf3,
    0x8, 0xff, 0xfe, 0xbc, 0xff, 0xfe, 0x0, 0x9,
    0xff, 0xff, 0xff, 0xff, 0x30, 0x0, 0x3, 0xad,
    0xff, 0xd8, 0x10, 0x0,

    /* U+015E "Ş" */
    0x0, 0x1, 0x8c, 0xef, 0xfd, 0xa4, 0x0, 0x0,
    0x6, 0xff, 0xff, 0xff, 0xff, 0xfa, 0x0, 0x4,
    0xff, 0xff, 0xec, 0xdf, 0xff, 0xfb, 0x0, 0xcf,
    0xff, 0x40, 0x0, 0x2b, 0xff, 0xf7, 0xf, 0xff,
    0x60, 0x0, 0x0, 0xb, 0xe9, 0x31, 0xff, 0xf4,
    0x0, 0x0, 0x0, 0x0, 0x0, 0xf, 0xff, 0x80,
    0x0, 0x0, 0x0, 0x0, 0x0, 0x9f, 0xff, 0xa4,
    0x0, 0x0, 0x0, 0x0, 0x1, 0xcf, 0xff, 0xff,
    0xc8, 0x30, 0x0, 0x0, 0x0, 0x7e, 0xff, 0xff,
    0xff, 0xd3, 0x0, 0x0, 0x0, 0x4, 0x8c, 0xff,
    0xff, 0xf5, 0x0, 0x0, 0x0, 0x0, 0x1, 0x6e,
    0xff, 0xf2, 0x0, 0x0, 0x0, 0x0, 0x0, 0x1e,
    0xff, 0x90, 0x0, 0x10, 0x0, 0x0, 0x0, 0xaf,
    0xfc, 0x4a, 0xec, 0x0, 0x0, 0x0, 0xc, 0xff,
    0xb6, 0xff, 0xfc, 0x30, 0x0, 0x19, 0xff, 0xf7,
    0xb, 0xff, 0xff, 0xec, 0xdf, 0xff, 0xfd, 0x0,
    0x8, 0xff, 0xff, 0xff, 0xff, 0xfd, 0x20, 0x0,
    0x1, 0x7c, 0xff, 0xfe, 0xa5, 0x0, 0x0, 0x0,
    0x0, 0x2f, 0xf4, 0x0, 0x0, 0x0, 0x0, 0x0,
    0x2, 0x8f, 0xf5, 0x0, 0x0, 0x0, 0x0, 0x1,
    0x0, 0xaf, 0xb0, 0x0, 0x0, 0x0, 0x0, 0xbe,
    0xdf, 0xf8, 0x0, 0x0, 0x0, 0x0, 0x7, 0xdf,
    0xe9, 0x0, 0x0, 0x0,

    /* U+015F "ş" */
    0x0, 0x3, 0xae, 0xfe, 0xc7, 0x10, 0x0, 0x5,
    0xff, 0xff, 0xff, 0xfe, 0x30, 0x0, 0xff, 0xff,
    0xcc, 0xff, 0xfe, 0x0, 0x3f, 0xff, 0x20, 0x1,
    0xcb, 0x40, 0x4, 0xff, 0xe1, 0x0, 0x0, 0x0,
    0x0, 0xe, 0xff, 0xe9, 0x52, 0x0, 0x0, 0x0,
    0x4f, 0xff, 0xff, 0xfc, 0x30, 0x0, 0x0, 0x19,
    0xff, 0xff, 0xff, 0x40, 0x0, 0x0, 0x0, 0x48,
    0xef, 0xfd, 0x0, 0x0, 0x40, 0x0, 0x1, 0xff,
    0xf3, 0x8, 0xef, 0x80, 0x0, 0x2f, 0xff, 0x30,
    0x8f, 0xff, 0xeb, 0xcf, 0xff, 0xe0, 0x0, 0x9f,
    0xff, 0xff, 0xff, 0xf3, 0x0, 0x0, 0x3a, 0xff,
    0xfd, 0x81, 0x0, 0x0, 0x0, 0x1f, 0xf5, 0x0,
    0x0, 0x0, 0x0, 0x1, 0x8e, 0xf7, 0x0, 0x0,
    0x0, 0x1, 0x0, 0x8f, 0xd0, 0x0, 0x0, 0x0,
    0xaf, 0xdf, 0xfa, 0x0, 0x0, 0x0, 0x6, 0xdf,
    0xea, 0x10, 0x0, 0x0,

    /* U+0160 "Š" */
    0x0, 0x17, 0x86, 0x0, 0x3, 0x88, 0x40, 0x0,
    0x0, 0x7f, 0xfa, 0x4, 0xff, 0xc1, 0x0, 0x0,
    0x0, 0x7f, 0xfc, 0xff, 0xd1, 0x0, 0x0, 0x0,
    0x0, 0x7f, 0xff, 0xd1, 0x0, 0x0, 0x0, 0x0,
    0x0, 0x0, 0x0, 0x0, 0x0, 0x0, 0x0, 0x0,
    0x0, 0x0, 0x0, 0x0, 0x0, 0x0, 0x1, 0x8c,
    0xef, 0xfd, 0xa4, 0x0, 0x0, 0x6, 0xff, 0xff,
    0xff, 0xff, 0xfa, 0x0, 0x4, 0xff, 0xff, 0xec,
    0xdf, 0xff, 0xfb, 0x0, 0xcf, 0xff, 0x40, 0x0,
    0x2b, 0xff, 0xf7, 0xf, 0xff, 0x60, 0x0, 0x0,
    0xb, 0xe9, 0x31, 0xff, 0xf4, 0x0, 0x0, 0x0,
    0x0, 0x0, 0xf, 0xff, 0x80, 0x0, 0x0, 0x0,
    0x0, 0x0, 0x9f, 0xff, 0xa4, 0x0, 0x0, 0x0,
    0x0, 0x1, 0xcf, 0xff, 0xff, 0xc8, 0x30, 0x0,
    0x0, 0x0, 0x7e, 0xff, 0xff, 0xff, 0xd3, 0x0,
    0x0, 0x0, 0x4, 0x8c, 0xff, 0xff, 0xf5, 0x0,
    0x0, 0x0, 0x0, 0x1, 0x6e, 0xff, 0xf2, 0x0,
    0x0, 0x0, 0x0, 0x0, 0x1e, 0xff, 0x90, 0x0,
    0x10, 0x0, 0x0, 0x0, 0xaf, 0xfc, 0x4a, 0xec,
    0x0, 0x0, 0x0, 0xc, 0xff, 0xb6, 0xff, 0xfc,
    0x30, 0x0, 0x19, 0xff, 0xf7, 0xb, 0xff, 0xff,
    0xec, 0xdf, 0xff, 0xfd, 0x0, 0x8, 0xff, 0xff,
    0xff, 0xff, 0xfd, 0x20, 0x0, 0x1, 0x7c, 0xef,
    0xfe, 0xa5, 0x0, 0x0,

    /* U+0161 "š" */
    0x0, 0xcf, 0xf4, 0x0, 0x8f, 0xf8, 0x0, 0x0,
    0xcf, 0xf5, 0x9f, 0xf9, 0x0, 0x0, 0x1, 0xdf,
    0xff, 0xf9, 0x0, 0x0, 0x0, 0x1, 0x99, 0x97,
    0x0, 0x0, 0x0, 0x0, 0x0, 0x0, 0x0, 0x0,
    0x0, 0x0, 0x3a, 0xef, 0xec, 0x71, 0x0, 0x0,
    0x5f, 0xff, 0xff, 0xff, 0xe3, 0x0, 0xf, 0xff,
    0xfc, 0xcf, 0xff, 0xe0, 0x3, 0xff, 0xf2, 0x0,
    0x1c, 0xb4, 0x0, 0x4f, 0xfe, 0x10, 0x0, 0x0,
    0x0, 0x0, 0xef, 0xfe, 0x95, 0x20, 0x0, 0x0,
    0x4, 0xff, 0xff, 0xff, 0xc3, 0x0, 0x0, 0x1,
    0x9f, 0xff, 0xff, 0xf4, 0x0, 0x0, 0x0, 0x4,
    0x8e, 0xff, 0xd0, 0x0, 0x4, 0x0, 0x0, 0x1f,
    0xff, 0x30, 0x8e, 0xf8, 0x0, 0x2, 0xff, 0xf3,
    0x8, 0xff, 0xfe, 0xbc, 0xff, 0xfe, 0x0, 0x9,
    0xff, 0xff, 0xff, 0xff, 0x30, 0x0, 0x3, 0xad,
    0xff, 0xd8, 0x10, 0x0,

    /* U+0164 "Ť" */
    0x0, 0xb, 0xff, 0x50, 0x7, 0xff, 0x90, 0x0,
    0x0, 0x0, 0xbf, 0xf6, 0x8f, 0xf9, 0x0, 0x0,
    0x0, 0x0, 0xb, 0xff, 0xff, 0x90, 0x0, 0x0,
    0x0, 0x0, 0x0, 0x78, 0x86, 0x0, 0x0, 0x0,
    0x0, 0x0, 0x0, 0x0, 0x0, 0x0, 0x0, 0x0,
    0xaf, 0xff, 0xff, 0xff, 0xff, 0xff, 0xff, 0xfa,
    0xaf, 0xff, 0xff, 0xff, 0xff, 0xff, 0xff, 0xfa,
    0x9e, 0xee, 0xee, 0xff, 0xff, 0xee, 0xee, 0xe9,
    0x0, 0x0, 0x0, 0x9f, 0xfa, 0x0, 0x0, 0x0,
    0x0, 0x0, 0x0, 0x9f, 0xfa, 0x0, 0x0, 0x0,
    0x0, 0x0, 0x0, 0x9f, 0xfa, 0x0, 0x0, 0x0,
    0x0, 0x0, 0x0, 0x9f, 0xfa, 0x0, 0x0, 0x0,
    0x0, 0x0, 0x0, 0x9f, 0xfa, 0x0, 0x0, 0x0,
    0x0, 0x0, 0x0, 0x9f, 0xfa, 0x0, 0x0, 0x0,
    0x0, 0x0, 0x0, 0x9f, 0xfa, 0x0, 0x0, 0x0,
    0x0, 0x0, 0x0, 0x9f, 0xfa, 0x0, 0x0, 0x0,
    0x0, 0x0, 0x0, 0x9f, 0xfa, 0x0, 0x0, 0x0,
    0x0, 0x0, 0x0, 0x9f, 0xfa, 0x0, 0x0, 0x0,
    0x0, 0x0, 0x0, 0x9f, 0xfa, 0x0, 0x0, 0x0,
    0x0, 0x0, 0x0, 0x9f, 0xfa, 0x0, 0x0, 0x0,
    0x0, 0x0, 0x0, 0x9f, 0xfa, 0x0, 0x0, 0x0,
    0x0, 0x0, 0x0, 0x9f, 0xfa, 0x0, 0x0, 0x0,
    0x0, 0x0, 0x0, 0x9f, 0xfa, 0x0, 0x0, 0x0,
    0x0, 0x0, 0x0, 0x9f, 0xfa, 0x0, 0x0, 0x0,

    /* U+0165 "ť" */
    0x0, 0x0, 0x0, 0x1, 0xff, 0xc0, 0x1, 0x66,
    0x50, 0x6f, 0xf6, 0x0, 0x3f, 0xfe, 0xa, 0xff,
    0x0, 0x3, 0xff, 0xe0, 0xef, 0x90, 0x0, 0x3f,
    0xfe, 0x0, 0x0, 0x8, 0xff, 0xff, 0xff, 0xff,
    0xa0, 0x8f, 0xff, 0xff, 0xff, 0xfa, 0x5, 0xab,
    0xff, 0xfa, 0xaa, 0x60, 0x0, 0x3f, 0xfe, 0x0,
    0x0, 0x0, 0x3, 0xff, 0xe0, 0x0, 0x0, 0x0,
    0x3f, 0xfe, 0x0, 0x0, 0x0, 0x3, 0xff, 0xe0,
    0x0, 0x0, 0x0, 0x3f, 0xfe, 0x0, 0x0, 0x0,
    0x3, 0xff, 0xe0, 0x0, 0x0, 0x0, 0x3f, 0xfe,
    0x0, 0x0, 0x0, 0x2, 0xff, 0xf4, 0x1, 0x0,
    0x0, 0xe, 0xff, 0xfd, 0xf7, 0x0, 0x0, 0x6f,
    0xff, 0xff, 0xe0, 0x0, 0x0, 0x5c, 0xff, 0xc6,
    0x0,

    /* U+016A "Ū" */
    0x0, 0x5, 0xaa, 0xaa, 0xaa, 0xaa, 0x30, 0x0,
    0x0, 0x9, 0xff, 0xff, 0xff, 0xff, 0x50, 0x0,
    0x0, 0x9, 0xff, 0xff, 0xff, 0xff, 0x50, 0x0,
    0x0, 0x0, 0x0, 0x0, 0x0, 0x0, 0x0, 0x0,
    0x0, 0x0, 0x0, 0x0, 0x0, 0x0, 0x0, 0x0,
    0xff, 0xf4, 0x0, 0x0, 0x0, 0x0, 0x8f, 0xfb,
    0xff, 0xf4, 0x0, 0x0, 0x0, 0x0, 0x8f, 0xfb,
    0xff, 0xf4, 0x0, 0x0, 0x0, 0x0, 0x8f, 0xfb,
    0xff, 0xf4, 0x0, 0x0, 0x0, 0x0, 0x8f, 0xfb,
    0xff, 0xf4, 0x0, 0x0, 0x0, 0x0, 0x8f, 0xfb,
    0xff, 0xf4, 0x0, 0x0, 0x0, 0x0, 0x8f, 0xfb,
    0xff, 0xf4, 0x0, 0x0, 0x0, 0x0, 0x8f, 0xfb,
    0xff, 0xf4, 0x0, 0x0, 0x0, 0x0, 0x8f, 0xfb,
    0xff, 0xf4, 0x0, 0x0, 0x0, 0x0, 0x8f, 0xfb,
    0xff, 0xf4, 0x0, 0x0, 0x0, 0x0, 0x8f, 0xfb,
    0xff, 0xf4, 0x0, 0x0, 0x0, 0x0, 0x8f, 0xfb,
    0xff, 0xf4, 0x0, 0x0, 0x0, 0x0, 0x8f, 0xfb,
    0xef, 0xf5, 0x0, 0x0, 0x0, 0x0, 0x9f, 0xf9,
    0xcf, 0xfa, 0x0, 0x0, 0x0, 0x0, 0xdf, 0xf7,
    0x7f, 0xff, 0x30, 0x0, 0x0, 0x7, 0xff, 0xf2,
    0x1e, 0xff, 0xf7, 0x10, 0x2, 0x9f, 0xff, 0xb0,
    0x4, 0xff, 0xff, 0xff, 0xff, 0xff, 0xfe, 0x10,
    0x0, 0x4e, 0xff, 0xff, 0xff, 0xff, 0xb1, 0x0,
    0x0, 0x0, 0x6b, 0xdf, 0xed, 0x94, 0x0, 0x0,

    /* U+016B "ū" */
    0x0, 0x5a, 0xaa, 0xaa, 0xaa, 0xa3, 0x0, 0x0,
    0x9f, 0xff, 0xff, 0xff, 0xf5, 0x0, 0x0, 0x9f,
    0xff, 0xff, 0xff, 0xf5, 0x0, 0x0, 0x0, 0x0,
    0x0, 0x0, 0x0, 0x0, 0x0, 0x0, 0x0, 0x0,
    0x0, 0x0, 0x0, 0x9f, 0xf9, 0x0, 0x0, 0x0,
    0xff, 0xf1, 0x9f, 0xf9, 0x0, 0x0, 0x0, 0xff,
    0xf1, 0x9f, 0xf9, 0x0, 0x0, 0x0, 0xff, 0xf1,
    0x9f, 0xf9, 0x0, 0x0, 0x0, 0xff, 0xf1, 0x9f,
    0xf9, 0x0, 0x0, 0x0, 0xff, 0xf1, 0x9f, 0xf9,
    0x0, 0x0, 0x0, 0xff, 0xf1, 0x9f, 0xf9, 0x0,
    0x0, 0x0, 0xff, 0xf1, 0x9f, 0xf9, 0x0, 0x0,
    0x1, 0xff, 0xf1, 0x8f, 0xfb, 0x0, 0x0, 0x3,
    0xff, 0xf1, 0x7f, 0xfe, 0x0, 0x0, 0x9, 0xff,
    0xf1, 0x3f, 0xff, 0xa0, 0x0, 0x6f, 0xff, 0xf1,
    0xd, 0xff, 0xff, 0xdf, 0xff, 0xff, 0xf1, 0x3,
    0xef, 0xff, 0xff, 0xf6, 0xff, 0xf1, 0x0, 0x19,
    0xdf, 0xeb, 0x40, 0xef, 0xf1,

    /* U+016C "Ŭ" */
    0x0, 0x8, 0x86, 0x0, 0x0, 0x88, 0x60, 0x0,
    0x0, 0xf, 0xff, 0x60, 0x19, 0xff, 0xb0, 0x0,
    0x0, 0x6, 0xff, 0xff, 0xff, 0xff, 0x30, 0x0,
    0x0, 0x0, 0x5d, 0xff, 0xff, 0xb3, 0x0, 0x0,
    0x0, 0x0, 0x0, 0x13, 0x31, 0x0, 0x0, 0x0,
    0x0, 0x0, 0x0, 0x0, 0x0, 0x0, 0x0, 0x0,
    0xff, 0xf4, 0x0, 0x0, 0x0, 0x0, 0x8f, 0xfb,
    0xff, 0xf4, 0x0, 0x0, 0x0, 0x0, 0x8f, 0xfb,
    0xff, 0xf4, 0x0, 0x0, 0x0, 0x0, 0x8f, 0xfb,
    0xff, 0xf4, 0x0, 0x0, 0x0, 0x0, 0x8f, 0xfb,
    0xff, 0xf4, 0x0, 0x0, 0x0, 0x0, 0x8f, 0xfb,
    0xff, 0xf4, 0x0, 0x0, 0x0, 0x0, 0x8f, 0xfb,
    0xff, 0xf4, 0x0, 0x0, 0x0, 0x0, 0x8f, 0xfb,
    0xff, 0xf4, 0x0, 0x0, 0x0, 0x0, 0x8f, 0xfb,
    0xff, 0xf4, 0x0, 0x0, 0x0, 0x0, 0x8f, 0xfb,
    0xff, 0xf4, 0x0, 0x0, 0x0, 0x0, 0x8f, 0xfb,
    0xff, 0xf4, 0x0, 0x0, 0x0, 0x0, 0x8f, 0xfb,
    0xff, 0xf4, 0x0, 0x0, 0x0, 0x0, 0x8f, 0xfb,
    0xef, 0xf5, 0x0, 0x0, 0x0, 0x0, 0x9f, 0xf9,
    0xcf, 0xfa, 0x0, 0x0, 0x0, 0x0, 0xdf, 0xf7,
    0x7f, 0xff, 0x30, 0x0, 0x0, 0x7, 0xff, 0xf2,
    0x1e, 0xff, 0xf7, 0x10, 0x2, 0x9f, 0xff, 0xb0,
    0x4, 0xff, 0xff, 0xff, 0xff, 0xff, 0xfe, 0x10,
    0x0, 0x4e, 0xff, 0xff, 0xff, 0xff, 0xb1, 0x0,
    0x0, 0x0, 0x6b, 0xdf, 0xed, 0x94, 0x0, 0x0,

    /* U+016D "ŭ" */
    0x1, 0xff, 0xe4, 0x0, 0x6f, 0xfc, 0x0, 0x0,
    0x9f, 0xff, 0xff, 0xff, 0xf5, 0x0, 0x0, 0x7,
    0xef, 0xff, 0xfc, 0x40, 0x0, 0x0, 0x0, 0x2,
    0x33, 0x10, 0x0, 0x0, 0x0, 0x0, 0x0, 0x0,
    0x0, 0x0, 0x0, 0x9f, 0xf9, 0x0, 0x0, 0x0,
    0xff, 0xf1, 0x9f, 0xf9, 0x0, 0x0, 0x0, 0xff,
    0xf1, 0x9f, 0xf9, 0x0, 0x0, 0x0, 0xff, 0xf1,
    0x9f, 0xf9, 0x0, 0x0, 0x0, 0xff, 0xf1, 0x9f,
    0xf9, 0x0, 0x0, 0x0, 0xff, 0xf1, 0x9f, 0xf9,
    0x0, 0x0, 0x0, 0xff, 0xf1, 0x9f, 0xf9, 0x0,
    0x0, 0x0, 0xff, 0xf1, 0x9f, 0xf9, 0x0, 0x0,
    0x1, 0xff, 0xf1, 0x8f, 0xfb, 0x0, 0x0, 0x3,
    0xff, 0xf1, 0x7f, 0xfe, 0x0, 0x0, 0x9, 0xff,
    0xf1, 0x3f, 0xff, 0xa0, 0x0, 0x6f, 0xff, 0xf1,
    0xd, 0xff, 0xff, 0xdf, 0xff, 0xff, 0xf1, 0x3,
    0xef, 0xff, 0xff, 0xf6, 0xff, 0xf1, 0x0, 0x19,
    0xdf, 0xeb, 0x40, 0xef, 0xf1,

    /* U+016E "Ů" */
    0x0, 0x0, 0x1, 0xae, 0xe7, 0x0, 0x0, 0x0,
    0x0, 0x0, 0xb, 0xfe, 0xff, 0x70, 0x0, 0x0,
    0x0, 0x0, 0x1f, 0xf0, 0x4f, 0xd0, 0x0, 0x0,
    0x0, 0x0, 0x1f, 0xf1, 0x5f, 0xd0, 0x0, 0x0,
    0x0, 0x0, 0xa, 0xff, 0xff, 0x60, 0x0, 0x0,
    0x0, 0x0, 0x0, 0x7c, 0xc5, 0x0, 0x0, 0x0,
    0x0, 0x0, 0x0, 0x0, 0x0, 0x0, 0x0, 0x0,
    0xff, 0xf4, 0x0, 0x0, 0x0, 0x0, 0x8f, 0xfb,
    0xff, 0xf4, 0x0, 0x0, 0x0, 0x0, 0x8f, 0xfb,
    0xff, 0xf4, 0x0, 0x0, 0x0, 0x0, 0x8f, 0xfb,
    0xff, 0xf4, 0x0, 0x0, 0x0, 0x0, 0x8f, 0xfb,
    0xff, 0xf4, 0x0, 0x0, 0x0, 0x0, 0x8f, 0xfb,
    0xff, 0xf4, 0x0, 0x0, 0x0, 0x0, 0x8f, 0xfb,
    0xff, 0xf4, 0x0, 0x0, 0x0, 0x0, 0x8f, 0xfb,
    0xff, 0xf4, 0x0, 0x0, 0x0, 0x0, 0x8f, 0xfb,
    0xff, 0xf4, 0x0, 0x0, 0x0, 0x0, 0x8f, 0xfb,
    0xff, 0xf4, 0x0, 0x0, 0x0, 0x0, 0x8f, 0xfb,
    0xff, 0xf4, 0x0, 0x0, 0x0, 0x0, 0x8f, 0xfb,
    0xff, 0xf4, 0x0, 0x0, 0x0, 0x0, 0x8f, 0xfb,
    0xef, 0xf5, 0x0, 0x0, 0x0, 0x0, 0x9f, 0xf9,
    0xcf, 0xfa, 0x0, 0x0, 0x0, 0x0, 0xdf, 0xf7,
    0x7f, 0xff, 0x30, 0x0, 0x0, 0x7, 0xff, 0xf2,
    0x1e, 0xff, 0xf7, 0x10, 0x2, 0x9f, 0xff, 0xb0,
    0x4, 0xff, 0xff, 0xff, 0xff, 0xff, 0xfe, 0x10,
    0x0, 0x4e, 0xff, 0xff, 0xff, 0xff, 0xb1, 0x0,
    0x0, 0x0, 0x6b, 0xdf, 0xed, 0x94, 0x0, 0x0,

    /* U+016F "ů" */
    0x0, 0x0, 0x1a, 0xee, 0x70, 0x0, 0x0, 0x0,
    0x0, 0xbf, 0xef, 0xf7, 0x0, 0x0, 0x0, 0x1,
    0xfe, 0x4, 0xfd, 0x0, 0x0, 0x0, 0x1, 0xff,
    0x15, 0xfd, 0x0, 0x0, 0x0, 0x0, 0xaf, 0xff,
    0xf6, 0x0, 0x0, 0x0, 0x0, 0x7, 0xcc, 0x50,
    0x0, 0x0, 0x0, 0x0, 0x0, 0x0, 0x0, 0x0,
    0x0, 0x9f, 0xf9, 0x0, 0x0, 0x0, 0xff, 0xf1,
    0x9f, 0xf9, 0x0, 0x0, 0x0, 0xff, 0xf1, 0x9f,
    0xf9, 0x0, 0x0, 0x0, 0xff, 0xf1, 0x9f, 0xf9,
    0x0, 0x0, 0x0, 0xff, 0xf1, 0x9f, 0xf9, 0x0,
    0x0, 0x0, 0xff, 0xf1, 0x9f, 0xf9, 0x0, 0x0,
    0x0, 0xff, 0xf1, 0x9f, 0xf9, 0x0, 0x0, 0x0,
    0xff, 0xf1, 0x9f, 0xf9, 0x0, 0x0, 0x1, 0xff,
    0xf1, 0x8f, 0xfb, 0x0, 0x0, 0x3, 0xff, 0xf1,
    0x7f, 0xfe, 0x0, 0x0, 0x9, 0xff, 0xf1, 0x3f,
    0xff, 0xa0, 0x0, 0x6f, 0xff, 0xf1, 0xd, 0xff,
    0xff, 0xdf, 0xff, 0xff, 0xf1, 0x3, 0xef, 0xff,
    0xff, 0xf6, 0xff, 0xf1, 0x0, 0x19, 0xdf, 0xeb,
    0x40, 0xef, 0xf1,

    /* U+0170 "Ű" */
    0x0, 0x0, 0x1, 0xab, 0xa2, 0x6, 0xbb, 0x80,
    0x0, 0x0, 0xc, 0xff, 0x80, 0x4f, 0xfe, 0x20,
    0x0, 0x0, 0x8f, 0xfa, 0x1, 0xef, 0xf3, 0x0,
    0x0, 0x4, 0xff, 0xc0, 0xb, 0xff, 0x50, 0x0,
    0x0, 0x0, 0x0, 0x0, 0x0, 0x0, 0x0, 0x0,
    0x0, 0x0, 0x0, 0x0, 0x0, 0x0, 0x0, 0x0,
    0xff, 0xf4, 0x0, 0x0, 0x0, 0x0, 0x8f, 0xfb,
    0xff, 0xf4, 0x0, 0x0, 0x0, 0x0, 0x8f, 0xfb,
    0xff, 0xf4, 0x0, 0x0, 0x0, 0x0, 0x8f, 0xfb,
    0xff, 0xf4, 0x0, 0x0, 0x0, 0x0, 0x8f, 0xfb,
    0xff, 0xf4, 0x0, 0x0, 0x0, 0x0, 0x8f, 0xfb,
    0xff, 0xf4, 0x0, 0x0, 0x0, 0x0, 0x8f, 0xfb,
    0xff, 0xf4, 0x0, 0x0, 0x0, 0x0, 0x8f, 0xfb,
    0xff, 0xf4, 0x0, 0x0, 0x0, 0x0, 0x8f, 0xfb,
    0xff, 0xf4, 0x0, 0x0, 0x0, 0x0, 0x8f, 0xfb,
    0xff, 0xf4, 0x0, 0x0, 0x0, 0x0, 0x8f, 0xfb,
    0xff, 0xf4, 0x0, 0x0, 0x0, 0x0, 0x8f, 0xfb,
    0xff, 0xf4, 0x0, 0x0, 0x0, 0x0, 0x8f, 0xfb,
    0xef, 0xf5, 0x0, 0x0, 0x0, 0x0, 0x9f, 0xf9,
    0xcf, 0xfa, 0x0, 0x0, 0x0, 0x0, 0xdf, 0xf7,
    0x7f, 0xff, 0x30, 0x0, 0x0, 0x7, 0xff, 0xf2,
    0x1e, 0xff, 0xf7, 0x10, 0x2, 0x9f, 0xff, 0xb0,
    0x4, 0xff, 0xff, 0xff, 0xff, 0xff, 0xfe, 0x10,
    0x0, 0x4e, 0xff, 0xff, 0xff, 0xff, 0xb1, 0x0,
    0x0, 0x0, 0x6b, 0xdf, 0xed, 0x94, 0x0, 0x0,

    /* U+0171 "ű" */
    0x0, 0x0, 0x4f, 0xff, 0x20, 0xbf, 0xfa, 0x0,
    0x0, 0x1e, 0xff, 0x40, 0x8f, 0xfc, 0x0, 0x0,
    0xc, 0xff, 0x60, 0x4f, 0xfd, 0x10, 0x0, 0x4,
    0xbb, 0x70, 0x9, 0xba, 0x20, 0x0, 0x0, 0x0,
    0x0, 0x0, 0x0, 0x0, 0x0, 0x9, 0xff, 0x90,
    0x0, 0x0, 0xf, 0xff, 0x10, 0x9f, 0xf9, 0x0,
    0x0, 0x0, 0xff, 0xf1, 0x9, 0xff, 0x90, 0x0,
    0x0, 0xf, 0xff, 0x10, 0x9f, 0xf9, 0x0, 0x0,
    0x0, 0xff, 0xf1, 0x9, 0xff, 0x90, 0x0, 0x0,
    0xf, 0xff, 0x10, 0x9f, 0xf9, 0x0, 0x0, 0x0,
    0xff, 0xf1, 0x9, 0xff, 0x90, 0x0, 0x0, 0xf,
    0xff, 0x10, 0x9f, 0xf9, 0x0, 0x0, 0x1, 0xff,
    0xf1, 0x8, 0xff, 0xb0, 0x0, 0x0, 0x3f, 0xff,
    0x10, 0x7f, 0xfe, 0x0, 0x0, 0x9, 0xff, 0xf1,
    0x3, 0xff, 0xfa, 0x0, 0x6, 0xff, 0xff, 0x10,
    0xd, 0xff, 0xff, 0xdf, 0xff, 0xff, 0xf1, 0x0,
    0x3e, 0xff, 0xff, 0xff, 0x6f, 0xff, 0x10, 0x0,
    0x19, 0xdf, 0xeb, 0x40, 0xef, 0xf1, 0x0,

    /* U+0172 "Ų" */
    0xff, 0xf4, 0x0, 0x0, 0x0, 0x0, 0x8f, 0xfb,
    0xff, 0xf4, 0x0, 0x0, 0x0, 0x0, 0x8f, 0xfb,
    0xff, 0xf4, 0x0, 0x0, 0x0, 0x0, 0x8f, 0xfb,
    0xff, 0xf4, 0x0, 0x0, 0x0, 0x0, 0x8f, 0xfb,
    0xff, 0xf4, 0x0, 0x0, 0x0, 0x0, 0x8f, 0xfb,
    0xff, 0xf4, 0x0, 0x0, 0x0, 0x0, 0x8f, 0xfb,
    0xff, 0xf4, 0x0, 0x0, 0x0, 0x0, 0x8f, 0xfb,
    0xff, 0xf4, 0x0, 0x0, 0x0, 0x0, 0x8f, 0xfb,
    0xff, 0xf4, 0x0, 0x0, 0x0, 0x0, 0x8f, 0xfb,
    0xff, 0xf4, 0x0, 0x0, 0x0, 0x0, 0x8f, 0xfb,
    0xff, 0xf4, 0x0, 0x0, 0x0, 0x0, 0x8f, 0xfb,
    0xff, 0xf4, 0x0, 0x0, 0x0, 0x0, 0x8f, 0xfb,
    0xef, 0xf5, 0x0, 0x0, 0x0, 0x0, 0x9f, 0xf9,
    0xcf, 0xfa, 0x0, 0x0, 0x0, 0x0, 0xdf, 0xf7,
    0x7f, 0xff, 0x30, 0x0, 0x0, 0x7, 0xff, 0xf2,
    0x1e, 0xff, 0xf7, 0x10, 0x2, 0x9f, 0xff, 0xb0,
    0x4, 0xff, 0xff, 0xff, 0xff, 0xff, 0xfe, 0x10,
    0x0, 0x4e, 0xff, 0xff, 0xff, 0xff, 0xf3, 0x0,
    0x0, 0x0, 0x6b, 0xdf, 0xed, 0xff, 0x30, 0x0,
    0x0, 0x0, 0x0, 0x0, 0x5, 0xfb, 0x0, 0x0,
    0x0, 0x0, 0x0, 0x0, 0xd, 0xf8, 0x0, 0x0,
    0x0, 0x0, 0x0, 0x0, 0xf, 0xfd, 0x34, 0x20,
    0x0, 0x0, 0x0, 0x0, 0xb, 0xff, 0xff, 0xb0,
    0x0, 0x0, 0x0, 0x0, 0x0, 0x8d, 0xff, 0xc0,

    /* U+0173 "ų" */
    0x9f, 0xf9, 0x0, 0x0, 0x0, 0xff, 0xf1, 0x9f,
    0xf9, 0x0, 0x0, 0x0, 0xff, 0xf1, 0x9f, 0xf9,
    0x0, 0x0, 0x0, 0xff, 0xf1, 0x9f, 0xf9, 0x0,
    0x0, 0x0, 0xff, 0xf1, 0x9f, 0xf9, 0x0, 0x0,
    0x0, 0xff, 0xf1, 0x9f, 0xf9, 0x0, 0x0, 0x0,
    0xff, 0xf1, 0x9f, 0xf9, 0x0, 0x0, 0x0, 0xff,
    0xf1, 0x9f, 0xf9, 0x0, 0x0, 0x1, 0xff, 0xf1,
    0x8f, 0xfb, 0x0, 0x0, 0x3, 0xff, 0xf1, 0x7f,
    0xfe, 0x0, 0x0, 0x9, 0xff, 0xf1, 0x3f, 0xff,
    0xa0, 0x0, 0x6f, 0xff, 0xf1, 0xd, 0xff, 0xff,
    0xdf, 0xff, 0xff, 0xf1, 0x3, 0xef, 0xff, 0xff,
    0xf6, 0xff, 0xf1, 0x0, 0x19, 0xdf, 0xeb, 0x40,
    0xff, 0xf1, 0x0, 0x0, 0x0, 0x0, 0x5, 0xfe,
    0x50, 0x0, 0x0, 0x0, 0x0, 0x5f, 0xf2, 0x0,
    0x0, 0x0, 0x0, 0x0, 0xbf, 0xf5, 0x50, 0x0,
    0x0, 0x0, 0x0, 0x8f, 0xff, 0xf5, 0x0, 0x0,
    0x0, 0x0, 0x7, 0xdf, 0xe7,

    /* U+0174 "Ŵ" */
    0x0, 0x0, 0x0, 0x0, 0x0, 0xa, 0xff, 0xfb,
    0x0, 0x0, 0x0, 0x0, 0x0, 0x0, 0x0, 0x0,
    0x0, 0x0, 0x0, 0x9f, 0xfd, 0xff, 0xb0, 0x0,
    0x0, 0x0, 0x0, 0x0, 0x0, 0x0, 0x0, 0x0,
    0x9, 0xff, 0x80, 0x7f, 0xfb, 0x0, 0x0, 0x0,
    0x0, 0x0, 0x0, 0x0, 0x0, 0x0, 0x28, 0x85,
    0x0, 0x4, 0x88, 0x30, 0x0, 0x0, 0x0, 0x0,
    0x0, 0x0, 0x0, 0x0, 0x0, 0x0, 0x0, 0x0,
    0x0, 0x0, 0x0, 0x0, 0x0, 0x0, 0x9f, 0xfa,
    0x0, 0x0, 0x0, 0x1, 0xff, 0xf6, 0x0, 0x0,
    0x0, 0x6, 0xff, 0xe0, 0x4f, 0xff, 0x0, 0x0,
    0x0, 0x6, 0xff, 0xfb, 0x0, 0x0, 0x0, 0xb,
    0xff, 0x90, 0xf, 0xff, 0x40, 0x0, 0x0, 0xb,
    0xff, 0xff, 0x0, 0x0, 0x0, 0xf, 0xff, 0x40,
    0xa, 0xff, 0x90, 0x0, 0x0, 0xf, 0xff, 0xff,
    0x40, 0x0, 0x0, 0x5f, 0xfe, 0x0, 0x5, 0xff,
    0xe0, 0x0, 0x0, 0x4f, 0xff, 0xff, 0x90, 0x0,
    0x0, 0xaf, 0xfa, 0x0, 0x1, 0xff, 0xf3, 0x0,
    0x0, 0x9f, 0xfb, 0xff, 0xe0, 0x0, 0x0, 0xef,
    0xf5, 0x0, 0x0, 0xbf, 0xf8, 0x0, 0x0, 0xdf,
    0xf3, 0xef, 0xf2, 0x0, 0x4, 0xff, 0xf0, 0x0,
    0x0, 0x7f, 0xfd, 0x0, 0x2, 0xff, 0xe0, 0xaf,
    0xf7, 0x0, 0x9, 0xff, 0xb0, 0x0, 0x0, 0x2f,
    0xff, 0x20, 0x7, 0xff, 0x90, 0x5f, 0xfc, 0x0,
    0xe, 0xff, 0x60, 0x0, 0x0, 0xd, 0xff, 0x70,
    0xc, 0xff, 0x50, 0x1f, 0xff, 0x10, 0x3f, 0xff,
    0x10, 0x0, 0x0, 0x8, 0xff, 0xb0, 0xf, 0xff,
    0x0, 0xc, 0xff, 0x50, 0x8f, 0xfc, 0x0, 0x0,
    0x0, 0x3, 0xff, 0xf1, 0x5f, 0xfb, 0x0, 0x7,
    0xff, 0xa0, 0xdf, 0xf7, 0x0, 0x0, 0x0, 0x0,
    0xef, 0xf5, 0xaf, 0xf7, 0x0, 0x3, 0xff, 0xe2,
    0xff, 0xf2, 0x0, 0x0, 0x0, 0x0, 0x9f, 0xfa,
    0xef, 0xf2, 0x0, 0x0, 0xef, 0xfa, 0xff, 0xd0,
    0x0, 0x0, 0x0, 0x0, 0x4f, 0xff, 0xff, 0xd0,
    0x0, 0x0, 0xaf, 0xff, 0xff, 0x80, 0x0, 0x0,
    0x0, 0x0, 0xf, 0xff, 0xff, 0x90, 0x0, 0x0,
    0x5f, 0xff, 0xff, 0x30, 0x0, 0x0, 0x0, 0x0,
    0xa, 0xff, 0xff, 0x40, 0x0, 0x0, 0x1f, 0xff,
    0xfe, 0x0, 0x0, 0x0, 0x0, 0x0, 0x5, 0xff,
    0xff, 0x0, 0x0, 0x0, 0xc, 0xff, 0xf9, 0x0,
    0x0, 0x0, 0x0, 0x0, 0x1, 0xff, 0xfb, 0x0,
    0x0, 0x0, 0x7, 0xff, 0xf4, 0x0, 0x0, 0x0,

    /* U+0175 "ŵ" */
    0x0, 0x0, 0x0, 0x0, 0x1d, 0xff, 0xf9, 0x0,
    0x0, 0x0, 0x0, 0x0, 0x0, 0x0, 0x0, 0x2d,
    0xff, 0xbf, 0xfa, 0x0, 0x0, 0x0, 0x0, 0x0,
    0x0, 0x0, 0x2e, 0xfe, 0x30, 0x6f, 0xfb, 0x0,
    0x0, 0x0, 0x0, 0x0, 0x0, 0x2, 0x33, 0x10,
    0x0, 0x13, 0x31, 0x0, 0x0, 0x0, 0x0, 0x0,
    0x0, 0x0, 0x0, 0x0, 0x0, 0x0, 0x0, 0x0,
    0x0, 0x8, 0xff, 0x90, 0x0, 0x0, 0x4f, 0xff,
    0x20, 0x0, 0x0, 0xcf, 0xf5, 0x3f, 0xfe, 0x0,
    0x0, 0x9, 0xff, 0xf7, 0x0, 0x0, 0x2f, 0xff,
    0x0, 0xdf, 0xf4, 0x0, 0x0, 0xef, 0xff, 0xc0,
    0x0, 0x7, 0xff, 0xb0, 0x8, 0xff, 0x90, 0x0,
    0x4f, 0xff, 0xff, 0x20, 0x0, 0xcf, 0xf5, 0x0,
    0x3f, 0xfe, 0x0, 0x9, 0xff, 0xaf, 0xf7, 0x0,
    0x2f, 0xff, 0x0, 0x0, 0xdf, 0xf4, 0x0, 0xef,
    0xe1, 0xff, 0xc0, 0x7, 0xff, 0xa0, 0x0, 0x8,
    0xff, 0x90, 0x4f, 0xf9, 0xc, 0xff, 0x20, 0xcf,
    0xf5, 0x0, 0x0, 0x2f, 0xfe, 0x9, 0xff, 0x40,
    0x6f, 0xf7, 0x2f, 0xff, 0x0, 0x0, 0x0, 0xdf,
    0xf4, 0xef, 0xe0, 0x1, 0xff, 0xc7, 0xff, 0xa0,
    0x0, 0x0, 0x7, 0xff, 0xdf, 0xf9, 0x0, 0xc,
    0xff, 0xef, 0xf4, 0x0, 0x0, 0x0, 0x2f, 0xff,
    0xff, 0x40, 0x0, 0x7f, 0xff, 0xff, 0x0, 0x0,
    0x0, 0x0, 0xcf, 0xff, 0xe0, 0x0, 0x2, 0xff,
    0xff, 0xa0, 0x0, 0x0, 0x0, 0x7, 0xff, 0xfa,
    0x0, 0x0, 0xd, 0xff, 0xf4, 0x0, 0x0, 0x0,
    0x0, 0x2f, 0xff, 0x40, 0x0, 0x0, 0x7f, 0xfe,
    0x0, 0x0, 0x0,

    /* U+0176 "Ŷ" */
    0x0, 0x0, 0x0, 0x1, 0x11, 0x0, 0x0, 0x0,
    0x0, 0x0, 0x0, 0x0, 0x8f, 0xff, 0xe1, 0x0,
    0x0, 0x0, 0x0, 0x0, 0x7, 0xff, 0xef, 0xfd,
    0x10, 0x0, 0x0, 0x0, 0x0, 0x5f, 0xfc, 0x16,
    0xff, 0xc0, 0x0, 0x0, 0x0, 0x1, 0xaa, 0x90,
    0x0, 0x5a, 0xa6, 0x0, 0x0, 0x0, 0x0, 0x0,
    0x0, 0x0, 0x0, 0x0, 0x0, 0x0, 0x7f, 0xff,
    0x40, 0x0, 0x0, 0x0, 0xa, 0xff, 0xf2, 0xd,
    0xff, 0xd0, 0x0, 0x0, 0x0, 0x3f, 0xff, 0x70,
    0x3, 0xff, 0xf8, 0x0, 0x0, 0x0, 0xdf, 0xfd,
    0x0, 0x0, 0x9f, 0xff, 0x20, 0x0, 0x7, 0xff,
    0xf3, 0x0, 0x0, 0xe, 0xff, 0xb0, 0x0, 0x2f,
    0xff, 0x90, 0x0, 0x0, 0x4, 0xff, 0xf5, 0x0,
    0xbf, 0xfe, 0x0, 0x0, 0x0, 0x0, 0xaf, 0xfe,
    0x15, 0xff, 0xf4, 0x0, 0x0, 0x0, 0x0, 0x1e,
    0xff, 0xae, 0xff, 0xa0, 0x0, 0x0, 0x0, 0x0,
    0x6, 0xff, 0xff, 0xfe, 0x10, 0x0, 0x0, 0x0,
    0x0, 0x0, 0xcf, 0xff, 0xf6, 0x0, 0x0, 0x0,
    0x0, 0x0, 0x0, 0x2f, 0xff, 0xc0, 0x0, 0x0,
    0x0, 0x0, 0x0, 0x0, 0xc, 0xff, 0x70, 0x0,
    0x0, 0x0, 0x0, 0x0, 0x0, 0xc, 0xff, 0x70,
    0x0, 0x0, 0x0, 0x0, 0x0, 0x0, 0xc, 0xff,
    0x70, 0x0, 0x0, 0x0, 0x0, 0x0, 0x0, 0xc,
    0xff, 0x70, 0x0, 0x0, 0x0, 0x0, 0x0, 0x0,
    0xc, 0xff, 0x70, 0x0, 0x0, 0x0, 0x0, 0x0,
    0x0, 0xc, 0xff, 0x70, 0x0, 0x0, 0x0, 0x0,
    0x0, 0x0, 0xc, 0xff, 0x70, 0x0, 0x0, 0x0,
    0x0, 0x0, 0x0, 0xc, 0xff, 0x70, 0x0, 0x0,
    0x0,

    /* U+0177 "ŷ" */
    0x0, 0x0, 0x8, 0xff, 0xfd, 0x10, 0x0, 0x0,
    0x0, 0x0, 0x9f, 0xfb, 0xff, 0xe2, 0x0, 0x0,
    0x0, 0xa, 0xff, 0x70, 0x2d, 0xfe, 0x30, 0x0,
    0x0, 0x13, 0x32, 0x0, 0x0, 0x33, 0x20, 0x0,
    0x0, 0x0, 0x0, 0x0, 0x0, 0x0, 0x0, 0x0,
    0x9f, 0xfc, 0x0, 0x0, 0x0, 0x3, 0xff, 0xf3,
    0x2f, 0xff, 0x30, 0x0, 0x0, 0xa, 0xff, 0xc0,
    0xa, 0xff, 0xa0, 0x0, 0x0, 0x1f, 0xff, 0x50,
    0x2, 0xff, 0xf1, 0x0, 0x0, 0x7f, 0xfd, 0x0,
    0x0, 0xbf, 0xf8, 0x0, 0x0, 0xef, 0xf7, 0x0,
    0x0, 0x3f, 0xfe, 0x0, 0x5, 0xff, 0xf0, 0x0,
    0x0, 0xc, 0xff, 0x60, 0xc, 0xff, 0x90, 0x0,
    0x0, 0x4, 0xff, 0xd0, 0x2f, 0xff, 0x20, 0x0,
    0x0, 0x0, 0xdf, 0xf4, 0x9f, 0xfb, 0x0, 0x0,
    0x0, 0x0, 0x5f, 0xfc, 0xff, 0xf3, 0x0, 0x0,
    0x0, 0x0, 0xd, 0xff, 0xff, 0xc0, 0x0, 0x0,
    0x0, 0x0, 0x6, 0xff, 0xff, 0x50, 0x0, 0x0,
    0x0, 0x0, 0x0, 0xef, 0xfe, 0x0, 0x0, 0x0,
    0x0, 0x0, 0x0, 0xcf, 0xf7, 0x0, 0x0, 0x0,
    0x0, 0x0, 0x3, 0xff, 0xf1, 0x0, 0x0, 0x0,
    0x0, 0x20, 0xc, 0xff, 0x90, 0x0, 0x0, 0x0,
    0x5, 0xfd, 0xff, 0xff, 0x10, 0x0, 0x0, 0x0,
    0xd, 0xff, 0xff, 0xf5, 0x0, 0x0, 0x0, 0x0,
    0x5, 0xbe, 0xfc, 0x40, 0x0, 0x0, 0x0, 0x0,

    /* U+0178 "Ÿ" */
    0x0, 0x0, 0x13, 0x0, 0x0, 0x1, 0x30, 0x0,
    0x0, 0x0, 0x2, 0xff, 0xa0, 0x0, 0x1e, 0xfc,
    0x0, 0x0, 0x0, 0x5, 0xff, 0xe0, 0x0, 0x3f,
    0xff, 0x0, 0x0, 0x0, 0x0, 0xcf, 0x60, 0x0,
    0xa, 0xf7, 0x0, 0x0, 0x0, 0x0, 0x0, 0x0,
    0x0, 0x0, 0x0, 0x0, 0x0, 0x0, 0x0, 0x0,
    0x0, 0x0, 0x0, 0x0, 0x0, 0x0, 0x7f, 0xff,
    0x40, 0x0, 0x0, 0x0, 0xa, 0xff, 0xf2, 0xd,
    0xff, 0xd0, 0x0, 0x0, 0x0, 0x3f, 0xff, 0x70,
    0x3, 0xff, 0xf8, 0x0, 0x0, 0x0, 0xdf, 0xfd,
    0x0, 0x0, 0x9f, 0xff, 0x20, 0x0, 0x7, 0xff,
    0xf3, 0x0, 0x0, 0xe, 0xff, 0xb0, 0x0, 0x2f,
    0xff, 0x90, 0x0, 0x0, 0x4, 0xff, 0xf5, 0x0,
    0xbf, 0xfe, 0x0, 0x0, 0x0, 0x0, 0xaf, 0xfe,
    0x15, 0xff, 0xf4, 0x0, 0x0, 0x0, 0x0, 0x1e,
    0xff, 0xae, 0xff, 0xa0, 0x0, 0x0, 0x0, 0x0,
    0x6, 0xff, 0xff, 0xfe, 0x10, 0x0, 0x0, 0x0,
    0x0, 0x0, 0xcf, 0xff, 0xf6, 0x0, 0x0, 0x0,
    0x0, 0x0, 0x0, 0x2f, 0xff, 0xc0, 0x0, 0x0,
    0x0, 0x0, 0x0, 0x0, 0xc, 0xff, 0x70, 0x0,
    0x0, 0x0, 0x0, 0x0, 0x0, 0xc, 0xff, 0x70,
    0x0, 0x0, 0x0, 0x0, 0x0, 0x0, 0xc, 0xff,
    0x70, 0x0, 0x0, 0x0, 0x0, 0x0, 0x0, 0xc,
    0xff, 0x70, 0x0, 0x0, 0x0, 0x0, 0x0, 0x0,
    0xc, 0xff, 0x70, 0x0, 0x0, 0x0, 0x0, 0x0,
    0x0, 0xc, 0xff, 0x70, 0x0, 0x0, 0x0, 0x0,
    0x0, 0x0, 0xc, 0xff, 0x70, 0x0, 0x0, 0x0,
    0x0, 0x0, 0x0, 0xc, 0xff, 0x70, 0x0, 0x0,
    0x0,

    /* U+0179 "Ź" */
    0x0, 0x0, 0x0, 0x0, 0x7f, 0xfe, 0x20, 0x0,
    0x0, 0x0, 0x0, 0x6, 0xff, 0xe2, 0x0, 0x0,
    0x0, 0x0, 0x0, 0x5f, 0xfe, 0x20, 0x0, 0x0,
    0x0, 0x0, 0x0, 0x78, 0x82, 0x0, 0x0, 0x0,
    0x0, 0x0, 0x0, 0x0, 0x0, 0x0, 0x0, 0x0,
    0xcf, 0xff, 0xff, 0xff, 0xff, 0xff, 0xff, 0xfa,
    0xcf, 0xff, 0xff, 0xff, 0xff, 0xff, 0xff, 0xfa,
    0xbf, 0xff, 0xff, 0xff, 0xff, 0xff, 0xff, 0xf9,
    0x0, 0x0, 0x0, 0x0, 0x0, 0x1e, 0xff, 0xf3,
    0x0, 0x0, 0x0, 0x0, 0x0, 0xdf, 0xff, 0x40,
    0x0, 0x0, 0x0, 0x0, 0xb, 0xff, 0xf6, 0x0,
    0x0, 0x0, 0x0, 0x0, 0x9f, 0xff, 0x80, 0x0,
    0x0, 0x0, 0x0, 0x7, 0xff, 0xfa, 0x0, 0x0,
    0x0, 0x0, 0x0, 0x5f, 0xff, 0xc0, 0x0, 0x0,
    0x0, 0x0, 0x3, 0xff, 0xfe, 0x10, 0x0, 0x0,
    0x0, 0x0, 0x2e, 0xff, 0xf2, 0x0, 0x0, 0x0,
    0x0, 0x1, 0xdf, 0xff, 0x40, 0x0, 0x0, 0x0,
    0x0, 0xc, 0xff, 0xf6, 0x0, 0x0, 0x0, 0x0,
    0x0, 0xaf, 0xff, 0x80, 0x0, 0x0, 0x0, 0x0,
    0x8, 0xff, 0xfa, 0x0, 0x0, 0x0, 0x0, 0x0,
    0x6f, 0xff, 0xc0, 0x0, 0x0, 0x0, 0x0, 0x0,
    0xdf, 0xff, 0xff, 0xff, 0xff, 0xff, 0xff, 0xf8,
    0xdf, 0xff, 0xff, 0xff, 0xff, 0xff, 0xff, 0xf8,
    0xdf, 0xff, 0xff, 0xff, 0xff, 0xff, 0xff, 0xf8,

    /* U+017A "ź" */
    0x0, 0x0, 0x0, 0xaf, 0xfc, 0x10, 0x0, 0x0,
    0xa, 0xff, 0xc0, 0x0, 0x0, 0x0, 0x9f, 0xfb,
    0x0, 0x0, 0x0, 0x1, 0x66, 0x50, 0x0, 0x0,
    0x0, 0x0, 0x0, 0x0, 0x0, 0x0, 0xff, 0xff,
    0xff, 0xff, 0xff, 0xf7, 0xff, 0xff, 0xff, 0xff,
    0xff, 0xf7, 0x89, 0x99, 0x99, 0x9d, 0xff, 0xf3,
    0x0, 0x0, 0x0, 0x4f, 0xff, 0x60, 0x0, 0x0,
    0x2, 0xef, 0xf9, 0x0, 0x0, 0x0, 0xd, 0xff,
    0xc0, 0x0, 0x0, 0x0, 0xbf, 0xfe, 0x10, 0x0,
    0x0, 0x8, 0xff, 0xf3, 0x0, 0x0, 0x0, 0x5f,
    0xff, 0x60, 0x0, 0x0, 0x3, 0xff, 0xf9, 0x0,
    0x0, 0x0, 0x1e, 0xff, 0xb0, 0x0, 0x0, 0x0,
    0xbf, 0xff, 0x98, 0x88, 0x88, 0x84, 0xff, 0xff,
    0xff, 0xff, 0xff, 0xf7, 0xff, 0xff, 0xff, 0xff,
    0xff, 0xf7,

    /* U+017B "Ż" */
    0x0, 0x0, 0x0, 0x4e, 0xd3, 0x0, 0x0, 0x0,
    0x0, 0x0, 0x0, 0xdf, 0xfb, 0x0, 0x0, 0x0,
    0x0, 0x0, 0x0, 0xbf, 0xf9, 0x0, 0x0, 0x0,
    0x0, 0x0, 0x0, 0x17, 0x70, 0x0, 0x0, 0x0,
    0x0, 0x0, 0x0, 0x0, 0x0, 0x0, 0x0, 0x0,
    0x0, 0x0, 0x0, 0x0, 0x0, 0x0, 0x0, 0x0,
    0xcf, 0xff, 0xff, 0xff, 0xff, 0xff, 0xff, 0xfa,
    0xcf, 0xff, 0xff, 0xff, 0xff, 0xff, 0xff, 0xfa,
    0xbf, 0xff, 0xff, 0xff, 0xff, 0xff, 0xff, 0xf9,
    0x0, 0x0, 0x0, 0x0, 0x0, 0x1e, 0xff, 0xf3,
    0x0, 0x0, 0x0, 0x0, 0x0, 0xdf, 0xff, 0x40,
    0x0, 0x0, 0x0, 0x0, 0xb, 0xff, 0xf6, 0x0,
    0x0, 0x0, 0x0, 0x0, 0x9f, 0xff, 0x80, 0x0,
    0x0, 0x0, 0x0, 0x7, 0xff, 0xfa, 0x0, 0x0,
    0x0, 0x0, 0x0, 0x5f, 0xff, 0xc0, 0x0, 0x0,
    0x0, 0x0, 0x3, 0xff, 0xfe, 0x10, 0x0, 0x0,
    0x0, 0x0, 0x2e, 0xff, 0xf2, 0x0, 0x0, 0x0,
    0x0, 0x1, 0xdf, 0xff, 0x40, 0x0, 0x0, 0x0,
    0x0, 0xc, 0xff, 0xf6, 0x0, 0x0, 0x0, 0x0,
    0x0, 0xaf, 0xff, 0x80, 0x0, 0x0, 0x0, 0x0,
    0x8, 0xff, 0xfa, 0x0, 0x0, 0x0, 0x0, 0x0,
    0x6f, 0xff, 0xc0, 0x0, 0x0, 0x0, 0x0, 0x0,
    0xdf, 0xff, 0xff, 0xff, 0xff, 0xff, 0xff, 0xf8,
    0xdf, 0xff, 0xff, 0xff, 0xff, 0xff, 0xff, 0xf8,
    0xdf, 0xff, 0xff, 0xff, 0xff, 0xff, 0xff, 0xf8,

    /* U+017C "ż" */
    0x0, 0x0, 0x17, 0x40, 0x0, 0x0, 0x0, 0x0,
    0xdf, 0xf5, 0x0, 0x0, 0x0, 0x0, 0xff, 0xf8,
    0x0, 0x0, 0x0, 0x0, 0x8f, 0xd2, 0x0, 0x0,
    0x0, 0x0, 0x0, 0x0, 0x0, 0x0, 0x0, 0x0,
    0x0, 0x0, 0x0, 0x0, 0xff, 0xff, 0xff, 0xff,
    0xff, 0xf7, 0xff, 0xff, 0xff, 0xff, 0xff, 0xf7,
    0x89, 0x99, 0x99, 0x9d, 0xff, 0xf3, 0x0, 0x0,
    0x0, 0x4f, 0xff, 0x60, 0x0, 0x0, 0x2, 0xef,
    0xf9, 0x0, 0x0, 0x0, 0xd, 0xff, 0xc0, 0x0,
    0x0, 0x0, 0xbf, 0xfe, 0x10, 0x0, 0x0, 0x8,
    0xff, 0xf3, 0x0, 0x0, 0x0, 0x5f, 0xff, 0x60,
    0x0, 0x0, 0x3, 0xff, 0xf9, 0x0, 0x0, 0x0,
    0x1e, 0xff, 0xb0, 0x0, 0x0, 0x0, 0xbf, 0xff,
    0x98, 0x88, 0x88, 0x84, 0xff, 0xff, 0xff, 0xff,
    0xff, 0xf7, 0xff, 0xff, 0xff, 0xff, 0xff, 0xf7,

    /* U+017D "Ž" */
    0x0, 0xc, 0xff, 0x40, 0x9, 0xff, 0x80, 0x0,
    0x0, 0x0, 0xcf, 0xf5, 0x9f, 0xf8, 0x0, 0x0,
    0x0, 0x0, 0xc, 0xff, 0xff, 0x80, 0x0, 0x0,
    0x0, 0x0, 0x1, 0x78, 0x86, 0x0, 0x0, 0x0,
    0x0, 0x0, 0x0, 0x0, 0x0, 0x0, 0x0, 0x0,
    0xcf, 0xff, 0xff, 0xff, 0xff, 0xff, 0xff, 0xfa,
    0xcf, 0xff, 0xff, 0xff, 0xff, 0xff, 0xff, 0xfa,
    0xbf, 0xff, 0xff, 0xff, 0xff, 0xff, 0xff, 0xf9,
    0x0, 0x0, 0x0, 0x0, 0x0, 0x1e, 0xff, 0xf3,
    0x0, 0x0, 0x0, 0x0, 0x0, 0xdf, 0xff, 0x40,
    0x0, 0x0, 0x0, 0x0, 0xb, 0xff, 0xf6, 0x0,
    0x0, 0x0, 0x0, 0x0, 0x9f, 0xff, 0x80, 0x0,
    0x0, 0x0, 0x0, 0x7, 0xff, 0xfa, 0x0, 0x0,
    0x0, 0x0, 0x0, 0x5f, 0xff, 0xc0, 0x0, 0x0,
    0x0, 0x0, 0x3, 0xff, 0xfe, 0x10, 0x0, 0x0,
    0x0, 0x0, 0x2e, 0xff, 0xf2, 0x0, 0x0, 0x0,
    0x0, 0x1, 0xdf, 0xff, 0x40, 0x0, 0x0, 0x0,
    0x0, 0xc, 0xff, 0xf6, 0x0, 0x0, 0x0, 0x0,
    0x0, 0xaf, 0xff, 0x80, 0x0, 0x0, 0x0, 0x0,
    0x8, 0xff, 0xfa, 0x0, 0x0, 0x0, 0x0, 0x0,
    0x6f, 0xff, 0xc0, 0x0, 0x0, 0x0, 0x0, 0x0,
    0xdf, 0xff, 0xff, 0xff, 0xff, 0xff, 0xff, 0xf8,
    0xdf, 0xff, 0xff, 0xff, 0xff, 0xff, 0xff, 0xf8,
    0xdf, 0xff, 0xff, 0xff, 0xff, 0xff, 0xff, 0xf8,

    /* U+017E "ž" */
    0x1d, 0xfe, 0x30, 0xb, 0xff, 0x50, 0x1, 0xdf,
    0xf5, 0xcf, 0xf4, 0x0, 0x0, 0x1d, 0xff, 0xff,
    0x40, 0x0, 0x0, 0x1, 0x66, 0x63, 0x0, 0x0,
    0x0, 0x0, 0x0, 0x0, 0x0, 0x0, 0xff, 0xff,
    0xff, 0xff, 0xff, 0xf7, 0xff, 0xff, 0xff, 0xff,
    0xff, 0xf7, 0x89, 0x99, 0x99, 0x9d, 0xff, 0xf3,
    0x0, 0x0, 0x0, 0x4f, 0xff, 0x60, 0x0, 0x0,
    0x2, 0xef, 0xf9, 0x0, 0x0, 0x0, 0xd, 0xff,
    0xc0, 0x0, 0x0, 0x0, 0xbf, 0xfe, 0x10, 0x0,
    0x0, 0x8, 0xff, 0xf3, 0x0, 0x0, 0x0, 0x5f,
    0xff, 0x60, 0x0, 0x0, 0x3, 0xff, 0xf9, 0x0,
    0x0, 0x0, 0x1e, 0xff, 0xb0, 0x0, 0x0, 0x0,
    0xbf, 0xff, 0x98, 0x88, 0x88, 0x84, 0xff, 0xff,
    0xff, 0xff, 0xff, 0xf7, 0xff, 0xff, 0xff, 0xff,
    0xff, 0xf7,

    /* U+2013 "–" */
    0xaa, 0xaa, 0xaa, 0xaa, 0xaa, 0xaa, 0xaa, 0xa4,
    0xff, 0xff, 0xff, 0xff, 0xff, 0xff, 0xff, 0xf6,
    0xff, 0xff, 0xff, 0xff, 0xff, 0xff, 0xff, 0xf6,

    /* U+2014 "—" */
    0xaa, 0xaa, 0xaa, 0xaa, 0xaa, 0xaa, 0xaa, 0xaa,
    0xaa, 0xaa, 0xaa, 0xaa, 0xaa, 0xaa, 0xaa, 0x8f,
    0xff, 0xff, 0xff, 0xff, 0xff, 0xff, 0xff, 0xff,
    0xff, 0xff, 0xff, 0xff, 0xff, 0xff, 0xfc, 0xff,
    0xff, 0xff, 0xff, 0xff, 0xff, 0xff, 0xff, 0xff,
    0xff, 0xff, 0xff, 0xff, 0xff, 0xff, 0xc0,

    /* U+2018 "‘" */
    0x0, 0x6f, 0xf2, 0x0, 0xcf, 0xe0, 0x2, 0xff,
    0x90, 0x9, 0xff, 0x50, 0xf, 0xff, 0x10, 0x6f,
    0xfc, 0x0, 0x23, 0x32, 0x0,

    /* U+2019 "’" */
    0x1, 0xff, 0xf2, 0x5, 0xff, 0xc0, 0x9, 0xff,
    0x50, 0xd, 0xfe, 0x0, 0x2f, 0xf8, 0x0, 0x6f,
    0xf2, 0x0, 0x13, 0x20, 0x0,

    /* U+201A "‚" */
    0x0, 0x13, 0x32, 0x0, 0x9f, 0xf9, 0x0, 0xdf,
    0xf3, 0x2, 0xff, 0xc0, 0x6, 0xff, 0x60, 0xa,
    0xff, 0x0, 0xe, 0xf9, 0x0,

    /* U+201C "“" */
    0x0, 0x6f, 0xf2, 0x6, 0xff, 0x10, 0xc, 0xfe,
    0x0, 0xcf, 0xd0, 0x3, 0xff, 0x90, 0x3f, 0xf9,
    0x0, 0x9f, 0xf5, 0x9, 0xff, 0x40, 0xf, 0xff,
    0x10, 0xff, 0xf0, 0x6, 0xff, 0xc0, 0x6f, 0xfc,
    0x0, 0x12, 0x21, 0x1, 0x22, 0x10, 0x0,

    /* U+201D "”" */
    0x0, 0xff, 0xf2, 0x1f, 0xff, 0x20, 0x4f, 0xfc,
    0x5, 0xff, 0xc0, 0x9, 0xff, 0x50, 0x9f, 0xf5,
    0x0, 0xdf, 0xe0, 0xe, 0xfe, 0x0, 0x1f, 0xf9,
    0x2, 0xff, 0x80, 0x6, 0xff, 0x20, 0x6f, 0xf2,
    0x0, 0x13, 0x30, 0x1, 0x32, 0x0, 0x0,

    /* U+201E "„" */
    0x0, 0x33, 0x30, 0x3, 0x33, 0x0, 0x3f, 0xff,
    0x3, 0xff, 0xe0, 0x7, 0xff, 0x90, 0x7f, 0xf8,
    0x0, 0xbf, 0xf3, 0xc, 0xff, 0x20, 0xf, 0xfc,
    0x0, 0xff, 0xc0, 0x4, 0xff, 0x60, 0x4f, 0xf5,
    0x0, 0x8f, 0xe0, 0x9, 0xfe, 0x0, 0x0,

    /* U+2022 "•" */
    0x0, 0x2, 0x0, 0x0, 0x5e, 0xff, 0x90, 0x2f,
    0xff, 0xff, 0x77, 0xff, 0xff, 0xfc, 0x6f, 0xff,
    0xff, 0xc1, 0xef, 0xff, 0xf5, 0x3, 0xcf, 0xd6,
    0x0,

    /* U+2026 "…" */
    0x1a, 0xc5, 0x0, 0x9, 0xc7, 0x0, 0x7, 0xc8,
    0x9, 0xff, 0xf1, 0x6, 0xff, 0xf3, 0x4, 0xff,
    0xf6, 0xaf, 0xff, 0x20, 0x7f, 0xff, 0x40, 0x5f,
    0xff, 0x72, 0xcf, 0x70, 0x1, 0xbf, 0x90, 0x0,
    0xaf, 0xb0,

    /* U+20AC "€" */
    0x0, 0x0, 0x0, 0x5, 0xad, 0xff, 0xd8, 0x20,
    0x0, 0x0, 0x0, 0x0, 0x3c, 0xff, 0xff, 0xff,
    0xff, 0x80, 0x0, 0x0, 0x0, 0x3f, 0xff, 0xff,
    0xff, 0xff, 0xff, 0xb0, 0x0, 0x0, 0x1e, 0xff,
    0xf8, 0x10, 0x2, 0xaf, 0xff, 0x80, 0x0, 0x8,
    0xff, 0xf4, 0x0, 0x0, 0x0, 0x6f, 0xfc, 0x0,
    0x0, 0xef, 0xf8, 0x0, 0x0, 0x0, 0x0, 0x41,
    0x0, 0x6c, 0xcf, 0xff, 0xdc, 0xcc, 0xcc, 0xc0,
    0x0, 0x0, 0x8, 0xff, 0xff, 0xff, 0xff, 0xff,
    0xff, 0x0, 0x0, 0x0, 0x0, 0x6f, 0xfe, 0x0,
    0x0, 0x0, 0x0, 0x0, 0x0, 0x0, 0x6, 0xff,
    0xe0, 0x0, 0x0, 0x0, 0x0, 0x0, 0x0, 0x8f,
    0xff, 0xff, 0xff, 0xff, 0xff, 0xf0, 0x0, 0x0,
    0x6, 0xcc, 0xff, 0xfd, 0xcc, 0xcc, 0xcc, 0x0,
    0x0, 0x0, 0x0, 0xf, 0xff, 0x70, 0x0, 0x0,
    0x0, 0x3, 0x0, 0x0, 0x0, 0xaf, 0xfd, 0x0,
    0x0, 0x0, 0x1, 0xff, 0x91, 0x0, 0x3, 0xff,
    0xf9, 0x0, 0x0, 0x0, 0xcf, 0xfd, 0x0, 0x0,
    0xa, 0xff, 0xfa, 0x20, 0x3, 0xcf, 0xff, 0x40,
    0x0, 0x0, 0xc, 0xff, 0xff, 0xef, 0xff, 0xff,
    0x80, 0x0, 0x0, 0x0, 0x9, 0xff, 0xff, 0xff,
    0xff, 0x60, 0x0, 0x0, 0x0, 0x0, 0x3, 0x9d,
    0xff, 0xd8, 0x10, 0x0, 0x0
};


/*---------------------
 *  GLYPH DESCRIPTION
 *--------------------*/

static const lv_font_fmt_txt_glyph_dsc_t glyph_dsc[] = {
    {.bitmap_index = 0, .adv_w = 0, .box_w = 0, .box_h = 0, .ofs_x = 0, .ofs_y = 0} /* id = 0 reserved */,
    {.bitmap_index = 0, .adv_w = 108, .box_w = 0, .box_h = 0, .ofs_x = 0, .ofs_y = 0},
    {.bitmap_index = 0, .adv_w = 138, .box_w = 5, .box_h = 19, .ofs_x = 2, .ofs_y = 0},
    {.bitmap_index = 48, .adv_w = 168, .box_w = 8, .box_h = 7, .ofs_x = 1, .ofs_y = 12},
    {.bitmap_index = 76, .adv_w = 282, .box_w = 18, .box_h = 19, .ofs_x = 0, .ofs_y = 0},
    {.bitmap_index = 247, .adv_w = 250, .box_w = 14, .box_h = 24, .ofs_x = 1, .ofs_y = -3},
    {.bitmap_index = 415, .adv_w = 359, .box_w = 21, .box_h = 19, .ofs_x = 1, .ofs_y = 0},
    {.bitmap_index = 615, .adv_w = 289, .box_w = 18, .box_h = 19, .ofs_x = 1, .ofs_y = 0},
    {.bitmap_index = 786, .adv_w = 102, .box_w = 4, .box_h = 7, .ofs_x = 1, .ofs_y = 12},
    {.bitmap_index = 800, .adv_w = 166, .box_w = 9, .box_h = 25, .ofs_x = 1, .ofs_y = -3},
    {.bitmap_index = 913, .adv_w = 166, .box_w = 8, .box_h = 25, .ofs_x = 1, .ofs_y = -3},
    {.bitmap_index = 1013, .adv_w = 217, .box_w = 11, .box_h = 10, .ofs_x = 1, .ofs_y = 9},
    {.bitmap_index = 1068, .adv_w = 282, .box_w = 14, .box_h = 13, .ofs_x = 2, .ofs_y = 2},
    {.bitmap_index = 1159, .adv_w = 110, .box_w = 6, .box_h = 7, .ofs_x = 0, .ofs_y = -3},
    {.bitmap_index = 1180, .adv_w = 184, .box_w = 9, .box_h = 3, .ofs_x = 1, .ofs_y = 7},
    {.bitmap_index = 1194, .adv_w = 104, .box_w = 5, .box_h = 4, .ofs_x = 1, .ofs_y = 0},
    {.bitmap_index = 1204, .adv_w = 186, .box_w = 12, .box_h = 23, .ofs_x = 0, .ofs_y = -2},
    {.bitmap_index = 1342, .adv_w = 289, .box_w = 16, .box_h = 19, .ofs_x = 1, .ofs_y = 0},
    {.bitmap_index = 1494, .adv_w = 188, .box_w = 8, .box_h = 19, .ofs_x = 1, .ofs_y = 0},
    {.bitmap_index = 1570, .adv_w = 256, .box_w = 15, .box_h = 19, .ofs_x = 0, .ofs_y = 0},
    {.bitmap_index = 1713, .adv_w = 247, .box_w = 14, .box_h = 19, .ofs_x = 1, .ofs_y = 0},
    {.bitmap_index = 1846, .adv_w = 281, .box_w = 17, .box_h = 19, .ofs_x = 0, .ofs_y = 0},
    {.bitmap_index = 2008, .adv_w = 259, .box_w = 15, .box_h = 19, .ofs_x = 1, .ofs_y = 0},
    {.bitmap_index = 2151, .adv_w = 257, .box_w = 15, .box_h = 19, .ofs_x = 1, .ofs_y = 0},
    {.bitmap_index = 2294, .adv_w = 246, .box_w = 14, .box_h = 19, .ofs_x = 1, .ofs_y = 0},
    {.bitmap_index = 2427, .adv_w = 275, .box_w = 15, .box_h = 19, .ofs_x = 1, .ofs_y = 0},
    {.bitmap_index = 2570, .adv_w = 257, .box_w = 15, .box_h = 19, .ofs_x = 0, .ofs_y = 0},
    {.bitmap_index = 2713, .adv_w = 126, .box_w = 5, .box_h = 14, .ofs_x = 1, .ofs_y = 0},
    {.bitmap_index = 2748, .adv_w = 129, .box_w = 6, .box_h = 17, .ofs_x = 1, .ofs_y = -3},
    {.bitmap_index = 2799, .adv_w = 282, .box_w = 11, .box_h = 12, .ofs_x = 3, .ofs_y = 2},
    {.bitmap_index = 2865, .adv_w = 282, .box_w = 12, .box_h = 8, .ofs_x = 3, .ofs_y = 4},
    {.bitmap_index = 2913, .adv_w = 282, .box_w = 11, .box_h = 12, .ofs_x = 3, .ofs_y = 2},
    {.bitmap_index = 2979, .adv_w = 228, .box_w = 14, .box_h = 19, .ofs_x = 0, .ofs_y = 0},
    {.bitmap_index = 3112, .adv_w = 444, .box_w = 26, .box_h = 24, .ofs_x = 1, .ofs_y = -5},
    {.bitmap_index = 3424, .adv_w = 313, .box_w = 20, .box_h = 19, .ofs_x = 0, .ofs_y = 0},
    {.bitmap_index = 3614, .adv_w = 274, .box_w = 15, .box_h = 19, .ofs_x = 2, .ofs_y = 0},
    {.bitmap_index = 3757, .adv_w = 324, .box_w = 19, .box_h = 19, .ofs_x = 1, .ofs_y = 0},
    {.bitmap_index = 3938, .adv_w = 311, .box_w = 17, .box_h = 19, .ofs_x = 2, .ofs_y = 0},
    {.bitmap_index = 4100, .adv_w = 264, .box_w = 13, .box_h = 19, .ofs_x = 2, .ofs_y = 0},
    {.bitmap_index = 4224, .adv_w = 246, .box_w = 13, .box_h = 19, .ofs_x = 2, .ofs_y = 0},
    {.bitmap_index = 4348, .adv_w = 336, .box_w = 20, .box_h = 19, .ofs_x = 1, .ofs_y = 0},
    {.bitmap_index = 4538, .adv_w = 336, .box_w = 17, .box_h = 19, .ofs_x = 2, .ofs_y = 0},
    {.bitmap_index = 4700, .adv_w = 126, .box_w = 4, .box_h = 19, .ofs_x = 2, .ofs_y = 0},
    {.bitmap_index = 4738, .adv_w = 241, .box_w = 14, .box_h = 19, .ofs_x = 0, .ofs_y = 0},
    {.bitmap_index = 4871, .adv_w = 289, .box_w = 16, .box_h = 19, .ofs_x = 2, .ofs_y = 0},
    {.bitmap_index = 5023, .adv_w = 237, .box_w = 13, .box_h = 19, .ofs_x = 2, .ofs_y = 0},
    {.bitmap_index = 5147, .adv_w = 382, .box_w = 20, .box_h = 19, .ofs_x = 2, .ofs_y = 0},
    {.bitmap_index = 5337, .adv_w = 347, .box_w = 18, .box_h = 19, .ofs_x = 2, .ofs_y = 0},
    {.bitmap_index = 5508, .adv_w = 351, .box_w = 20, .box_h = 19, .ofs_x = 1, .ofs_y = 0},
    {.bitmap_index = 5698, .adv_w = 266, .box_w = 15, .box_h = 19, .ofs_x = 2, .ofs_y = 0},
    {.bitmap_index = 5841, .adv_w = 352, .box_w = 20, .box_h = 20, .ofs_x = 1, .ofs_y = -1},
    {.bitmap_index = 6041, .adv_w = 285, .box_w = 15, .box_h = 19, .ofs_x = 2, .ofs_y = 0},
    {.bitmap_index = 6184, .adv_w = 273, .box_w = 15, .box_h = 19, .ofs_x = 1, .ofs_y = 0},
    {.bitmap_index = 6327, .adv_w = 256, .box_w = 16, .box_h = 19, .ofs_x = 0, .ofs_y = 0},
    {.bitmap_index = 6479, .adv_w = 316, .box_w = 16, .box_h = 19, .ofs_x = 2, .ofs_y = 0},
    {.bitmap_index = 6631, .adv_w = 319, .box_w = 20, .box_h = 19, .ofs_x = 0, .ofs_y = 0},
    {.bitmap_index = 6821, .adv_w = 437, .box_w = 28, .box_h = 19, .ofs_x = 0, .ofs_y = 0},
    {.bitmap_index = 7087, .adv_w = 293, .box_w = 19, .box_h = 19, .ofs_x = 0, .ofs_y = 0},
    {.bitmap_index = 7268, .adv_w = 282, .box_w = 18, .box_h = 19, .ofs_x = 0, .ofs_y = 0},
    {.bitmap_index = 7439, .adv_w = 284, .box_w = 16, .box_h = 19, .ofs_x = 1, .ofs_y = 0},
    {.bitmap_index = 7591, .adv_w = 151, .box_w = 6, .box_h = 25, .ofs_x = 2, .ofs_y = -3},
    {.bitmap_index = 7666, .adv_w = 186, .box_w = 12, .box_h = 23, .ofs_x = 0, .ofs_y = -2},
    {.bitmap_index = 7804, .adv_w = 151, .box_w = 7, .box_h = 25, .ofs_x = 1, .ofs_y = -3},
    {.bitmap_index = 7892, .adv_w = 255, .box_w = 12, .box_h = 9, .ofs_x = 2, .ofs_y = 10},
    {.bitmap_index = 7946, .adv_w = 195, .box_w = 12, .box_h = 3, .ofs_x = 0, .ofs_y = -3},
    {.bitmap_index = 7964, .adv_w = 111, .box_w = 7, .box_h = 4, .ofs_x = 0, .ofs_y = 15},
    {.bitmap_index = 7978, .adv_w = 235, .box_w = 14, .box_h = 14, .ofs_x = 0, .ofs_y = 0},
    {.bitmap_index = 8076, .adv_w = 265, .box_w = 15, .box_h = 19, .ofs_x = 1, .ofs_y = 0},
    {.bitmap_index = 8219, .adv_w = 244, .box_w = 15, .box_h = 14, .ofs_x = 0, .ofs_y = 0},
    {.bitmap_index = 8324, .adv_w = 265, .box_w = 15, .box_h = 19, .ofs_x = 0, .ofs_y = 0},
    {.bitmap_index = 8467, .adv_w = 247, .box_w = 15, .box_h = 14, .ofs_x = 0, .ofs_y = 0},
    {.bitmap_index = 8572, .adv_w = 172, .box_w = 11, .box_h = 19, .ofs_x = 0, .ofs_y = 0},
    {.bitmap_index = 8677, .adv_w = 267, .box_w = 15, .box_h = 19, .ofs_x = 0, .ofs_y = -5},
    {.bitmap_index = 8820, .adv_w = 253, .box_w = 14, .box_h = 19, .ofs_x = 1, .ofs_y = 0},
    {.bitmap_index = 8953, .adv_w = 112, .box_w = 5, .box_h = 20, .ofs_x = 1, .ofs_y = 0},
    {.bitmap_index = 9003, .adv_w = 126, .box_w = 9, .box_h = 25, .ofs_x = -2, .ofs_y = -5},
    {.bitmap_index = 9116, .adv_w = 232, .box_w = 14, .box_h = 19, .ofs_x = 1, .ofs_y = 0},
    {.bitmap_index = 9249, .adv_w = 106, .box_w = 4, .box_h = 19, .ofs_x = 1, .ofs_y = 0},
    {.bitmap_index = 9287, .adv_w = 387, .box_w = 22, .box_h = 14, .ofs_x = 1, .ofs_y = 0},
    {.bitmap_index = 9441, .adv_w = 253, .box_w = 14, .box_h = 14, .ofs_x = 1, .ofs_y = 0},
    {.bitmap_index = 9539, .adv_w = 260, .box_w = 16, .box_h = 14, .ofs_x = 0, .ofs_y = 0},
    {.bitmap_index = 9651, .adv_w = 267, .box_w = 15, .box_h = 19, .ofs_x = 1, .ofs_y = -5},
    {.bitmap_index = 9794, .adv_w = 263, .box_w = 15, .box_h = 19, .ofs_x = 0, .ofs_y = -5},
    {.bitmap_index = 9937, .adv_w = 163, .box_w = 9, .box_h = 14, .ofs_x = 1, .ofs_y = 0},
    {.bitmap_index = 10000, .adv_w = 209, .box_w = 13, .box_h = 14, .ofs_x = 0, .ofs_y = 0},
    {.bitmap_index = 10091, .adv_w = 176, .box_w = 11, .box_h = 19, .ofs_x = 0, .ofs_y = 0},
    {.bitmap_index = 10196, .adv_w = 253, .box_w = 14, .box_h = 14, .ofs_x = 1, .ofs_y = 0},
    {.bitmap_index = 10294, .adv_w = 243, .box_w = 15, .box_h = 14, .ofs_x = 0, .ofs_y = 0},
    {.bitmap_index = 10399, .adv_w = 365, .box_w = 23, .box_h = 14, .ofs_x = 0, .ofs_y = 0},
    {.bitmap_index = 10560, .adv_w = 229, .box_w = 15, .box_h = 14, .ofs_x = 0, .ofs_y = 0},
    {.bitmap_index = 10665, .adv_w = 249, .box_w = 16, .box_h = 19, .ofs_x = 0, .ofs_y = -5},
    {.bitmap_index = 10817, .adv_w = 216, .box_w = 12, .box_h = 14, .ofs_x = 1, .ofs_y = 0},
    {.bitmap_index = 10901, .adv_w = 175, .box_w = 9, .box_h = 25, .ofs_x = 1, .ofs_y = -3},
    {.bitmap_index = 11014, .adv_w = 115, .box_w = 3, .box_h = 28, .ofs_x = 2, .ofs_y = -6},
    {.bitmap_index = 11056, .adv_w = 175, .box_w = 9, .box_h = 25, .ofs_x = 1, .ofs_y = -3},
    {.bitmap_index = 11169, .adv_w = 281, .box_w = 16, .box_h = 7, .ofs_x = 1, .ofs_y = 5},
    {.bitmap_index = 11225, .adv_w = 108, .box_w = 0, .box_h = 0, .ofs_x = 0, .ofs_y = 0},
    {.bitmap_index = 11225, .adv_w = 134, .box_w = 5, .box_h = 19, .ofs_x = 2, .ofs_y = -5},
    {.bitmap_index = 11273, .adv_w = 241, .box_w = 15, .box_h = 19, .ofs_x = 0, .ofs_y = 0},
    {.bitmap_index = 11416, .adv_w = 263, .box_w = 15, .box_h = 19, .ofs_x = 1, .ofs_y = 0},
    {.bitmap_index = 11559, .adv_w = 260, .box_w = 14, .box_h = 13, .ofs_x = 1, .ofs_y = 3},
    {.bitmap_index = 11650, .adv_w = 258, .box_w = 16, .box_h = 19, .ofs_x = 0, .ofs_y = 0},
    {.bitmap_index = 11802, .adv_w = 130, .box_w = 4, .box_h = 28, .ofs_x = 2, .ofs_y = -6},
    {.bitmap_index = 11858, .adv_w = 243, .box_w = 13, .box_h = 22, .ofs_x = 1, .ofs_y = -3},
    {.bitmap_index = 12001, .adv_w = 209, .box_w = 11, .box_h = 4, .ofs_x = 1, .ofs_y = 17},
    {.bitmap_index = 12023, .adv_w = 359, .box_w = 21, .box_h = 20, .ofs_x = 1, .ofs_y = 0},
    {.bitmap_index = 12233, .adv_w = 150, .box_w = 9, .box_h = 9, .ofs_x = 0, .ofs_y = 11},
    {.bitmap_index = 12274, .adv_w = 269, .box_w = 15, .box_h = 12, .ofs_x = 1, .ofs_y = 2},
    {.bitmap_index = 12364, .adv_w = 282, .box_w = 11, .box_h = 6, .ofs_x = 3, .ofs_y = 5},
    {.bitmap_index = 12397, .adv_w = 277, .box_w = 17, .box_h = 15, .ofs_x = 0, .ofs_y = 4},
    {.bitmap_index = 12525, .adv_w = 134, .box_w = 10, .box_h = 3, .ofs_x = -1, .ofs_y = 16},
    {.bitmap_index = 12540, .adv_w = 168, .box_w = 9, .box_h = 8, .ofs_x = 1, .ofs_y = 12},
    {.bitmap_index = 12576, .adv_w = 282, .box_w = 14, .box_h = 16, .ofs_x = 2, .ofs_y = 0},
    {.bitmap_index = 12688, .adv_w = 164, .box_w = 10, .box_h = 11, .ofs_x = 0, .ofs_y = 11},
    {.bitmap_index = 12743, .adv_w = 159, .box_w = 10, .box_h = 11, .ofs_x = 0, .ofs_y = 11},
    {.bitmap_index = 12798, .adv_w = 111, .box_w = 7, .box_h = 4, .ofs_x = 0, .ofs_y = 15},
    {.bitmap_index = 12812, .adv_w = 253, .box_w = 14, .box_h = 19, .ofs_x = 1, .ofs_y = -5},
    {.bitmap_index = 12945, .adv_w = 255, .box_w = 14, .box_h = 22, .ofs_x = 0, .ofs_y = -3},
    {.bitmap_index = 13099, .adv_w = 116, .box_w = 5, .box_h = 4, .ofs_x = 1, .ofs_y = 7},
    {.bitmap_index = 13109, .adv_w = 102, .box_w = 7, .box_h = 6, .ofs_x = 0, .ofs_y = -6},
    {.bitmap_index = 13130, .adv_w = 126, .box_w = 5, .box_h = 11, .ofs_x = 1, .ofs_y = 11},
    {.bitmap_index = 13158, .adv_w = 163, .box_w = 10, .box_h = 9, .ofs_x = 0, .ofs_y = 11},
    {.bitmap_index = 13203, .adv_w = 269, .box_w = 15, .box_h = 12, .ofs_x = 1, .ofs_y = 2},
    {.bitmap_index = 13293, .adv_w = 374, .box_w = 22, .box_h = 19, .ofs_x = 1, .ofs_y = 0},
    {.bitmap_index = 13502, .adv_w = 388, .box_w = 23, .box_h = 19, .ofs_x = 1, .ofs_y = 0},
    {.bitmap_index = 13721, .adv_w = 407, .box_w = 25, .box_h = 20, .ofs_x = 0, .ofs_y = 0},
    {.bitmap_index = 13971, .adv_w = 209, .box_w = 13, .box_h = 19, .ofs_x = 0, .ofs_y = -5},
    {.bitmap_index = 14095, .adv_w = 313, .box_w = 20, .box_h = 24, .ofs_x = 0, .ofs_y = 0},
    {.bitmap_index = 14335, .adv_w = 313, .box_w = 20, .box_h = 24, .ofs_x = 0, .ofs_y = 0},
    {.bitmap_index = 14575, .adv_w = 313, .box_w = 20, .box_h = 25, .ofs_x = 0, .ofs_y = 0},
    {.bitmap_index = 14825, .adv_w = 313, .box_w = 20, .box_h = 25, .ofs_x = 0, .ofs_y = 0},
    {.bitmap_index = 15075, .adv_w = 313, .box_w = 20, .box_h = 25, .ofs_x = 0, .ofs_y = 0},
    {.bitmap_index = 15325, .adv_w = 313, .box_w = 20, .box_h = 26, .ofs_x = 0, .ofs_y = 0},
    {.bitmap_index = 15585, .adv_w = 453, .box_w = 27, .box_h = 19, .ofs_x = 0, .ofs_y = 0},
    {.bitmap_index = 15842, .adv_w = 324, .box_w = 19, .box_h = 24, .ofs_x = 1, .ofs_y = -5},
    {.bitmap_index = 16070, .adv_w = 264, .box_w = 13, .box_h = 24, .ofs_x = 2, .ofs_y = 0},
    {.bitmap_index = 16226, .adv_w = 264, .box_w = 13, .box_h = 24, .ofs_x = 2, .ofs_y = 0},
    {.bitmap_index = 16382, .adv_w = 264, .box_w = 13, .box_h = 25, .ofs_x = 2, .ofs_y = 0},
    {.bitmap_index = 16545, .adv_w = 264, .box_w = 13, .box_h = 25, .ofs_x = 2, .ofs_y = 0},
    {.bitmap_index = 16708, .adv_w = 126, .box_w = 7, .box_h = 24, .ofs_x = 0, .ofs_y = 0},
    {.bitmap_index = 16792, .adv_w = 126, .box_w = 8, .box_h = 24, .ofs_x = 1, .ofs_y = 0},
    {.bitmap_index = 16888, .adv_w = 126, .box_w = 12, .box_h = 25, .ofs_x = -2, .ofs_y = 0},
    {.bitmap_index = 17038, .adv_w = 131, .box_w = 8, .box_h = 25, .ofs_x = 0, .ofs_y = 0},
    {.bitmap_index = 17138, .adv_w = 335, .box_w = 19, .box_h = 19, .ofs_x = 1, .ofs_y = 0},
    {.bitmap_index = 17319, .adv_w = 347, .box_w = 18, .box_h = 24, .ofs_x = 2, .ofs_y = 0},
    {.bitmap_index = 17535, .adv_w = 351, .box_w = 20, .box_h = 25, .ofs_x = 1, .ofs_y = 0},
    {.bitmap_index = 17785, .adv_w = 351, .box_w = 20, .box_h = 24, .ofs_x = 1, .ofs_y = 0},
    {.bitmap_index = 18025, .adv_w = 351, .box_w = 20, .box_h = 25, .ofs_x = 1, .ofs_y = 0},
    {.bitmap_index = 18275, .adv_w = 351, .box_w = 20, .box_h = 25, .ofs_x = 1, .ofs_y = 0},
    {.bitmap_index = 18525, .adv_w = 351, .box_w = 20, .box_h = 25, .ofs_x = 1, .ofs_y = 0},
    {.bitmap_index = 18775, .adv_w = 282, .box_w = 12, .box_h = 12, .ofs_x = 3, .ofs_y = 2},
    {.bitmap_index = 18847, .adv_w = 353, .box_w = 22, .box_h = 19, .ofs_x = 0, .ofs_y = 0},
    {.bitmap_index = 19056, .adv_w = 316, .box_w = 16, .box_h = 25, .ofs_x = 2, .ofs_y = 0},
    {.bitmap_index = 19256, .adv_w = 316, .box_w = 16, .box_h = 25, .ofs_x = 2, .ofs_y = 0},
    {.bitmap_index = 19456, .adv_w = 316, .box_w = 16, .box_h = 25, .ofs_x = 2, .ofs_y = 0},
    {.bitmap_index = 19656, .adv_w = 316, .box_w = 16, .box_h = 26, .ofs_x = 2, .ofs_y = 0},
    {.bitmap_index = 19864, .adv_w = 282, .box_w = 18, .box_h = 24, .ofs_x = 0, .ofs_y = 0},
    {.bitmap_index = 20080, .adv_w = 270, .box_w = 15, .box_h = 19, .ofs_x = 2, .ofs_y = 0},
    {.bitmap_index = 20223, .adv_w = 259, .box_w = 15, .box_h = 19, .ofs_x = 1, .ofs_y = 0},
    {.bitmap_index = 20366, .adv_w = 233, .box_w = 14, .box_h = 19, .ofs_x = 0, .ofs_y = 0},
    {.bitmap_index = 20499, .adv_w = 233, .box_w = 14, .box_h = 19, .ofs_x = 0, .ofs_y = 0},
    {.bitmap_index = 20632, .adv_w = 233, .box_w = 14, .box_h = 19, .ofs_x = 0, .ofs_y = 0},
    {.bitmap_index = 20765, .adv_w = 233, .box_w = 14, .box_h = 20, .ofs_x = 0, .ofs_y = 0},
    {.bitmap_index = 20905, .adv_w = 233, .box_w = 14, .box_h = 20, .ofs_x = 0, .ofs_y = 0},
    {.bitmap_index = 21045, .adv_w = 233, .box_w = 14, .box_h = 21, .ofs_x = 0, .ofs_y = 0},
    {.bitmap_index = 21192, .adv_w = 392, .box_w = 24, .box_h = 14, .ofs_x = 0, .ofs_y = 0},
    {.bitmap_index = 21360, .adv_w = 244, .box_w = 15, .box_h = 19, .ofs_x = 0, .ofs_y = -5},
    {.bitmap_index = 21503, .adv_w = 248, .box_w = 15, .box_h = 19, .ofs_x = 0, .ofs_y = 0},
    {.bitmap_index = 21646, .adv_w = 248, .box_w = 15, .box_h = 19, .ofs_x = 0, .ofs_y = 0},
    {.bitmap_index = 21789, .adv_w = 248, .box_w = 15, .box_h = 19, .ofs_x = 0, .ofs_y = 0},
    {.bitmap_index = 21932, .adv_w = 248, .box_w = 15, .box_h = 20, .ofs_x = 0, .ofs_y = 0},
    {.bitmap_index = 22082, .adv_w = 112, .box_w = 8, .box_h = 19, .ofs_x = -1, .ofs_y = 0},
    {.bitmap_index = 22158, .adv_w = 112, .box_w = 8, .box_h = 19, .ofs_x = 1, .ofs_y = 0},
    {.bitmap_index = 22234, .adv_w = 112, .box_w = 11, .box_h = 19, .ofs_x = -2, .ofs_y = 0},
    {.bitmap_index = 22339, .adv_w = 112, .box_w = 9, .box_h = 20, .ofs_x = -1, .ofs_y = 0},
    {.bitmap_index = 22429, .adv_w = 258, .box_w = 15, .box_h = 21, .ofs_x = 0, .ofs_y = 0},
    {.bitmap_index = 22587, .adv_w = 253, .box_w = 14, .box_h = 19, .ofs_x = 1, .ofs_y = 0},
    {.bitmap_index = 22720, .adv_w = 260, .box_w = 16, .box_h = 19, .ofs_x = 0, .ofs_y = 0},
    {.bitmap_index = 22872, .adv_w = 260, .box_w = 16, .box_h = 19, .ofs_x = 0, .ofs_y = 0},
    {.bitmap_index = 23024, .adv_w = 260, .box_w = 16, .box_h = 19, .ofs_x = 0, .ofs_y = 0},
    {.bitmap_index = 23176, .adv_w = 260, .box_w = 16, .box_h = 20, .ofs_x = 0, .ofs_y = 0},
    {.bitmap_index = 23336, .adv_w = 260, .box_w = 16, .box_h = 20, .ofs_x = 0, .ofs_y = 0},
    {.bitmap_index = 23496, .adv_w = 282, .box_w = 12, .box_h = 12, .ofs_x = 3, .ofs_y = 2},
    {.bitmap_index = 23568, .adv_w = 259, .box_w = 16, .box_h = 14, .ofs_x = 0, .ofs_y = 0},
    {.bitmap_index = 23680, .adv_w = 253, .box_w = 14, .box_h = 19, .ofs_x = 1, .ofs_y = 0},
    {.bitmap_index = 23813, .adv_w = 253, .box_w = 14, .box_h = 19, .ofs_x = 1, .ofs_y = 0},
    {.bitmap_index = 23946, .adv_w = 253, .box_w = 14, .box_h = 19, .ofs_x = 1, .ofs_y = 0},
    {.bitmap_index = 24079, .adv_w = 253, .box_w = 14, .box_h = 20, .ofs_x = 1, .ofs_y = 0},
    {.bitmap_index = 24219, .adv_w = 249, .box_w = 16, .box_h = 24, .ofs_x = 0, .ofs_y = -5},
    {.bitmap_index = 24411, .adv_w = 265, .box_w = 15, .box_h = 24, .ofs_x = 1, .ofs_y = -5},
    {.bitmap_index = 24591, .adv_w = 249, .box_w = 16, .box_h = 25, .ofs_x = 0, .ofs_y = -5},
    {.bitmap_index = 24791, .adv_w = 313, .box_w = 20, .box_h = 23, .ofs_x = 0, .ofs_y = 0},
    {.bitmap_index = 25021, .adv_w = 233, .box_w = 14, .box_h = 19, .ofs_x = 0, .ofs_y = 0},
    {.bitmap_index = 25154, .adv_w = 313, .box_w = 20, .box_h = 24, .ofs_x = 0, .ofs_y = 0},
    {.bitmap_index = 25394, .adv_w = 233, .box_w = 14, .box_h = 19, .ofs_x = 0, .ofs_y = 0},
    {.bitmap_index = 25527, .adv_w = 313, .box_w = 21, .box_h = 24, .ofs_x = 0, .ofs_y = -5},
    {.bitmap_index = 25779, .adv_w = 233, .box_w = 14, .box_h = 19, .ofs_x = 0, .ofs_y = -5},
    {.bitmap_index = 25912, .adv_w = 324, .box_w = 19, .box_h = 25, .ofs_x = 1, .ofs_y = 0},
    {.bitmap_index = 26150, .adv_w = 244, .box_w = 15, .box_h = 19, .ofs_x = 0, .ofs_y = 0},
    {.bitmap_index = 26293, .adv_w = 324, .box_w = 19, .box_h = 25, .ofs_x = 1, .ofs_y = 0},
    {.bitmap_index = 26531, .adv_w = 244, .box_w = 15, .box_h = 19, .ofs_x = 0, .ofs_y = 0},
    {.bitmap_index = 26674, .adv_w = 324, .box_w = 19, .box_h = 25, .ofs_x = 1, .ofs_y = 0},
    {.bitmap_index = 26912, .adv_w = 244, .box_w = 15, .box_h = 20, .ofs_x = 0, .ofs_y = 0},
    {.bitmap_index = 27062, .adv_w = 324, .box_w = 19, .box_h = 25, .ofs_x = 1, .ofs_y = 0},
    {.bitmap_index = 27300, .adv_w = 244, .box_w = 15, .box_h = 19, .ofs_x = 0, .ofs_y = 0},
    {.bitmap_index = 27443, .adv_w = 311, .box_w = 17, .box_h = 24, .ofs_x = 2, .ofs_y = 0},
    {.bitmap_index = 27647, .adv_w = 265, .box_w = 20, .box_h = 19, .ofs_x = 0, .ofs_y = 0},
    {.bitmap_index = 27837, .adv_w = 335, .box_w = 19, .box_h = 19, .ofs_x = 1, .ofs_y = 0},
    {.bitmap_index = 28018, .adv_w = 265, .box_w = 17, .box_h = 19, .ofs_x = 0, .ofs_y = 0},
    {.bitmap_index = 28180, .adv_w = 264, .box_w = 13, .box_h = 23, .ofs_x = 2, .ofs_y = 0},
    {.bitmap_index = 28330, .adv_w = 248, .box_w = 15, .box_h = 19, .ofs_x = 0, .ofs_y = 0},
    {.bitmap_index = 28473, .adv_w = 264, .box_w = 13, .box_h = 25, .ofs_x = 2, .ofs_y = 0},
    {.bitmap_index = 28636, .adv_w = 248, .box_w = 15, .box_h = 20, .ofs_x = 0, .ofs_y = 0},
    {.bitmap_index = 28786, .adv_w = 264, .box_w = 14, .box_h = 24, .ofs_x = 2, .ofs_y = -5},
    {.bitmap_index = 28954, .adv_w = 248, .box_w = 16, .box_h = 19, .ofs_x = 0, .ofs_y = -5},
    {.bitmap_index = 29106, .adv_w = 264, .box_w = 13, .box_h = 24, .ofs_x = 2, .ofs_y = 0},
    {.bitmap_index = 29262, .adv_w = 248, .box_w = 15, .box_h = 19, .ofs_x = 0, .ofs_y = 0},
    {.bitmap_index = 29405, .adv_w = 336, .box_w = 20, .box_h = 25, .ofs_x = 1, .ofs_y = 0},
    {.bitmap_index = 29655, .adv_w = 267, .box_w = 15, .box_h = 24, .ofs_x = 0, .ofs_y = -5},
    {.bitmap_index = 29835, .adv_w = 336, .box_w = 20, .box_h = 25, .ofs_x = 1, .ofs_y = 0},
    {.bitmap_index = 30085, .adv_w = 267, .box_w = 15, .box_h = 24, .ofs_x = 0, .ofs_y = -5},
    {.bitmap_index = 30265, .adv_w = 336, .box_w = 20, .box_h = 26, .ofs_x = 1, .ofs_y = 0},
    {.bitmap_index = 30525, .adv_w = 267, .box_w = 15, .box_h = 25, .ofs_x = 0, .ofs_y = -5},
    {.bitmap_index = 30713, .adv_w = 336, .box_w = 20, .box_h = 24, .ofs_x = 1, .ofs_y = -5},
    {.bitmap_index = 30953, .adv_w = 267, .box_w = 15, .box_h = 24, .ofs_x = 0, .ofs_y = -5},
    {.bitmap_index = 31133, .adv_w = 336, .box_w = 17, .box_h = 25, .ofs_x = 2, .ofs_y = 0},
    {.bitmap_index = 31346, .adv_w = 253, .box_w = 17, .box_h = 25, .ofs_x = -2, .ofs_y = 0},
    {.bitmap_index = 31559, .adv_w = 336, .box_w = 21, .box_h = 19, .ofs_x = 0, .ofs_y = 0},
    {.bitmap_index = 31759, .adv_w = 253, .box_w = 15, .box_h = 19, .ofs_x = 0, .ofs_y = 0},
    {.bitmap_index = 31902, .adv_w = 126, .box_w = 10, .box_h = 23, .ofs_x = -1, .ofs_y = 0},
    {.bitmap_index = 32017, .adv_w = 112, .box_w = 9, .box_h = 18, .ofs_x = -1, .ofs_y = 0},
    {.bitmap_index = 32098, .adv_w = 126, .box_w = 7, .box_h = 24, .ofs_x = 0, .ofs_y = -5},
    {.bitmap_index = 32182, .adv_w = 112, .box_w = 6, .box_h = 25, .ofs_x = 0, .ofs_y = -5},
    {.bitmap_index = 32257, .adv_w = 126, .box_w = 4, .box_h = 25, .ofs_x = 2, .ofs_y = 0},
    {.bitmap_index = 32307, .adv_w = 112, .box_w = 5, .box_h = 14, .ofs_x = 1, .ofs_y = 0},
    {.bitmap_index = 32342, .adv_w = 367, .box_w = 19, .box_h = 19, .ofs_x = 2, .ofs_y = 0},
    {.bitmap_index = 32523, .adv_w = 238, .box_w = 13, .box_h = 25, .ofs_x = 1, .ofs_y = -5},
    {.bitmap_index = 32686, .adv_w = 241, .box_w = 17, .box_h = 25, .ofs_x = 0, .ofs_y = 0},
    {.bitmap_index = 32899, .adv_w = 121, .box_w = 12, .box_h = 24, .ofs_x = -2, .ofs_y = -5},
    {.bitmap_index = 33043, .adv_w = 289, .box_w = 16, .box_h = 24, .ofs_x = 2, .ofs_y = -5},
    {.bitmap_index = 33235, .adv_w = 232, .box_w = 14, .box_h = 24, .ofs_x = 1, .ofs_y = -5},
    {.bitmap_index = 33403, .adv_w = 237, .box_w = 14, .box_h = 24, .ofs_x = 1, .ofs_y = 0},
    {.bitmap_index = 33571, .adv_w = 106, .box_w = 8, .box_h = 24, .ofs_x = 1, .ofs_y = 0},
    {.bitmap_index = 33667, .adv_w = 237, .box_w = 13, .box_h = 24, .ofs_x = 2, .ofs_y = -5},
    {.bitmap_index = 33823, .adv_w = 106, .box_w = 6, .box_h = 24, .ofs_x = 0, .ofs_y = -5},
    {.bitmap_index = 33895, .adv_w = 237, .box_w = 13, .box_h = 21, .ofs_x = 2, .ofs_y = 0},
    {.bitmap_index = 34032, .adv_w = 106, .box_w = 9, .box_h = 19, .ofs_x = 1, .ofs_y = 0},
    {.bitmap_index = 34118, .adv_w = 237, .box_w = 15, .box_h = 19, .ofs_x = 0, .ofs_y = 0},
    {.bitmap_index = 34261, .adv_w = 127, .box_w = 8, .box_h = 19, .ofs_x = 0, .ofs_y = 0},
    {.bitmap_index = 34337, .adv_w = 347, .box_w = 18, .box_h = 24, .ofs_x = 2, .ofs_y = 0},
    {.bitmap_index = 34553, .adv_w = 253, .box_w = 14, .box_h = 19, .ofs_x = 1, .ofs_y = 0},
    {.bitmap_index = 34686, .adv_w = 347, .box_w = 18, .box_h = 24, .ofs_x = 2, .ofs_y = -5},
    {.bitmap_index = 34902, .adv_w = 253, .box_w = 14, .box_h = 19, .ofs_x = 1, .ofs_y = -5},
    {.bitmap_index = 35035, .adv_w = 347, .box_w = 18, .box_h = 24, .ofs_x = 2, .ofs_y = 0},
    {.bitmap_index = 35251, .adv_w = 253, .box_w = 14, .box_h = 19, .ofs_x = 1, .ofs_y = 0},
    {.bitmap_index = 35384, .adv_w = 347, .box_w = 18, .box_h = 24, .ofs_x = 2, .ofs_y = -5},
    {.bitmap_index = 35600, .adv_w = 253, .box_w = 14, .box_h = 19, .ofs_x = 1, .ofs_y = -5},
    {.bitmap_index = 35733, .adv_w = 351, .box_w = 20, .box_h = 24, .ofs_x = 1, .ofs_y = 0},
    {.bitmap_index = 35973, .adv_w = 260, .box_w = 16, .box_h = 19, .ofs_x = 0, .ofs_y = 0},
    {.bitmap_index = 36125, .adv_w = 351, .box_w = 20, .box_h = 25, .ofs_x = 1, .ofs_y = 0},
    {.bitmap_index = 36375, .adv_w = 260, .box_w = 16, .box_h = 19, .ofs_x = 0, .ofs_y = 0},
    {.bitmap_index = 36527, .adv_w = 502, .box_w = 29, .box_h = 19, .ofs_x = 1, .ofs_y = 0},
    {.bitmap_index = 36803, .adv_w = 445, .box_w = 28, .box_h = 14, .ofs_x = 0, .ofs_y = 0},
    {.bitmap_index = 36999, .adv_w = 285, .box_w = 15, .box_h = 24, .ofs_x = 2, .ofs_y = 0},
    {.bitmap_index = 37179, .adv_w = 163, .box_w = 9, .box_h = 19, .ofs_x = 1, .ofs_y = 0},
    {.bitmap_index = 37265, .adv_w = 285, .box_w = 15, .box_h = 24, .ofs_x = 2, .ofs_y = -5},
    {.bitmap_index = 37445, .adv_w = 163, .box_w = 9, .box_h = 19, .ofs_x = 1, .ofs_y = -5},
    {.bitmap_index = 37531, .adv_w = 285, .box_w = 15, .box_h = 24, .ofs_x = 2, .ofs_y = 0},
    {.bitmap_index = 37711, .adv_w = 163, .box_w = 11, .box_h = 19, .ofs_x = -1, .ofs_y = 0},
    {.bitmap_index = 37816, .adv_w = 273, .box_w = 15, .box_h = 25, .ofs_x = 1, .ofs_y = 0},
    {.bitmap_index = 38004, .adv_w = 214, .box_w = 13, .box_h = 19, .ofs_x = 0, .ofs_y = 0},
    {.bitmap_index = 38128, .adv_w = 273, .box_w = 15, .box_h = 25, .ofs_x = 1, .ofs_y = 0},
    {.bitmap_index = 38316, .adv_w = 214, .box_w = 13, .box_h = 19, .ofs_x = 0, .ofs_y = 0},
    {.bitmap_index = 38440, .adv_w = 273, .box_w = 15, .box_h = 24, .ofs_x = 1, .ofs_y = -5},
    {.bitmap_index = 38620, .adv_w = 214, .box_w = 13, .box_h = 19, .ofs_x = 0, .ofs_y = -5},
    {.bitmap_index = 38744, .adv_w = 273, .box_w = 15, .box_h = 25, .ofs_x = 1, .ofs_y = 0},
    {.bitmap_index = 38932, .adv_w = 214, .box_w = 13, .box_h = 19, .ofs_x = 0, .ofs_y = 0},
    {.bitmap_index = 39056, .adv_w = 256, .box_w = 16, .box_h = 24, .ofs_x = 0, .ofs_y = 0},
    {.bitmap_index = 39248, .adv_w = 181, .box_w = 11, .box_h = 19, .ofs_x = 0, .ofs_y = 0},
    {.bitmap_index = 39353, .adv_w = 316, .box_w = 16, .box_h = 24, .ofs_x = 2, .ofs_y = 0},
    {.bitmap_index = 39545, .adv_w = 253, .box_w = 14, .box_h = 19, .ofs_x = 1, .ofs_y = 0},
    {.bitmap_index = 39678, .adv_w = 316, .box_w = 16, .box_h = 25, .ofs_x = 2, .ofs_y = 0},
    {.bitmap_index = 39878, .adv_w = 253, .box_w = 14, .box_h = 19, .ofs_x = 1, .ofs_y = 0},
    {.bitmap_index = 40011, .adv_w = 316, .box_w = 16, .box_h = 26, .ofs_x = 2, .ofs_y = 0},
    {.bitmap_index = 40219, .adv_w = 253, .box_w = 14, .box_h = 21, .ofs_x = 1, .ofs_y = 0},
    {.bitmap_index = 40366, .adv_w = 316, .box_w = 16, .box_h = 25, .ofs_x = 2, .ofs_y = 0},
    {.bitmap_index = 40566, .adv_w = 253, .box_w = 15, .box_h = 19, .ofs_x = 1, .ofs_y = 0},
    {.bitmap_index = 40709, .adv_w = 316, .box_w = 16, .box_h = 24, .ofs_x = 2, .ofs_y = -5},
    {.bitmap_index = 40901, .adv_w = 253, .box_w = 14, .box_h = 19, .ofs_x = 1, .ofs_y = -5},
    {.bitmap_index = 41034, .adv_w = 437, .box_w = 28, .box_h = 24, .ofs_x = 0, .ofs_y = 0},
    {.bitmap_index = 41370, .adv_w = 365, .box_w = 23, .box_h = 19, .ofs_x = 0, .ofs_y = 0},
    {.bitmap_index = 41589, .adv_w = 282, .box_w = 18, .box_h = 25, .ofs_x = 0, .ofs_y = 0},
    {.bitmap_index = 41814, .adv_w = 249, .box_w = 16, .box_h = 24, .ofs_x = 0, .ofs_y = -5},
    {.bitmap_index = 42006, .adv_w = 282, .box_w = 18, .box_h = 25, .ofs_x = 0, .ofs_y = 0},
    {.bitmap_index = 42231, .adv_w = 284, .box_w = 16, .box_h = 24, .ofs_x = 1, .ofs_y = 0},
    {.bitmap_index = 42423, .adv_w = 216, .box_w = 12, .box_h = 19, .ofs_x = 1, .ofs_y = 0},
    {.bitmap_index = 42537, .adv_w = 284, .box_w = 16, .box_h = 25, .ofs_x = 1, .ofs_y = 0},
    {.bitmap_index = 42737, .adv_w = 216, .box_w = 12, .box_h = 20, .ofs_x = 1, .ofs_y = 0},
    {.bitmap_index = 42857, .adv_w = 284, .box_w = 16, .box_h = 24, .ofs_x = 1, .ofs_y = 0},
    {.bitmap_index = 43049, .adv_w = 216, .box_w = 12, .box_h = 19, .ofs_x = 1, .ofs_y = 0},
    {.bitmap_index = 43163, .adv_w = 246, .box_w = 16, .box_h = 3, .ofs_x = 0, .ofs_y = 7},
    {.bitmap_index = 43187, .adv_w = 493, .box_w = 31, .box_h = 3, .ofs_x = 0, .ofs_y = 7},
    {.bitmap_index = 43234, .adv_w = 91, .box_w = 6, .box_h = 7, .ofs_x = 0, .ofs_y = 12},
    {.bitmap_index = 43255, .adv_w = 91, .box_w = 6, .box_h = 7, .ofs_x = 0, .ofs_y = 12},
    {.bitmap_index = 43276, .adv_w = 105, .box_w = 6, .box_h = 7, .ofs_x = 0, .ofs_y = -3},
    {.bitmap_index = 43297, .adv_w = 171, .box_w = 11, .box_h = 7, .ofs_x = 0, .ofs_y = 12},
    {.bitmap_index = 43336, .adv_w = 171, .box_w = 11, .box_h = 7, .ofs_x = 0, .ofs_y = 12},
    {.bitmap_index = 43375, .adv_w = 166, .box_w = 11, .box_h = 7, .ofs_x = 0, .ofs_y = -3},
    {.bitmap_index = 43414, .adv_w = 213, .box_w = 7, .box_h = 7, .ofs_x = 3, .ofs_y = 5},
    {.bitmap_index = 43439, .adv_w = 301, .box_w = 17, .box_h = 4, .ofs_x = 1, .ofs_y = 0},
    {.bitmap_index = 43473, .adv_w = 306, .box_w = 19, .box_h = 19, .ofs_x = 0, .ofs_y = 0}
};

/*---------------------
 *  CHARACTER MAPPING
 *--------------------*/

static const uint8_t glyph_id_ofs_list_4[] = {
    0, 1, 0, 0, 2, 3, 4, 5,
    6, 7, 8, 9, 10, 11, 0, 12,
    13, 14, 15, 16, 17, 0, 0, 18,
    19, 20, 21, 22, 23, 24, 25, 0,
    26, 27, 28, 29, 0, 0, 30, 31,
    32, 33, 34, 35, 36, 37, 38, 39,
    40, 41, 42, 43, 44, 45, 46, 47,
    0, 0, 48, 49
};

static const uint16_t unicode_list_6[] = {
    0x0, 0x1, 0x5, 0x6, 0x7, 0x9, 0xa, 0xb,
    0xf, 0x13, 0x99
};

/*Collect the unicode lists and glyph_id offsets*/
static const lv_font_fmt_txt_cmap_t cmaps[] =
{
    {
        .range_start = 32, .range_length = 95, .glyph_id_start = 1,
        .unicode_list = NULL, .glyph_id_ofs_list = NULL, .list_length = 0, .type = LV_FONT_FMT_TXT_CMAP_FORMAT0_TINY
    },
    {
        .range_start = 160, .range_length = 13, .glyph_id_start = 96,
        .unicode_list = NULL, .glyph_id_ofs_list = NULL, .list_length = 0, .type = LV_FONT_FMT_TXT_CMAP_FORMAT0_TINY
    },
    {
        .range_start = 174, .range_length = 102, .glyph_id_start = 109,
        .unicode_list = NULL, .glyph_id_ofs_list = NULL, .list_length = 0, .type = LV_FONT_FMT_TXT_CMAP_FORMAT0_TINY
    },
    {
        .range_start = 278, .range_length = 18, .glyph_id_start = 211,
        .unicode_list = NULL, .glyph_id_ofs_list = NULL, .list_length = 0, .type = LV_FONT_FMT_TXT_CMAP_FORMAT0_TINY
    },
    {
        .range_start = 298, .range_length = 60, .glyph_id_start = 229,
        .unicode_list = NULL, .glyph_id_ofs_list = glyph_id_ofs_list_4, .list_length = 60, .type = LV_FONT_FMT_TXT_CMAP_FORMAT0_FULL
    },
    {
        .range_start = 362, .range_length = 21, .glyph_id_start = 279,
        .unicode_list = NULL, .glyph_id_ofs_list = NULL, .list_length = 0, .type = LV_FONT_FMT_TXT_CMAP_FORMAT0_TINY
    },
    {
        .range_start = 8211, .range_length = 154, .glyph_id_start = 300,
        .unicode_list = unicode_list_6, .glyph_id_ofs_list = NULL, .list_length = 11, .type = LV_FONT_FMT_TXT_CMAP_SPARSE_TINY
    }
};

/*-----------------
 *    KERNING
 *----------------*/


/*Map glyph_ids to kern left classes*/
static const uint8_t kern_left_class_mapping[] =
{
    0, 0, 0, 0, 0, 0, 0, 0,
    0, 1, 0, 0, 0, 0, 0, 0,
    0, 0, 0, 0, 0, 0, 0, 0,
    0, 0, 0, 0, 0, 0, 0, 0,
    0, 0, 2, 0, 0, 3, 0, 4,
    5, 0, 0, 0, 6, 7, 0, 0,
    8, 9, 0, 10, 0, 11, 3, 12,
    13, 14, 15, 0, 0, 0, 0, 0,
    0, 0, 16, 17, 17, 0, 17, 18,
    0, 16, 0, 0, 19, 0, 16, 20,
    17, 17, 0, 0, 21, 22, 0, 23,
    23, 24, 23, 0, 0, 0, 0, 0,
    0, 0, 0, 0, 0, 0, 0, 0,
    0, 0, 0, 0, 0, 0, 0, 0,
    0, 0, 0, 0, 0, 0, 0, 0,
    0, 0, 0, 0, 0, 0, 0, 25,
    25, 25, 25, 25, 25, 0, 0, 0,
    0, 0, 0, 0, 0, 0, 0, 3,
    0, 3, 3, 3, 3, 3, 0, 3,
    3, 3, 3, 3, 26, 0, 0, 16,
    16, 16, 16, 16, 16, 17, 17, 17,
    17, 17, 17, 0, 0, 0, 0, 0,
    16, 17, 17, 17, 17, 17, 0, 17,
    0, 0, 0, 0, 23, 17, 23, 25,
    16, 25, 16, 27, 28, 0, 17, 0,
    17, 0, 17, 0, 17, 3, 29, 3,
    0, 0, 17, 0, 17, 30, 31, 0,
    0, 0, 0, 0, 0, 0, 0, 0,
    0, 0, 0, 0, 0, 0, 0, 30,
    32, 0, 0, 0, 0, 0, 0, 0,
    19, 0, 0, 0, 0, 0, 29, 0,
    0, 0, 16, 0, 16, 0, 16, 0,
    0, 3, 17, 3, 17, 0, 17, 0,
    0, 0, 0, 0, 0, 0, 0, 0,
    0, 0, 0, 0, 0, 26, 33, 3,
    0, 3, 0, 3, 0, 3, 0, 3,
    30, 26, 23, 26, 23, 26, 0, 0,
    0, 0, 0, 0, 0, 0, 0, 34,
    0, 0, 0, 35, 0, 0, 0
};

/*Map glyph_ids to kern right classes*/
static const uint8_t kern_right_class_mapping[] =
{
    0, 0, 1, 1, 0, 0, 0, 0,
    1, 0, 2, 1, 0, 0, 0, 0,
    0, 0, 0, 0, 0, 0, 0, 0,
    0, 0, 0, 0, 0, 0, 0, 0,
    1, 0, 3, 0, 4, 0, 0, 0,
    5, 0, 6, 0, 0, 0, 0, 0,
    7, 0, 0, 0, 0, 8, 0, 9,
    10, 0, 11, 0, 0, 0, 1, 0,
    0, 0, 12, 0, 12, 12, 12, 13,
    12, 13, 13, 14, 13, 13, 15, 15,
    12, 15, 12, 15, 16, 13, 15, 17,
    17, 18, 17, 19, 0, 0, 1, 0,
    0, 0, 0, 0, 0, 0, 0, 0,
    0, 0, 0, 0, 0, 0, 0, 0,
    0, 0, 0, 0, 0, 0, 0, 0,
    0, 0, 0, 0, 0, 0, 0, 20,
    20, 20, 20, 20, 20, 20, 0, 0,
    0, 0, 0, 0, 0, 0, 0, 0,
    0, 0, 0, 0, 0, 0, 0, 0,
    0, 0, 0, 0, 21, 0, 0, 12,
    12, 12, 12, 13, 12, 12, 12, 12,
    12, 12, 12, 13, 13, 13, 13, 12,
    15, 12, 12, 12, 12, 12, 0, 12,
    15, 15, 15, 15, 17, 0, 17, 20,
    12, 20, 12, 20, 12, 0, 12, 0,
    12, 0, 12, 0, 12, 0, 12, 0,
    12, 0, 12, 0, 12, 0, 12, 0,
    13, 0, 0, 0, 12, 0, 12, 0,
    12, 0, 0, 0, 13, 0, 13, 0,
    0, 0, 0, 0, 0, 0, 0, 0,
    13, 0, 13, 0, 13, 0, 13, 0,
    13, 0, 15, 0, 15, 0, 15, 0,
    15, 0, 12, 0, 12, 0, 12, 0,
    15, 0, 15, 0, 15, 0, 15, 0,
    15, 0, 15, 0, 15, 21, 13, 0,
    15, 0, 15, 0, 15, 0, 15, 0,
    15, 21, 17, 21, 17, 21, 0, 15,
    0, 15, 0, 15, 0, 0, 0, 22,
    0, 1, 1, 0, 0, 0, 0
};

/*Kern values between classes*/
static const int8_t kern_class_values[] =
{
    0, 0, 0, 0, 0, 0, 0, 0,
    0, 0, 0, -4, 0, 0, -2, -2,
    0, 0, -2, 0, 0, 0, 0, 0,
    0, -11, -15, 0, -11, -15, -29, -24,
    -12, -4, 0, 0, 0, 0, -13, 0,
    0, 0, 0, 0, 0, 0, 0, 0,
    0, 0, 0, -7, -7, -7, -7, 0,
    0, 0, 0, 0, 0, 0, 0, 0,
    -7, 0, 0, 0, 0, 0, 0, 0,
    0, 0, 0, 0, 0, -3, 0, -2,
    -4, -4, -2, 0, -4, 0, 0, 0,
    0, 0, -8, 0, 0, -5, 0, 0,
    0, 0, 0, 0, 0, 0, 0, 0,
    0, 0, 0, 0, 0, 0, 0, 0,
    0, 0, 0, 0, 0, 0, 0, 0,
    0, -9, 0, 0, -2, -2, -9, 0,
    -2, 0, 0, 0, 0, 0, 0, 0,
    0, 0, -7, -37, 0, 0, -15, 0,
    0, 0, 0, 0, -6, 0, 0, 0,
    0, 0, 0, 0, 0, 0, 0, 0,
    0, -7, -7, -7, -9, 0, 0, 0,
    0, 0, 0, 0, 0, 0, -7, 0,
    0, 0, 0, 0, 0, 0, 0, 0,
    0, 0, 0, -4, 0, 0, -1, -1,
    0, 0, -1, 0, 0, 0, 0, 0,
    2, 0, 0, 0, 0, -4, 0, 0,
    0, 0, 0, 0, 0, 0, -6, 0,
    0, 0, 0, 0, 0, 0, -30, 0,
    0, 0, 0, 0, 0, 0, 0, -29,
    0, 0, -18, -18, -13, 0, -14, 0,
    0, 0, 0, 0, -29, 0, 0, 0,
    -4, 0, 0, 0, 0, -18, 0, 0,
    -6, -6, 0, 0, -6, 0, 0, 0,
    0, 0, -24, 0, 0, 0, 0, 0,
    0, 0, 0, -19, 0, 0, -4, -4,
    -1, 0, -4, 0, 0, 0, 0, 0,
    0, 0, 0, 0, 0, 0, 0, 0,
    0, -13, 0, 0, 0, 0, -9, 0,
    0, 0, 0, 0, 0, 0, 0, 0,
    0, 0, 0, 0, 0, 0, 0, -34,
    0, 0, -18, -18, -12, 0, -21, 0,
    0, 0, 0, 0, 0, 0, 0, 0,
    0, 0, 0, 0, 0, 0, 0, 0,
    0, 0, -5, 0, 0, 0, 0, 0,
    0, -4, 0, 0, 0, 0, 0, 0,
    0, 0, 0, 0, 0, 0, 0, 0,
    -9, -6, 0, 0, 0, 0, 0, 0,
    0, 0, 0, 0, 0, 0, 0, 0,
    0, -4, 0, 0, 0, 0, 0, 0,
    0, 0, 0, 0, 0, -2, 0, 0,
    0, 0, 0, 0, 0, 0, 0, -9,
    0, 0, 0, 0, 0, 0, 0, 0,
    0, 0, 0, -2, 0, 0, 0, 0,
    0, 0, 0, 0, 0, 0, 0, 0,
    0, 0, -5, 0, 0, 0, 0, 0,
    0, 0, 0, 0, 0, 0, 0, 0,
    0, 0, 0, 0, 0, 0, 0, 0,
    0, 0, 0, 0, 0, 0, 0, 0,
    0, 0, 0, 0, 0, 0, 0, 0,
    0, -3, 0, 0, 0, 0, 0, 0,
    0, 0, 0, 0, 0, 0, 0, 0,
    0, 0, 0, 0, 0, 0, 0, -6,
    0, 0, 0, 0, 0, 0, 0, 0,
    0, 9, 0, 0, 0, 0, 0, 0,
    0, 0, 0, 0, 0, -6, 0, 0,
    0, 0, 0, 0, 0, 0, 0, 0,
    0, 0, 0, 0, 0, 0, 0, 0,
    0, 0, 0, 0, 0, 0, 0, 0,
    -13, 0, 0, 0, 0, 0, 0, 0,
    0, 0, 0, 0, 0, 0, 0, 0,
    0, -10, 0, 0, 0, 0, 0, 0,
    0, 0, 0, 0, 0, 0, 0, 0,
    0, 0, 0, 0, 0, 0, 0, 0,
    0, 49, 0, 0, 0, 0, 0, 0,
    0, 0, 0, 0, 0, 0, 0, 0,
    0, 0, 0, 0, 0, 0, 0, 27,
    0, 0, -5, 0, 0, 0, 0, 0,
    41, 41, 0, 0, 0, 0, 0, 0,
    0, 0, 0, 0, 41, 0, 0, 0,
    0, 0, 0, 0, 0, 0, 0, 0,
    0, 0, 0, 0, 0, 0, 0, 0,
    0, 0, 0, 17, 0, 0, 0, 0,
    0, 0, 0, 0, 0, 0, 0, 0,
    0, 0, 0, 0, 0, 0, 0, 0,
    0, 27, 0, 0, 0, 0, 0, 0,
    0, 0, 0, 0, 0, 0, 0, 0,
    0, 0, 0, 0, 0, 0, 0, 16,
    0, 0, 0, 0, 0, 0, 0, 0,
    0, 0, 0, 0, 0, 0, 0, 0,
    0, 0, 0, -3, 39, 0, 0, 0,
    0, 0, 0, 0, 0, 0, 0, 0,
    0, 0, 0, 0, 0, 0, 0, 0,
    0, 0, 0, 0, 0, -34, 0, 0,
    0, 0, 0, 0, 0, 0, 10, 0,
    0, 0, 0, 0, 0, 0, 0, 0,
    0, 0, 0, 0, 0, 0, 0, 10,
    0, 0
};


/*Collect the kern class' data in one place*/
static const lv_font_fmt_txt_kern_classes_t kern_classes =
{
    .class_pair_values   = kern_class_values,
    .left_class_mapping  = kern_left_class_mapping,
    .right_class_mapping = kern_right_class_mapping,
    .left_class_cnt      = 35,
    .right_class_cnt     = 22,
};

/*--------------------
 *  ALL CUSTOM DATA
 *--------------------*/

#if LVGL_VERSION_MAJOR == 8
/*Store all the custom data of the font*/
static  lv_font_fmt_txt_glyph_cache_t cache;
#endif

#if LVGL_VERSION_MAJOR >= 8
static const lv_font_fmt_txt_dsc_t font_dsc = {
#else
static lv_font_fmt_txt_dsc_t font_dsc = {
#endif
    .glyph_bitmap = glyph_bitmap,
    .glyph_dsc = glyph_dsc,
    .cmaps = cmaps,
    .kern_dsc = &kern_classes,
    .kern_scale = 16,
    .cmap_num = 7,
    .bpp = 4,
    .kern_classes = 1,
    .bitmap_format = 0,
#if LVGL_VERSION_MAJOR == 8
    .cache = &cache
#endif
};



/*-----------------
 *  PUBLIC FONT
 *----------------*/

/*Initialize a public general font descriptor*/
#if LVGL_VERSION_MAJOR >= 8
const lv_font_t fig_sb_28 = {
#else
lv_font_t fig_sb_28 = {
#endif
    .get_glyph_dsc = lv_font_get_glyph_dsc_fmt_txt,    /*Function pointer to get glyph's data*/
    .get_glyph_bitmap = lv_font_get_bitmap_fmt_txt,    /*Function pointer to get glyph's bitmap*/
    .line_height = 32,          /*The maximum line height required by the font*/
    .base_line = 6,             /*Baseline measured from the bottom of the line*/
#if !(LVGL_VERSION_MAJOR == 6 && LVGL_VERSION_MINOR == 0)
    .subpx = LV_FONT_SUBPX_NONE,
#endif
#if LV_VERSION_CHECK(7, 4, 0) || LVGL_VERSION_MAJOR >= 8
    .underline_position = -3,
    .underline_thickness = 1,
#endif
    .dsc = &font_dsc,          /*The custom font data. Will be accessed by `get_glyph_bitmap/dsc` */
#if LV_VERSION_CHECK(8, 2, 0) || LVGL_VERSION_MAJOR >= 9
    .fallback = NULL,
#endif
    .user_data = NULL,
};



#endif /*#if FIG_SB_28*/

