/*******************************************************************************
 * Size: 20 px
 * Bpp: 4
 * Opts: --font src\Figtree-SemiBold.ttf --size 20 --bpp 4 --format lvgl --range 0x20-0x7E,0xA0-0x17F,0x2013-0x2014,0x2018-0x201E,0x2022,0x2026,0x20AC --no-compress --lv-include lvgl.h --lv-font-name fig_sb_20 -o fig_sb_20.c
 ******************************************************************************/

#ifdef LV_LVGL_H_INCLUDE_SIMPLE
#include "lvgl.h"
#else
#include "lvgl.h"
#endif

#ifndef FIG_SB_20
#define FIG_SB_20 1
#endif

#if FIG_SB_20

/*-----------------
 *    BITMAPS
 *----------------*/

/*Store the image of the glyphs*/
static LV_ATTRIBUTE_LARGE_CONST const uint8_t glyph_bitmap[] = {
    /* U+0020 " " */

    /* U+0021 "!" */
    0x2f, 0xf4, 0x2f, 0xf4, 0x1f, 0xf4, 0x1f, 0xf3,
    0x1f, 0xf3, 0x1f, 0xf3, 0x1f, 0xf3, 0xf, 0xf2,
    0xf, 0xf2, 0x6, 0x61, 0x0, 0x0, 0x9, 0xa1,
    0x4f, 0xf6, 0x1d, 0xe2,

    /* U+0022 "\"" */
    0xcf, 0x5d, 0xf4, 0xbf, 0x4c, 0xf3, 0xaf, 0x3b,
    0xf2, 0xaf, 0x2b, 0xf2, 0x7d, 0x18, 0xd1,

    /* U+0023 "#" */
    0x0, 0x0, 0xbf, 0x0, 0x4f, 0x50, 0x0, 0x0,
    0xd, 0xd0, 0x7, 0xf3, 0x0, 0x0, 0x0, 0xfa,
    0x0, 0x9f, 0x0, 0x0, 0x0, 0x2f, 0x80, 0xc,
    0xe0, 0x0, 0xe, 0xff, 0xff, 0xff, 0xff, 0xff,
    0x50, 0x88, 0xcf, 0x98, 0x9f, 0xc8, 0x81, 0x0,
    0xa, 0xf1, 0x3, 0xf7, 0x0, 0x0, 0x0, 0xce,
    0x0, 0x6f, 0x40, 0x0, 0x0, 0xe, 0xc0, 0x8,
    0xf2, 0x0, 0xa, 0xff, 0xff, 0xff, 0xff, 0xff,
    0x90, 0x68, 0xaf, 0xb8, 0x8f, 0xe8, 0x83, 0x0,
    0x6, 0xf4, 0x0, 0xfa, 0x0, 0x0, 0x0, 0x8f,
    0x10, 0x2f, 0x80, 0x0, 0x0, 0xb, 0xf0, 0x5,
    0xf5, 0x0, 0x0,

    /* U+0024 "$" */
    0x0, 0x0, 0x3f, 0xb0, 0x0, 0x0, 0x0, 0x3,
    0xfb, 0x0, 0x0, 0x0, 0x18, 0xdf, 0xfa, 0x30,
    0x0, 0x1e, 0xff, 0xef, 0xff, 0x60, 0x8, 0xfd,
    0x20, 0x8, 0xfe, 0x0, 0xaf, 0x80, 0x0, 0x4,
    0x0, 0x8, 0xfd, 0x20, 0x0, 0x0, 0x0, 0x1e,
    0xff, 0xc8, 0x30, 0x0, 0x0, 0x19, 0xef, 0xff,
    0xb1, 0x0, 0x0, 0x0, 0x27, 0xef, 0xc0, 0x0,
    0x0, 0x0, 0x2, 0xff, 0x20, 0x7b, 0x30, 0x0,
    0x2f, 0xf2, 0xb, 0xff, 0x85, 0x7d, 0xfd, 0x0,
    0xa, 0xff, 0xff, 0xfd, 0x20, 0x0, 0x2, 0x8f,
    0xd4, 0x0, 0x0, 0x0, 0x3, 0xfb, 0x0, 0x0,
    0x0, 0x0, 0x3f, 0xb0, 0x0, 0x0,

    /* U+0025 "%" */
    0x0, 0x9e, 0xfa, 0x10, 0x0, 0x8, 0xfc, 0x0,
    0x9, 0xfb, 0xaf, 0xb0, 0x0, 0x4f, 0xe1, 0x0,
    0xf, 0xc0, 0x9, 0xf2, 0x1, 0xef, 0x50, 0x0,
    0x1f, 0x90, 0x7, 0xf3, 0xa, 0xf9, 0x0, 0x0,
    0xe, 0xe2, 0x1d, 0xf0, 0x6f, 0xd0, 0x0, 0x0,
    0x5, 0xff, 0xff, 0x62, 0xff, 0x30, 0x0, 0x0,
    0x0, 0x27, 0x73, 0xc, 0xf7, 0x0, 0x0, 0x0,
    0x0, 0x0, 0x0, 0x8f, 0xc0, 0x27, 0x72, 0x0,
    0x0, 0x0, 0x3, 0xfe, 0x15, 0xff, 0xff, 0x50,
    0x0, 0x0, 0x1e, 0xf5, 0xf, 0xd2, 0x2e, 0xe0,
    0x0, 0x0, 0xaf, 0x90, 0x2f, 0x70, 0x9, 0xf2,
    0x0, 0x5, 0xfd, 0x0, 0x1f, 0xa0, 0xb, 0xf1,
    0x0, 0x2f, 0xf3, 0x0, 0xb, 0xfa, 0xbf, 0xa0,
    0x0, 0xcf, 0x70, 0x0, 0x1, 0xaf, 0xe9, 0x0,

    /* U+0026 "&" */
    0x0, 0x5, 0xcf, 0xe9, 0x10, 0x0, 0x0, 0x6,
    0xff, 0xde, 0xfe, 0x10, 0x0, 0x0, 0xdf, 0x70,
    0xc, 0xf6, 0x0, 0x0, 0xe, 0xf4, 0x0, 0xaf,
    0x70, 0x0, 0x0, 0x9f, 0xd0, 0x4f, 0xf3, 0x0,
    0x0, 0x1, 0xdf, 0xdf, 0xf7, 0x0, 0x0, 0x0,
    0x5, 0xff, 0xf6, 0x0, 0x0, 0x0, 0x6, 0xff,
    0xff, 0x60, 0x0, 0x0, 0x5, 0xff, 0x87, 0xff,
    0x41, 0xff, 0x0, 0xdf, 0x80, 0x8, 0xff, 0x8f,
    0xe0, 0xf, 0xf5, 0x0, 0x9, 0xff, 0xf7, 0x0,
    0xdf, 0xb1, 0x1, 0x6f, 0xff, 0x10, 0x5, 0xff,
    0xff, 0xff, 0xff, 0xfb, 0x0, 0x4, 0xbf, 0xfe,
    0xa4, 0x3f, 0xf7,

    /* U+0027 "'" */
    0xcf, 0x5b, 0xf4, 0xaf, 0x3a, 0xf2, 0x7d, 0x10,

    /* U+0028 "(" */
    0x0, 0x8, 0x93, 0x0, 0x5f, 0xd0, 0x1, 0xef,
    0x40, 0x8, 0xfb, 0x0, 0xf, 0xf4, 0x0, 0x5f,
    0xe0, 0x0, 0xaf, 0x90, 0x0, 0xdf, 0x60, 0x0,
    0xff, 0x50, 0x0, 0xff, 0x40, 0x0, 0xef, 0x50,
    0x0, 0xbf, 0x80, 0x0, 0x8f, 0xc0, 0x0, 0x2f,
    0xf1, 0x0, 0xc, 0xf8, 0x0, 0x4, 0xfe, 0x10,
    0x0, 0xaf, 0xa0, 0x0, 0x1e, 0xf4,

    /* U+0029 ")" */
    0x9, 0x92, 0x0, 0x0, 0x7f, 0xc0, 0x0, 0x0,
    0xdf, 0x60, 0x0, 0x4, 0xfe, 0x0, 0x0, 0xd,
    0xf6, 0x0, 0x0, 0x7f, 0xc0, 0x0, 0x3, 0xff,
    0x0, 0x0, 0xf, 0xf3, 0x0, 0x0, 0xef, 0x50,
    0x0, 0xe, 0xf5, 0x0, 0x0, 0xff, 0x40, 0x0,
    0x1f, 0xf1, 0x0, 0x5, 0xfe, 0x0, 0x0, 0xbf,
    0x90, 0x0, 0x1f, 0xf2, 0x0, 0x9, 0xfa, 0x0,
    0x3, 0xfe, 0x10, 0x0, 0xdf, 0x60, 0x0,

    /* U+002A "*" */
    0x0, 0xf, 0xa0, 0x0, 0x21, 0xe, 0x90, 0x20,
    0x9f, 0xae, 0xcc, 0xf5, 0x48, 0xdf, 0xfc, 0x72,
    0x0, 0xce, 0xf8, 0x0, 0x9, 0xf5, 0x8f, 0x60,
    0x3, 0x90, 0x9, 0x10,

    /* U+002B "+" */
    0x0, 0x0, 0x9f, 0x30, 0x0, 0x0, 0x0, 0xaf,
    0x30, 0x0, 0x0, 0x0, 0xaf, 0x30, 0x0, 0x0,
    0x0, 0xaf, 0x30, 0x0, 0x4f, 0xff, 0xff, 0xff,
    0xfe, 0x3d, 0xdd, 0xef, 0xdd, 0xdb, 0x0, 0x0,
    0xaf, 0x30, 0x0, 0x0, 0x0, 0xaf, 0x30, 0x0,
    0x0, 0x0, 0xaf, 0x30, 0x0,

    /* U+002C "," */
    0x1, 0x77, 0x0, 0x6f, 0xd0, 0xa, 0xf6, 0x0,
    0xef, 0x10, 0x3f, 0x90, 0x0,

    /* U+002D "-" */
    0xce, 0xee, 0xee, 0x1e, 0xff, 0xff, 0xf2,

    /* U+002E "." */
    0x6, 0xb2, 0xf, 0xfa, 0xa, 0xf5,

    /* U+002F "/" */
    0x0, 0x0, 0x5, 0xfd, 0x0, 0x0, 0xb, 0xf7,
    0x0, 0x0, 0x1f, 0xf2, 0x0, 0x0, 0x6f, 0xc0,
    0x0, 0x0, 0xbf, 0x70, 0x0, 0x1, 0xff, 0x10,
    0x0, 0x6, 0xfc, 0x0, 0x0, 0xc, 0xf6, 0x0,
    0x0, 0x1f, 0xf1, 0x0, 0x0, 0x7f, 0xb0, 0x0,
    0x0, 0xcf, 0x60, 0x0, 0x2, 0xff, 0x10, 0x0,
    0x8, 0xfb, 0x0, 0x0, 0xd, 0xf5, 0x0, 0x0,
    0x3f, 0xf0, 0x0, 0x0, 0x8f, 0xa0, 0x0, 0x0,

    /* U+0030 "0" */
    0x0, 0x1, 0x9d, 0xfd, 0x81, 0x0, 0x0, 0x3,
    0xef, 0xff, 0xff, 0xd2, 0x0, 0x0, 0xef, 0xd3,
    0x14, 0xef, 0xd0, 0x0, 0x8f, 0xe1, 0x0, 0x2,
    0xff, 0x60, 0xd, 0xf7, 0x0, 0x0, 0x9, 0xfc,
    0x1, 0xff, 0x30, 0x0, 0x0, 0x5f, 0xf0, 0x2f,
    0xf1, 0x0, 0x0, 0x3, 0xff, 0x12, 0xff, 0x10,
    0x0, 0x0, 0x3f, 0xf1, 0x1f, 0xf3, 0x0, 0x0,
    0x5, 0xff, 0x0, 0xdf, 0x80, 0x0, 0x0, 0x9f,
    0xc0, 0x8, 0xfe, 0x10, 0x0, 0x2f, 0xf6, 0x0,
    0xe, 0xfd, 0x41, 0x4e, 0xfd, 0x0, 0x0, 0x3e,
    0xff, 0xff, 0xfe, 0x20, 0x0, 0x0, 0x19, 0xdf,
    0xd8, 0x10, 0x0,

    /* U+0031 "1" */
    0x0, 0x4f, 0xf5, 0x18, 0xff, 0xf5, 0xff, 0xff,
    0xf5, 0xfc, 0x3e, 0xf5, 0x0, 0xe, 0xf5, 0x0,
    0xe, 0xf5, 0x0, 0xe, 0xf5, 0x0, 0xe, 0xf5,
    0x0, 0xe, 0xf5, 0x0, 0xe, 0xf5, 0x0, 0xe,
    0xf5, 0x0, 0xe, 0xf5, 0x0, 0xe, 0xf5, 0x0,
    0xe, 0xf5,

    /* U+0032 "2" */
    0x0, 0x2a, 0xef, 0xea, 0x20, 0x0, 0x5f, 0xff,
    0xff, 0xff, 0x30, 0x1f, 0xfd, 0x41, 0x4e, 0xfd,
    0x3, 0xbe, 0x20, 0x0, 0x4f, 0xf2, 0x0, 0x0,
    0x0, 0x3, 0xff, 0x20, 0x0, 0x0, 0x0, 0xbf,
    0xe0, 0x0, 0x0, 0x0, 0xbf, 0xf6, 0x0, 0x0,
    0x3, 0xdf, 0xf8, 0x0, 0x0, 0x6, 0xff, 0xf5,
    0x0, 0x0, 0x8, 0xff, 0xc2, 0x0, 0x0, 0x4,
    0xff, 0xa0, 0x0, 0x0, 0x0, 0xcf, 0xf1, 0x0,
    0x0, 0x0, 0xe, 0xff, 0xff, 0xff, 0xff, 0x60,
    0xef, 0xff, 0xff, 0xff, 0xf6,

    /* U+0033 "3" */
    0x0, 0x29, 0xef, 0xd8, 0x10, 0x0, 0x3f, 0xff,
    0xff, 0xfe, 0x10, 0x9, 0xfc, 0x20, 0x4f, 0xf9,
    0x0, 0x2, 0x10, 0x0, 0x8f, 0xd0, 0x0, 0x0,
    0x0, 0x9, 0xfc, 0x0, 0x0, 0x0, 0x17, 0xff,
    0x50, 0x0, 0x3, 0xff, 0xff, 0x50, 0x0, 0x0,
    0x3e, 0xff, 0xf9, 0x0, 0x0, 0x0, 0x0, 0x3d,
    0xfa, 0x0, 0x0, 0x0, 0x0, 0x4f, 0xf1, 0x0,
    0x10, 0x0, 0x4, 0xff, 0x20, 0xbf, 0xb1, 0x3,
    0xdf, 0xe0, 0x5, 0xff, 0xff, 0xff, 0xf4, 0x0,
    0x3, 0xae, 0xfe, 0xa2, 0x0,

    /* U+0034 "4" */
    0x0, 0x0, 0x0, 0x6f, 0xf5, 0x0, 0x0, 0x0,
    0x2, 0xff, 0xf5, 0x0, 0x0, 0x0, 0xc, 0xff,
    0xf5, 0x0, 0x0, 0x0, 0x7f, 0xde, 0xf5, 0x0,
    0x0, 0x2, 0xff, 0x3d, 0xf5, 0x0, 0x0, 0xc,
    0xf8, 0xd, 0xf5, 0x0, 0x0, 0x8f, 0xd0, 0xd,
    0xf5, 0x0, 0x3, 0xff, 0x20, 0xd, 0xf5, 0x0,
    0xd, 0xf7, 0x0, 0xd, 0xf5, 0x0, 0x5f, 0xff,
    0xff, 0xff, 0xff, 0xfe, 0x5f, 0xff, 0xff, 0xff,
    0xff, 0xff, 0x0, 0x0, 0x0, 0xd, 0xf5, 0x0,
    0x0, 0x0, 0x0, 0xd, 0xf5, 0x0, 0x0, 0x0,
    0x0, 0xd, 0xf5, 0x0,

    /* U+0035 "5" */
    0xc, 0xff, 0xff, 0xff, 0xf0, 0xe, 0xff, 0xff,
    0xff, 0xf0, 0xf, 0xf4, 0x0, 0x0, 0x0, 0x1f,
    0xf2, 0x0, 0x0, 0x0, 0x3f, 0xf0, 0x0, 0x0,
    0x0, 0x4f, 0xe5, 0x9b, 0x93, 0x0, 0x6f, 0xff,
    0xff, 0xff, 0x80, 0x4c, 0xe5, 0x2, 0xaf, 0xf4,
    0x0, 0x0, 0x0, 0xd, 0xf9, 0x0, 0x0, 0x0,
    0xa, 0xfb, 0x1, 0x10, 0x0, 0xd, 0xf9, 0xaf,
    0xc3, 0x1, 0x9f, 0xf3, 0x3e, 0xff, 0xff, 0xff,
    0x80, 0x1, 0x8d, 0xfe, 0xb4, 0x0,

    /* U+0036 "6" */
    0x0, 0x2, 0xad, 0xfe, 0xa4, 0x0, 0x3, 0xff,
    0xff, 0xff, 0xf2, 0x0, 0xef, 0xa2, 0x2, 0x76,
    0x0, 0x7f, 0xc0, 0x0, 0x0, 0x0, 0xc, 0xf4,
    0x0, 0x0, 0x0, 0x0, 0xff, 0x29, 0xef, 0xd7,
    0x0, 0x2f, 0xfd, 0xff, 0xff, 0xfb, 0x2, 0xff,
    0xf6, 0x0, 0x6f, 0xf6, 0x2f, 0xf9, 0x0, 0x0,
    0xaf, 0xb0, 0xff, 0x60, 0x0, 0x7, 0xfd, 0xc,
    0xf9, 0x0, 0x0, 0xaf, 0xc0, 0x5f, 0xf6, 0x0,
    0x7f, 0xf6, 0x0, 0xaf, 0xff, 0xff, 0xfb, 0x0,
    0x0, 0x6c, 0xff, 0xc6, 0x0,

    /* U+0037 "7" */
    0x4f, 0xff, 0xff, 0xff, 0xff, 0x54, 0xff, 0xff,
    0xff, 0xff, 0xf5, 0x1, 0x11, 0x11, 0x17, 0xfe,
    0x0, 0x0, 0x0, 0x0, 0xef, 0x70, 0x0, 0x0,
    0x0, 0x6f, 0xf0, 0x0, 0x0, 0x0, 0xe, 0xf8,
    0x0, 0x0, 0x0, 0x7, 0xff, 0x10, 0x0, 0x0,
    0x0, 0xef, 0x80, 0x0, 0x0, 0x0, 0x7f, 0xf1,
    0x0, 0x0, 0x0, 0xe, 0xf8, 0x0, 0x0, 0x0,
    0x7, 0xff, 0x10, 0x0, 0x0, 0x0, 0xef, 0x90,
    0x0, 0x0, 0x0, 0x7f, 0xf1, 0x0, 0x0, 0x0,
    0xe, 0xf9, 0x0, 0x0, 0x0,

    /* U+0038 "8" */
    0x0, 0x6, 0xcf, 0xfd, 0x81, 0x0, 0x0, 0xbf,
    0xff, 0xef, 0xfe, 0x10, 0x5, 0xff, 0x60, 0x3,
    0xff, 0x90, 0x8, 0xfc, 0x0, 0x0, 0x8f, 0xc0,
    0x7, 0xfd, 0x0, 0x0, 0x8f, 0xb0, 0x1, 0xff,
    0x81, 0x5, 0xff, 0x50, 0x0, 0x3e, 0xff, 0xff,
    0xf6, 0x0, 0x0, 0x9f, 0xff, 0xff, 0xfc, 0x10,
    0x8, 0xfe, 0x40, 0x2, 0xcf, 0xc0, 0xe, 0xf6,
    0x0, 0x0, 0x2f, 0xf2, 0xf, 0xf6, 0x0, 0x0,
    0x2f, 0xf4, 0xd, 0xfe, 0x40, 0x3, 0xcf, 0xf1,
    0x3, 0xff, 0xff, 0xff, 0xff, 0x60, 0x0, 0x29,
    0xdf, 0xfe, 0xa3, 0x0,

    /* U+0039 "9" */
    0x0, 0x2a, 0xef, 0xea, 0x20, 0x0, 0x4f, 0xff,
    0xff, 0xff, 0x30, 0xe, 0xfc, 0x20, 0x2c, 0xfd,
    0x4, 0xff, 0x20, 0x0, 0x1f, 0xf4, 0x5f, 0xf0,
    0x0, 0x0, 0xef, 0x73, 0xff, 0x20, 0x0, 0x2f,
    0xfa, 0xd, 0xfd, 0x30, 0x3d, 0xff, 0xa0, 0x3e,
    0xff, 0xff, 0xfc, 0xf9, 0x0, 0x19, 0xcd, 0xa3,
    0x9f, 0x80, 0x0, 0x0, 0x0, 0xd, 0xf4, 0x0,
    0x0, 0x0, 0x4, 0xfe, 0x0, 0x1a, 0x41, 0x6,
    0xff, 0x70, 0xa, 0xff, 0xff, 0xff, 0xa0, 0x0,
    0x18, 0xcf, 0xfc, 0x60, 0x0,

    /* U+003A ":" */
    0x3e, 0xb0, 0x8f, 0xf2, 0x1a, 0x80, 0x0, 0x0,
    0x0, 0x0, 0x0, 0x0, 0x0, 0x0, 0x1a, 0x80,
    0x8f, 0xf2, 0x3e, 0xc0,

    /* U+003B ";" */
    0x4, 0xeb, 0x0, 0x9f, 0xf2, 0x2, 0xa7, 0x0,
    0x0, 0x0, 0x0, 0x0, 0x0, 0x0, 0x0, 0x0,
    0x0, 0x0, 0x7, 0x71, 0x5, 0xfe, 0x0, 0x9f,
    0x80, 0xd, 0xf2, 0x1, 0xfb, 0x0,

    /* U+003C "<" */
    0x0, 0x0, 0x0, 0x5a, 0x0, 0x1, 0x7e, 0xfd,
    0x2, 0x9f, 0xff, 0xa3, 0x5f, 0xfe, 0x71, 0x0,
    0x6f, 0xf9, 0x20, 0x0, 0x18, 0xef, 0xfb, 0x40,
    0x0, 0x6, 0xdf, 0xfc, 0x0, 0x0, 0x4, 0xbd,
    0x0, 0x0, 0x0, 0x1,

    /* U+003D "=" */
    0x9d, 0xdd, 0xdd, 0xdd, 0x3b, 0xff, 0xff, 0xff,
    0xf4, 0x0, 0x0, 0x0, 0x0, 0x0, 0x0, 0x0,
    0x0, 0x0, 0x9d, 0xdd, 0xdd, 0xdd, 0x3b, 0xff,
    0xff, 0xff, 0xf4,

    /* U+003E ">" */
    0x39, 0x20, 0x0, 0x0, 0x4f, 0xfb, 0x40, 0x0,
    0x6, 0xdf, 0xfd, 0x60, 0x0, 0x3, 0xaf, 0xfe,
    0x0, 0x0, 0x5d, 0xff, 0x1, 0x7e, 0xff, 0xc4,
    0x3f, 0xff, 0xa3, 0x0, 0x4e, 0x81, 0x0, 0x0,
    0x10, 0x0, 0x0, 0x0,

    /* U+003F "?" */
    0x0, 0x7d, 0xfe, 0xb3, 0x0, 0xc, 0xff, 0xff,
    0xff, 0x60, 0x3e, 0xf4, 0x1, 0xaf, 0xf1, 0x0,
    0x10, 0x0, 0xe, 0xf5, 0x0, 0x0, 0x0, 0xd,
    0xf5, 0x0, 0x0, 0x0, 0x3f, 0xf2, 0x0, 0x5,
    0x8a, 0xff, 0x90, 0x0, 0xb, 0xff, 0xc5, 0x0,
    0x0, 0xa, 0xf8, 0x0, 0x0, 0x0, 0xa, 0xf8,
    0x0, 0x0, 0x0, 0x0, 0x0, 0x0, 0x0, 0x0,
    0x5, 0xb4, 0x0, 0x0, 0x0, 0xe, 0xfc, 0x0,
    0x0, 0x0, 0x9, 0xf7, 0x0, 0x0,

    /* U+0040 "@" */
    0x0, 0x0, 0x0, 0x59, 0xde, 0xfe, 0xb6, 0x0,
    0x0, 0x0, 0x0, 0x0, 0x4d, 0xff, 0xdb, 0xbc,
    0xff, 0xe6, 0x0, 0x0, 0x0, 0x7, 0xff, 0x81,
    0x0, 0x0, 0x6, 0xef, 0x80, 0x0, 0x0, 0x5f,
    0xd2, 0x0, 0x0, 0x0, 0x0, 0x1d, 0xf5, 0x0,
    0x1, 0xfe, 0x20, 0x19, 0xef, 0xc4, 0xaf, 0x52,
    0xfe, 0x0, 0x8, 0xf6, 0x0, 0xdf, 0xfe, 0xff,
    0xef, 0x50, 0x7f, 0x60, 0xd, 0xf0, 0x8, 0xfe,
    0x30, 0xa, 0xff, 0x50, 0x1f, 0xb0, 0x1f, 0xb0,
    0xe, 0xf6, 0x0, 0x0, 0xdf, 0x50, 0xe, 0xe0,
    0x2f, 0x90, 0xf, 0xf1, 0x0, 0x0, 0x9f, 0x50,
    0xc, 0xf0, 0x2f, 0x90, 0xf, 0xf1, 0x0, 0x0,
    0x9f, 0x50, 0xc, 0xf0, 0x1f, 0xb0, 0xe, 0xf6,
    0x0, 0x0, 0xdf, 0x50, 0xf, 0xc0, 0xd, 0xf0,
    0x8, 0xfe, 0x30, 0x9, 0xff, 0x50, 0x6f, 0x70,
    0x8, 0xf6, 0x1, 0xdf, 0xfe, 0xff, 0xaf, 0xda,
    0xfd, 0x0, 0x1, 0xfe, 0x20, 0x19, 0xef, 0xc3,
    0x9, 0xfe, 0xa1, 0x0, 0x0, 0x6f, 0xd2, 0x0,
    0x0, 0x0, 0x0, 0x0, 0x0, 0x0, 0x0, 0x7,
    0xff, 0x81, 0x0, 0x0, 0x12, 0x0, 0x0, 0x0,
    0x0, 0x0, 0x4d, 0xff, 0xdb, 0xbd, 0xfe, 0x0,
    0x0, 0x0, 0x0, 0x0, 0x0, 0x59, 0xde, 0xfe,
    0xa4, 0x0, 0x0, 0x0,

    /* U+0041 "A" */
    0x0, 0x0, 0x7, 0xff, 0x60, 0x0, 0x0, 0x0,
    0x0, 0xd, 0xff, 0xd0, 0x0, 0x0, 0x0, 0x0,
    0x3f, 0xff, 0xf3, 0x0, 0x0, 0x0, 0x0, 0xaf,
    0xdd, 0xf9, 0x0, 0x0, 0x0, 0x1, 0xff, 0x77,
    0xff, 0x0, 0x0, 0x0, 0x6, 0xff, 0x11, 0xff,
    0x60, 0x0, 0x0, 0xd, 0xfb, 0x0, 0xbf, 0xd0,
    0x0, 0x0, 0x3f, 0xf5, 0x0, 0x5f, 0xf3, 0x0,
    0x0, 0xaf, 0xe0, 0x0, 0xf, 0xf9, 0x0, 0x0,
    0xff, 0xff, 0xff, 0xff, 0xff, 0x0, 0x6, 0xff,
    0xff, 0xff, 0xff, 0xff, 0x60, 0xd, 0xfc, 0x0,
    0x0, 0x0, 0xcf, 0xd0, 0x3f, 0xf5, 0x0, 0x0,
    0x0, 0x5f, 0xf3, 0x9f, 0xd0, 0x0, 0x0, 0x0,
    0xd, 0xf9,

    /* U+0042 "B" */
    0x5f, 0xff, 0xff, 0xd9, 0x10, 0x5, 0xff, 0xdd,
    0xef, 0xff, 0x30, 0x5f, 0xf0, 0x0, 0x2e, 0xfb,
    0x5, 0xff, 0x0, 0x0, 0x7f, 0xf0, 0x5f, 0xf0,
    0x0, 0x7, 0xfe, 0x5, 0xff, 0x0, 0x4, 0xef,
    0x90, 0x5f, 0xff, 0xff, 0xff, 0xc0, 0x5, 0xff,
    0xee, 0xef, 0xff, 0x40, 0x5f, 0xf0, 0x0, 0x1a,
    0xff, 0x15, 0xff, 0x0, 0x0, 0xf, 0xf5, 0x5f,
    0xf0, 0x0, 0x0, 0xff, 0x65, 0xff, 0x0, 0x2,
    0xaf, 0xf3, 0x5f, 0xff, 0xff, 0xff, 0xfa, 0x5,
    0xff, 0xff, 0xfe, 0xc5, 0x0,

    /* U+0043 "C" */
    0x0, 0x0, 0x3a, 0xdf, 0xeb, 0x60, 0x0, 0x0,
    0xa, 0xff, 0xff, 0xff, 0xfd, 0x20, 0x0, 0xaf,
    0xfa, 0x31, 0x28, 0xff, 0xe1, 0x5, 0xff, 0x70,
    0x0, 0x0, 0x2e, 0xf8, 0xc, 0xfb, 0x0, 0x0,
    0x0, 0x3, 0x30, 0xf, 0xf5, 0x0, 0x0, 0x0,
    0x0, 0x0, 0x2f, 0xf3, 0x0, 0x0, 0x0, 0x0,
    0x0, 0x2f, 0xf3, 0x0, 0x0, 0x0, 0x0, 0x0,
    0xf, 0xf5, 0x0, 0x0, 0x0, 0x0, 0x0, 0xc,
    0xfb, 0x0, 0x0, 0x0, 0x4, 0x60, 0x5, 0xff,
    0x60, 0x0, 0x0, 0x2e, 0xfa, 0x0, 0xaf, 0xfa,
    0x31, 0x27, 0xef, 0xe1, 0x0, 0xa, 0xff, 0xff,
    0xff, 0xfd, 0x20, 0x0, 0x0, 0x4a, 0xdf, 0xeb,
    0x60, 0x0,

    /* U+0044 "D" */
    0x5f, 0xff, 0xff, 0xd9, 0x20, 0x0, 0x5, 0xff,
    0xff, 0xff, 0xff, 0x80, 0x0, 0x5f, 0xf1, 0x12,
    0x5d, 0xff, 0x80, 0x5, 0xff, 0x0, 0x0, 0xa,
    0xff, 0x30, 0x5f, 0xf0, 0x0, 0x0, 0xe, 0xfa,
    0x5, 0xff, 0x0, 0x0, 0x0, 0x7f, 0xf0, 0x5f,
    0xf0, 0x0, 0x0, 0x4, 0xff, 0x15, 0xff, 0x0,
    0x0, 0x0, 0x4f, 0xf1, 0x5f, 0xf0, 0x0, 0x0,
    0x7, 0xff, 0x5, 0xff, 0x0, 0x0, 0x0, 0xef,
    0xa0, 0x5f, 0xf0, 0x0, 0x0, 0xaf, 0xf3, 0x5,
    0xff, 0x11, 0x25, 0xcf, 0xf8, 0x0, 0x5f, 0xff,
    0xff, 0xff, 0xf7, 0x0, 0x5, 0xff, 0xff, 0xfd,
    0x92, 0x0, 0x0,

    /* U+0045 "E" */
    0x5f, 0xff, 0xff, 0xff, 0xf4, 0x5f, 0xff, 0xff,
    0xff, 0xf4, 0x5f, 0xf1, 0x11, 0x11, 0x10, 0x5f,
    0xf0, 0x0, 0x0, 0x0, 0x5f, 0xf0, 0x0, 0x0,
    0x0, 0x5f, 0xf0, 0x0, 0x0, 0x0, 0x5f, 0xff,
    0xff, 0xff, 0x80, 0x5f, 0xff, 0xff, 0xff, 0x80,
    0x5f, 0xf0, 0x0, 0x0, 0x0, 0x5f, 0xf0, 0x0,
    0x0, 0x0, 0x5f, 0xf0, 0x0, 0x0, 0x0, 0x5f,
    0xf1, 0x11, 0x11, 0x10, 0x5f, 0xff, 0xff, 0xff,
    0xf5, 0x5f, 0xff, 0xff, 0xff, 0xf5,

    /* U+0046 "F" */
    0x5f, 0xff, 0xff, 0xff, 0xf5, 0x5f, 0xff, 0xff,
    0xff, 0xf5, 0x5f, 0xf1, 0x11, 0x11, 0x10, 0x5f,
    0xf0, 0x0, 0x0, 0x0, 0x5f, 0xf0, 0x0, 0x0,
    0x0, 0x5f, 0xf0, 0x0, 0x0, 0x0, 0x5f, 0xff,
    0xff, 0xff, 0x70, 0x5f, 0xff, 0xff, 0xff, 0x70,
    0x5f, 0xf1, 0x11, 0x11, 0x0, 0x5f, 0xf0, 0x0,
    0x0, 0x0, 0x5f, 0xf0, 0x0, 0x0, 0x0, 0x5f,
    0xf0, 0x0, 0x0, 0x0, 0x5f, 0xf0, 0x0, 0x0,
    0x0, 0x5f, 0xf0, 0x0, 0x0, 0x0,

    /* U+0047 "G" */
    0x0, 0x0, 0x28, 0xde, 0xfd, 0x82, 0x0, 0x0,
    0x0, 0x8f, 0xff, 0xff, 0xff, 0xf7, 0x0, 0x0,
    0x9f, 0xfc, 0x52, 0x14, 0xbf, 0xf6, 0x0, 0x4f,
    0xf8, 0x0, 0x0, 0x0, 0x76, 0x0, 0xc, 0xfc,
    0x0, 0x0, 0x0, 0x0, 0x0, 0x0, 0xff, 0x60,
    0x0, 0x0, 0x0, 0x0, 0x0, 0x2f, 0xf3, 0x0,
    0x0, 0x2d, 0xdd, 0xdd, 0x52, 0xff, 0x30, 0x0,
    0x2, 0xff, 0xff, 0xf6, 0xf, 0xf5, 0x0, 0x0,
    0x0, 0x0, 0xef, 0x50, 0xcf, 0xc0, 0x0, 0x0,
    0x0, 0x2f, 0xf2, 0x4, 0xff, 0x80, 0x0, 0x0,
    0xb, 0xfc, 0x0, 0x9, 0xff, 0xb4, 0x11, 0x4c,
    0xff, 0x40, 0x0, 0x8, 0xff, 0xff, 0xff, 0xff,
    0x60, 0x0, 0x0, 0x2, 0x9d, 0xff, 0xd9, 0x20,
    0x0,

    /* U+0048 "H" */
    0x5f, 0xf0, 0x0, 0x0, 0x0, 0xff, 0x55, 0xff,
    0x0, 0x0, 0x0, 0xf, 0xf5, 0x5f, 0xf0, 0x0,
    0x0, 0x0, 0xff, 0x55, 0xff, 0x0, 0x0, 0x0,
    0xf, 0xf5, 0x5f, 0xf0, 0x0, 0x0, 0x0, 0xff,
    0x55, 0xff, 0x11, 0x11, 0x11, 0x1f, 0xf5, 0x5f,
    0xff, 0xff, 0xff, 0xff, 0xff, 0x55, 0xff, 0xff,
    0xff, 0xff, 0xff, 0xf5, 0x5f, 0xf0, 0x0, 0x0,
    0x0, 0xff, 0x55, 0xff, 0x0, 0x0, 0x0, 0xf,
    0xf5, 0x5f, 0xf0, 0x0, 0x0, 0x0, 0xff, 0x55,
    0xff, 0x0, 0x0, 0x0, 0xf, 0xf5, 0x5f, 0xf0,
    0x0, 0x0, 0x0, 0xff, 0x55, 0xff, 0x0, 0x0,
    0x0, 0xf, 0xf5,

    /* U+0049 "I" */
    0x5f, 0xf5, 0xff, 0x5f, 0xf5, 0xff, 0x5f, 0xf5,
    0xff, 0x5f, 0xf5, 0xff, 0x5f, 0xf5, 0xff, 0x5f,
    0xf5, 0xff, 0x5f, 0xf5, 0xff,

    /* U+004A "J" */
    0x0, 0x0, 0x0, 0xf, 0xf4, 0x0, 0x0, 0x0,
    0xf, 0xf4, 0x0, 0x0, 0x0, 0xf, 0xf4, 0x0,
    0x0, 0x0, 0xf, 0xf4, 0x0, 0x0, 0x0, 0xf,
    0xf4, 0x0, 0x0, 0x0, 0xf, 0xf4, 0x0, 0x0,
    0x0, 0xf, 0xf4, 0x0, 0x0, 0x0, 0xf, 0xf4,
    0x0, 0x0, 0x0, 0xf, 0xf4, 0x0, 0x0, 0x0,
    0x1f, 0xf4, 0x29, 0x30, 0x0, 0x5f, 0xf2, 0x9f,
    0xe4, 0x15, 0xef, 0xd0, 0x1d, 0xff, 0xff, 0xff,
    0x30, 0x1, 0x9e, 0xfe, 0x91, 0x0,

    /* U+004B "K" */
    0x5f, 0xf0, 0x0, 0x1, 0xdf, 0xe2, 0x5f, 0xf0,
    0x0, 0x1d, 0xfe, 0x20, 0x5f, 0xf0, 0x0, 0xcf,
    0xf3, 0x0, 0x5f, 0xf0, 0xc, 0xff, 0x30, 0x0,
    0x5f, 0xf0, 0xbf, 0xf4, 0x0, 0x0, 0x5f, 0xfa,
    0xff, 0x50, 0x0, 0x0, 0x5f, 0xff, 0xfc, 0x0,
    0x0, 0x0, 0x5f, 0xff, 0xff, 0x80, 0x0, 0x0,
    0x5f, 0xf7, 0x8f, 0xf5, 0x0, 0x0, 0x5f, 0xf0,
    0xb, 0xff, 0x20, 0x0, 0x5f, 0xf0, 0x1, 0xdf,
    0xd1, 0x0, 0x5f, 0xf0, 0x0, 0x2f, 0xfb, 0x0,
    0x5f, 0xf0, 0x0, 0x5, 0xff, 0x80, 0x5f, 0xf0,
    0x0, 0x0, 0x8f, 0xf5,

    /* U+004C "L" */
    0x5f, 0xf0, 0x0, 0x0, 0x0, 0x5f, 0xf0, 0x0,
    0x0, 0x0, 0x5f, 0xf0, 0x0, 0x0, 0x0, 0x5f,
    0xf0, 0x0, 0x0, 0x0, 0x5f, 0xf0, 0x0, 0x0,
    0x0, 0x5f, 0xf0, 0x0, 0x0, 0x0, 0x5f, 0xf0,
    0x0, 0x0, 0x0, 0x5f, 0xf0, 0x0, 0x0, 0x0,
    0x5f, 0xf0, 0x0, 0x0, 0x0, 0x5f, 0xf0, 0x0,
    0x0, 0x0, 0x5f, 0xf0, 0x0, 0x0, 0x0, 0x5f,
    0xf1, 0x11, 0x11, 0x10, 0x5f, 0xff, 0xff, 0xff,
    0xf5, 0x5f, 0xff, 0xff, 0xff, 0xf5,

    /* U+004D "M" */
    0x5f, 0xf7, 0x0, 0x0, 0x0, 0x6, 0xff, 0x65,
    0xff, 0xf2, 0x0, 0x0, 0x2, 0xff, 0xf6, 0x5f,
    0xff, 0xd0, 0x0, 0x0, 0xcf, 0xff, 0x65, 0xff,
    0xff, 0x80, 0x0, 0x7f, 0xff, 0xf6, 0x5f, 0xf7,
    0xff, 0x30, 0x2f, 0xf8, 0xef, 0x65, 0xff, 0xc,
    0xfd, 0xc, 0xfc, 0xe, 0xf6, 0x5f, 0xf0, 0x2f,
    0xfd, 0xff, 0x20, 0xef, 0x65, 0xff, 0x0, 0x7f,
    0xff, 0x70, 0xe, 0xf6, 0x5f, 0xf0, 0x0, 0xcf,
    0xc0, 0x0, 0xef, 0x65, 0xff, 0x0, 0x2, 0xe2,
    0x0, 0xe, 0xf6, 0x5f, 0xf0, 0x0, 0x1, 0x0,
    0x0, 0xef, 0x65, 0xff, 0x0, 0x0, 0x0, 0x0,
    0xe, 0xf6, 0x5f, 0xf0, 0x0, 0x0, 0x0, 0x0,
    0xef, 0x65, 0xff, 0x0, 0x0, 0x0, 0x0, 0xe,
    0xf6,

    /* U+004E "N" */
    0x5f, 0xf6, 0x0, 0x0, 0x0, 0x8f, 0xd5, 0xff,
    0xf3, 0x0, 0x0, 0x8, 0xfd, 0x5f, 0xff, 0xd0,
    0x0, 0x0, 0x8f, 0xd5, 0xff, 0xff, 0xa0, 0x0,
    0x8, 0xfd, 0x5f, 0xf7, 0xff, 0x50, 0x0, 0x8f,
    0xd5, 0xff, 0xb, 0xff, 0x20, 0x8, 0xfd, 0x5f,
    0xf0, 0x1e, 0xfc, 0x0, 0x8f, 0xd5, 0xff, 0x0,
    0x4f, 0xf9, 0x8, 0xfd, 0x5f, 0xf0, 0x0, 0x8f,
    0xf4, 0x8f, 0xd5, 0xff, 0x0, 0x0, 0xcf, 0xe9,
    0xfd, 0x5f, 0xf0, 0x0, 0x2, 0xff, 0xff, 0xd5,
    0xff, 0x0, 0x0, 0x5, 0xff, 0xfd, 0x5f, 0xf0,
    0x0, 0x0, 0x9, 0xff, 0xd5, 0xff, 0x0, 0x0,
    0x0, 0xd, 0xfd,

    /* U+004F "O" */
    0x0, 0x0, 0x39, 0xdf, 0xec, 0x71, 0x0, 0x0,
    0x0, 0x9f, 0xff, 0xff, 0xff, 0xf5, 0x0, 0x0,
    0xaf, 0xfb, 0x41, 0x26, 0xdf, 0xf4, 0x0, 0x5f,
    0xf7, 0x0, 0x0, 0x1, 0xcf, 0xe0, 0xc, 0xfc,
    0x0, 0x0, 0x0, 0x2, 0xff, 0x60, 0xff, 0x50,
    0x0, 0x0, 0x0, 0xb, 0xfb, 0x2f, 0xf3, 0x0,
    0x0, 0x0, 0x0, 0x8f, 0xd2, 0xff, 0x30, 0x0,
    0x0, 0x0, 0x8, 0xfd, 0xf, 0xf5, 0x0, 0x0,
    0x0, 0x0, 0xbf, 0xb0, 0xcf, 0xc0, 0x0, 0x0,
    0x0, 0x2f, 0xf6, 0x5, 0xff, 0x70, 0x0, 0x0,
    0xc, 0xff, 0x10, 0xa, 0xff, 0xb4, 0x12, 0x6d,
    0xff, 0x50, 0x0, 0x9, 0xff, 0xff, 0xff, 0xff,
    0x50, 0x0, 0x0, 0x3, 0x9d, 0xfe, 0xc8, 0x10,
    0x0,

    /* U+0050 "P" */
    0x5f, 0xff, 0xff, 0xea, 0x30, 0x5, 0xff, 0xff,
    0xff, 0xff, 0x50, 0x5f, 0xf1, 0x11, 0x4d, 0xff,
    0x5, 0xff, 0x0, 0x0, 0x1f, 0xf5, 0x5f, 0xf0,
    0x0, 0x0, 0xef, 0x75, 0xff, 0x0, 0x0, 0x1f,
    0xf5, 0x5f, 0xf0, 0x0, 0x2b, 0xff, 0x15, 0xff,
    0xff, 0xff, 0xff, 0x60, 0x5f, 0xff, 0xff, 0xfc,
    0x50, 0x5, 0xff, 0x11, 0x10, 0x0, 0x0, 0x5f,
    0xf0, 0x0, 0x0, 0x0, 0x5, 0xff, 0x0, 0x0,
    0x0, 0x0, 0x5f, 0xf0, 0x0, 0x0, 0x0, 0x5,
    0xff, 0x0, 0x0, 0x0, 0x0,

    /* U+0051 "Q" */
    0x0, 0x0, 0x39, 0xdf, 0xec, 0x71, 0x0, 0x0,
    0x0, 0x9f, 0xff, 0xff, 0xff, 0xf5, 0x0, 0x0,
    0xaf, 0xfa, 0x41, 0x26, 0xdf, 0xf4, 0x0, 0x5f,
    0xf7, 0x0, 0x0, 0x0, 0xcf, 0xe0, 0xc, 0xfb,
    0x0, 0x0, 0x0, 0x2, 0xff, 0x60, 0xff, 0x50,
    0x0, 0x0, 0x0, 0xb, 0xfb, 0x2f, 0xf3, 0x0,
    0x0, 0x0, 0x0, 0x8f, 0xd2, 0xff, 0x30, 0x0,
    0x0, 0x0, 0x9, 0xfd, 0xf, 0xf5, 0x0, 0x0,
    0x8, 0x20, 0xbf, 0xb0, 0xcf, 0xc0, 0x0, 0x8,
    0xfe, 0x5f, 0xf6, 0x5, 0xff, 0x70, 0x0, 0xc,
    0xff, 0xfe, 0x10, 0xa, 0xff, 0xb4, 0x12, 0x7f,
    0xff, 0x70, 0x0, 0x9, 0xff, 0xff, 0xff, 0xff,
    0xfe, 0x30, 0x0, 0x3, 0x9d, 0xff, 0xd7, 0x1b,
    0xf6, 0x0, 0x0, 0x0, 0x0, 0x0, 0x0, 0x4,
    0x0,

    /* U+0052 "R" */
    0x5f, 0xff, 0xff, 0xea, 0x30, 0x0, 0x5f, 0xff,
    0xff, 0xff, 0xf5, 0x0, 0x5f, 0xf1, 0x11, 0x4d,
    0xff, 0x0, 0x5f, 0xf0, 0x0, 0x2, 0xff, 0x50,
    0x5f, 0xf0, 0x0, 0x0, 0xff, 0x70, 0x5f, 0xf0,
    0x0, 0x2, 0xff, 0x50, 0x5f, 0xf1, 0x11, 0x4d,
    0xfe, 0x0, 0x5f, 0xff, 0xff, 0xff, 0xf3, 0x0,
    0x5f, 0xff, 0xff, 0xfe, 0x10, 0x0, 0x5f, 0xf0,
    0x4, 0xff, 0x40, 0x0, 0x5f, 0xf0, 0x0, 0xaf,
    0xd0, 0x0, 0x5f, 0xf0, 0x0, 0x1f, 0xf8, 0x0,
    0x5f, 0xf0, 0x0, 0x7, 0xff, 0x20, 0x5f, 0xf0,
    0x0, 0x0, 0xdf, 0xb0,

    /* U+0053 "S" */
    0x0, 0x7, 0xcf, 0xfd, 0x92, 0x0, 0x0, 0xcf,
    0xff, 0xff, 0xff, 0x40, 0x6, 0xff, 0x70, 0x4,
    0xdf, 0xe0, 0x9, 0xfc, 0x0, 0x0, 0x29, 0x40,
    0x9, 0xfd, 0x0, 0x0, 0x0, 0x0, 0x4, 0xff,
    0xb5, 0x10, 0x0, 0x0, 0x0, 0x8f, 0xff, 0xfc,
    0x60, 0x0, 0x0, 0x3, 0x9d, 0xff, 0xfd, 0x20,
    0x0, 0x0, 0x0, 0x17, 0xff, 0xd0, 0x0, 0x0,
    0x0, 0x0, 0x5f, 0xf3, 0x4, 0x94, 0x0, 0x0,
    0x3f, 0xf4, 0xd, 0xfe, 0x50, 0x3, 0xdf, 0xf0,
    0x2, 0xef, 0xff, 0xff, 0xff, 0x50, 0x0, 0x7,
    0xcf, 0xfe, 0xa3, 0x0,

    /* U+0054 "T" */
    0xbf, 0xff, 0xff, 0xff, 0xff, 0xf3, 0xbf, 0xff,
    0xff, 0xff, 0xff, 0xf3, 0x1, 0x11, 0x7f, 0xe1,
    0x11, 0x10, 0x0, 0x0, 0x7f, 0xe0, 0x0, 0x0,
    0x0, 0x0, 0x7f, 0xe0, 0x0, 0x0, 0x0, 0x0,
    0x7f, 0xe0, 0x0, 0x0, 0x0, 0x0, 0x7f, 0xe0,
    0x0, 0x0, 0x0, 0x0, 0x7f, 0xe0, 0x0, 0x0,
    0x0, 0x0, 0x7f, 0xe0, 0x0, 0x0, 0x0, 0x0,
    0x7f, 0xe0, 0x0, 0x0, 0x0, 0x0, 0x7f, 0xe0,
    0x0, 0x0, 0x0, 0x0, 0x7f, 0xe0, 0x0, 0x0,
    0x0, 0x0, 0x7f, 0xe0, 0x0, 0x0, 0x0, 0x0,
    0x7f, 0xe0, 0x0, 0x0,

    /* U+0055 "U" */
    0x8f, 0xc0, 0x0, 0x0, 0xb, 0xfa, 0x8f, 0xc0,
    0x0, 0x0, 0xb, 0xfa, 0x8f, 0xc0, 0x0, 0x0,
    0xb, 0xfa, 0x8f, 0xc0, 0x0, 0x0, 0xb, 0xfa,
    0x8f, 0xc0, 0x0, 0x0, 0xb, 0xfa, 0x8f, 0xc0,
    0x0, 0x0, 0xb, 0xfa, 0x8f, 0xc0, 0x0, 0x0,
    0xb, 0xfa, 0x8f, 0xc0, 0x0, 0x0, 0xb, 0xfa,
    0x8f, 0xc0, 0x0, 0x0, 0xb, 0xfa, 0x7f, 0xe0,
    0x0, 0x0, 0xd, 0xf8, 0x3f, 0xf5, 0x0, 0x0,
    0x3f, 0xf5, 0xc, 0xff, 0x72, 0x26, 0xef, 0xd0,
    0x2, 0xdf, 0xff, 0xff, 0xfe, 0x20, 0x0, 0x7,
    0xdf, 0xfd, 0x81, 0x0,

    /* U+0056 "V" */
    0x9f, 0xd0, 0x0, 0x0, 0x0, 0xa, 0xfd, 0x3,
    0xff, 0x30, 0x0, 0x0, 0x1, 0xff, 0x70, 0xc,
    0xfa, 0x0, 0x0, 0x0, 0x6f, 0xf1, 0x0, 0x6f,
    0xf0, 0x0, 0x0, 0xd, 0xfa, 0x0, 0x0, 0xff,
    0x60, 0x0, 0x3, 0xff, 0x30, 0x0, 0x9, 0xfc,
    0x0, 0x0, 0x9f, 0xd0, 0x0, 0x0, 0x3f, 0xf3,
    0x0, 0xf, 0xf6, 0x0, 0x0, 0x0, 0xcf, 0x90,
    0x6, 0xff, 0x0, 0x0, 0x0, 0x6, 0xff, 0x0,
    0xcf, 0x90, 0x0, 0x0, 0x0, 0xe, 0xf6, 0x3f,
    0xf3, 0x0, 0x0, 0x0, 0x0, 0x9f, 0xc9, 0xfc,
    0x0, 0x0, 0x0, 0x0, 0x2, 0xff, 0xff, 0x60,
    0x0, 0x0, 0x0, 0x0, 0xc, 0xff, 0xf0, 0x0,
    0x0, 0x0, 0x0, 0x0, 0x5f, 0xf9, 0x0, 0x0,
    0x0,

    /* U+0057 "W" */
    0xaf, 0xa0, 0x0, 0x0, 0x8f, 0xf1, 0x0, 0x0,
    0x3f, 0xf2, 0x5f, 0xf0, 0x0, 0x0, 0xdf, 0xf5,
    0x0, 0x0, 0x7f, 0xd0, 0x1f, 0xf4, 0x0, 0x1,
    0xff, 0xf9, 0x0, 0x0, 0xcf, 0x80, 0xc, 0xf8,
    0x0, 0x6, 0xff, 0xfe, 0x0, 0x1, 0xff, 0x40,
    0x7, 0xfd, 0x0, 0xb, 0xf8, 0xff, 0x30, 0x6,
    0xfe, 0x0, 0x2, 0xff, 0x20, 0xf, 0xf3, 0xcf,
    0x70, 0xb, 0xfa, 0x0, 0x0, 0xef, 0x70, 0x4f,
    0xe0, 0x7f, 0xc0, 0xf, 0xf5, 0x0, 0x0, 0x9f,
    0xb0, 0x8f, 0xa0, 0x3f, 0xf0, 0x4f, 0xf0, 0x0,
    0x0, 0x4f, 0xf1, 0xdf, 0x50, 0xe, 0xf5, 0x9f,
    0xb0, 0x0, 0x0, 0xf, 0xf7, 0xff, 0x10, 0xa,
    0xf9, 0xef, 0x70, 0x0, 0x0, 0xa, 0xff, 0xfc,
    0x0, 0x5, 0xff, 0xff, 0x20, 0x0, 0x0, 0x6,
    0xff, 0xf8, 0x0, 0x1, 0xff, 0xfd, 0x0, 0x0,
    0x0, 0x1, 0xff, 0xf3, 0x0, 0x0, 0xcf, 0xf8,
    0x0, 0x0, 0x0, 0x0, 0xcf, 0xf0, 0x0, 0x0,
    0x8f, 0xf3, 0x0, 0x0,

    /* U+0058 "X" */
    0x6f, 0xf6, 0x0, 0x0, 0x4, 0xff, 0x60, 0xaf,
    0xf2, 0x0, 0x1, 0xef, 0xb0, 0x0, 0xdf, 0xc0,
    0x0, 0xbf, 0xe1, 0x0, 0x3, 0xff, 0x70, 0x6f,
    0xf4, 0x0, 0x0, 0x7, 0xff, 0x5f, 0xf8, 0x0,
    0x0, 0x0, 0xb, 0xff, 0xfc, 0x0, 0x0, 0x0,
    0x0, 0x1e, 0xff, 0x20, 0x0, 0x0, 0x0, 0x3,
    0xff, 0xf4, 0x0, 0x0, 0x0, 0x0, 0xdf, 0xff,
    0xe1, 0x0, 0x0, 0x0, 0xaf, 0xf2, 0xef, 0xb0,
    0x0, 0x0, 0x5f, 0xf5, 0x4, 0xff, 0x60, 0x0,
    0x1e, 0xfb, 0x0, 0x9, 0xff, 0x20, 0xb, 0xfe,
    0x10, 0x0, 0xe, 0xfc, 0x7, 0xff, 0x50, 0x0,
    0x0, 0x4f, 0xf8,

    /* U+0059 "Y" */
    0x8f, 0xf2, 0x0, 0x0, 0x8, 0xff, 0x20, 0xef,
    0xb0, 0x0, 0x2, 0xff, 0x80, 0x4, 0xff, 0x50,
    0x0, 0xbf, 0xd0, 0x0, 0xb, 0xfe, 0x0, 0x5f,
    0xf4, 0x0, 0x0, 0x1f, 0xf8, 0xe, 0xfa, 0x0,
    0x0, 0x0, 0x7f, 0xfa, 0xff, 0x10, 0x0, 0x0,
    0x0, 0xdf, 0xff, 0x60, 0x0, 0x0, 0x0, 0x3,
    0xff, 0xc0, 0x0, 0x0, 0x0, 0x0, 0xd, 0xf7,
    0x0, 0x0, 0x0, 0x0, 0x0, 0xdf, 0x70, 0x0,
    0x0, 0x0, 0x0, 0xd, 0xf7, 0x0, 0x0, 0x0,
    0x0, 0x0, 0xdf, 0x70, 0x0, 0x0, 0x0, 0x0,
    0xd, 0xf7, 0x0, 0x0, 0x0, 0x0, 0x0, 0xdf,
    0x70, 0x0, 0x0,

    /* U+005A "Z" */
    0x2f, 0xff, 0xff, 0xff, 0xff, 0xfe, 0x2f, 0xff,
    0xff, 0xff, 0xff, 0xfe, 0x1, 0x11, 0x11, 0x11,
    0x8f, 0xf8, 0x0, 0x0, 0x0, 0x4, 0xff, 0xb0,
    0x0, 0x0, 0x0, 0x2e, 0xfd, 0x0, 0x0, 0x0,
    0x0, 0xdf, 0xe2, 0x0, 0x0, 0x0, 0xb, 0xff,
    0x40, 0x0, 0x0, 0x0, 0x8f, 0xf6, 0x0, 0x0,
    0x0, 0x6, 0xff, 0x90, 0x0, 0x0, 0x0, 0x3f,
    0xfc, 0x0, 0x0, 0x0, 0x1, 0xef, 0xd1, 0x0,
    0x0, 0x0, 0xd, 0xff, 0x41, 0x11, 0x11, 0x11,
    0x3f, 0xff, 0xff, 0xff, 0xff, 0xfd, 0x3f, 0xff,
    0xff, 0xff, 0xff, 0xfd,

    /* U+005B "[" */
    0x5f, 0xff, 0x75, 0xff, 0xf7, 0x5f, 0xb0, 0x5,
    0xfb, 0x0, 0x5f, 0xb0, 0x5, 0xfb, 0x0, 0x5f,
    0xb0, 0x5, 0xfb, 0x0, 0x5f, 0xb0, 0x5, 0xfb,
    0x0, 0x5f, 0xb0, 0x5, 0xfb, 0x0, 0x5f, 0xb0,
    0x5, 0xfb, 0x0, 0x5f, 0xb0, 0x5, 0xfb, 0x0,
    0x5f, 0xff, 0x75, 0xff, 0xf7,

    /* U+005C "\\" */
    0x8f, 0xa0, 0x0, 0x0, 0x3f, 0xf0, 0x0, 0x0,
    0xd, 0xf5, 0x0, 0x0, 0x8, 0xfb, 0x0, 0x0,
    0x2, 0xff, 0x0, 0x0, 0x0, 0xdf, 0x60, 0x0,
    0x0, 0x7f, 0xb0, 0x0, 0x0, 0x2f, 0xf1, 0x0,
    0x0, 0xc, 0xf6, 0x0, 0x0, 0x7, 0xfc, 0x0,
    0x0, 0x1, 0xff, 0x10, 0x0, 0x0, 0xcf, 0x70,
    0x0, 0x0, 0x6f, 0xc0, 0x0, 0x0, 0x1f, 0xf2,
    0x0, 0x0, 0xb, 0xf7, 0x0, 0x0, 0x6, 0xfd,

    /* U+005D "]" */
    0xbf, 0xff, 0x1b, 0xff, 0xf1, 0x0, 0xff, 0x10,
    0xf, 0xf1, 0x0, 0xff, 0x10, 0xf, 0xf1, 0x0,
    0xff, 0x10, 0xf, 0xf1, 0x0, 0xff, 0x10, 0xf,
    0xf1, 0x0, 0xff, 0x10, 0xf, 0xf1, 0x0, 0xff,
    0x10, 0xf, 0xf1, 0x0, 0xff, 0x10, 0xf, 0xf1,
    0xbf, 0xff, 0x1b, 0xff, 0xf1,

    /* U+005E "^" */
    0x0, 0x3, 0x86, 0x0, 0x0, 0x0, 0xdf, 0xf3,
    0x0, 0x0, 0x5f, 0xef, 0xa0, 0x0, 0xc, 0xf4,
    0xdf, 0x20, 0x4, 0xfc, 0x6, 0xfa, 0x0, 0xcf,
    0x40, 0xd, 0xf2, 0x3f, 0xc0, 0x0, 0x6f, 0x90,

    /* U+005F "_" */
    0x9e, 0xee, 0xee, 0xee, 0x5a, 0xff, 0xff, 0xff,
    0xf5,

    /* U+0060 "`" */
    0x58, 0x60, 0x1, 0xdf, 0x80, 0x1, 0xdf, 0x70,

    /* U+0061 "a" */
    0x0, 0x4c, 0xef, 0xd6, 0x0, 0x6, 0xff, 0xff,
    0xff, 0x90, 0x8, 0xe7, 0x0, 0x7f, 0xf1, 0x0,
    0x0, 0x0, 0xe, 0xf5, 0x1, 0x9d, 0xff, 0xff,
    0xf7, 0xd, 0xff, 0xca, 0xae, 0xf7, 0x3f, 0xf2,
    0x0, 0xe, 0xf6, 0x3f, 0xf2, 0x0, 0x9f, 0xf6,
    0xd, 0xff, 0xef, 0xfe, 0xf6, 0x2, 0xae, 0xfd,
    0x5a, 0xf6,

    /* U+0062 "b" */
    0xcf, 0x70, 0x0, 0x0, 0x0, 0xc, 0xf7, 0x0,
    0x0, 0x0, 0x0, 0xcf, 0x70, 0x0, 0x0, 0x0,
    0xc, 0xf7, 0x0, 0x0, 0x0, 0x0, 0xcf, 0x75,
    0xdf, 0xe9, 0x10, 0xc, 0xfd, 0xff, 0xff, 0xfd,
    0x10, 0xcf, 0xfa, 0x11, 0x7f, 0xf9, 0xc, 0xfd,
    0x0, 0x0, 0x8f, 0xf0, 0xcf, 0x80, 0x0, 0x3,
    0xff, 0x1c, 0xf8, 0x0, 0x0, 0x3f, 0xf1, 0xcf,
    0xd0, 0x0, 0x8, 0xff, 0xc, 0xff, 0xa1, 0x17,
    0xff, 0x90, 0xcf, 0xcf, 0xff, 0xff, 0xe1, 0xc,
    0xf6, 0x5d, 0xfe, 0x91, 0x0,

    /* U+0063 "c" */
    0x0, 0x7, 0xdf, 0xeb, 0x40, 0x0, 0x1d, 0xff,
    0xff, 0xff, 0x70, 0xa, 0xff, 0x61, 0x29, 0xfe,
    0x11, 0xff, 0x50, 0x0, 0x4, 0x0, 0x4f, 0xf0,
    0x0, 0x0, 0x0, 0x4, 0xff, 0x0, 0x0, 0x0,
    0x0, 0x1f, 0xf5, 0x0, 0x0, 0x51, 0x0, 0xaf,
    0xe6, 0x12, 0x9f, 0xf2, 0x1, 0xdf, 0xff, 0xff,
    0xf7, 0x0, 0x0, 0x7d, 0xfe, 0xb4, 0x0,

    /* U+0064 "d" */
    0x0, 0x0, 0x0, 0x0, 0xaf, 0x90, 0x0, 0x0,
    0x0, 0xa, 0xf9, 0x0, 0x0, 0x0, 0x0, 0xaf,
    0x90, 0x0, 0x0, 0x0, 0xa, 0xf9, 0x0, 0x2a,
    0xef, 0xc3, 0xaf, 0x90, 0x3f, 0xff, 0xff, 0xfd,
    0xf9, 0xc, 0xfe, 0x50, 0x2c, 0xff, 0x92, 0xff,
    0x50, 0x0, 0x1f, 0xf9, 0x4f, 0xf1, 0x0, 0x0,
    0xbf, 0x94, 0xff, 0x10, 0x0, 0xb, 0xf9, 0x2f,
    0xf5, 0x0, 0x1, 0xef, 0x90, 0xcf, 0xe5, 0x2,
    0xbf, 0xf9, 0x3, 0xff, 0xff, 0xff, 0xcf, 0x90,
    0x2, 0xae, 0xfc, 0x39, 0xf9,

    /* U+0065 "e" */
    0x0, 0x7, 0xdf, 0xea, 0x20, 0x0, 0x1d, 0xff,
    0xef, 0xfe, 0x20, 0xa, 0xfd, 0x20, 0xa, 0xfc,
    0x1, 0xff, 0x40, 0x0, 0xf, 0xf3, 0x4f, 0xff,
    0xff, 0xff, 0xff, 0x64, 0xff, 0xaa, 0xaa, 0xaa,
    0xa5, 0x1f, 0xf4, 0x0, 0x0, 0x10, 0x0, 0xaf,
    0xe4, 0x0, 0x6f, 0xd1, 0x1, 0xdf, 0xff, 0xff,
    0xf8, 0x0, 0x0, 0x8d, 0xfe, 0xb4, 0x0,

    /* U+0066 "f" */
    0x0, 0x7, 0xdf, 0xc4, 0x0, 0x6f, 0xff, 0xf3,
    0x0, 0xbf, 0xb0, 0x10, 0x0, 0xcf, 0x70, 0x0,
    0x7f, 0xff, 0xff, 0xf1, 0x6c, 0xff, 0xec, 0xc1,
    0x0, 0xcf, 0x70, 0x0, 0x0, 0xcf, 0x70, 0x0,
    0x0, 0xcf, 0x70, 0x0, 0x0, 0xcf, 0x70, 0x0,
    0x0, 0xcf, 0x70, 0x0, 0x0, 0xcf, 0x70, 0x0,
    0x0, 0xcf, 0x70, 0x0, 0x0, 0xcf, 0x70, 0x0,

    /* U+0067 "g" */
    0x0, 0x2a, 0xef, 0xc3, 0x9f, 0xb0, 0x2f, 0xff,
    0xff, 0xfc, 0xfb, 0xc, 0xff, 0x50, 0x1b, 0xff,
    0xb1, 0xff, 0x70, 0x0, 0xe, 0xfb, 0x4f, 0xf2,
    0x0, 0x0, 0xbf, 0xb4, 0xff, 0x20, 0x0, 0xb,
    0xfb, 0x2f, 0xf6, 0x0, 0x0, 0xef, 0xb0, 0xcf,
    0xe4, 0x0, 0x9f, 0xfb, 0x3, 0xff, 0xfe, 0xff,
    0xcf, 0xa0, 0x2, 0xae, 0xfc, 0x49, 0xf9, 0x0,
    0x0, 0x0, 0x0, 0xdf, 0x70, 0x8, 0x30, 0x1,
    0xaf, 0xf1, 0x7, 0xff, 0xff, 0xff, 0xf5, 0x0,
    0x18, 0xce, 0xfe, 0xa3, 0x0,

    /* U+0068 "h" */
    0xbf, 0x80, 0x0, 0x0, 0x0, 0xbf, 0x80, 0x0,
    0x0, 0x0, 0xbf, 0x80, 0x0, 0x0, 0x0, 0xbf,
    0x80, 0x0, 0x0, 0x0, 0xbf, 0x86, 0xdf, 0xe7,
    0x0, 0xbf, 0xdf, 0xff, 0xff, 0x90, 0xbf, 0xf8,
    0x13, 0xbf, 0xf0, 0xbf, 0xc0, 0x0, 0x2f, 0xf3,
    0xbf, 0x80, 0x0, 0xf, 0xf4, 0xbf, 0x80, 0x0,
    0xf, 0xf4, 0xbf, 0x80, 0x0, 0xf, 0xf4, 0xbf,
    0x80, 0x0, 0xf, 0xf4, 0xbf, 0x80, 0x0, 0xf,
    0xf4, 0xbf, 0x80, 0x0, 0xf, 0xf4,

    /* U+0069 "i" */
    0x17, 0x1b, 0xfb, 0x8f, 0x70, 0x0, 0x0, 0xa,
    0xf9, 0xaf, 0x9a, 0xf9, 0xaf, 0x9a, 0xf9, 0xaf,
    0x9a, 0xf9, 0xaf, 0x9a, 0xf9, 0xaf, 0x90,

    /* U+006A "j" */
    0x0, 0x0, 0x46, 0x0, 0x0, 0x2f, 0xf5, 0x0,
    0x0, 0xdf, 0x30, 0x0, 0x0, 0x0, 0x0, 0x0,
    0x0, 0x0, 0x0, 0xf, 0xf3, 0x0, 0x0, 0xff,
    0x30, 0x0, 0xf, 0xf3, 0x0, 0x0, 0xff, 0x30,
    0x0, 0xf, 0xf3, 0x0, 0x0, 0xff, 0x30, 0x0,
    0xf, 0xf3, 0x0, 0x0, 0xff, 0x30, 0x0, 0xf,
    0xf3, 0x0, 0x0, 0xff, 0x30, 0x0, 0xf, 0xf3,
    0x2, 0x15, 0xff, 0x10, 0xbf, 0xff, 0xc0, 0xb,
    0xfe, 0xa1, 0x0,

    /* U+006B "k" */
    0xcf, 0x70, 0x0, 0x0, 0x0, 0xcf, 0x70, 0x0,
    0x0, 0x0, 0xcf, 0x70, 0x0, 0x0, 0x0, 0xcf,
    0x70, 0x0, 0x0, 0x0, 0xcf, 0x70, 0x4, 0xff,
    0x70, 0xcf, 0x70, 0x3f, 0xf8, 0x0, 0xcf, 0x72,
    0xef, 0xa0, 0x0, 0xcf, 0x9e, 0xfb, 0x0, 0x0,
    0xcf, 0xff, 0xf6, 0x0, 0x0, 0xcf, 0xff, 0xff,
    0x20, 0x0, 0xcf, 0xe2, 0xcf, 0xc0, 0x0, 0xcf,
    0x70, 0x2f, 0xf8, 0x0, 0xcf, 0x70, 0x6, 0xff,
    0x30, 0xcf, 0x70, 0x0, 0xbf, 0xd0,

    /* U+006C "l" */
    0xcf, 0x7c, 0xf7, 0xcf, 0x7c, 0xf7, 0xcf, 0x7c,
    0xf7, 0xcf, 0x7c, 0xf7, 0xcf, 0x7c, 0xf7, 0xcf,
    0x7c, 0xf7, 0xcf, 0x7c, 0xf7,

    /* U+006D "m" */
    0xcf, 0x69, 0xef, 0xc5, 0x4, 0xcf, 0xe8, 0x0,
    0xcf, 0xff, 0xdf, 0xff, 0x8f, 0xee, 0xff, 0x90,
    0xcf, 0xf3, 0x1, 0xdf, 0xf9, 0x0, 0x9f, 0xf0,
    0xcf, 0xa0, 0x0, 0x8f, 0xf0, 0x0, 0x2f, 0xf2,
    0xcf, 0x80, 0x0, 0x6f, 0xe0, 0x0, 0xf, 0xf3,
    0xcf, 0x70, 0x0, 0x6f, 0xd0, 0x0, 0xf, 0xf3,
    0xcf, 0x70, 0x0, 0x6f, 0xd0, 0x0, 0xf, 0xf3,
    0xcf, 0x70, 0x0, 0x6f, 0xd0, 0x0, 0xf, 0xf3,
    0xcf, 0x70, 0x0, 0x6f, 0xd0, 0x0, 0xf, 0xf3,
    0xcf, 0x70, 0x0, 0x6f, 0xd0, 0x0, 0xf, 0xf3,

    /* U+006E "n" */
    0xcf, 0x68, 0xef, 0xd7, 0x0, 0xcf, 0xef, 0xee,
    0xff, 0x80, 0xcf, 0xf4, 0x0, 0x9f, 0xf0, 0xcf,
    0xa0, 0x0, 0x2f, 0xf3, 0xcf, 0x80, 0x0, 0xf,
    0xf4, 0xcf, 0x70, 0x0, 0xf, 0xf4, 0xcf, 0x70,
    0x0, 0xf, 0xf4, 0xcf, 0x70, 0x0, 0xf, 0xf4,
    0xcf, 0x70, 0x0, 0xf, 0xf4, 0xcf, 0x70, 0x0,
    0xf, 0xf4,

    /* U+006F "o" */
    0x0, 0x7, 0xdf, 0xeb, 0x40, 0x0, 0x1d, 0xff,
    0xff, 0xff, 0x80, 0xa, 0xfe, 0x51, 0x29, 0xff,
    0x41, 0xff, 0x50, 0x0, 0xb, 0xfb, 0x4f, 0xf0,
    0x0, 0x0, 0x6f, 0xd4, 0xff, 0x0, 0x0, 0x6,
    0xfd, 0x1f, 0xf5, 0x0, 0x0, 0xbf, 0xb0, 0xaf,
    0xe5, 0x12, 0x9f, 0xf4, 0x1, 0xdf, 0xff, 0xff,
    0xf8, 0x0, 0x0, 0x7d, 0xfe, 0xb4, 0x0,

    /* U+0070 "p" */
    0xaf, 0x75, 0xcf, 0xea, 0x20, 0xa, 0xfe, 0xfe,
    0xdf, 0xfe, 0x20, 0xaf, 0xf8, 0x0, 0x2e, 0xfb,
    0xa, 0xfd, 0x0, 0x0, 0x5f, 0xf1, 0xaf, 0xa0,
    0x0, 0x1, 0xff, 0x3a, 0xfa, 0x0, 0x0, 0x2f,
    0xf3, 0xaf, 0xe0, 0x0, 0x7, 0xff, 0x1a, 0xff,
    0xb2, 0x16, 0xff, 0xb0, 0xaf, 0xdf, 0xff, 0xff,
    0xe2, 0xa, 0xf9, 0x4c, 0xfe, 0xa2, 0x0, 0xaf,
    0x90, 0x0, 0x0, 0x0, 0xa, 0xf9, 0x0, 0x0,
    0x0, 0x0, 0xaf, 0x90, 0x0, 0x0, 0x0, 0xa,
    0xf9, 0x0, 0x0, 0x0, 0x0,

    /* U+0071 "q" */
    0x0, 0x2a, 0xef, 0xc3, 0x8f, 0x90, 0x3f, 0xff,
    0xff, 0xfc, 0xf9, 0xc, 0xfe, 0x50, 0x2b, 0xff,
    0x92, 0xff, 0x50, 0x0, 0x1e, 0xf9, 0x4f, 0xf1,
    0x0, 0x0, 0xbf, 0x94, 0xff, 0x10, 0x0, 0xb,
    0xf9, 0x2f, 0xf6, 0x0, 0x1, 0xef, 0x90, 0xcf,
    0xe5, 0x2, 0xbf, 0xf9, 0x3, 0xff, 0xff, 0xff,
    0xdf, 0x90, 0x2, 0xae, 0xfc, 0x3a, 0xf9, 0x0,
    0x0, 0x0, 0x0, 0xaf, 0x90, 0x0, 0x0, 0x0,
    0xa, 0xf9, 0x0, 0x0, 0x0, 0x0, 0xaf, 0x90,
    0x0, 0x0, 0x0, 0xa, 0xf9,

    /* U+0072 "r" */
    0xcf, 0x73, 0xbf, 0xc, 0xfb, 0xff, 0xf0, 0xcf,
    0xfb, 0x41, 0xc, 0xfc, 0x0, 0x0, 0xcf, 0x80,
    0x0, 0xc, 0xf7, 0x0, 0x0, 0xcf, 0x70, 0x0,
    0xc, 0xf7, 0x0, 0x0, 0xcf, 0x70, 0x0, 0xc,
    0xf7, 0x0, 0x0,

    /* U+0073 "s" */
    0x0, 0x5c, 0xfe, 0xb4, 0x0, 0x5f, 0xff, 0xff,
    0xf5, 0xb, 0xfa, 0x0, 0x7a, 0x30, 0xaf, 0xc3,
    0x0, 0x0, 0x2, 0xef, 0xff, 0xa2, 0x0, 0x1,
    0x8d, 0xff, 0xf2, 0x0, 0x0, 0x2, 0xcf, 0xa1,
    0xbf, 0x50, 0xa, 0xfb, 0xb, 0xff, 0xff, 0xff,
    0x50, 0x7, 0xdf, 0xfc, 0x40,

    /* U+0074 "t" */
    0x0, 0xff, 0x30, 0x0, 0x0, 0xff, 0x30, 0x0,
    0x0, 0xff, 0x30, 0x0, 0xbf, 0xff, 0xff, 0xe0,
    0x9e, 0xff, 0xee, 0xc0, 0x0, 0xff, 0x30, 0x0,
    0x0, 0xff, 0x30, 0x0, 0x0, 0xff, 0x30, 0x0,
    0x0, 0xff, 0x30, 0x0, 0x0, 0xff, 0x30, 0x0,
    0x0, 0xff, 0x80, 0x20, 0x0, 0xaf, 0xff, 0xe0,
    0x0, 0x19, 0xef, 0xa1,

    /* U+0075 "u" */
    0xff, 0x40, 0x0, 0x3f, 0xf0, 0xff, 0x40, 0x0,
    0x3f, 0xf0, 0xff, 0x40, 0x0, 0x3f, 0xf0, 0xff,
    0x40, 0x0, 0x3f, 0xf0, 0xff, 0x40, 0x0, 0x3f,
    0xf0, 0xff, 0x40, 0x0, 0x3f, 0xf0, 0xef, 0x70,
    0x0, 0x7f, 0xf0, 0xbf, 0xe4, 0x14, 0xef, 0xf0,
    0x4f, 0xff, 0xff, 0xdf, 0xf0, 0x4, 0xcf, 0xe9,
    0x2f, 0xf0,

    /* U+0076 "v" */
    0xaf, 0xa0, 0x0, 0x0, 0xdf, 0x73, 0xff, 0x10,
    0x0, 0x3f, 0xf1, 0xc, 0xf7, 0x0, 0xa, 0xfa,
    0x0, 0x6f, 0xd0, 0x0, 0xff, 0x30, 0x0, 0xff,
    0x30, 0x6f, 0xd0, 0x0, 0x9, 0xfa, 0xd, 0xf6,
    0x0, 0x0, 0x2f, 0xf4, 0xff, 0x0, 0x0, 0x0,
    0xbf, 0xef, 0x90, 0x0, 0x0, 0x5, 0xff, 0xf2,
    0x0, 0x0, 0x0, 0xe, 0xfc, 0x0, 0x0,

    /* U+0077 "w" */
    0xaf, 0x90, 0x0, 0x1f, 0xf6, 0x0, 0x5, 0xfe,
    0x4, 0xfe, 0x0, 0x6, 0xff, 0xc0, 0x0, 0xaf,
    0x90, 0xe, 0xf4, 0x0, 0xcf, 0xff, 0x10, 0xf,
    0xf3, 0x0, 0x9f, 0x90, 0x1f, 0xea, 0xf6, 0x5,
    0xfe, 0x0, 0x4, 0xfe, 0x6, 0xf9, 0x4f, 0xc0,
    0xaf, 0x90, 0x0, 0xe, 0xf4, 0xcf, 0x40, 0xff,
    0x2f, 0xf3, 0x0, 0x0, 0x9f, 0xbf, 0xe0, 0xa,
    0xfc, 0xfe, 0x0, 0x0, 0x4, 0xff, 0xfa, 0x0,
    0x5f, 0xff, 0x80, 0x0, 0x0, 0xe, 0xff, 0x40,
    0x0, 0xff, 0xf3, 0x0, 0x0, 0x0, 0x9f, 0xf0,
    0x0, 0xa, 0xfd, 0x0, 0x0,

    /* U+0078 "x" */
    0x3f, 0xf6, 0x0, 0x3f, 0xf7, 0x0, 0x7f, 0xf2,
    0xd, 0xfb, 0x0, 0x0, 0xbf, 0xc8, 0xfe, 0x10,
    0x0, 0x1, 0xef, 0xff, 0x50, 0x0, 0x0, 0x5,
    0xff, 0xa0, 0x0, 0x0, 0x0, 0x9f, 0xfd, 0x0,
    0x0, 0x0, 0x4f, 0xfe, 0xf8, 0x0, 0x0, 0x1e,
    0xf8, 0x4f, 0xf4, 0x0, 0xb, 0xfd, 0x0, 0xaf,
    0xe1, 0x7, 0xff, 0x30, 0x1, 0xef, 0xa0,

    /* U+0079 "y" */
    0xaf, 0xc0, 0x0, 0x0, 0xaf, 0xc0, 0x3f, 0xf3,
    0x0, 0x1, 0xff, 0x50, 0xb, 0xf9, 0x0, 0x7,
    0xfe, 0x0, 0x4, 0xff, 0x10, 0xd, 0xf8, 0x0,
    0x0, 0xdf, 0x70, 0x4f, 0xf1, 0x0, 0x0, 0x6f,
    0xd0, 0xbf, 0xa0, 0x0, 0x0, 0xe, 0xf6, 0xff,
    0x30, 0x0, 0x0, 0x7, 0xff, 0xfd, 0x0, 0x0,
    0x0, 0x1, 0xff, 0xf6, 0x0, 0x0, 0x0, 0x0,
    0x9f, 0xe0, 0x0, 0x0, 0x0, 0x0, 0xcf, 0x80,
    0x0, 0x0, 0x3, 0x16, 0xff, 0x10, 0x0, 0x0,
    0xe, 0xff, 0xf8, 0x0, 0x0, 0x0, 0x2b, 0xfe,
    0x80, 0x0, 0x0, 0x0,

    /* U+007A "z" */
    0x4f, 0xff, 0xff, 0xff, 0xe3, 0xdd, 0xdd, 0xdf,
    0xfc, 0x0, 0x0, 0x7, 0xff, 0x20, 0x0, 0x4,
    0xff, 0x50, 0x0, 0x2, 0xff, 0x80, 0x0, 0x1,
    0xdf, 0xb0, 0x0, 0x0, 0xbf, 0xd1, 0x0, 0x0,
    0x8f, 0xf2, 0x0, 0x0, 0x3f, 0xfe, 0xdd, 0xdd,
    0xb4, 0xff, 0xff, 0xff, 0xfe,

    /* U+007B "{" */
    0x0, 0x5, 0xb9, 0x0, 0x4f, 0xfb, 0x0, 0xaf,
    0x90, 0x0, 0xdf, 0x30, 0x0, 0xff, 0x10, 0x0,
    0xff, 0x0, 0x0, 0xff, 0x0, 0x3, 0xfd, 0x0,
    0x9e, 0xf5, 0x0, 0xef, 0xd2, 0x0, 0x7, 0xfc,
    0x0, 0x0, 0xff, 0x0, 0x0, 0xff, 0x0, 0x0,
    0xff, 0x10, 0x0, 0xef, 0x20, 0x0, 0xbf, 0x70,
    0x0, 0x6f, 0xf9, 0x0, 0x8, 0xeb,

    /* U+007C "|" */
    0x4b, 0x55, 0xf7, 0x5f, 0x75, 0xf7, 0x5f, 0x75,
    0xf7, 0x5f, 0x75, 0xf7, 0x5f, 0x75, 0xf7, 0x5f,
    0x75, 0xf7, 0x5f, 0x75, 0xf7, 0x5f, 0x75, 0xf7,
    0x5f, 0x75, 0xf7, 0x5f, 0x75, 0xf7,

    /* U+007D "}" */
    0xba, 0x30, 0x0, 0xef, 0xf2, 0x0, 0x1c, 0xf7,
    0x0, 0x6, 0xfa, 0x0, 0x4, 0xfb, 0x0, 0x3,
    0xfc, 0x0, 0x3, 0xfc, 0x0, 0x1, 0xff, 0x0,
    0x0, 0x8f, 0xd7, 0x0, 0x4e, 0xfb, 0x0, 0xef,
    0x40, 0x2, 0xfd, 0x0, 0x3, 0xfc, 0x0, 0x4,
    0xfb, 0x0, 0x5, 0xfa, 0x0, 0xa, 0xf8, 0x0,
    0xcf, 0xf3, 0x0, 0xdd, 0x60, 0x0,

    /* U+007E "~" */
    0x5, 0xdf, 0xb2, 0x0, 0x0, 0x3, 0xff, 0xff,
    0xd0, 0x6, 0xd5, 0xaf, 0x83, 0xef, 0xa2, 0xdf,
    0x3b, 0xd0, 0x3, 0xff, 0xff, 0xc0, 0x0, 0x0,
    0x4, 0xdf, 0xb1, 0x0,

    /* U+00A0 " " */

    /* U+00A1 "¡" */
    0x1d, 0xe2, 0x4f, 0xf6, 0x9, 0xa1, 0x0, 0x0,
    0x6, 0x61, 0xf, 0xf2, 0xf, 0xf2, 0x1f, 0xf3,
    0x1f, 0xf3, 0x1f, 0xf3, 0x1f, 0xf3, 0x1f, 0xf4,
    0x2f, 0xf4, 0x2f, 0xf4,

    /* U+00A2 "¢" */
    0x0, 0x0, 0xe, 0x70, 0x0, 0x0, 0x0, 0x4,
    0xfa, 0x20, 0x0, 0x0, 0x4e, 0xff, 0xff, 0xb1,
    0x0, 0x4f, 0xfe, 0xfe, 0xff, 0xc0, 0xd, 0xfc,
    0x1e, 0x74, 0xe9, 0x12, 0xff, 0x30, 0xe7, 0x0,
    0x0, 0x4f, 0xf0, 0xe, 0x70, 0x0, 0x3, 0xff,
    0x0, 0xe7, 0x0, 0x0, 0x1f, 0xf6, 0xe, 0x70,
    0x72, 0x0, 0x9f, 0xf6, 0xe9, 0xaf, 0xf2, 0x1,
    0xcf, 0xff, 0xff, 0xf7, 0x0, 0x0, 0x8d, 0xff,
    0xc4, 0x0, 0x0, 0x0, 0xe, 0x70, 0x0, 0x0,
    0x0, 0x0, 0xe7, 0x0, 0x0,

    /* U+00A3 "£" */
    0x0, 0x0, 0x7d, 0xfe, 0xa2, 0x0, 0x0, 0xbf,
    0xff, 0xff, 0xe2, 0x0, 0x4f, 0xf6, 0x2, 0xdf,
    0xa0, 0x8, 0xfc, 0x0, 0x7, 0xfd, 0x0, 0x9f,
    0xa0, 0x0, 0x2, 0x30, 0xa, 0xfa, 0x0, 0x0,
    0x0, 0x0, 0xaf, 0xa0, 0x0, 0x0, 0x1, 0xff,
    0xff, 0xff, 0xfb, 0x0, 0x1d, 0xff, 0xfd, 0xdd,
    0x90, 0x0, 0xa, 0xfa, 0x0, 0x0, 0x0, 0x0,
    0xaf, 0xa0, 0x0, 0x0, 0x0, 0x2d, 0xf7, 0x11,
    0x11, 0x11, 0x1f, 0xff, 0xff, 0xff, 0xff, 0xf1,
    0xff, 0xff, 0xff, 0xff, 0xff,

    /* U+00A4 "¤" */
    0x6, 0x10, 0x0, 0x5, 0x30, 0x5f, 0xdb, 0xfe,
    0xbf, 0xe0, 0xa, 0xff, 0xef, 0xff, 0x40, 0xb,
    0xf8, 0x0, 0xcf, 0x70, 0xe, 0xf2, 0x0, 0x7f,
    0x90, 0xb, 0xf8, 0x0, 0xcf, 0x60, 0xa, 0xff,
    0xef, 0xff, 0x50, 0x4f, 0xcb, 0xfe, 0xaf, 0xe0,
    0x5, 0x10, 0x0, 0x4, 0x20,

    /* U+00A5 "¥" */
    0x9f, 0xf1, 0x0, 0x0, 0x8f, 0xf1, 0x1f, 0xf8,
    0x0, 0x1, 0xff, 0x80, 0x7, 0xff, 0x10, 0x8,
    0xfe, 0x0, 0x0, 0xef, 0x90, 0x1f, 0xf7, 0x0,
    0x0, 0x6f, 0xf1, 0x9f, 0xe0, 0x0, 0x0, 0xd,
    0xfb, 0xff, 0x50, 0x0, 0x0, 0x16, 0xff, 0xfd,
    0x10, 0x0, 0x3, 0xff, 0xff, 0xff, 0xfb, 0x0,
    0x1, 0x55, 0x9f, 0xf5, 0x53, 0x0, 0x3, 0xff,
    0xff, 0xff, 0xfb, 0x0, 0x0, 0x44, 0x9f, 0xf4,
    0x43, 0x0, 0x0, 0x0, 0x6f, 0xe0, 0x0, 0x0,
    0x0, 0x0, 0x6f, 0xe0, 0x0, 0x0, 0x0, 0x0,
    0x6f, 0xe0, 0x0, 0x0,

    /* U+00A6 "¦" */
    0x97, 0xfd, 0xfd, 0xfd, 0xfd, 0xfd, 0xfd, 0xfd,
    0xfd, 0x0, 0x0, 0x97, 0xfd, 0xfd, 0xfd, 0xfd,
    0xfd, 0xfd, 0xfd, 0xfd,

    /* U+00A7 "§" */
    0x1, 0x9d, 0xfe, 0x91, 0x0, 0xcf, 0xc9, 0xcf,
    0xd0, 0x3f, 0xb0, 0x0, 0x99, 0x13, 0xfb, 0x0,
    0x0, 0x0, 0xd, 0xfd, 0x83, 0x0, 0x0, 0x4f,
    0xff, 0xfd, 0x30, 0xe, 0xf8, 0x6a, 0xfe, 0x13,
    0xfb, 0x0, 0x9, 0xf5, 0x2f, 0xd1, 0x0, 0xcf,
    0x40, 0xaf, 0xfd, 0xff, 0xc0, 0x0, 0x6b, 0xff,
    0xf7, 0x0, 0x0, 0x0, 0x5e, 0xf2, 0x2, 0x10,
    0x0, 0x8f, 0x56, 0xfc, 0x20, 0x3e, 0xf2, 0x9,
    0xff, 0xff, 0xf8, 0x0, 0x3, 0x78, 0x73, 0x0,

    /* U+00A8 "¨" */
    0x2, 0x40, 0x0, 0x24, 0x0, 0xff, 0x30, 0xe,
    0xf5, 0xc, 0xe1, 0x0, 0xae, 0x20,

    /* U+00A9 "©" */
    0x0, 0x0, 0x28, 0xdf, 0xfd, 0x92, 0x0, 0x0,
    0x0, 0x8, 0xff, 0xb9, 0x9b, 0xff, 0x80, 0x0,
    0x0, 0x9f, 0xb2, 0x0, 0x0, 0x1b, 0xf9, 0x0,
    0x4, 0xfb, 0x2, 0xbf, 0xea, 0x10, 0xaf, 0x40,
    0xb, 0xf1, 0xe, 0xfa, 0xaf, 0xd0, 0x1f, 0xc0,
    0xf, 0xb0, 0x7f, 0x60, 0x6, 0xb2, 0xa, 0xf1,
    0x2f, 0x80, 0xaf, 0x0, 0x0, 0x0, 0x7, 0xf2,
    0x2f, 0x80, 0xaf, 0x0, 0x0, 0x0, 0x8, 0xf2,
    0xf, 0xb0, 0x7f, 0x60, 0x7, 0xd3, 0xa, 0xf1,
    0xb, 0xf1, 0xe, 0xfa, 0xbf, 0xd0, 0x1f, 0xc0,
    0x4, 0xfb, 0x2, 0xbf, 0xe9, 0x10, 0xaf, 0x40,
    0x0, 0x8f, 0xb1, 0x0, 0x0, 0x1a, 0xf9, 0x0,
    0x0, 0x7, 0xff, 0xc9, 0x9b, 0xff, 0x80, 0x0,
    0x0, 0x0, 0x28, 0xdf, 0xfd, 0x92, 0x0, 0x0,

    /* U+00AA "ª" */
    0x0, 0x0, 0x0, 0xa, 0xff, 0xc2, 0x29, 0x75,
    0xfb, 0xa, 0xef, 0xff, 0x6f, 0x72, 0xcf, 0x6f,
    0x86, 0xff, 0xb, 0xfc, 0xcf,

    /* U+00AB "«" */
    0x0, 0x6, 0xff, 0x32, 0xef, 0x80, 0x3, 0xff,
    0x70, 0xcf, 0xc0, 0x1, 0xef, 0xb0, 0x9f, 0xe1,
    0x0, 0xbf, 0xe1, 0x5f, 0xf5, 0x0, 0x9, 0xfe,
    0x14, 0xff, 0x60, 0x0, 0xd, 0xfc, 0x8, 0xff,
    0x20, 0x0, 0x2f, 0xf8, 0xb, 0xfd, 0x0, 0x0,
    0x5e, 0xe3, 0x1d, 0xe8,

    /* U+00AC "¬" */
    0x5d, 0xdd, 0xdd, 0xdc, 0x6f, 0xff, 0xff, 0xfe,
    0x0, 0x0, 0x0, 0xfe, 0x0, 0x0, 0x0, 0xfe,

    /* U+00AE "®" */
    0x0, 0x4, 0xbe, 0xfc, 0x70, 0x0, 0x0, 0x8f,
    0x84, 0x36, 0xdc, 0x10, 0x5, 0xf3, 0x0, 0x0,
    0xb, 0xb0, 0xe, 0x70, 0xdf, 0xea, 0x1, 0xf4,
    0x2f, 0x10, 0xe6, 0x3f, 0x50, 0xb8, 0x4f, 0x0,
    0xef, 0xfc, 0x10, 0x9a, 0x3f, 0x10, 0xe6, 0xba,
    0x0, 0xb9, 0xf, 0x50, 0xe4, 0x2f, 0x20, 0xf5,
    0x7, 0xe1, 0x51, 0x5, 0x39, 0xd0, 0x0, 0xbd,
    0x51, 0x3, 0xbe, 0x20, 0x0, 0x7, 0xef, 0xff,
    0xa1, 0x0, 0x0, 0x0, 0x2, 0x20, 0x0, 0x0,

    /* U+00AF "¯" */
    0x2e, 0xee, 0xee, 0xe2, 0x3f, 0xff, 0xff, 0xf3,

    /* U+00B0 "°" */
    0x0, 0x37, 0x60, 0x0, 0x7f, 0xff, 0xd1, 0x1f,
    0xc1, 0x6f, 0x82, 0xfa, 0x2, 0xf9, 0xc, 0xf9,
    0xdf, 0x40, 0x1b, 0xfd, 0x60,

    /* U+00B1 "±" */
    0x0, 0x0, 0xaf, 0x30, 0x0, 0x0, 0x0, 0xaf,
    0x30, 0x0, 0x0, 0x0, 0xaf, 0x30, 0x0, 0x3b,
    0xbb, 0xef, 0xcb, 0xba, 0x4f, 0xff, 0xff, 0xff,
    0xfe, 0x0, 0x0, 0xaf, 0x30, 0x0, 0x0, 0x0,
    0xaf, 0x30, 0x0, 0x0, 0x0, 0xaf, 0x30, 0x0,
    0x0, 0x0, 0x12, 0x0, 0x0, 0x29, 0x99, 0x99,
    0x99, 0x98, 0x4f, 0xff, 0xff, 0xff, 0xfe,

    /* U+00B2 "²" */
    0x6, 0xdf, 0xd6, 0x4, 0xfe, 0xae, 0xf3, 0x26,
    0x20, 0x6f, 0x70, 0x0, 0x2d, 0xf2, 0x0, 0x6f,
    0xe4, 0x0, 0x9f, 0xb1, 0x0, 0x3f, 0xf9, 0x99,
    0x55, 0xff, 0xff, 0xf9,

    /* U+00B3 "³" */
    0x4, 0xcf, 0xd6, 0x1, 0xed, 0x9d, 0xf3, 0x0,
    0x12, 0xaf, 0x30, 0x8, 0xff, 0x60, 0x0, 0x25,
    0xcf, 0x20, 0x22, 0x5, 0xf7, 0x2f, 0xe9, 0xef,
    0x40, 0x4d, 0xfe, 0x70,

    /* U+00B4 "´" */
    0x0, 0x68, 0x50, 0x9f, 0xd1, 0x8f, 0xc1, 0x0,

    /* U+00B5 "µ" */
    0xff, 0x40, 0x0, 0x3f, 0xf0, 0xff, 0x40, 0x0,
    0x3f, 0xf0, 0xff, 0x40, 0x0, 0x3f, 0xf0, 0xff,
    0x40, 0x0, 0x3f, 0xf0, 0xff, 0x40, 0x0, 0x3f,
    0xf0, 0xff, 0x40, 0x0, 0x3f, 0xf0, 0xff, 0x60,
    0x0, 0x6f, 0xf0, 0xff, 0xd0, 0x1, 0xdf, 0xf0,
    0xff, 0xff, 0xdf, 0xff, 0xf0, 0xff, 0x8d, 0xfc,
    0x5f, 0xf0, 0xff, 0x10, 0x0, 0x0, 0x0, 0xff,
    0x10, 0x0, 0x0, 0x0, 0xff, 0x10, 0x0, 0x0,
    0x0, 0xff, 0x10, 0x0, 0x0, 0x0,

    /* U+00B6 "¶" */
    0x0, 0x5c, 0xff, 0xff, 0xfb, 0x8, 0xff, 0xff,
    0xff, 0xfb, 0x3f, 0xff, 0xff, 0xf1, 0xfb, 0x8f,
    0xff, 0xff, 0xf0, 0xfb, 0x9f, 0xff, 0xff, 0xf0,
    0xfb, 0x7f, 0xff, 0xff, 0xf0, 0xfb, 0x2f, 0xff,
    0xff, 0xf0, 0xfb, 0x5, 0xff, 0xff, 0xf0, 0xfb,
    0x0, 0x29, 0xcf, 0xf0, 0xfb, 0x0, 0x0, 0xb,
    0xf0, 0xfb, 0x0, 0x0, 0xb, 0xf0, 0xfb, 0x0,
    0x0, 0xb, 0xf0, 0xfb, 0x0, 0x0, 0xb, 0xf0,
    0xfb, 0x0, 0x0, 0xb, 0xf0, 0xfb, 0x0, 0x0,
    0xb, 0xf0, 0xfb, 0x0, 0x0, 0x0, 0x10, 0x10,

    /* U+00B7 "·" */
    0x3b, 0x5c, 0xff, 0x6f, 0x90,

    /* U+00B8 "¸" */
    0x5, 0xe1, 0x0, 0x5d, 0xe1, 0x22, 0x8f, 0x49,
    0xff, 0xd0, 0x2, 0x20, 0x0,

    /* U+00B9 "¹" */
    0x3, 0xdf, 0x34, 0xff, 0xf3, 0x27, 0x9f, 0x30,
    0x8, 0xf3, 0x0, 0x8f, 0x30, 0x8, 0xf3, 0x0,
    0x8f, 0x30, 0x8, 0xf3,

    /* U+00BA "º" */
    0x3, 0xcf, 0xd6, 0x2, 0xff, 0xad, 0xf5, 0x6f,
    0x50, 0x1f, 0xb6, 0xf5, 0x1, 0xfb, 0x1f, 0xfa,
    0xdf, 0x50, 0x3c, 0xfe, 0x70,

    /* U+00BB "»" */
    0x8f, 0xe1, 0x3f, 0xf6, 0x0, 0x0, 0xcf, 0xc0,
    0x7f, 0xf3, 0x0, 0x2, 0xff, 0x90, 0xbf, 0xe1,
    0x0, 0x5, 0xff, 0x51, 0xef, 0xb0, 0x0, 0x6f,
    0xf4, 0x1e, 0xf9, 0x0, 0x2f, 0xf7, 0xc, 0xfd,
    0x0, 0xd, 0xfb, 0x8, 0xff, 0x20, 0x8, 0xed,
    0x13, 0xee, 0x50, 0x0,

    /* U+00BC "¼" */
    0x0, 0xcf, 0x30, 0x0, 0x0, 0xa, 0xf3, 0x0,
    0x2, 0xdf, 0xf3, 0x0, 0x0, 0x5, 0xf8, 0x0,
    0x0, 0x4d, 0xcf, 0x30, 0x0, 0x1, 0xec, 0x0,
    0x0, 0x0, 0x8, 0xf3, 0x0, 0x0, 0xbf, 0x20,
    0x0, 0x0, 0x0, 0x8f, 0x30, 0x0, 0x6f, 0x60,
    0x0, 0x0, 0x0, 0x8, 0xf3, 0x0, 0x2f, 0xb0,
    0x1, 0x65, 0x0, 0x0, 0x8f, 0x30, 0xc, 0xe1,
    0x0, 0xaf, 0xd0, 0x0, 0x8, 0xf3, 0x8, 0xf5,
    0x0, 0x5f, 0xfd, 0x0, 0x0, 0x13, 0x3, 0xfa,
    0x0, 0x1f, 0x9d, 0xd0, 0x0, 0x0, 0x0, 0xde,
    0x10, 0xb, 0xe0, 0xdd, 0x0, 0x0, 0x0, 0x9f,
    0x40, 0x7, 0xf7, 0x2d, 0xd2, 0x0, 0x0, 0x4f,
    0x80, 0x0, 0xbf, 0xff, 0xff, 0xf4, 0x0, 0x1e,
    0xd0, 0x0, 0x3, 0x55, 0x5e, 0xe5, 0x10, 0x8,
    0xd3, 0x0, 0x0, 0x0, 0x0, 0xbb, 0x0,

    /* U+00BD "½" */
    0x0, 0xcf, 0x30, 0x0, 0x0, 0xa, 0xf3, 0x0,
    0x2, 0xdf, 0xf3, 0x0, 0x0, 0x5, 0xf8, 0x0,
    0x0, 0x4d, 0xcf, 0x30, 0x0, 0x1, 0xed, 0x0,
    0x0, 0x0, 0x8, 0xf3, 0x0, 0x0, 0xbf, 0x20,
    0x0, 0x0, 0x0, 0x8f, 0x30, 0x0, 0x6f, 0x70,
    0x0, 0x0, 0x0, 0x8, 0xf3, 0x0, 0x1f, 0xc0,
    0x6, 0x86, 0x0, 0x0, 0x8f, 0x30, 0xb, 0xf2,
    0x1e, 0xff, 0xfd, 0x0, 0x8, 0xf3, 0x7, 0xf6,
    0x5, 0xc7, 0x8, 0xf6, 0x0, 0x13, 0x2, 0xfb,
    0x0, 0x0, 0x0, 0x7f, 0x60, 0x0, 0x0, 0xce,
    0x10, 0x0, 0x0, 0x7f, 0xe1, 0x0, 0x0, 0x8f,
    0x50, 0x0, 0x1, 0xbf, 0xd2, 0x0, 0x0, 0x3f,
    0xa0, 0x0, 0x0, 0xcf, 0xa0, 0x0, 0x0, 0xd,
    0xe1, 0x0, 0x0, 0x3f, 0xf8, 0x88, 0x50, 0x9,
    0xf4, 0x0, 0x0, 0x4, 0xff, 0xff, 0xf9,

    /* U+00BE "¾" */
    0x0, 0x1, 0x0, 0x0, 0x0, 0x0, 0x1, 0x20,
    0x0, 0x5, 0xef, 0xf5, 0x0, 0x0, 0x0, 0x4f,
    0x90, 0x0, 0x1f, 0xd6, 0xdf, 0x20, 0x0, 0x0,
    0xed, 0x0, 0x0, 0x2, 0x20, 0x7f, 0x50, 0x0,
    0xa, 0xf3, 0x0, 0x0, 0x0, 0x2, 0xcf, 0x10,
    0x0, 0x5f, 0x80, 0x0, 0x0, 0x0, 0x8f, 0xf5,
    0x0, 0x1, 0xec, 0x0, 0x0, 0x0, 0x0, 0x25,
    0xbf, 0x30, 0xb, 0xf2, 0x0, 0x0, 0x0, 0x17,
    0x60, 0x7f, 0x70, 0x6f, 0x70, 0x1, 0xef, 0x50,
    0xd, 0xff, 0xfe, 0x22, 0xfc, 0x0, 0xb, 0xff,
    0x50, 0x0, 0x57, 0x61, 0xc, 0xf2, 0x0, 0x7f,
    0x8f, 0x50, 0x0, 0x0, 0x0, 0x7f, 0x60, 0x3,
    0xf7, 0x5f, 0x50, 0x0, 0x0, 0x2, 0xfb, 0x0,
    0x1e, 0xd2, 0x7f, 0x61, 0x0, 0x0, 0xc, 0xe1,
    0x0, 0x4f, 0xff, 0xff, 0xfb, 0x0, 0x0, 0x8f,
    0x50, 0x0, 0x15, 0x55, 0x9f, 0x83, 0x0, 0x2,
    0xd9, 0x0, 0x0, 0x0, 0x0, 0x4d, 0x40,

    /* U+00BF "¿" */
    0x0, 0x0, 0xce, 0x30, 0x0, 0x0, 0x2, 0xff,
    0x80, 0x0, 0x0, 0x0, 0x8b, 0x20, 0x0, 0x0,
    0x0, 0x0, 0x0, 0x0, 0x0, 0x0, 0xef, 0x40,
    0x0, 0x0, 0x0, 0xef, 0x40, 0x0, 0x0, 0x9d,
    0xff, 0x50, 0x0, 0x1d, 0xfe, 0x98, 0x20, 0x0,
    0x8f, 0xd0, 0x0, 0x0, 0x0, 0xbf, 0x70, 0x0,
    0x0, 0x0, 0xbf, 0x90, 0x0, 0x2, 0x0, 0x6f,
    0xf6, 0x1, 0x9f, 0xc0, 0xb, 0xff, 0xff, 0xff,
    0x60, 0x0, 0x7d, 0xfe, 0xb4, 0x0,

    /* U+00C0 "À" */
    0x0, 0x0, 0x48, 0x70, 0x0, 0x0, 0x0, 0x0,
    0x0, 0x1d, 0xf9, 0x0, 0x0, 0x0, 0x0, 0x0,
    0x2, 0xef, 0x50, 0x0, 0x0, 0x0, 0x0, 0x0,
    0x38, 0x70, 0x0, 0x0, 0x0, 0x0, 0x7, 0xff,
    0x60, 0x0, 0x0, 0x0, 0x0, 0xd, 0xff, 0xd0,
    0x0, 0x0, 0x0, 0x0, 0x3f, 0xff, 0xf3, 0x0,
    0x0, 0x0, 0x0, 0xaf, 0xdd, 0xf9, 0x0, 0x0,
    0x0, 0x1, 0xff, 0x77, 0xff, 0x0, 0x0, 0x0,
    0x6, 0xff, 0x11, 0xff, 0x60, 0x0, 0x0, 0xd,
    0xfb, 0x0, 0xbf, 0xd0, 0x0, 0x0, 0x3f, 0xf5,
    0x0, 0x5f, 0xf3, 0x0, 0x0, 0xaf, 0xe0, 0x0,
    0xf, 0xf9, 0x0, 0x0, 0xff, 0xff, 0xff, 0xff,
    0xff, 0x0, 0x6, 0xff, 0xff, 0xff, 0xff, 0xff,
    0x60, 0xd, 0xfc, 0x0, 0x0, 0x0, 0xcf, 0xd0,
    0x3f, 0xf5, 0x0, 0x0, 0x0, 0x5f, 0xf3, 0x9f,
    0xd0, 0x0, 0x0, 0x0, 0xd, 0xf9,

    /* U+00C1 "Á" */
    0x0, 0x0, 0x0, 0xb, 0xfc, 0x0, 0x0, 0x0,
    0x0, 0x0, 0xaf, 0xb0, 0x0, 0x0, 0x0, 0x0,
    0x2, 0x87, 0x0, 0x0, 0x0, 0x0, 0x0, 0x7,
    0xff, 0x60, 0x0, 0x0, 0x0, 0x0, 0xd, 0xff,
    0xd0, 0x0, 0x0, 0x0, 0x0, 0x3f, 0xff, 0xf3,
    0x0, 0x0, 0x0, 0x0, 0xaf, 0xdd, 0xf9, 0x0,
    0x0, 0x0, 0x1, 0xff, 0x77, 0xff, 0x0, 0x0,
    0x0, 0x6, 0xff, 0x11, 0xff, 0x60, 0x0, 0x0,
    0xd, 0xfb, 0x0, 0xbf, 0xd0, 0x0, 0x0, 0x3f,
    0xf5, 0x0, 0x5f, 0xf3, 0x0, 0x0, 0xaf, 0xe0,
    0x0, 0xf, 0xf9, 0x0, 0x0, 0xff, 0xff, 0xff,
    0xff, 0xff, 0x0, 0x6, 0xff, 0xff, 0xff, 0xff,
    0xff, 0x60, 0xd, 0xfc, 0x0, 0x0, 0x0, 0xcf,
    0xd0, 0x3f, 0xf5, 0x0, 0x0, 0x0, 0x5f, 0xf3,
    0x9f, 0xd0, 0x0, 0x0, 0x0, 0xd, 0xf9,

    /* U+00C2 "Â" */
    0x0, 0x0, 0x4, 0x88, 0x30, 0x0, 0x0, 0x0,
    0x0, 0x4f, 0xef, 0xf3, 0x0, 0x0, 0x0, 0x4,
    0xfd, 0x23, 0xee, 0x30, 0x0, 0x0, 0x0, 0x0,
    0x0, 0x0, 0x0, 0x0, 0x0, 0x0, 0x7, 0xff,
    0x60, 0x0, 0x0, 0x0, 0x0, 0xd, 0xff, 0xd0,
    0x0, 0x0, 0x0, 0x0, 0x3f, 0xff, 0xf3, 0x0,
    0x0, 0x0, 0x0, 0xaf, 0xdd, 0xf9, 0x0, 0x0,
    0x0, 0x1, 0xff, 0x77, 0xff, 0x0, 0x0, 0x0,
    0x6, 0xff, 0x11, 0xff, 0x60, 0x0, 0x0, 0xd,
    0xfb, 0x0, 0xbf, 0xd0, 0x0, 0x0, 0x3f, 0xf5,
    0x0, 0x5f, 0xf3, 0x0, 0x0, 0xaf, 0xe0, 0x0,
    0xf, 0xf9, 0x0, 0x0, 0xff, 0xff, 0xff, 0xff,
    0xff, 0x0, 0x6, 0xff, 0xff, 0xff, 0xff, 0xff,
    0x60, 0xd, 0xfc, 0x0, 0x0, 0x0, 0xcf, 0xd0,
    0x3f, 0xf5, 0x0, 0x0, 0x0, 0x5f, 0xf3, 0x9f,
    0xd0, 0x0, 0x0, 0x0, 0xd, 0xf9,

    /* U+00C3 "Ã" */
    0x0, 0x0, 0x6, 0x71, 0x0, 0x0, 0x0, 0x0,
    0x0, 0xcf, 0xfd, 0x1a, 0x90, 0x0, 0x0, 0x1,
    0xb6, 0x4f, 0xff, 0x60, 0x0, 0x0, 0x0, 0x0,
    0x2, 0x74, 0x0, 0x0, 0x0, 0x0, 0x7, 0xff,
    0x60, 0x0, 0x0, 0x0, 0x0, 0xd, 0xff, 0xd0,
    0x0, 0x0, 0x0, 0x0, 0x3f, 0xff, 0xf3, 0x0,
    0x0, 0x0, 0x0, 0xaf, 0xdd, 0xf9, 0x0, 0x0,
    0x0, 0x1, 0xff, 0x77, 0xff, 0x0, 0x0, 0x0,
    0x6, 0xff, 0x11, 0xff, 0x60, 0x0, 0x0, 0xd,
    0xfb, 0x0, 0xbf, 0xd0, 0x0, 0x0, 0x3f, 0xf5,
    0x0, 0x5f, 0xf3, 0x0, 0x0, 0xaf, 0xe0, 0x0,
    0xf, 0xf9, 0x0, 0x0, 0xff, 0xff, 0xff, 0xff,
    0xff, 0x0, 0x6, 0xff, 0xff, 0xff, 0xff, 0xff,
    0x60, 0xd, 0xfc, 0x0, 0x0, 0x0, 0xcf, 0xd0,
    0x3f, 0xf5, 0x0, 0x0, 0x0, 0x5f, 0xf3, 0x9f,
    0xd0, 0x0, 0x0, 0x0, 0xd, 0xf9,

    /* U+00C4 "Ä" */
    0x0, 0x6, 0xf5, 0x0, 0x5f, 0x70, 0x0, 0x0,
    0xa, 0xf9, 0x0, 0x8f, 0xa0, 0x0, 0x0, 0x1,
    0x50, 0x0, 0x5, 0x10, 0x0, 0x0, 0x0, 0x0,
    0x0, 0x0, 0x0, 0x0, 0x0, 0x0, 0x7, 0xff,
    0x60, 0x0, 0x0, 0x0, 0x0, 0xd, 0xff, 0xd0,
    0x0, 0x0, 0x0, 0x0, 0x3f, 0xff, 0xf3, 0x0,
    0x0, 0x0, 0x0, 0xaf, 0xdd, 0xf9, 0x0, 0x0,
    0x0, 0x1, 0xff, 0x77, 0xff, 0x0, 0x0, 0x0,
    0x6, 0xff, 0x11, 0xff, 0x60, 0x0, 0x0, 0xd,
    0xfb, 0x0, 0xbf, 0xd0, 0x0, 0x0, 0x3f, 0xf5,
    0x0, 0x5f, 0xf3, 0x0, 0x0, 0xaf, 0xe0, 0x0,
    0xf, 0xf9, 0x0, 0x0, 0xff, 0xff, 0xff, 0xff,
    0xff, 0x0, 0x6, 0xff, 0xff, 0xff, 0xff, 0xff,
    0x60, 0xd, 0xfc, 0x0, 0x0, 0x0, 0xcf, 0xd0,
    0x3f, 0xf5, 0x0, 0x0, 0x0, 0x5f, 0xf3, 0x9f,
    0xd0, 0x0, 0x0, 0x0, 0xd, 0xf9,

    /* U+00C5 "Å" */
    0x0, 0x0, 0x0, 0x0, 0x0, 0x0, 0x0, 0x0,
    0x0, 0x6, 0xff, 0x60, 0x0, 0x0, 0x0, 0x0,
    0x1f, 0x99, 0xf1, 0x0, 0x0, 0x0, 0x0, 0x1f,
    0x77, 0xf1, 0x0, 0x0, 0x0, 0x0, 0x6, 0xee,
    0x50, 0x0, 0x0, 0x0, 0x0, 0x7, 0xff, 0x60,
    0x0, 0x0, 0x0, 0x0, 0xd, 0xff, 0xd0, 0x0,
    0x0, 0x0, 0x0, 0x3f, 0xff, 0xf3, 0x0, 0x0,
    0x0, 0x0, 0xaf, 0xdd, 0xf9, 0x0, 0x0, 0x0,
    0x1, 0xff, 0x77, 0xff, 0x0, 0x0, 0x0, 0x6,
    0xff, 0x11, 0xff, 0x60, 0x0, 0x0, 0xd, 0xfb,
    0x0, 0xbf, 0xd0, 0x0, 0x0, 0x3f, 0xf5, 0x0,
    0x5f, 0xf3, 0x0, 0x0, 0xaf, 0xe0, 0x0, 0xf,
    0xf9, 0x0, 0x0, 0xff, 0xff, 0xff, 0xff, 0xff,
    0x0, 0x6, 0xff, 0xff, 0xff, 0xff, 0xff, 0x60,
    0xd, 0xfc, 0x0, 0x0, 0x0, 0xcf, 0xd0, 0x3f,
    0xf5, 0x0, 0x0, 0x0, 0x5f, 0xf3, 0x9f, 0xd0,
    0x0, 0x0, 0x0, 0xd, 0xf9,

    /* U+00C6 "Æ" */
    0x0, 0x0, 0x0, 0x0, 0xef, 0xff, 0xff, 0xff,
    0xff, 0xb0, 0x0, 0x0, 0x0, 0x8f, 0xff, 0xff,
    0xff, 0xff, 0xfb, 0x0, 0x0, 0x0, 0x2f, 0xf6,
    0xef, 0x71, 0x11, 0x11, 0x0, 0x0, 0x0, 0xb,
    0xfd, 0xe, 0xf7, 0x0, 0x0, 0x0, 0x0, 0x0,
    0x4, 0xff, 0x50, 0xef, 0x70, 0x0, 0x0, 0x0,
    0x0, 0x0, 0xdf, 0xc0, 0xe, 0xf7, 0x0, 0x0,
    0x0, 0x0, 0x0, 0x7f, 0xf4, 0x0, 0xef, 0xff,
    0xff, 0xff, 0x0, 0x0, 0x1f, 0xfb, 0x0, 0xe,
    0xff, 0xff, 0xff, 0xf0, 0x0, 0x9, 0xff, 0x30,
    0x0, 0xef, 0x70, 0x0, 0x0, 0x0, 0x3, 0xff,
    0xff, 0xff, 0xff, 0xf7, 0x0, 0x0, 0x0, 0x0,
    0xcf, 0xff, 0xff, 0xff, 0xff, 0x70, 0x0, 0x0,
    0x0, 0x5f, 0xf7, 0x0, 0x0, 0xe, 0xf7, 0x11,
    0x11, 0x10, 0xe, 0xfc, 0x0, 0x0, 0x0, 0xef,
    0xff, 0xff, 0xff, 0xc8, 0xff, 0x20, 0x0, 0x0,
    0xe, 0xff, 0xff, 0xff, 0xfc,

    /* U+00C7 "Ç" */
    0x0, 0x0, 0x3a, 0xdf, 0xeb, 0x60, 0x0, 0x0,
    0xa, 0xff, 0xff, 0xff, 0xfd, 0x20, 0x0, 0xaf,
    0xfa, 0x31, 0x28, 0xff, 0xe1, 0x5, 0xff, 0x70,
    0x0, 0x0, 0x2e, 0xf8, 0xc, 0xfb, 0x0, 0x0,
    0x0, 0x3, 0x30, 0xf, 0xf5, 0x0, 0x0, 0x0,
    0x0, 0x0, 0x2f, 0xf3, 0x0, 0x0, 0x0, 0x0,
    0x0, 0x2f, 0xf3, 0x0, 0x0, 0x0, 0x0, 0x0,
    0xf, 0xf5, 0x0, 0x0, 0x0, 0x0, 0x0, 0xc,
    0xfb, 0x0, 0x0, 0x0, 0x4, 0x60, 0x5, 0xff,
    0x60, 0x0, 0x0, 0x2e, 0xfa, 0x0, 0xaf, 0xfa,
    0x31, 0x27, 0xef, 0xe1, 0x0, 0xa, 0xff, 0xff,
    0xff, 0xfd, 0x20, 0x0, 0x0, 0x4a, 0xff, 0xeb,
    0x60, 0x0, 0x0, 0x0, 0x0, 0xaf, 0x30, 0x0,
    0x0, 0x0, 0x0, 0x0, 0x2c, 0xf1, 0x0, 0x0,
    0x0, 0x0, 0x6, 0x5b, 0xf1, 0x0, 0x0, 0x0,
    0x0, 0x9, 0xfe, 0x70, 0x0, 0x0,

    /* U+00C8 "È" */
    0x0, 0x48, 0x70, 0x0, 0x0, 0x0, 0x1d, 0xf8,
    0x0, 0x0, 0x0, 0x2, 0xef, 0x50, 0x0, 0x0,
    0x0, 0x38, 0x70, 0x0, 0x5f, 0xff, 0xff, 0xff,
    0xf4, 0x5f, 0xff, 0xff, 0xff, 0xf4, 0x5f, 0xf1,
    0x11, 0x11, 0x10, 0x5f, 0xf0, 0x0, 0x0, 0x0,
    0x5f, 0xf0, 0x0, 0x0, 0x0, 0x5f, 0xf0, 0x0,
    0x0, 0x0, 0x5f, 0xff, 0xff, 0xff, 0x80, 0x5f,
    0xff, 0xff, 0xff, 0x80, 0x5f, 0xf0, 0x0, 0x0,
    0x0, 0x5f, 0xf0, 0x0, 0x0, 0x0, 0x5f, 0xf0,
    0x0, 0x0, 0x0, 0x5f, 0xf1, 0x11, 0x11, 0x10,
    0x5f, 0xff, 0xff, 0xff, 0xf5, 0x5f, 0xff, 0xff,
    0xff, 0xf5,

    /* U+00C9 "É" */
    0x0, 0x0, 0xb, 0xfc, 0x0, 0x0, 0x0, 0xaf,
    0xb0, 0x0, 0x0, 0x2, 0x87, 0x0, 0x0, 0x5f,
    0xff, 0xff, 0xff, 0xf4, 0x5f, 0xff, 0xff, 0xff,
    0xf4, 0x5f, 0xf1, 0x11, 0x11, 0x10, 0x5f, 0xf0,
    0x0, 0x0, 0x0, 0x5f, 0xf0, 0x0, 0x0, 0x0,
    0x5f, 0xf0, 0x0, 0x0, 0x0, 0x5f, 0xff, 0xff,
    0xff, 0x80, 0x5f, 0xff, 0xff, 0xff, 0x80, 0x5f,
    0xf0, 0x0, 0x0, 0x0, 0x5f, 0xf0, 0x0, 0x0,
    0x0, 0x5f, 0xf0, 0x0, 0x0, 0x0, 0x5f, 0xf1,
    0x11, 0x11, 0x10, 0x5f, 0xff, 0xff, 0xff, 0xf5,
    0x5f, 0xff, 0xff, 0xff, 0xf5,

    /* U+00CA "Ê" */
    0x0, 0x4, 0x88, 0x30, 0x0, 0x0, 0x4f, 0xef,
    0xe3, 0x0, 0x4, 0xfd, 0x23, 0xee, 0x20, 0x0,
    0x0, 0x0, 0x0, 0x0, 0x5f, 0xff, 0xff, 0xff,
    0xf4, 0x5f, 0xff, 0xff, 0xff, 0xf4, 0x5f, 0xf1,
    0x11, 0x11, 0x10, 0x5f, 0xf0, 0x0, 0x0, 0x0,
    0x5f, 0xf0, 0x0, 0x0, 0x0, 0x5f, 0xf0, 0x0,
    0x0, 0x0, 0x5f, 0xff, 0xff, 0xff, 0x80, 0x5f,
    0xff, 0xff, 0xff, 0x80, 0x5f, 0xf0, 0x0, 0x0,
    0x0, 0x5f, 0xf0, 0x0, 0x0, 0x0, 0x5f, 0xf0,
    0x0, 0x0, 0x0, 0x5f, 0xf1, 0x11, 0x11, 0x10,
    0x5f, 0xff, 0xff, 0xff, 0xf5, 0x5f, 0xff, 0xff,
    0xff, 0xf5,

    /* U+00CB "Ë" */
    0x7, 0xf5, 0x0, 0x5f, 0x60, 0xa, 0xf8, 0x0,
    0x9f, 0xa0, 0x1, 0x50, 0x0, 0x5, 0x0, 0x0,
    0x0, 0x0, 0x0, 0x0, 0x5f, 0xff, 0xff, 0xff,
    0xf4, 0x5f, 0xff, 0xff, 0xff, 0xf4, 0x5f, 0xf1,
    0x11, 0x11, 0x10, 0x5f, 0xf0, 0x0, 0x0, 0x0,
    0x5f, 0xf0, 0x0, 0x0, 0x0, 0x5f, 0xf0, 0x0,
    0x0, 0x0, 0x5f, 0xff, 0xff, 0xff, 0x80, 0x5f,
    0xff, 0xff, 0xff, 0x80, 0x5f, 0xf0, 0x0, 0x0,
    0x0, 0x5f, 0xf0, 0x0, 0x0, 0x0, 0x5f, 0xf0,
    0x0, 0x0, 0x0, 0x5f, 0xf1, 0x11, 0x11, 0x10,
    0x5f, 0xff, 0xff, 0xff, 0xf5, 0x5f, 0xff, 0xff,
    0xff, 0xf5,

    /* U+00CC "Ì" */
    0x58, 0x60, 0x2, 0xef, 0x60, 0x4, 0xff, 0x30,
    0x4, 0x86, 0x5, 0xff, 0x0, 0x5f, 0xf0, 0x5,
    0xff, 0x0, 0x5f, 0xf0, 0x5, 0xff, 0x0, 0x5f,
    0xf0, 0x5, 0xff, 0x0, 0x5f, 0xf0, 0x5, 0xff,
    0x0, 0x5f, 0xf0, 0x5, 0xff, 0x0, 0x5f, 0xf0,
    0x5, 0xff, 0x0, 0x5f, 0xf0,

    /* U+00CD "Í" */
    0x1, 0xdf, 0xa0, 0xc, 0xf9, 0x0, 0x38, 0x60,
    0x0, 0x5f, 0xf0, 0x0, 0x5f, 0xf0, 0x0, 0x5f,
    0xf0, 0x0, 0x5f, 0xf0, 0x0, 0x5f, 0xf0, 0x0,
    0x5f, 0xf0, 0x0, 0x5f, 0xf0, 0x0, 0x5f, 0xf0,
    0x0, 0x5f, 0xf0, 0x0, 0x5f, 0xf0, 0x0, 0x5f,
    0xf0, 0x0, 0x5f, 0xf0, 0x0, 0x5f, 0xf0, 0x0,
    0x5f, 0xf0, 0x0,

    /* U+00CE "Î" */
    0x0, 0x58, 0x81, 0x0, 0x6, 0xfe, 0xfd, 0x10,
    0x6f, 0xc1, 0x5f, 0xd1, 0x0, 0x0, 0x0, 0x0,
    0x0, 0x5f, 0xf0, 0x0, 0x0, 0x5f, 0xf0, 0x0,
    0x0, 0x5f, 0xf0, 0x0, 0x0, 0x5f, 0xf0, 0x0,
    0x0, 0x5f, 0xf0, 0x0, 0x0, 0x5f, 0xf0, 0x0,
    0x0, 0x5f, 0xf0, 0x0, 0x0, 0x5f, 0xf0, 0x0,
    0x0, 0x5f, 0xf0, 0x0, 0x0, 0x5f, 0xf0, 0x0,
    0x0, 0x5f, 0xf0, 0x0, 0x0, 0x5f, 0xf0, 0x0,
    0x0, 0x5f, 0xf0, 0x0, 0x0, 0x5f, 0xf0, 0x0,

    /* U+00CF "Ï" */
    0x8f, 0x46, 0xf6, 0xbf, 0x7a, 0xf9, 0x15, 0x0,
    0x50, 0x0, 0x0, 0x0, 0x5, 0xff, 0x0, 0x5,
    0xff, 0x0, 0x5, 0xff, 0x0, 0x5, 0xff, 0x0,
    0x5, 0xff, 0x0, 0x5, 0xff, 0x0, 0x5, 0xff,
    0x0, 0x5, 0xff, 0x0, 0x5, 0xff, 0x0, 0x5,
    0xff, 0x0, 0x5, 0xff, 0x0, 0x5, 0xff, 0x0,
    0x5, 0xff, 0x0, 0x5, 0xff, 0x0,

    /* U+00D0 "Ð" */
    0x4, 0xff, 0xff, 0xfd, 0x93, 0x0, 0x0, 0x4,
    0xff, 0xff, 0xff, 0xff, 0x80, 0x0, 0x4, 0xff,
    0x21, 0x25, 0xcf, 0xf9, 0x0, 0x4, 0xff, 0x0,
    0x0, 0x9, 0xff, 0x40, 0x4, 0xff, 0x0, 0x0,
    0x0, 0xdf, 0xb0, 0x4, 0xff, 0x0, 0x0, 0x0,
    0x7f, 0xf0, 0x8c, 0xff, 0xbb, 0x80, 0x0, 0x4f,
    0xf2, 0xbf, 0xff, 0xff, 0xc0, 0x0, 0x4f, 0xf2,
    0x4, 0xff, 0x0, 0x0, 0x0, 0x7f, 0xf0, 0x4,
    0xff, 0x0, 0x0, 0x0, 0xdf, 0xb0, 0x4, 0xff,
    0x0, 0x0, 0x9, 0xff, 0x40, 0x4, 0xff, 0x21,
    0x25, 0xcf, 0xf9, 0x0, 0x4, 0xff, 0xff, 0xff,
    0xff, 0x80, 0x0, 0x4, 0xff, 0xff, 0xfd, 0x93,
    0x0, 0x0,

    /* U+00D1 "Ñ" */
    0x0, 0x0, 0x9f, 0xe6, 0x3c, 0x50, 0x0, 0x0,
    0x5f, 0xad, 0xff, 0xf1, 0x0, 0x0, 0x1, 0x30,
    0x5, 0x72, 0x0, 0x5, 0xff, 0x60, 0x0, 0x0,
    0x8, 0xfd, 0x5f, 0xff, 0x30, 0x0, 0x0, 0x8f,
    0xd5, 0xff, 0xfd, 0x0, 0x0, 0x8, 0xfd, 0x5f,
    0xff, 0xfa, 0x0, 0x0, 0x8f, 0xd5, 0xff, 0x7f,
    0xf5, 0x0, 0x8, 0xfd, 0x5f, 0xf0, 0xbf, 0xf2,
    0x0, 0x8f, 0xd5, 0xff, 0x1, 0xef, 0xc0, 0x8,
    0xfd, 0x5f, 0xf0, 0x4, 0xff, 0x90, 0x8f, 0xd5,
    0xff, 0x0, 0x8, 0xff, 0x48, 0xfd, 0x5f, 0xf0,
    0x0, 0xc, 0xfe, 0x9f, 0xd5, 0xff, 0x0, 0x0,
    0x2f, 0xff, 0xfd, 0x5f, 0xf0, 0x0, 0x0, 0x5f,
    0xff, 0xd5, 0xff, 0x0, 0x0, 0x0, 0x9f, 0xfd,
    0x5f, 0xf0, 0x0, 0x0, 0x0, 0xdf, 0xd0,

    /* U+00D2 "Ò" */
    0x0, 0x0, 0x5, 0x86, 0x0, 0x0, 0x0, 0x0,
    0x0, 0x0, 0x1d, 0xf9, 0x0, 0x0, 0x0, 0x0,
    0x0, 0x0, 0x1c, 0xf8, 0x0, 0x0, 0x0, 0x0,
    0x0, 0x0, 0x0, 0x0, 0x0, 0x0, 0x0, 0x0,
    0x39, 0xdf, 0xec, 0x71, 0x0, 0x0, 0x0, 0x9f,
    0xff, 0xff, 0xff, 0xf5, 0x0, 0x0, 0xaf, 0xfb,
    0x41, 0x26, 0xdf, 0xf4, 0x0, 0x5f, 0xf7, 0x0,
    0x0, 0x1, 0xcf, 0xe0, 0xc, 0xfc, 0x0, 0x0,
    0x0, 0x2, 0xff, 0x60, 0xff, 0x50, 0x0, 0x0,
    0x0, 0xb, 0xfb, 0x2f, 0xf3, 0x0, 0x0, 0x0,
    0x0, 0x8f, 0xd2, 0xff, 0x30, 0x0, 0x0, 0x0,
    0x8, 0xfd, 0xf, 0xf5, 0x0, 0x0, 0x0, 0x0,
    0xbf, 0xb0, 0xcf, 0xc0, 0x0, 0x0, 0x0, 0x2f,
    0xf6, 0x5, 0xff, 0x70, 0x0, 0x0, 0xc, 0xff,
    0x10, 0xa, 0xff, 0xb4, 0x12, 0x6d, 0xff, 0x50,
    0x0, 0x9, 0xff, 0xff, 0xff, 0xff, 0x50, 0x0,
    0x0, 0x3, 0x9d, 0xfe, 0xc8, 0x10, 0x0,

    /* U+00D3 "Ó" */
    0x0, 0x0, 0x0, 0x0, 0x48, 0x70, 0x0, 0x0,
    0x0, 0x0, 0x0, 0x5f, 0xf4, 0x0, 0x0, 0x0,
    0x0, 0x0, 0x4f, 0xf3, 0x0, 0x0, 0x0, 0x0,
    0x0, 0x0, 0x0, 0x0, 0x0, 0x0, 0x0, 0x0,
    0x39, 0xdf, 0xec, 0x71, 0x0, 0x0, 0x0, 0x9f,
    0xff, 0xff, 0xff, 0xf5, 0x0, 0x0, 0xaf, 0xfb,
    0x41, 0x26, 0xdf, 0xf4, 0x0, 0x5f, 0xf7, 0x0,
    0x0, 0x1, 0xcf, 0xe0, 0xc, 0xfc, 0x0, 0x0,
    0x0, 0x2, 0xff, 0x60, 0xff, 0x50, 0x0, 0x0,
    0x0, 0xb, 0xfb, 0x2f, 0xf3, 0x0, 0x0, 0x0,
    0x0, 0x8f, 0xd2, 0xff, 0x30, 0x0, 0x0, 0x0,
    0x8, 0xfd, 0xf, 0xf5, 0x0, 0x0, 0x0, 0x0,
    0xbf, 0xb0, 0xcf, 0xc0, 0x0, 0x0, 0x0, 0x2f,
    0xf6, 0x5, 0xff, 0x70, 0x0, 0x0, 0xc, 0xff,
    0x10, 0xa, 0xff, 0xb4, 0x12, 0x6d, 0xff, 0x50,
    0x0, 0x9, 0xff, 0xff, 0xff, 0xff, 0x50, 0x0,
    0x0, 0x3, 0x9d, 0xfe, 0xc8, 0x10, 0x0,

    /* U+00D4 "Ô" */
    0x0, 0x0, 0x0, 0x58, 0x81, 0x0, 0x0, 0x0,
    0x0, 0x0, 0x6f, 0xef, 0xd1, 0x0, 0x0, 0x0,
    0x0, 0x6f, 0xc1, 0x5f, 0xd1, 0x0, 0x0, 0x0,
    0x0, 0x0, 0x0, 0x0, 0x0, 0x0, 0x0, 0x0,
    0x39, 0xdf, 0xec, 0x71, 0x0, 0x0, 0x0, 0x9f,
    0xff, 0xff, 0xff, 0xf5, 0x0, 0x0, 0xaf, 0xfb,
    0x41, 0x26, 0xdf, 0xf4, 0x0, 0x5f, 0xf7, 0x0,
    0x0, 0x1, 0xcf, 0xe0, 0xc, 0xfc, 0x0, 0x0,
    0x0, 0x2, 0xff, 0x60, 0xff, 0x50, 0x0, 0x0,
    0x0, 0xb, 0xfb, 0x2f, 0xf3, 0x0, 0x0, 0x0,
    0x0, 0x8f, 0xd2, 0xff, 0x30, 0x0, 0x0, 0x0,
    0x8, 0xfd, 0xf, 0xf5, 0x0, 0x0, 0x0, 0x0,
    0xbf, 0xb0, 0xcf, 0xc0, 0x0, 0x0, 0x0, 0x2f,
    0xf6, 0x5, 0xff, 0x70, 0x0, 0x0, 0xc, 0xff,
    0x10, 0xa, 0xff, 0xb4, 0x12, 0x6d, 0xff, 0x50,
    0x0, 0x9, 0xff, 0xff, 0xff, 0xff, 0x50, 0x0,
    0x0, 0x3, 0x9d, 0xfe, 0xc8, 0x10, 0x0,

    /* U+00D5 "Õ" */
    0x0, 0x0, 0x1, 0x76, 0x0, 0x0, 0x0, 0x0,
    0x0, 0x0, 0xef, 0xfb, 0x1b, 0x70, 0x0, 0x0,
    0x0, 0x3b, 0x46, 0xff, 0xf4, 0x0, 0x0, 0x0,
    0x0, 0x0, 0x3, 0x73, 0x0, 0x0, 0x0, 0x0,
    0x39, 0xdf, 0xec, 0x71, 0x0, 0x0, 0x0, 0x9f,
    0xff, 0xff, 0xff, 0xf5, 0x0, 0x0, 0xaf, 0xfb,
    0x41, 0x26, 0xdf, 0xf4, 0x0, 0x5f, 0xf7, 0x0,
    0x0, 0x1, 0xcf, 0xe0, 0xc, 0xfc, 0x0, 0x0,
    0x0, 0x2, 0xff, 0x60, 0xff, 0x50, 0x0, 0x0,
    0x0, 0xb, 0xfb, 0x2f, 0xf3, 0x0, 0x0, 0x0,
    0x0, 0x8f, 0xd2, 0xff, 0x30, 0x0, 0x0, 0x0,
    0x8, 0xfd, 0xf, 0xf5, 0x0, 0x0, 0x0, 0x0,
    0xbf, 0xb0, 0xcf, 0xc0, 0x0, 0x0, 0x0, 0x2f,
    0xf6, 0x5, 0xff, 0x70, 0x0, 0x0, 0xc, 0xff,
    0x10, 0xa, 0xff, 0xb4, 0x12, 0x6d, 0xff, 0x50,
    0x0, 0x9, 0xff, 0xff, 0xff, 0xff, 0x50, 0x0,
    0x0, 0x3, 0x9d, 0xfe, 0xc8, 0x10, 0x0,

    /* U+00D6 "Ö" */
    0x0, 0x0, 0x9e, 0x30, 0x8, 0xf4, 0x0, 0x0,
    0x0, 0xd, 0xf6, 0x0, 0xbf, 0x70, 0x0, 0x0,
    0x0, 0x14, 0x0, 0x1, 0x50, 0x0, 0x0, 0x0,
    0x0, 0x0, 0x0, 0x0, 0x0, 0x0, 0x0, 0x0,
    0x39, 0xdf, 0xec, 0x71, 0x0, 0x0, 0x0, 0x9f,
    0xff, 0xff, 0xff, 0xf5, 0x0, 0x0, 0xaf, 0xfb,
    0x41, 0x26, 0xdf, 0xf4, 0x0, 0x5f, 0xf7, 0x0,
    0x0, 0x1, 0xcf, 0xe0, 0xc, 0xfc, 0x0, 0x0,
    0x0, 0x2, 0xff, 0x60, 0xff, 0x50, 0x0, 0x0,
    0x0, 0xb, 0xfb, 0x2f, 0xf3, 0x0, 0x0, 0x0,
    0x0, 0x8f, 0xd2, 0xff, 0x30, 0x0, 0x0, 0x0,
    0x8, 0xfd, 0xf, 0xf5, 0x0, 0x0, 0x0, 0x0,
    0xbf, 0xb0, 0xcf, 0xc0, 0x0, 0x0, 0x0, 0x2f,
    0xf6, 0x5, 0xff, 0x70, 0x0, 0x0, 0xc, 0xff,
    0x10, 0xa, 0xff, 0xb4, 0x12, 0x6d, 0xff, 0x50,
    0x0, 0x9, 0xff, 0xff, 0xff, 0xff, 0x50, 0x0,
    0x0, 0x3, 0x9d, 0xfe, 0xc8, 0x10, 0x0,

    /* U+00D7 "×" */
    0x8, 0x0, 0x0, 0x44, 0x8, 0xfc, 0x0, 0x4f,
    0xf1, 0xb, 0xfc, 0x5f, 0xf4, 0x0, 0xa, 0xff,
    0xf4, 0x0, 0x0, 0x5f, 0xfd, 0x10, 0x0, 0x5f,
    0xfb, 0xfd, 0x10, 0x5f, 0xf3, 0x9, 0xfd, 0x13,
    0xd3, 0x0, 0x9, 0xa0, 0x0, 0x0, 0x0, 0x0,
    0x0,

    /* U+00D8 "Ø" */
    0x0, 0x0, 0x39, 0xdf, 0xfc, 0x71, 0x8f, 0xa0,
    0x0, 0x9, 0xff, 0xff, 0xff, 0xff, 0xfd, 0x0,
    0x0, 0xaf, 0xfb, 0x41, 0x26, 0xef, 0xf6, 0x0,
    0x5, 0xff, 0x80, 0x0, 0x2, 0xef, 0xff, 0x10,
    0xc, 0xfc, 0x0, 0x0, 0x1e, 0xf6, 0xff, 0x70,
    0xf, 0xf5, 0x0, 0x0, 0xdf, 0x50, 0xbf, 0xb0,
    0x2f, 0xf3, 0x0, 0xc, 0xf6, 0x0, 0x8f, 0xd0,
    0x2f, 0xf3, 0x0, 0xaf, 0x80, 0x0, 0x8f, 0xd0,
    0xf, 0xf6, 0x9, 0xf9, 0x0, 0x0, 0xbf, 0xb0,
    0xc, 0xfc, 0x7f, 0xb0, 0x0, 0x1, 0xff, 0x60,
    0x5, 0xff, 0xfc, 0x0, 0x0, 0xc, 0xff, 0x10,
    0x0, 0xbf, 0xfb, 0x42, 0x26, 0xdf, 0xf5, 0x0,
    0x2, 0xff, 0xff, 0xff, 0xff, 0xff, 0x50, 0x0,
    0xd, 0xf4, 0x29, 0xdf, 0xec, 0x81, 0x0, 0x0,

    /* U+00D9 "Ù" */
    0x0, 0x3, 0x87, 0x0, 0x0, 0x0, 0x0, 0x0,
    0xaf, 0xc0, 0x0, 0x0, 0x0, 0x0, 0xa, 0xfb,
    0x0, 0x0, 0x0, 0x0, 0x0, 0x0, 0x0, 0x0,
    0x8f, 0xc0, 0x0, 0x0, 0xb, 0xfa, 0x8f, 0xc0,
    0x0, 0x0, 0xb, 0xfa, 0x8f, 0xc0, 0x0, 0x0,
    0xb, 0xfa, 0x8f, 0xc0, 0x0, 0x0, 0xb, 0xfa,
    0x8f, 0xc0, 0x0, 0x0, 0xb, 0xfa, 0x8f, 0xc0,
    0x0, 0x0, 0xb, 0xfa, 0x8f, 0xc0, 0x0, 0x0,
    0xb, 0xfa, 0x8f, 0xc0, 0x0, 0x0, 0xb, 0xfa,
    0x8f, 0xc0, 0x0, 0x0, 0xb, 0xfa, 0x7f, 0xe0,
    0x0, 0x0, 0xd, 0xf8, 0x3f, 0xf5, 0x0, 0x0,
    0x3f, 0xf5, 0xc, 0xff, 0x72, 0x26, 0xef, 0xd0,
    0x2, 0xdf, 0xff, 0xff, 0xfe, 0x20, 0x0, 0x7,
    0xdf, 0xfd, 0x81, 0x0,

    /* U+00DA "Ú" */
    0x0, 0x0, 0x0, 0x38, 0x71, 0x0, 0x0, 0x0,
    0x2, 0xff, 0x60, 0x0, 0x0, 0x0, 0x2e, 0xf5,
    0x0, 0x0, 0x0, 0x0, 0x0, 0x0, 0x0, 0x0,
    0x8f, 0xc0, 0x0, 0x0, 0xb, 0xfa, 0x8f, 0xc0,
    0x0, 0x0, 0xb, 0xfa, 0x8f, 0xc0, 0x0, 0x0,
    0xb, 0xfa, 0x8f, 0xc0, 0x0, 0x0, 0xb, 0xfa,
    0x8f, 0xc0, 0x0, 0x0, 0xb, 0xfa, 0x8f, 0xc0,
    0x0, 0x0, 0xb, 0xfa, 0x8f, 0xc0, 0x0, 0x0,
    0xb, 0xfa, 0x8f, 0xc0, 0x0, 0x0, 0xb, 0xfa,
    0x8f, 0xc0, 0x0, 0x0, 0xb, 0xfa, 0x7f, 0xe0,
    0x0, 0x0, 0xd, 0xf8, 0x3f, 0xf5, 0x0, 0x0,
    0x3f, 0xf5, 0xc, 0xff, 0x72, 0x26, 0xef, 0xd0,
    0x2, 0xdf, 0xff, 0xff, 0xfe, 0x20, 0x0, 0x7,
    0xdf, 0xfd, 0x81, 0x0,

    /* U+00DB "Û" */
    0x0, 0x0, 0xaf, 0xfa, 0x0, 0x0, 0x0, 0x7,
    0xfd, 0xdf, 0x70, 0x0, 0x0, 0x4f, 0xd1, 0x1d,
    0xf4, 0x0, 0x0, 0x0, 0x0, 0x0, 0x0, 0x0,
    0x8f, 0xc0, 0x0, 0x0, 0xb, 0xfa, 0x8f, 0xc0,
    0x0, 0x0, 0xb, 0xfa, 0x8f, 0xc0, 0x0, 0x0,
    0xb, 0xfa, 0x8f, 0xc0, 0x0, 0x0, 0xb, 0xfa,
    0x8f, 0xc0, 0x0, 0x0, 0xb, 0xfa, 0x8f, 0xc0,
    0x0, 0x0, 0xb, 0xfa, 0x8f, 0xc0, 0x0, 0x0,
    0xb, 0xfa, 0x8f, 0xc0, 0x0, 0x0, 0xb, 0xfa,
    0x8f, 0xc0, 0x0, 0x0, 0xb, 0xfa, 0x7f, 0xe0,
    0x0, 0x0, 0xd, 0xf8, 0x3f, 0xf5, 0x0, 0x0,
    0x3f, 0xf5, 0xc, 0xff, 0x72, 0x26, 0xef, 0xd0,
    0x2, 0xdf, 0xff, 0xff, 0xfe, 0x20, 0x0, 0x7,
    0xdf, 0xfd, 0x81, 0x0,

    /* U+00DC "Ü" */
    0x0, 0x6f, 0x60, 0x4, 0xf7, 0x0, 0x0, 0x9f,
    0xa0, 0x7, 0xfb, 0x0, 0x0, 0x5, 0x0, 0x0,
    0x51, 0x0, 0x0, 0x0, 0x0, 0x0, 0x0, 0x0,
    0x8f, 0xc0, 0x0, 0x0, 0xb, 0xfa, 0x8f, 0xc0,
    0x0, 0x0, 0xb, 0xfa, 0x8f, 0xc0, 0x0, 0x0,
    0xb, 0xfa, 0x8f, 0xc0, 0x0, 0x0, 0xb, 0xfa,
    0x8f, 0xc0, 0x0, 0x0, 0xb, 0xfa, 0x8f, 0xc0,
    0x0, 0x0, 0xb, 0xfa, 0x8f, 0xc0, 0x0, 0x0,
    0xb, 0xfa, 0x8f, 0xc0, 0x0, 0x0, 0xb, 0xfa,
    0x8f, 0xc0, 0x0, 0x0, 0xb, 0xfa, 0x7f, 0xe0,
    0x0, 0x0, 0xd, 0xf8, 0x3f, 0xf5, 0x0, 0x0,
    0x3f, 0xf5, 0xc, 0xff, 0x72, 0x26, 0xef, 0xd0,
    0x2, 0xdf, 0xff, 0xff, 0xfe, 0x20, 0x0, 0x7,
    0xdf, 0xfd, 0x81, 0x0,

    /* U+00DD "Ý" */
    0x0, 0x0, 0x0, 0x6f, 0xe3, 0x0, 0x0, 0x0,
    0x0, 0x6f, 0xe2, 0x0, 0x0, 0x0, 0x0, 0x5,
    0x61, 0x0, 0x0, 0x8, 0xff, 0x20, 0x0, 0x0,
    0x8f, 0xf2, 0xe, 0xfb, 0x0, 0x0, 0x2f, 0xf8,
    0x0, 0x4f, 0xf5, 0x0, 0xb, 0xfd, 0x0, 0x0,
    0xbf, 0xe0, 0x5, 0xff, 0x40, 0x0, 0x1, 0xff,
    0x80, 0xef, 0xa0, 0x0, 0x0, 0x7, 0xff, 0xaf,
    0xf1, 0x0, 0x0, 0x0, 0xd, 0xff, 0xf6, 0x0,
    0x0, 0x0, 0x0, 0x3f, 0xfc, 0x0, 0x0, 0x0,
    0x0, 0x0, 0xdf, 0x70, 0x0, 0x0, 0x0, 0x0,
    0xd, 0xf7, 0x0, 0x0, 0x0, 0x0, 0x0, 0xdf,
    0x70, 0x0, 0x0, 0x0, 0x0, 0xd, 0xf7, 0x0,
    0x0, 0x0, 0x0, 0x0, 0xdf, 0x70, 0x0, 0x0,
    0x0, 0x0, 0xd, 0xf7, 0x0, 0x0, 0x0,

    /* U+00DE "Þ" */
    0x4f, 0xf1, 0x0, 0x0, 0x0, 0x4, 0xff, 0x10,
    0x0, 0x0, 0x0, 0x4f, 0xf2, 0x0, 0x0, 0x0,
    0x4, 0xff, 0xff, 0xff, 0xc5, 0x0, 0x4f, 0xff,
    0xff, 0xff, 0xf9, 0x4, 0xff, 0x10, 0x2, 0xaf,
    0xf4, 0x4f, 0xf1, 0x0, 0x0, 0xef, 0x84, 0xff,
    0x10, 0x0, 0xe, 0xf8, 0x4f, 0xf1, 0x0, 0x19,
    0xff, 0x44, 0xff, 0xff, 0xff, 0xff, 0xb0, 0x4f,
    0xff, 0xff, 0xfd, 0x70, 0x4, 0xff, 0x21, 0x10,
    0x0, 0x0, 0x4f, 0xf1, 0x0, 0x0, 0x0, 0x4,
    0xff, 0x10, 0x0, 0x0, 0x0,

    /* U+00DF "ß" */
    0x0, 0x8d, 0xfe, 0xb5, 0x0, 0xc, 0xff, 0xff,
    0xff, 0x70, 0x7f, 0xf5, 0x0, 0x9f, 0xf1, 0xbf,
    0xa0, 0x0, 0xf, 0xf4, 0xcf, 0x80, 0x0, 0xf,
    0xf4, 0xcf, 0x80, 0x2, 0xaf, 0xf0, 0xcf, 0x80,
    0xbf, 0xff, 0x50, 0xcf, 0x80, 0xbf, 0xff, 0x90,
    0xcf, 0x80, 0x13, 0x7f, 0xf6, 0xcf, 0x80, 0x0,
    0xa, 0xfb, 0xcf, 0x80, 0x0, 0x9, 0xfc, 0xcf,
    0x80, 0x1, 0x5f, 0xf9, 0xcf, 0x80, 0xbf, 0xff,
    0xe1, 0xcf, 0x80, 0xbf, 0xd9, 0x10,

    /* U+00E0 "à" */
    0x0, 0x5f, 0xf4, 0x0, 0x0, 0x0, 0x6, 0xfe,
    0x20, 0x0, 0x0, 0x0, 0x7e, 0xb0, 0x0, 0x0,
    0x0, 0x0, 0x0, 0x0, 0x0, 0x4c, 0xef, 0xd6,
    0x0, 0x6, 0xff, 0xff, 0xff, 0x90, 0x8, 0xe7,
    0x0, 0x7f, 0xf1, 0x0, 0x0, 0x0, 0xe, 0xf5,
    0x1, 0x9d, 0xff, 0xff, 0xf7, 0xd, 0xff, 0xca,
    0xae, 0xf7, 0x3f, 0xf2, 0x0, 0xe, 0xf6, 0x3f,
    0xf2, 0x0, 0x9f, 0xf6, 0xd, 0xff, 0xef, 0xfe,
    0xf6, 0x2, 0xae, 0xfd, 0x5a, 0xf6,

    /* U+00E1 "á" */
    0x0, 0x0, 0x9, 0xfd, 0x10, 0x0, 0x0, 0x6f,
    0xe2, 0x0, 0x0, 0x2, 0xdd, 0x30, 0x0, 0x0,
    0x0, 0x0, 0x0, 0x0, 0x0, 0x4c, 0xef, 0xd6,
    0x0, 0x6, 0xff, 0xff, 0xff, 0x90, 0x8, 0xe7,
    0x0, 0x7f, 0xf1, 0x0, 0x0, 0x0, 0xe, 0xf5,
    0x1, 0x9d, 0xff, 0xff, 0xf7, 0xd, 0xff, 0xca,
    0xae, 0xf7, 0x3f, 0xf2, 0x0, 0xe, 0xf6, 0x3f,
    0xf2, 0x0, 0x9f, 0xf6, 0xd, 0xff, 0xef, 0xfe,
    0xf6, 0x2, 0xae, 0xfd, 0x5a, 0xf6,

    /* U+00E2 "â" */
    0x0, 0xa, 0xff, 0xa0, 0x0, 0x0, 0x9f, 0xbb,
    0xf9, 0x0, 0x4, 0xb8, 0x0, 0x9b, 0x30, 0x0,
    0x0, 0x0, 0x0, 0x0, 0x0, 0x4c, 0xef, 0xd6,
    0x0, 0x6, 0xff, 0xff, 0xff, 0x90, 0x8, 0xe7,
    0x0, 0x7f, 0xf1, 0x0, 0x0, 0x0, 0xe, 0xf5,
    0x1, 0x9d, 0xff, 0xff, 0xf7, 0xd, 0xff, 0xca,
    0xae, 0xf7, 0x3f, 0xf2, 0x0, 0xe, 0xf6, 0x3f,
    0xf2, 0x0, 0x9f, 0xf6, 0xd, 0xff, 0xef, 0xfe,
    0xf6, 0x2, 0xae, 0xfd, 0x5a, 0xf6,

    /* U+00E3 "ã" */
    0x0, 0x5e, 0xf6, 0x3, 0x30, 0x0, 0xed, 0xbf,
    0xaf, 0xa0, 0x0, 0x41, 0x9, 0xfc, 0x20, 0x0,
    0x0, 0x0, 0x0, 0x0, 0x0, 0x4c, 0xef, 0xd6,
    0x0, 0x6, 0xff, 0xff, 0xff, 0x90, 0x8, 0xe7,
    0x0, 0x7f, 0xf1, 0x0, 0x0, 0x0, 0xe, 0xf5,
    0x1, 0x9d, 0xff, 0xff, 0xf7, 0xd, 0xff, 0xca,
    0xae, 0xf7, 0x3f, 0xf2, 0x0, 0xe, 0xf6, 0x3f,
    0xf2, 0x0, 0x9f, 0xf6, 0xd, 0xff, 0xef, 0xfe,
    0xf6, 0x2, 0xae, 0xfd, 0x5a, 0xf6,

    /* U+00E4 "ä" */
    0x1, 0x71, 0x0, 0x17, 0x20, 0xa, 0xfa, 0x0,
    0x8f, 0xb0, 0x5, 0xd5, 0x0, 0x4d, 0x60, 0x0,
    0x0, 0x0, 0x0, 0x0, 0x0, 0x0, 0x0, 0x0,
    0x0, 0x0, 0x4c, 0xef, 0xd6, 0x0, 0x6, 0xff,
    0xff, 0xff, 0x90, 0x8, 0xe7, 0x0, 0x7f, 0xf1,
    0x0, 0x0, 0x0, 0xe, 0xf5, 0x1, 0x9d, 0xff,
    0xff, 0xf7, 0xd, 0xff, 0xca, 0xae, 0xf7, 0x3f,
    0xf2, 0x0, 0xe, 0xf6, 0x3f, 0xf2, 0x0, 0x9f,
    0xf6, 0xd, 0xff, 0xef, 0xfe, 0xf6, 0x2, 0xae,
    0xfd, 0x5a, 0xf6,

    /* U+00E5 "å" */
    0x0, 0x0, 0x0, 0x0, 0x0, 0x0, 0x5, 0xff,
    0x60, 0x0, 0x0, 0xf, 0xa9, 0xf1, 0x0, 0x0,
    0x1f, 0x87, 0xf2, 0x0, 0x0, 0x8, 0xff, 0x90,
    0x0, 0x0, 0x0, 0x22, 0x0, 0x0, 0x0, 0x4c,
    0xef, 0xd6, 0x0, 0x6, 0xff, 0xff, 0xff, 0x90,
    0x8, 0xe7, 0x0, 0x7f, 0xf1, 0x0, 0x0, 0x0,
    0xe, 0xf5, 0x1, 0x9d, 0xff, 0xff, 0xf7, 0xd,
    0xff, 0xca, 0xae, 0xf7, 0x3f, 0xf2, 0x0, 0xe,
    0xf6, 0x3f, 0xf2, 0x0, 0x9f, 0xf6, 0xd, 0xff,
    0xef, 0xfe, 0xf6, 0x2, 0xae, 0xfd, 0x5a, 0xf6,

    /* U+00E6 "æ" */
    0x0, 0x6c, 0xff, 0xb3, 0x3, 0xbe, 0xfc, 0x60,
    0x0, 0xaf, 0xfe, 0xef, 0xf9, 0xff, 0xed, 0xff,
    0xa0, 0x7, 0xb3, 0x0, 0x7f, 0xff, 0x50, 0x2,
    0xef, 0x50, 0x0, 0x1, 0x12, 0xff, 0xc6, 0x66,
    0x6b, 0xfb, 0x2, 0xbf, 0xff, 0xff, 0xff, 0xff,
    0xff, 0xff, 0xe0, 0xef, 0xb5, 0x44, 0xef, 0xa4,
    0x44, 0x44, 0x44, 0x3f, 0xf0, 0x0, 0x1f, 0xfd,
    0x0, 0x0, 0x22, 0x3, 0xff, 0x20, 0x9, 0xff,
    0xfa, 0x10, 0x3d, 0xf7, 0xd, 0xff, 0xbd, 0xfd,
    0x8f, 0xff, 0xff, 0xfd, 0x10, 0x1a, 0xef, 0xe9,
    0x10, 0x4b, 0xef, 0xd8, 0x0,

    /* U+00E7 "ç" */
    0x0, 0x7, 0xdf, 0xeb, 0x40, 0x0, 0x1d, 0xff,
    0xff, 0xff, 0x70, 0xa, 0xff, 0x61, 0x29, 0xfe,
    0x11, 0xff, 0x50, 0x0, 0x4, 0x0, 0x4f, 0xf0,
    0x0, 0x0, 0x0, 0x4, 0xff, 0x0, 0x0, 0x0,
    0x0, 0x1f, 0xf5, 0x0, 0x0, 0x51, 0x0, 0xaf,
    0xe6, 0x12, 0x9f, 0xf2, 0x1, 0xdf, 0xff, 0xff,
    0xf7, 0x0, 0x0, 0x7e, 0xff, 0xb4, 0x0, 0x0,
    0x0, 0x7f, 0x50, 0x0, 0x0, 0x0, 0x1, 0xaf,
    0x30, 0x0, 0x0, 0x4, 0x6a, 0xf4, 0x0, 0x0,
    0x0, 0x7e, 0xf9, 0x0, 0x0,

    /* U+00E8 "è" */
    0x0, 0x8, 0xfe, 0x10, 0x0, 0x0, 0x0, 0xa,
    0xfc, 0x0, 0x0, 0x0, 0x0, 0xa, 0xe8, 0x0,
    0x0, 0x0, 0x0, 0x0, 0x0, 0x0, 0x0, 0x7,
    0xdf, 0xea, 0x20, 0x0, 0x1d, 0xff, 0xef, 0xfe,
    0x20, 0xa, 0xfd, 0x20, 0xa, 0xfc, 0x1, 0xff,
    0x40, 0x0, 0xf, 0xf3, 0x4f, 0xff, 0xff, 0xff,
    0xff, 0x64, 0xff, 0xaa, 0xaa, 0xaa, 0xa5, 0x1f,
    0xf4, 0x0, 0x0, 0x10, 0x0, 0xaf, 0xe4, 0x0,
    0x6f, 0xd1, 0x1, 0xdf, 0xff, 0xff, 0xf8, 0x0,
    0x0, 0x8d, 0xfe, 0xb4, 0x0,

    /* U+00E9 "é" */
    0x0, 0x0, 0x0, 0xcf, 0xb0, 0x0, 0x0, 0x0,
    0xaf, 0xc0, 0x0, 0x0, 0x0, 0x5d, 0xc1, 0x0,
    0x0, 0x0, 0x0, 0x0, 0x0, 0x0, 0x0, 0x7,
    0xdf, 0xea, 0x20, 0x0, 0x1d, 0xff, 0xef, 0xfe,
    0x20, 0xa, 0xfd, 0x20, 0xa, 0xfc, 0x1, 0xff,
    0x40, 0x0, 0xf, 0xf3, 0x4f, 0xff, 0xff, 0xff,
    0xff, 0x64, 0xff, 0xaa, 0xaa, 0xaa, 0xa5, 0x1f,
    0xf4, 0x0, 0x0, 0x10, 0x0, 0xaf, 0xe4, 0x0,
    0x6f, 0xd1, 0x1, 0xdf, 0xff, 0xff, 0xf8, 0x0,
    0x0, 0x8d, 0xfe, 0xb4, 0x0,

    /* U+00EA "ê" */
    0x0, 0x1, 0xdf, 0xf6, 0x0, 0x0, 0x0, 0xcf,
    0x8d, 0xf5, 0x0, 0x0, 0x6b, 0x60, 0x1a, 0xa1,
    0x0, 0x0, 0x0, 0x0, 0x0, 0x0, 0x0, 0x7,
    0xdf, 0xea, 0x20, 0x0, 0x1d, 0xff, 0xef, 0xfe,
    0x20, 0xa, 0xfd, 0x20, 0xa, 0xfc, 0x1, 0xff,
    0x40, 0x0, 0xf, 0xf3, 0x4f, 0xff, 0xff, 0xff,
    0xff, 0x64, 0xff, 0xaa, 0xaa, 0xaa, 0xa5, 0x1f,
    0xf4, 0x0, 0x0, 0x10, 0x0, 0xaf, 0xe4, 0x0,
    0x6f, 0xd1, 0x1, 0xdf, 0xff, 0xff, 0xf8, 0x0,
    0x0, 0x8d, 0xfe, 0xb4, 0x0,

    /* U+00EB "ë" */
    0x0, 0x36, 0x0, 0x2, 0x60, 0x0, 0xd, 0xf6,
    0x0, 0xcf, 0x70, 0x0, 0x8c, 0x20, 0x7, 0xd3,
    0x0, 0x0, 0x0, 0x0, 0x0, 0x0, 0x0, 0x0,
    0x0, 0x0, 0x0, 0x0, 0x0, 0x7d, 0xfe, 0xa2,
    0x0, 0x1, 0xdf, 0xfe, 0xff, 0xe2, 0x0, 0xaf,
    0xd2, 0x0, 0xaf, 0xc0, 0x1f, 0xf4, 0x0, 0x0,
    0xff, 0x34, 0xff, 0xff, 0xff, 0xff, 0xf6, 0x4f,
    0xfa, 0xaa, 0xaa, 0xaa, 0x51, 0xff, 0x40, 0x0,
    0x1, 0x0, 0xa, 0xfe, 0x40, 0x6, 0xfd, 0x10,
    0x1d, 0xff, 0xff, 0xff, 0x80, 0x0, 0x8, 0xdf,
    0xeb, 0x40, 0x0,

    /* U+00EC "ì" */
    0xc, 0xfb, 0x0, 0x0, 0xcf, 0x90, 0x0, 0x1a,
    0xb3, 0x0, 0x0, 0x0, 0x0, 0xaf, 0x90, 0x0,
    0xaf, 0x90, 0x0, 0xaf, 0x90, 0x0, 0xaf, 0x90,
    0x0, 0xaf, 0x90, 0x0, 0xaf, 0x90, 0x0, 0xaf,
    0x90, 0x0, 0xaf, 0x90, 0x0, 0xaf, 0x90, 0x0,
    0xaf, 0x90,

    /* U+00ED "í" */
    0x0, 0x3f, 0xf6, 0x2, 0xef, 0x60, 0x8, 0xb6,
    0x0, 0x0, 0x0, 0x0, 0xa, 0xf9, 0x0, 0xa,
    0xf9, 0x0, 0xa, 0xf9, 0x0, 0xa, 0xf9, 0x0,
    0xa, 0xf9, 0x0, 0xa, 0xf9, 0x0, 0xa, 0xf9,
    0x0, 0xa, 0xf9, 0x0, 0xa, 0xf9, 0x0, 0xa,
    0xf9, 0x0,

    /* U+00EE "î" */
    0x0, 0x4f, 0xff, 0x30, 0x0, 0x4f, 0xe6, 0xfe,
    0x30, 0x7, 0x81, 0x2, 0x87, 0x0, 0x0, 0x0,
    0x0, 0x0, 0x0, 0xa, 0xf9, 0x0, 0x0, 0x0,
    0xaf, 0x90, 0x0, 0x0, 0xa, 0xf9, 0x0, 0x0,
    0x0, 0xaf, 0x90, 0x0, 0x0, 0xa, 0xf9, 0x0,
    0x0, 0x0, 0xaf, 0x90, 0x0, 0x0, 0xa, 0xf9,
    0x0, 0x0, 0x0, 0xaf, 0x90, 0x0, 0x0, 0xa,
    0xf9, 0x0, 0x0, 0x0, 0xaf, 0x90, 0x0,

    /* U+00EF "ï" */
    0x5, 0x40, 0x45, 0x3, 0xff, 0x2f, 0xf3, 0xb,
    0xa0, 0xab, 0x0, 0x0, 0x0, 0x0, 0x0, 0x0,
    0x0, 0x0, 0xa, 0xf9, 0x0, 0x0, 0xaf, 0x90,
    0x0, 0xa, 0xf9, 0x0, 0x0, 0xaf, 0x90, 0x0,
    0xa, 0xf9, 0x0, 0x0, 0xaf, 0x90, 0x0, 0xa,
    0xf9, 0x0, 0x0, 0xaf, 0x90, 0x0, 0xa, 0xf9,
    0x0, 0x0, 0xaf, 0x90, 0x0,

    /* U+00F0 "ð" */
    0x0, 0xb, 0xa4, 0x0, 0x0, 0x0, 0x0, 0xff,
    0xfc, 0x5d, 0x50, 0x0, 0x2, 0x7e, 0xff, 0xb0,
    0x0, 0x0, 0x2, 0xde, 0xff, 0x20, 0x0, 0x0,
    0x7, 0xa, 0xfa, 0x0, 0x1, 0x9e, 0xfd, 0x8f,
    0xf1, 0x2, 0xef, 0xff, 0xff, 0xff, 0x40, 0xbf,
    0xe4, 0x2, 0xcf, 0xf7, 0x1f, 0xf5, 0x0, 0x1,
    0xff, 0x94, 0xff, 0x0, 0x0, 0xb, 0xf9, 0x4f,
    0xf0, 0x0, 0x0, 0xbf, 0x91, 0xff, 0x50, 0x0,
    0x1e, 0xf6, 0xb, 0xfe, 0x40, 0x2b, 0xfe, 0x0,
    0x1d, 0xff, 0xff, 0xff, 0x40, 0x0, 0x8, 0xdf,
    0xea, 0x20, 0x0,

    /* U+00F1 "ñ" */
    0x0, 0xaf, 0xc2, 0x4, 0x10, 0x6, 0xfa, 0xee,
    0xbf, 0x30, 0x2, 0x30, 0x3d, 0xf8, 0x0, 0x0,
    0x0, 0x0, 0x0, 0x0, 0xcf, 0x68, 0xef, 0xd7,
    0x0, 0xcf, 0xef, 0xee, 0xff, 0x80, 0xcf, 0xf4,
    0x0, 0x9f, 0xf0, 0xcf, 0xa0, 0x0, 0x2f, 0xf3,
    0xcf, 0x80, 0x0, 0xf, 0xf4, 0xcf, 0x70, 0x0,
    0xf, 0xf4, 0xcf, 0x70, 0x0, 0xf, 0xf4, 0xcf,
    0x70, 0x0, 0xf, 0xf4, 0xcf, 0x70, 0x0, 0xf,
    0xf4, 0xcf, 0x70, 0x0, 0xf, 0xf4,

    /* U+00F2 "ò" */
    0x0, 0x9, 0xfe, 0x10, 0x0, 0x0, 0x0, 0xa,
    0xfc, 0x0, 0x0, 0x0, 0x0, 0xb, 0xe7, 0x0,
    0x0, 0x0, 0x0, 0x0, 0x0, 0x0, 0x0, 0x7,
    0xdf, 0xeb, 0x40, 0x0, 0x1d, 0xff, 0xff, 0xff,
    0x80, 0xa, 0xfe, 0x51, 0x29, 0xff, 0x41, 0xff,
    0x50, 0x0, 0xb, 0xfb, 0x4f, 0xf0, 0x0, 0x0,
    0x6f, 0xd4, 0xff, 0x0, 0x0, 0x6, 0xfd, 0x1f,
    0xf5, 0x0, 0x0, 0xbf, 0xb0, 0xaf, 0xe5, 0x12,
    0x9f, 0xf4, 0x1, 0xdf, 0xff, 0xff, 0xf8, 0x0,
    0x0, 0x7d, 0xfe, 0xb4, 0x0,

    /* U+00F3 "ó" */
    0x0, 0x0, 0x0, 0xdf, 0xa0, 0x0, 0x0, 0x0,
    0xbf, 0xb0, 0x0, 0x0, 0x0, 0x6d, 0xb0, 0x0,
    0x0, 0x0, 0x0, 0x0, 0x0, 0x0, 0x0, 0x7,
    0xdf, 0xeb, 0x40, 0x0, 0x1d, 0xff, 0xff, 0xff,
    0x80, 0xa, 0xfe, 0x51, 0x29, 0xff, 0x41, 0xff,
    0x50, 0x0, 0xb, 0xfb, 0x4f, 0xf0, 0x0, 0x0,
    0x6f, 0xd4, 0xff, 0x0, 0x0, 0x6, 0xfd, 0x1f,
    0xf5, 0x0, 0x0, 0xbf, 0xb0, 0xaf, 0xe5, 0x12,
    0x9f, 0xf4, 0x1, 0xdf, 0xff, 0xff, 0xf8, 0x0,
    0x0, 0x7d, 0xfe, 0xb4, 0x0,

    /* U+00F4 "ô" */
    0x0, 0x1, 0xdf, 0xf6, 0x0, 0x0, 0x1, 0xdf,
    0x8e, 0xf4, 0x0, 0x0, 0x7b, 0x60, 0x1a, 0xa1,
    0x0, 0x0, 0x0, 0x0, 0x0, 0x0, 0x0, 0x7,
    0xdf, 0xeb, 0x40, 0x0, 0x1d, 0xff, 0xff, 0xff,
    0x80, 0xa, 0xfe, 0x51, 0x29, 0xff, 0x41, 0xff,
    0x50, 0x0, 0xb, 0xfb, 0x4f, 0xf0, 0x0, 0x0,
    0x6f, 0xd4, 0xff, 0x0, 0x0, 0x6, 0xfd, 0x1f,
    0xf5, 0x0, 0x0, 0xbf, 0xb0, 0xaf, 0xe5, 0x12,
    0x9f, 0xf4, 0x1, 0xdf, 0xff, 0xff, 0xf8, 0x0,
    0x0, 0x7d, 0xfe, 0xb4, 0x0,

    /* U+00F5 "õ" */
    0x0, 0x8, 0xfd, 0x30, 0x42, 0x0, 0x3, 0xfb,
    0xde, 0xaf, 0x60, 0x0, 0x14, 0x1, 0xcf, 0xa0,
    0x0, 0x0, 0x0, 0x0, 0x0, 0x0, 0x0, 0x7,
    0xdf, 0xeb, 0x40, 0x0, 0x1d, 0xff, 0xff, 0xff,
    0x80, 0xa, 0xfe, 0x51, 0x29, 0xff, 0x41, 0xff,
    0x50, 0x0, 0xb, 0xfb, 0x4f, 0xf0, 0x0, 0x0,
    0x6f, 0xd4, 0xff, 0x0, 0x0, 0x6, 0xfd, 0x1f,
    0xf5, 0x0, 0x0, 0xbf, 0xb0, 0xaf, 0xe5, 0x12,
    0x9f, 0xf4, 0x1, 0xdf, 0xff, 0xff, 0xf8, 0x0,
    0x0, 0x7d, 0xfe, 0xb4, 0x0,

    /* U+00F6 "ö" */
    0x0, 0x36, 0x0, 0x2, 0x60, 0x0, 0xe, 0xf5,
    0x0, 0xdf, 0x70, 0x0, 0x8c, 0x20, 0x7, 0xc2,
    0x0, 0x0, 0x0, 0x0, 0x0, 0x0, 0x0, 0x0,
    0x0, 0x0, 0x0, 0x0, 0x0, 0x7d, 0xfe, 0xb4,
    0x0, 0x1, 0xdf, 0xff, 0xff, 0xf8, 0x0, 0xaf,
    0xe5, 0x12, 0x9f, 0xf4, 0x1f, 0xf5, 0x0, 0x0,
    0xbf, 0xb4, 0xff, 0x0, 0x0, 0x6, 0xfd, 0x4f,
    0xf0, 0x0, 0x0, 0x6f, 0xd1, 0xff, 0x50, 0x0,
    0xb, 0xfb, 0xa, 0xfe, 0x51, 0x29, 0xff, 0x40,
    0x1d, 0xff, 0xff, 0xff, 0x80, 0x0, 0x7, 0xdf,
    0xeb, 0x40, 0x0,

    /* U+00F7 "÷" */
    0x0, 0x8, 0xe2, 0x0, 0x0, 0x0, 0x9f, 0x30,
    0x0, 0x0, 0x0, 0x0, 0x0, 0x9, 0xdd, 0xdd,
    0xdd, 0xd3, 0xbf, 0xff, 0xff, 0xff, 0x40, 0x0,
    0x0, 0x0, 0x0, 0x0, 0x8, 0xe2, 0x0, 0x0,
    0x0, 0x9f, 0x30, 0x0, 0x0, 0x0, 0x0, 0x0,
    0x0,

    /* U+00F8 "ø" */
    0x0, 0x8, 0xdf, 0xeb, 0x7f, 0xb0, 0x1, 0xdf,
    0xff, 0xff, 0xfe, 0x10, 0xb, 0xfe, 0x50, 0x3f,
    0xff, 0x20, 0x2f, 0xf4, 0x1, 0xdf, 0xdf, 0xa0,
    0x4f, 0xf0, 0xc, 0xf4, 0x7f, 0xd0, 0x5f, 0xf0,
    0xbf, 0x50, 0x7f, 0xd0, 0x2f, 0xfc, 0xf6, 0x0,
    0xcf, 0xa0, 0xb, 0xff, 0xb0, 0x2a, 0xff, 0x30,
    0x7, 0xff, 0xff, 0xff, 0xf7, 0x0, 0x3f, 0xc7,
    0xdf, 0xeb, 0x40, 0x0,

    /* U+00F9 "ù" */
    0x0, 0xaf, 0xc0, 0x0, 0x0, 0x0, 0xb, 0xfb,
    0x0, 0x0, 0x0, 0x0, 0x9b, 0x50, 0x0, 0x0,
    0x0, 0x0, 0x0, 0x0, 0xff, 0x40, 0x0, 0x3f,
    0xf0, 0xff, 0x40, 0x0, 0x3f, 0xf0, 0xff, 0x40,
    0x0, 0x3f, 0xf0, 0xff, 0x40, 0x0, 0x3f, 0xf0,
    0xff, 0x40, 0x0, 0x3f, 0xf0, 0xff, 0x40, 0x0,
    0x3f, 0xf0, 0xef, 0x70, 0x0, 0x7f, 0xf0, 0xbf,
    0xe4, 0x14, 0xef, 0xf0, 0x4f, 0xff, 0xff, 0xdf,
    0xf0, 0x4, 0xcf, 0xe9, 0x2f, 0xf0,

    /* U+00FA "ú" */
    0x0, 0x0, 0x2e, 0xf8, 0x0, 0x0, 0x1, 0xdf,
    0x80, 0x0, 0x0, 0x7, 0xb8, 0x0, 0x0, 0x0,
    0x0, 0x0, 0x0, 0x0, 0xff, 0x40, 0x0, 0x3f,
    0xf0, 0xff, 0x40, 0x0, 0x3f, 0xf0, 0xff, 0x40,
    0x0, 0x3f, 0xf0, 0xff, 0x40, 0x0, 0x3f, 0xf0,
    0xff, 0x40, 0x0, 0x3f, 0xf0, 0xff, 0x40, 0x0,
    0x3f, 0xf0, 0xef, 0x70, 0x0, 0x7f, 0xf0, 0xbf,
    0xe4, 0x14, 0xef, 0xf0, 0x4f, 0xff, 0xff, 0xdf,
    0xf0, 0x4, 0xcf, 0xe9, 0x2f, 0xf0,

    /* U+00FB "û" */
    0x0, 0x3f, 0xff, 0x40, 0x0, 0x3, 0xef, 0x6e,
    0xf4, 0x0, 0x7, 0x82, 0x1, 0x87, 0x0, 0x0,
    0x0, 0x0, 0x0, 0x0, 0xff, 0x40, 0x0, 0x3f,
    0xf0, 0xff, 0x40, 0x0, 0x3f, 0xf0, 0xff, 0x40,
    0x0, 0x3f, 0xf0, 0xff, 0x40, 0x0, 0x3f, 0xf0,
    0xff, 0x40, 0x0, 0x3f, 0xf0, 0xff, 0x40, 0x0,
    0x3f, 0xf0, 0xef, 0x70, 0x0, 0x7f, 0xf0, 0xbf,
    0xe4, 0x14, 0xef, 0xf0, 0x4f, 0xff, 0xff, 0xdf,
    0xf0, 0x4, 0xcf, 0xe9, 0x2f, 0xf0,

    /* U+00FC "ü" */
    0x4, 0x50, 0x0, 0x36, 0x0, 0x1f, 0xf3, 0x0,
    0xff, 0x40, 0xa, 0xb1, 0x0, 0x9c, 0x10, 0x0,
    0x0, 0x0, 0x0, 0x0, 0x0, 0x0, 0x0, 0x0,
    0x0, 0xff, 0x40, 0x0, 0x3f, 0xf0, 0xff, 0x40,
    0x0, 0x3f, 0xf0, 0xff, 0x40, 0x0, 0x3f, 0xf0,
    0xff, 0x40, 0x0, 0x3f, 0xf0, 0xff, 0x40, 0x0,
    0x3f, 0xf0, 0xff, 0x40, 0x0, 0x3f, 0xf0, 0xef,
    0x70, 0x0, 0x7f, 0xf0, 0xbf, 0xe4, 0x14, 0xef,
    0xf0, 0x4f, 0xff, 0xff, 0xdf, 0xf0, 0x4, 0xcf,
    0xe9, 0x2f, 0xf0,

    /* U+00FD "ý" */
    0x0, 0x0, 0x2, 0xff, 0x70, 0x0, 0x0, 0x0,
    0x1e, 0xf7, 0x0, 0x0, 0x0, 0x0, 0x7b, 0x70,
    0x0, 0x0, 0x0, 0x0, 0x0, 0x0, 0x0, 0x0,
    0xaf, 0xc0, 0x0, 0x0, 0xaf, 0xc0, 0x3f, 0xf3,
    0x0, 0x1, 0xff, 0x50, 0xb, 0xf9, 0x0, 0x7,
    0xfe, 0x0, 0x4, 0xff, 0x10, 0xd, 0xf8, 0x0,
    0x0, 0xdf, 0x70, 0x4f, 0xf1, 0x0, 0x0, 0x6f,
    0xd0, 0xbf, 0xa0, 0x0, 0x0, 0xe, 0xf6, 0xff,
    0x30, 0x0, 0x0, 0x7, 0xff, 0xfd, 0x0, 0x0,
    0x0, 0x1, 0xff, 0xf6, 0x0, 0x0, 0x0, 0x0,
    0x9f, 0xe0, 0x0, 0x0, 0x0, 0x0, 0xcf, 0x80,
    0x0, 0x0, 0x3, 0x16, 0xff, 0x10, 0x0, 0x0,
    0xe, 0xff, 0xf8, 0x0, 0x0, 0x0, 0x2b, 0xfe,
    0x80, 0x0, 0x0, 0x0,

    /* U+00FE "þ" */
    0xcf, 0x70, 0x0, 0x0, 0x0, 0xc, 0xf7, 0x0,
    0x0, 0x0, 0x0, 0xcf, 0x70, 0x0, 0x0, 0x0,
    0xc, 0xf7, 0x0, 0x0, 0x0, 0x0, 0xcf, 0x75,
    0xdf, 0xe9, 0x10, 0xc, 0xfd, 0xff, 0xff, 0xfd,
    0x10, 0xcf, 0xfa, 0x11, 0x7f, 0xf9, 0xc, 0xfd,
    0x0, 0x0, 0x8f, 0xf0, 0xcf, 0x80, 0x0, 0x3,
    0xff, 0x1c, 0xf8, 0x0, 0x0, 0x3f, 0xf1, 0xcf,
    0xd0, 0x0, 0x8, 0xff, 0xc, 0xff, 0xa1, 0x17,
    0xff, 0x90, 0xcf, 0xcf, 0xff, 0xff, 0xe1, 0xc,
    0xf7, 0x5d, 0xfe, 0x91, 0x0, 0xcf, 0x70, 0x0,
    0x0, 0x0, 0xc, 0xf7, 0x0, 0x0, 0x0, 0x0,
    0xcf, 0x70, 0x0, 0x0, 0x0, 0xc, 0xf7, 0x0,
    0x0, 0x0, 0x0,

    /* U+00FF "ÿ" */
    0x0, 0x55, 0x0, 0x4, 0x50, 0x0, 0x1, 0xff,
    0x20, 0xf, 0xf3, 0x0, 0x0, 0xbb, 0x0, 0xa,
    0xc1, 0x0, 0x0, 0x0, 0x0, 0x0, 0x0, 0x0,
    0x0, 0x0, 0x0, 0x0, 0x0, 0x0, 0xaf, 0xc0,
    0x0, 0x0, 0xaf, 0xc0, 0x3f, 0xf3, 0x0, 0x1,
    0xff, 0x50, 0xb, 0xf9, 0x0, 0x7, 0xfe, 0x0,
    0x4, 0xff, 0x10, 0xd, 0xf8, 0x0, 0x0, 0xdf,
    0x70, 0x4f, 0xf1, 0x0, 0x0, 0x6f, 0xd0, 0xbf,
    0xa0, 0x0, 0x0, 0xe, 0xf6, 0xff, 0x30, 0x0,
    0x0, 0x7, 0xff, 0xfd, 0x0, 0x0, 0x0, 0x1,
    0xff, 0xf6, 0x0, 0x0, 0x0, 0x0, 0x9f, 0xe0,
    0x0, 0x0, 0x0, 0x0, 0xcf, 0x80, 0x0, 0x0,
    0x3, 0x16, 0xff, 0x10, 0x0, 0x0, 0xe, 0xff,
    0xf8, 0x0, 0x0, 0x0, 0x2b, 0xfe, 0x80, 0x0,
    0x0, 0x0,

    /* U+0100 "Ā" */
    0x0, 0x2, 0xee, 0xee, 0xee, 0x20, 0x0, 0x0,
    0x3, 0xff, 0xff, 0xff, 0x30, 0x0, 0x0, 0x0,
    0x0, 0x0, 0x0, 0x0, 0x0, 0x0, 0x0, 0x7,
    0xff, 0x60, 0x0, 0x0, 0x0, 0x0, 0xd, 0xff,
    0xd0, 0x0, 0x0, 0x0, 0x0, 0x3f, 0xff, 0xf3,
    0x0, 0x0, 0x0, 0x0, 0xaf, 0xdd, 0xf9, 0x0,
    0x0, 0x0, 0x1, 0xff, 0x77, 0xff, 0x0, 0x0,
    0x0, 0x6, 0xff, 0x11, 0xff, 0x60, 0x0, 0x0,
    0xd, 0xfb, 0x0, 0xbf, 0xd0, 0x0, 0x0, 0x3f,
    0xf5, 0x0, 0x5f, 0xf3, 0x0, 0x0, 0xaf, 0xe0,
    0x0, 0xf, 0xf9, 0x0, 0x0, 0xff, 0xff, 0xff,
    0xff, 0xff, 0x0, 0x6, 0xff, 0xff, 0xff, 0xff,
    0xff, 0x60, 0xd, 0xfc, 0x0, 0x0, 0x0, 0xcf,
    0xd0, 0x3f, 0xf5, 0x0, 0x0, 0x0, 0x5f, 0xf3,
    0x9f, 0xd0, 0x0, 0x0, 0x0, 0xd, 0xf9,

    /* U+0101 "ā" */
    0x2, 0xff, 0xff, 0xff, 0x30, 0x2, 0xee, 0xee,
    0xee, 0x30, 0x0, 0x0, 0x0, 0x0, 0x0, 0x0,
    0x4c, 0xef, 0xd6, 0x0, 0x6, 0xff, 0xff, 0xff,
    0x90, 0x8, 0xe7, 0x0, 0x7f, 0xf1, 0x0, 0x0,
    0x0, 0xe, 0xf5, 0x1, 0x9d, 0xff, 0xff, 0xf7,
    0xd, 0xff, 0xca, 0xae, 0xf7, 0x3f, 0xf2, 0x0,
    0xe, 0xf6, 0x3f, 0xf2, 0x0, 0x9f, 0xf6, 0xd,
    0xff, 0xef, 0xfe, 0xf6, 0x2, 0xae, 0xfd, 0x5a,
    0xf6,

    /* U+0102 "Ă" */
    0x0, 0x4, 0x84, 0x0, 0x48, 0x40, 0x0, 0x0,
    0x6, 0xfd, 0x22, 0xdf, 0x60, 0x0, 0x0, 0x0,
    0xbf, 0xff, 0xfb, 0x0, 0x0, 0x0, 0x0, 0x5,
    0x88, 0x50, 0x0, 0x0, 0x0, 0x0, 0x7, 0xff,
    0x60, 0x0, 0x0, 0x0, 0x0, 0xd, 0xff, 0xd0,
    0x0, 0x0, 0x0, 0x0, 0x3f, 0xff, 0xf3, 0x0,
    0x0, 0x0, 0x0, 0xaf, 0xdd, 0xf9, 0x0, 0x0,
    0x0, 0x1, 0xff, 0x77, 0xff, 0x0, 0x0, 0x0,
    0x6, 0xff, 0x11, 0xff, 0x60, 0x0, 0x0, 0xd,
    0xfb, 0x0, 0xbf, 0xd0, 0x0, 0x0, 0x3f, 0xf5,
    0x0, 0x5f, 0xf3, 0x0, 0x0, 0xaf, 0xe0, 0x0,
    0xf, 0xf9, 0x0, 0x0, 0xff, 0xff, 0xff, 0xff,
    0xff, 0x0, 0x6, 0xff, 0xff, 0xff, 0xff, 0xff,
    0x60, 0xd, 0xfc, 0x0, 0x0, 0x0, 0xcf, 0xd0,
    0x3f, 0xf5, 0x0, 0x0, 0x0, 0x5f, 0xf3, 0x9f,
    0xd0, 0x0, 0x0, 0x0, 0xd, 0xf9,

    /* U+0103 "ă" */
    0x7, 0xfa, 0x0, 0x9f, 0x80, 0x2, 0xff, 0xbb,
    0xff, 0x20, 0x0, 0x3b, 0xff, 0xb3, 0x0, 0x0,
    0x0, 0x0, 0x0, 0x0, 0x0, 0x4c, 0xef, 0xd6,
    0x0, 0x6, 0xff, 0xff, 0xff, 0x90, 0x8, 0xe7,
    0x0, 0x7f, 0xf1, 0x0, 0x0, 0x0, 0xe, 0xf5,
    0x1, 0x9d, 0xff, 0xff, 0xf7, 0xd, 0xff, 0xca,
    0xae, 0xf7, 0x3f, 0xf2, 0x0, 0xe, 0xf6, 0x3f,
    0xf2, 0x0, 0x9f, 0xf6, 0xd, 0xff, 0xef, 0xfe,
    0xf6, 0x2, 0xae, 0xfd, 0x5a, 0xf6,

    /* U+0104 "Ą" */
    0x0, 0x0, 0x7, 0xff, 0x60, 0x0, 0x0, 0x0,
    0x0, 0x0, 0xdf, 0xfd, 0x0, 0x0, 0x0, 0x0,
    0x0, 0x3f, 0xff, 0xf3, 0x0, 0x0, 0x0, 0x0,
    0xa, 0xfa, 0xaf, 0x90, 0x0, 0x0, 0x0, 0x1,
    0xff, 0x44, 0xff, 0x0, 0x0, 0x0, 0x0, 0x6f,
    0xd0, 0xd, 0xf6, 0x0, 0x0, 0x0, 0xd, 0xf6,
    0x0, 0x6f, 0xd0, 0x0, 0x0, 0x3, 0xff, 0x0,
    0x0, 0xff, 0x30, 0x0, 0x0, 0xaf, 0xff, 0xff,
    0xff, 0xf9, 0x0, 0x0, 0xf, 0xff, 0xff, 0xff,
    0xff, 0xf0, 0x0, 0x6, 0xfd, 0x0, 0x0, 0x0,
    0xdf, 0x60, 0x0, 0xdf, 0x70, 0x0, 0x0, 0x8,
    0xfd, 0x0, 0x3f, 0xf2, 0x0, 0x0, 0x0, 0x2f,
    0xf3, 0x9, 0xfc, 0x0, 0x0, 0x0, 0x0, 0xdf,
    0xa0, 0x0, 0x0, 0x0, 0x0, 0x0, 0xa, 0xe4,
    0x0, 0x0, 0x0, 0x0, 0x0, 0x7, 0xf5, 0x0,
    0x0, 0x0, 0x0, 0x0, 0x0, 0x8f, 0xc9, 0x0,
    0x0, 0x0, 0x0, 0x0, 0x1, 0xbf, 0xe2,

    /* U+0105 "ą" */
    0x0, 0x4c, 0xef, 0xd6, 0x0, 0x6, 0xff, 0xff,
    0xff, 0x90, 0x8, 0xe7, 0x0, 0x7f, 0xf1, 0x0,
    0x0, 0x0, 0xe, 0xf5, 0x1, 0x9d, 0xff, 0xff,
    0xf7, 0xd, 0xff, 0xca, 0xae, 0xf7, 0x3f, 0xf2,
    0x0, 0xe, 0xf6, 0x3f, 0xf2, 0x0, 0x9f, 0xf6,
    0xd, 0xff, 0xef, 0xfe, 0xf6, 0x2, 0xae, 0xfd,
    0x5e, 0xf7, 0x0, 0x0, 0x0, 0x5f, 0x80, 0x0,
    0x0, 0x0, 0xfe, 0x0, 0x0, 0x0, 0x0, 0xff,
    0xa5, 0x0, 0x0, 0x0, 0x4d, 0xfa,

    /* U+0106 "Ć" */
    0x0, 0x0, 0x0, 0x0, 0x68, 0x60, 0x0, 0x0,
    0x0, 0x0, 0x7, 0xfe, 0x20, 0x0, 0x0, 0x0,
    0x0, 0x6f, 0xd1, 0x0, 0x0, 0x0, 0x0, 0x0,
    0x0, 0x0, 0x0, 0x0, 0x0, 0x0, 0x3a, 0xdf,
    0xeb, 0x60, 0x0, 0x0, 0xa, 0xff, 0xff, 0xff,
    0xfd, 0x20, 0x0, 0xaf, 0xfa, 0x31, 0x28, 0xff,
    0xe1, 0x5, 0xff, 0x70, 0x0, 0x0, 0x2e, 0xf8,
    0xc, 0xfb, 0x0, 0x0, 0x0, 0x3, 0x30, 0xf,
    0xf5, 0x0, 0x0, 0x0, 0x0, 0x0, 0x2f, 0xf3,
    0x0, 0x0, 0x0, 0x0, 0x0, 0x2f, 0xf3, 0x0,
    0x0, 0x0, 0x0, 0x0, 0xf, 0xf5, 0x0, 0x0,
    0x0, 0x0, 0x0, 0xc, 0xfb, 0x0, 0x0, 0x0,
    0x4, 0x60, 0x5, 0xff, 0x60, 0x0, 0x0, 0x2e,
    0xfa, 0x0, 0xaf, 0xfa, 0x31, 0x27, 0xef, 0xe1,
    0x0, 0xa, 0xff, 0xff, 0xff, 0xfd, 0x20, 0x0,
    0x0, 0x4a, 0xdf, 0xeb, 0x60, 0x0,

    /* U+0107 "ć" */
    0x0, 0x0, 0x0, 0xcf, 0xb0, 0x0, 0x0, 0x0,
    0x9f, 0xc0, 0x0, 0x0, 0x0, 0x4d, 0xc1, 0x0,
    0x0, 0x0, 0x0, 0x0, 0x0, 0x0, 0x0, 0x7,
    0xdf, 0xeb, 0x40, 0x0, 0x1d, 0xff, 0xff, 0xff,
    0x70, 0xa, 0xff, 0x61, 0x29, 0xfe, 0x11, 0xff,
    0x50, 0x0, 0x4, 0x0, 0x4f, 0xf0, 0x0, 0x0,
    0x0, 0x4, 0xff, 0x0, 0x0, 0x0, 0x0, 0x1f,
    0xf5, 0x0, 0x0, 0x51, 0x0, 0xaf, 0xe6, 0x12,
    0x9f, 0xf2, 0x1, 0xdf, 0xff, 0xff, 0xf7, 0x0,
    0x0, 0x7d, 0xfe, 0xb4, 0x0,

    /* U+0108 "Ĉ" */
    0x0, 0x0, 0x0, 0x68, 0x70, 0x0, 0x0, 0x0,
    0x0, 0x9, 0xfe, 0xfc, 0x0, 0x0, 0x0, 0x0,
    0x8f, 0xa0, 0x6f, 0xc0, 0x0, 0x0, 0x0, 0x0,
    0x0, 0x0, 0x0, 0x0, 0x0, 0x0, 0x3a, 0xdf,
    0xeb, 0x60, 0x0, 0x0, 0xa, 0xff, 0xff, 0xff,
    0xfd, 0x20, 0x0, 0xaf, 0xfa, 0x31, 0x28, 0xff,
    0xe1, 0x5, 0xff, 0x70, 0x0, 0x0, 0x2e, 0xf8,
    0xc, 0xfb, 0x0, 0x0, 0x0, 0x3, 0x30, 0xf,
    0xf5, 0x0, 0x0, 0x0, 0x0, 0x0, 0x2f, 0xf3,
    0x0, 0x0, 0x0, 0x0, 0x0, 0x2f, 0xf3, 0x0,
    0x0, 0x0, 0x0, 0x0, 0xf, 0xf5, 0x0, 0x0,
    0x0, 0x0, 0x0, 0xc, 0xfb, 0x0, 0x0, 0x0,
    0x4, 0x60, 0x5, 0xff, 0x60, 0x0, 0x0, 0x2e,
    0xfa, 0x0, 0xaf, 0xfa, 0x31, 0x27, 0xef, 0xe1,
    0x0, 0xa, 0xff, 0xff, 0xff, 0xfd, 0x20, 0x0,
    0x0, 0x4a, 0xdf, 0xeb, 0x60, 0x0,

    /* U+0109 "ĉ" */
    0x0, 0x0, 0xcf, 0xf8, 0x0, 0x0, 0x0, 0xbf,
    0x9d, 0xf6, 0x0, 0x0, 0x6b, 0x70, 0x1a, 0xa2,
    0x0, 0x0, 0x0, 0x0, 0x0, 0x0, 0x0, 0x7,
    0xdf, 0xeb, 0x40, 0x0, 0x1d, 0xff, 0xff, 0xff,
    0x70, 0xa, 0xff, 0x61, 0x29, 0xfe, 0x11, 0xff,
    0x50, 0x0, 0x4, 0x0, 0x4f, 0xf0, 0x0, 0x0,
    0x0, 0x4, 0xff, 0x0, 0x0, 0x0, 0x0, 0x1f,
    0xf5, 0x0, 0x0, 0x51, 0x0, 0xaf, 0xe6, 0x12,
    0x9f, 0xf2, 0x1, 0xdf, 0xff, 0xff, 0xf7, 0x0,
    0x0, 0x7d, 0xfe, 0xb4, 0x0,

    /* U+010A "Ċ" */
    0x0, 0x0, 0x0, 0x4e, 0xa0, 0x0, 0x0, 0x0,
    0x0, 0x0, 0x8f, 0xf0, 0x0, 0x0, 0x0, 0x0,
    0x0, 0x18, 0x30, 0x0, 0x0, 0x0, 0x0, 0x0,
    0x0, 0x0, 0x0, 0x0, 0x0, 0x0, 0x3a, 0xdf,
    0xeb, 0x60, 0x0, 0x0, 0xa, 0xff, 0xff, 0xff,
    0xfd, 0x20, 0x0, 0xaf, 0xfa, 0x31, 0x28, 0xff,
    0xe1, 0x5, 0xff, 0x70, 0x0, 0x0, 0x2e, 0xf8,
    0xc, 0xfb, 0x0, 0x0, 0x0, 0x3, 0x30, 0xf,
    0xf5, 0x0, 0x0, 0x0, 0x0, 0x0, 0x2f, 0xf3,
    0x0, 0x0, 0x0, 0x0, 0x0, 0x2f, 0xf3, 0x0,
    0x0, 0x0, 0x0, 0x0, 0xf, 0xf5, 0x0, 0x0,
    0x0, 0x0, 0x0, 0xc, 0xfb, 0x0, 0x0, 0x0,
    0x4, 0x60, 0x5, 0xff, 0x60, 0x0, 0x0, 0x2e,
    0xfa, 0x0, 0xaf, 0xfa, 0x31, 0x27, 0xef, 0xe1,
    0x0, 0xa, 0xff, 0xff, 0xff, 0xfd, 0x20, 0x0,
    0x0, 0x4a, 0xdf, 0xeb, 0x60, 0x0,

    /* U+010B "ċ" */
    0x0, 0x0, 0x6, 0x40, 0x0, 0x0, 0x0, 0x5,
    0xff, 0x10, 0x0, 0x0, 0x0, 0x2f, 0xd0, 0x0,
    0x0, 0x0, 0x0, 0x0, 0x0, 0x0, 0x0, 0x0,
    0x0, 0x0, 0x0, 0x0, 0x0, 0x7d, 0xfe, 0xb4,
    0x0, 0x1, 0xdf, 0xff, 0xff, 0xf7, 0x0, 0xaf,
    0xf6, 0x12, 0x9f, 0xe1, 0x1f, 0xf5, 0x0, 0x0,
    0x40, 0x4, 0xff, 0x0, 0x0, 0x0, 0x0, 0x4f,
    0xf0, 0x0, 0x0, 0x0, 0x1, 0xff, 0x50, 0x0,
    0x5, 0x10, 0xa, 0xfe, 0x61, 0x29, 0xff, 0x20,
    0x1d, 0xff, 0xff, 0xff, 0x70, 0x0, 0x7, 0xdf,
    0xeb, 0x40, 0x0,

    /* U+010C "Č" */
    0x0, 0x0, 0x68, 0x30, 0x17, 0x70, 0x0, 0x0,
    0x0, 0x2e, 0xf5, 0xdf, 0x50, 0x0, 0x0, 0x0,
    0x2, 0xef, 0xf5, 0x0, 0x0, 0x0, 0x0, 0x0,
    0x0, 0x0, 0x0, 0x0, 0x0, 0x0, 0x3a, 0xdf,
    0xeb, 0x60, 0x0, 0x0, 0xa, 0xff, 0xff, 0xff,
    0xfd, 0x20, 0x0, 0xaf, 0xfa, 0x31, 0x28, 0xff,
    0xe1, 0x5, 0xff, 0x70, 0x0, 0x0, 0x2e, 0xf8,
    0xc, 0xfb, 0x0, 0x0, 0x0, 0x3, 0x30, 0xf,
    0xf5, 0x0, 0x0, 0x0, 0x0, 0x0, 0x2f, 0xf3,
    0x0, 0x0, 0x0, 0x0, 0x0, 0x2f, 0xf3, 0x0,
    0x0, 0x0, 0x0, 0x0, 0xf, 0xf5, 0x0, 0x0,
    0x0, 0x0, 0x0, 0xc, 0xfb, 0x0, 0x0, 0x0,
    0x4, 0x60, 0x5, 0xff, 0x60, 0x0, 0x0, 0x2e,
    0xfa, 0x0, 0xaf, 0xfa, 0x31, 0x27, 0xef, 0xe1,
    0x0, 0xa, 0xff, 0xff, 0xff, 0xfd, 0x20, 0x0,
    0x0, 0x4a, 0xdf, 0xeb, 0x60, 0x0,

    /* U+010D "č" */
    0x0, 0x6f, 0xb0, 0x3f, 0xe2, 0x0, 0x0, 0x9f,
    0xbe, 0xf3, 0x0, 0x0, 0x0, 0xad, 0xd5, 0x0,
    0x0, 0x0, 0x0, 0x0, 0x0, 0x0, 0x0, 0x7,
    0xdf, 0xeb, 0x40, 0x0, 0x1d, 0xff, 0xff, 0xff,
    0x70, 0xa, 0xff, 0x61, 0x29, 0xfe, 0x11, 0xff,
    0x50, 0x0, 0x4, 0x0, 0x4f, 0xf0, 0x0, 0x0,
    0x0, 0x4, 0xff, 0x0, 0x0, 0x0, 0x0, 0x1f,
    0xf5, 0x0, 0x0, 0x51, 0x0, 0xaf, 0xe6, 0x12,
    0x9f, 0xf2, 0x1, 0xdf, 0xff, 0xff, 0xf7, 0x0,
    0x0, 0x7d, 0xfe, 0xb4, 0x0,

    /* U+010E "Ď" */
    0x3, 0x86, 0x0, 0x58, 0x40, 0x0, 0x0, 0xc,
    0xf6, 0x5f, 0xd1, 0x0, 0x0, 0x0, 0x1e, 0xff,
    0xf2, 0x0, 0x0, 0x0, 0x0, 0x28, 0x83, 0x0,
    0x0, 0x0, 0x5f, 0xff, 0xff, 0xd9, 0x20, 0x0,
    0x5, 0xff, 0xff, 0xff, 0xff, 0x80, 0x0, 0x5f,
    0xf1, 0x12, 0x5d, 0xff, 0x80, 0x5, 0xff, 0x0,
    0x0, 0xa, 0xff, 0x30, 0x5f, 0xf0, 0x0, 0x0,
    0xe, 0xfa, 0x5, 0xff, 0x0, 0x0, 0x0, 0x7f,
    0xf0, 0x5f, 0xf0, 0x0, 0x0, 0x4, 0xff, 0x15,
    0xff, 0x0, 0x0, 0x0, 0x4f, 0xf1, 0x5f, 0xf0,
    0x0, 0x0, 0x7, 0xff, 0x5, 0xff, 0x0, 0x0,
    0x0, 0xef, 0xa0, 0x5f, 0xf0, 0x0, 0x0, 0xaf,
    0xf3, 0x5, 0xff, 0x11, 0x25, 0xcf, 0xf8, 0x0,
    0x5f, 0xff, 0xff, 0xff, 0xf7, 0x0, 0x5, 0xff,
    0xff, 0xfd, 0x92, 0x0, 0x0,

    /* U+010F "ď" */
    0x0, 0x0, 0x0, 0x0, 0xaf, 0x95, 0xfb, 0x0,
    0x0, 0x0, 0x0, 0xaf, 0x99, 0xf5, 0x0, 0x0,
    0x0, 0x0, 0xaf, 0x9d, 0xf0, 0x0, 0x0, 0x0,
    0x0, 0xaf, 0x92, 0x10, 0x0, 0x2a, 0xef, 0xc3,
    0xaf, 0x90, 0x0, 0x3, 0xff, 0xff, 0xff, 0xdf,
    0x90, 0x0, 0xc, 0xfe, 0x50, 0x2c, 0xff, 0x90,
    0x0, 0x2f, 0xf5, 0x0, 0x1, 0xff, 0x90, 0x0,
    0x4f, 0xf1, 0x0, 0x0, 0xbf, 0x90, 0x0, 0x4f,
    0xf1, 0x0, 0x0, 0xbf, 0x90, 0x0, 0x2f, 0xf5,
    0x0, 0x1, 0xef, 0x90, 0x0, 0xc, 0xfe, 0x50,
    0x2b, 0xff, 0x90, 0x0, 0x3, 0xff, 0xff, 0xff,
    0xcf, 0x90, 0x0, 0x0, 0x2a, 0xef, 0xc3, 0x9f,
    0x90, 0x0,

    /* U+0110 "Đ" */
    0x4, 0xff, 0xff, 0xfd, 0x93, 0x0, 0x0, 0x4,
    0xff, 0xff, 0xff, 0xff, 0x80, 0x0, 0x4, 0xff,
    0x21, 0x25, 0xcf, 0xf9, 0x0, 0x4, 0xff, 0x0,
    0x0, 0x9, 0xff, 0x40, 0x4, 0xff, 0x0, 0x0,
    0x0, 0xdf, 0xb0, 0x4, 0xff, 0x0, 0x0, 0x0,
    0x7f, 0xf0, 0x8c, 0xff, 0xbb, 0x80, 0x0, 0x4f,
    0xf2, 0xbf, 0xff, 0xff, 0xc0, 0x0, 0x4f, 0xf2,
    0x4, 0xff, 0x0, 0x0, 0x0, 0x7f, 0xf0, 0x4,
    0xff, 0x0, 0x0, 0x0, 0xdf, 0xb0, 0x4, 0xff,
    0x0, 0x0, 0x9, 0xff, 0x40, 0x4, 0xff, 0x21,
    0x25, 0xcf, 0xf9, 0x0, 0x4, 0xff, 0xff, 0xff,
    0xff, 0x80, 0x0, 0x4, 0xff, 0xff, 0xfd, 0x93,
    0x0, 0x0,

    /* U+0111 "đ" */
    0x0, 0x0, 0x1, 0x22, 0xbf, 0xa2, 0x0, 0x0,
    0x9, 0xff, 0xff, 0xff, 0x0, 0x0, 0x3, 0x55,
    0xcf, 0xb5, 0x0, 0x0, 0x0, 0x0, 0xaf, 0x90,
    0x0, 0x2a, 0xef, 0xc3, 0xaf, 0x90, 0x3, 0xff,
    0xff, 0xff, 0xdf, 0x90, 0xc, 0xfe, 0x50, 0x2c,
    0xff, 0x90, 0x2f, 0xf5, 0x0, 0x1, 0xff, 0x90,
    0x4f, 0xf1, 0x0, 0x0, 0xbf, 0x90, 0x4f, 0xf1,
    0x0, 0x0, 0xbf, 0x90, 0x2f, 0xf5, 0x0, 0x1,
    0xef, 0x90, 0xc, 0xfe, 0x50, 0x2b, 0xff, 0x90,
    0x3, 0xff, 0xff, 0xff, 0xcf, 0x90, 0x0, 0x2a,
    0xef, 0xc3, 0x9f, 0x90,

    /* U+0112 "Ē" */
    0x2, 0xee, 0xee, 0xee, 0x20, 0x3, 0xff, 0xff,
    0xff, 0x20, 0x0, 0x0, 0x0, 0x0, 0x0, 0x5f,
    0xff, 0xff, 0xff, 0xf4, 0x5f, 0xff, 0xff, 0xff,
    0xf4, 0x5f, 0xf1, 0x11, 0x11, 0x10, 0x5f, 0xf0,
    0x0, 0x0, 0x0, 0x5f, 0xf0, 0x0, 0x0, 0x0,
    0x5f, 0xf0, 0x0, 0x0, 0x0, 0x5f, 0xff, 0xff,
    0xff, 0x80, 0x5f, 0xff, 0xff, 0xff, 0x80, 0x5f,
    0xf0, 0x0, 0x0, 0x0, 0x5f, 0xf0, 0x0, 0x0,
    0x0, 0x5f, 0xf0, 0x0, 0x0, 0x0, 0x5f, 0xf1,
    0x11, 0x11, 0x10, 0x5f, 0xff, 0xff, 0xff, 0xf5,
    0x5f, 0xff, 0xff, 0xff, 0xf5,

    /* U+0113 "ē" */
    0x0, 0x6f, 0xff, 0xff, 0xf0, 0x0, 0x5, 0xee,
    0xee, 0xee, 0x0, 0x0, 0x0, 0x0, 0x0, 0x0,
    0x0, 0x0, 0x7d, 0xfe, 0xa2, 0x0, 0x1, 0xdf,
    0xfe, 0xff, 0xe2, 0x0, 0xaf, 0xd2, 0x0, 0xaf,
    0xc0, 0x1f, 0xf4, 0x0, 0x0, 0xff, 0x34, 0xff,
    0xff, 0xff, 0xff, 0xf6, 0x4f, 0xfa, 0xaa, 0xaa,
    0xaa, 0x51, 0xff, 0x40, 0x0, 0x1, 0x0, 0xa,
    0xfe, 0x40, 0x6, 0xfd, 0x10, 0x1d, 0xff, 0xff,
    0xff, 0x80, 0x0, 0x8, 0xdf, 0xeb, 0x40, 0x0,

    /* U+0116 "Ė" */
    0x0, 0x0, 0x66, 0x0, 0x0, 0x0, 0x3, 0xff,
    0x30, 0x0, 0x0, 0x1, 0xdd, 0x10, 0x0, 0x0,
    0x0, 0x0, 0x0, 0x0, 0x5f, 0xff, 0xff, 0xff,
    0xf4, 0x5f, 0xff, 0xff, 0xff, 0xf4, 0x5f, 0xf1,
    0x11, 0x11, 0x10, 0x5f, 0xf0, 0x0, 0x0, 0x0,
    0x5f, 0xf0, 0x0, 0x0, 0x0, 0x5f, 0xf0, 0x0,
    0x0, 0x0, 0x5f, 0xff, 0xff, 0xff, 0x80, 0x5f,
    0xff, 0xff, 0xff, 0x80, 0x5f, 0xf0, 0x0, 0x0,
    0x0, 0x5f, 0xf0, 0x0, 0x0, 0x0, 0x5f, 0xf0,
    0x0, 0x0, 0x0, 0x5f, 0xf1, 0x11, 0x11, 0x10,
    0x5f, 0xff, 0xff, 0xff, 0xf5, 0x5f, 0xff, 0xff,
    0xff, 0xf5,

    /* U+0117 "ė" */
    0x0, 0x0, 0x6, 0x30, 0x0, 0x0, 0x0, 0x6,
    0xff, 0x0, 0x0, 0x0, 0x0, 0x3f, 0xc0, 0x0,
    0x0, 0x0, 0x0, 0x0, 0x0, 0x0, 0x0, 0x0,
    0x0, 0x0, 0x0, 0x0, 0x0, 0x7d, 0xfe, 0xa2,
    0x0, 0x1, 0xdf, 0xfe, 0xff, 0xe2, 0x0, 0xaf,
    0xd2, 0x0, 0xaf, 0xc0, 0x1f, 0xf4, 0x0, 0x0,
    0xff, 0x34, 0xff, 0xff, 0xff, 0xff, 0xf6, 0x4f,
    0xfa, 0xaa, 0xaa, 0xaa, 0x51, 0xff, 0x40, 0x0,
    0x1, 0x0, 0xa, 0xfe, 0x40, 0x6, 0xfd, 0x10,
    0x1d, 0xff, 0xff, 0xff, 0x80, 0x0, 0x8, 0xdf,
    0xeb, 0x40, 0x0,

    /* U+0118 "Ę" */
    0x5f, 0xff, 0xff, 0xff, 0xf4, 0x5f, 0xff, 0xff,
    0xff, 0xf4, 0x5f, 0xf1, 0x11, 0x11, 0x10, 0x5f,
    0xf0, 0x0, 0x0, 0x0, 0x5f, 0xf0, 0x0, 0x0,
    0x0, 0x5f, 0xf0, 0x0, 0x0, 0x0, 0x5f, 0xff,
    0xff, 0xff, 0x80, 0x5f, 0xff, 0xff, 0xff, 0x80,
    0x5f, 0xf0, 0x0, 0x0, 0x0, 0x5f, 0xf0, 0x0,
    0x0, 0x0, 0x5f, 0xf0, 0x0, 0x0, 0x0, 0x5f,
    0xf1, 0x11, 0x11, 0x10, 0x5f, 0xff, 0xff, 0xff,
    0xf5, 0x5f, 0xff, 0xff, 0xff, 0xf5, 0x0, 0x0,
    0x0, 0x3e, 0xa0, 0x0, 0x0, 0x0, 0xee, 0x0,
    0x0, 0x0, 0x0, 0xff, 0xa4, 0x0, 0x0, 0x0,
    0x5d, 0xf9,

    /* U+0119 "ę" */
    0x0, 0x7, 0xdf, 0xea, 0x20, 0x0, 0x1d, 0xff,
    0xef, 0xfe, 0x20, 0xa, 0xfd, 0x20, 0xa, 0xfc,
    0x1, 0xff, 0x40, 0x0, 0xf, 0xf3, 0x4f, 0xff,
    0xff, 0xff, 0xff, 0x64, 0xff, 0xaa, 0xaa, 0xaa,
    0xa5, 0x1f, 0xf4, 0x0, 0x0, 0x10, 0x0, 0xaf,
    0xe4, 0x0, 0x6f, 0xd1, 0x1, 0xdf, 0xff, 0xff,
    0xfa, 0x0, 0x0, 0x8d, 0xfe, 0xff, 0x0, 0x0,
    0x0, 0x0, 0x2f, 0x50, 0x0, 0x0, 0x0, 0x9,
    0xf2, 0x0, 0x0, 0x0, 0x0, 0x9f, 0xcb, 0x30,
    0x0, 0x0, 0x1, 0xae, 0xf7,

    /* U+011A "Ě" */
    0x4, 0x85, 0x0, 0x68, 0x30, 0x1, 0xdf, 0x56,
    0xfc, 0x0, 0x0, 0x2f, 0xff, 0xe1, 0x0, 0x0,
    0x3, 0x88, 0x20, 0x0, 0x5f, 0xff, 0xff, 0xff,
    0xf4, 0x5f, 0xff, 0xff, 0xff, 0xf4, 0x5f, 0xf1,
    0x11, 0x11, 0x10, 0x5f, 0xf0, 0x0, 0x0, 0x0,
    0x5f, 0xf0, 0x0, 0x0, 0x0, 0x5f, 0xf0, 0x0,
    0x0, 0x0, 0x5f, 0xff, 0xff, 0xff, 0x80, 0x5f,
    0xff, 0xff, 0xff, 0x80, 0x5f, 0xf0, 0x0, 0x0,
    0x0, 0x5f, 0xf0, 0x0, 0x0, 0x0, 0x5f, 0xf0,
    0x0, 0x0, 0x0, 0x5f, 0xf1, 0x11, 0x11, 0x10,
    0x5f, 0xff, 0xff, 0xff, 0xf5, 0x5f, 0xff, 0xff,
    0xff, 0xf5,

    /* U+011B "ě" */
    0x0, 0x8f, 0xa0, 0x4f, 0xe1, 0x0, 0x0, 0xaf,
    0xbf, 0xf2, 0x0, 0x0, 0x0, 0xbd, 0xd4, 0x0,
    0x0, 0x0, 0x0, 0x0, 0x0, 0x0, 0x0, 0x7,
    0xdf, 0xea, 0x20, 0x0, 0x1d, 0xff, 0xef, 0xfe,
    0x20, 0xa, 0xfd, 0x20, 0xa, 0xfc, 0x1, 0xff,
    0x40, 0x0, 0xf, 0xf3, 0x4f, 0xff, 0xff, 0xff,
    0xff, 0x64, 0xff, 0xaa, 0xaa, 0xaa, 0xa5, 0x1f,
    0xf4, 0x0, 0x0, 0x10, 0x0, 0xaf, 0xe4, 0x0,
    0x6f, 0xd1, 0x1, 0xdf, 0xff, 0xff, 0xf8, 0x0,
    0x0, 0x8d, 0xfe, 0xb4, 0x0,

    /* U+011C "Ĝ" */
    0x0, 0x0, 0x0, 0x58, 0x71, 0x0, 0x0, 0x0,
    0x0, 0x0, 0x7f, 0xef, 0xd1, 0x0, 0x0, 0x0,
    0x0, 0x6f, 0xb1, 0x5f, 0xd1, 0x0, 0x0, 0x0,
    0x0, 0x0, 0x0, 0x0, 0x0, 0x0, 0x0, 0x0,
    0x28, 0xde, 0xfd, 0x82, 0x0, 0x0, 0x0, 0x8f,
    0xff, 0xff, 0xff, 0xf7, 0x0, 0x0, 0x9f, 0xfc,
    0x52, 0x14, 0xbf, 0xf6, 0x0, 0x4f, 0xf8, 0x0,
    0x0, 0x0, 0x76, 0x0, 0xc, 0xfc, 0x0, 0x0,
    0x0, 0x0, 0x0, 0x0, 0xff, 0x60, 0x0, 0x0,
    0x0, 0x0, 0x0, 0x2f, 0xf3, 0x0, 0x0, 0x2d,
    0xdd, 0xdd, 0x52, 0xff, 0x30, 0x0, 0x2, 0xff,
    0xff, 0xf6, 0xf, 0xf5, 0x0, 0x0, 0x0, 0x0,
    0xef, 0x50, 0xcf, 0xc0, 0x0, 0x0, 0x0, 0x2f,
    0xf2, 0x4, 0xff, 0x80, 0x0, 0x0, 0xb, 0xfc,
    0x0, 0x9, 0xff, 0xb4, 0x11, 0x4c, 0xff, 0x40,
    0x0, 0x8, 0xff, 0xff, 0xff, 0xff, 0x60, 0x0,
    0x0, 0x2, 0x9d, 0xff, 0xd9, 0x20, 0x0,

    /* U+011D "ĝ" */
    0x0, 0x1, 0xef, 0xf5, 0x0, 0x0, 0x1, 0xdf,
    0x8e, 0xf4, 0x0, 0x0, 0x7b, 0x50, 0x2a, 0xa1,
    0x0, 0x0, 0x0, 0x0, 0x0, 0x0, 0x0, 0x2a,
    0xef, 0xc3, 0x9f, 0xb0, 0x2f, 0xff, 0xff, 0xfc,
    0xfb, 0xc, 0xff, 0x50, 0x1b, 0xff, 0xb1, 0xff,
    0x70, 0x0, 0xe, 0xfb, 0x4f, 0xf2, 0x0, 0x0,
    0xbf, 0xb4, 0xff, 0x20, 0x0, 0xb, 0xfb, 0x2f,
    0xf6, 0x0, 0x0, 0xef, 0xb0, 0xcf, 0xe4, 0x0,
    0x9f, 0xfb, 0x3, 0xff, 0xfe, 0xff, 0xcf, 0xa0,
    0x2, 0xae, 0xfc, 0x49, 0xf9, 0x0, 0x0, 0x0,
    0x0, 0xdf, 0x70, 0x8, 0x30, 0x1, 0xaf, 0xf1,
    0x7, 0xff, 0xff, 0xff, 0xf5, 0x0, 0x18, 0xce,
    0xfe, 0xa3, 0x0,

    /* U+011E "Ğ" */
    0x0, 0x0, 0xcf, 0x60, 0xd, 0xf4, 0x0, 0x0,
    0x0, 0x6, 0xff, 0xac, 0xfd, 0x0, 0x0, 0x0,
    0x0, 0x5, 0xdf, 0xea, 0x10, 0x0, 0x0, 0x0,
    0x0, 0x0, 0x0, 0x0, 0x0, 0x0, 0x0, 0x0,
    0x28, 0xde, 0xfd, 0x82, 0x0, 0x0, 0x0, 0x8f,
    0xff, 0xff, 0xff, 0xf7, 0x0, 0x0, 0x9f, 0xfc,
    0x52, 0x14, 0xbf, 0xf6, 0x0, 0x4f, 0xf8, 0x0,
    0x0, 0x0, 0x76, 0x0, 0xc, 0xfc, 0x0, 0x0,
    0x0, 0x0, 0x0, 0x0, 0xff, 0x60, 0x0, 0x0,
    0x0, 0x0, 0x0, 0x2f, 0xf3, 0x0, 0x0, 0x2d,
    0xdd, 0xdd, 0x52, 0xff, 0x30, 0x0, 0x2, 0xff,
    0xff, 0xf6, 0xf, 0xf5, 0x0, 0x0, 0x0, 0x0,
    0xef, 0x50, 0xcf, 0xc0, 0x0, 0x0, 0x0, 0x2f,
    0xf2, 0x4, 0xff, 0x80, 0x0, 0x0, 0xb, 0xfc,
    0x0, 0x9, 0xff, 0xb4, 0x11, 0x4c, 0xff, 0x40,
    0x0, 0x8, 0xff, 0xff, 0xff, 0xff, 0x60, 0x0,
    0x0, 0x2, 0x9d, 0xff, 0xd9, 0x20, 0x0,

    /* U+011F "ğ" */
    0x0, 0xcf, 0x50, 0xe, 0xf3, 0x0, 0x6, 0xff,
    0xad, 0xfc, 0x0, 0x0, 0x5, 0xdf, 0xe9, 0x10,
    0x0, 0x0, 0x0, 0x0, 0x0, 0x0, 0x0, 0x2a,
    0xef, 0xc3, 0x9f, 0xb0, 0x2f, 0xff, 0xff, 0xfc,
    0xfb, 0xc, 0xff, 0x50, 0x1b, 0xff, 0xb1, 0xff,
    0x70, 0x0, 0xe, 0xfb, 0x4f, 0xf2, 0x0, 0x0,
    0xbf, 0xb4, 0xff, 0x20, 0x0, 0xb, 0xfb, 0x2f,
    0xf6, 0x0, 0x0, 0xef, 0xb0, 0xcf, 0xe4, 0x0,
    0x9f, 0xfb, 0x3, 0xff, 0xfe, 0xff, 0xcf, 0xa0,
    0x2, 0xae, 0xfc, 0x49, 0xf9, 0x0, 0x0, 0x0,
    0x0, 0xdf, 0x70, 0x8, 0x30, 0x1, 0xaf, 0xf1,
    0x7, 0xff, 0xff, 0xff, 0xf5, 0x0, 0x18, 0xce,
    0xfe, 0xa3, 0x0,

    /* U+0120 "Ġ" */
    0x0, 0x0, 0x0, 0x7, 0x40, 0x0, 0x0, 0x0,
    0x0, 0x0, 0x7, 0xff, 0x0, 0x0, 0x0, 0x0,
    0x0, 0x0, 0x3e, 0xb0, 0x0, 0x0, 0x0, 0x0,
    0x0, 0x0, 0x0, 0x0, 0x0, 0x0, 0x0, 0x0,
    0x0, 0x0, 0x0, 0x0, 0x0, 0x0, 0x0, 0x2,
    0x8d, 0xef, 0xd8, 0x20, 0x0, 0x0, 0x8, 0xff,
    0xff, 0xff, 0xff, 0x70, 0x0, 0x9, 0xff, 0xc5,
    0x21, 0x4b, 0xff, 0x60, 0x4, 0xff, 0x80, 0x0,
    0x0, 0x7, 0x60, 0x0, 0xcf, 0xc0, 0x0, 0x0,
    0x0, 0x0, 0x0, 0xf, 0xf6, 0x0, 0x0, 0x0,
    0x0, 0x0, 0x2, 0xff, 0x30, 0x0, 0x2, 0xdd,
    0xdd, 0xd5, 0x2f, 0xf3, 0x0, 0x0, 0x2f, 0xff,
    0xff, 0x60, 0xff, 0x50, 0x0, 0x0, 0x0, 0xe,
    0xf5, 0xc, 0xfc, 0x0, 0x0, 0x0, 0x2, 0xff,
    0x20, 0x4f, 0xf8, 0x0, 0x0, 0x0, 0xbf, 0xc0,
    0x0, 0x9f, 0xfb, 0x41, 0x14, 0xcf, 0xf4, 0x0,
    0x0, 0x8f, 0xff, 0xff, 0xff, 0xf6, 0x0, 0x0,
    0x0, 0x29, 0xdf, 0xfd, 0x92, 0x0, 0x0,

    /* U+0121 "ġ" */
    0x0, 0x0, 0x6, 0x30, 0x0, 0x0, 0x0, 0x8,
    0xff, 0x0, 0x0, 0x0, 0x0, 0x4f, 0xb0, 0x0,
    0x0, 0x0, 0x0, 0x0, 0x0, 0x0, 0x0, 0x0,
    0x0, 0x0, 0x0, 0x0, 0x2, 0xae, 0xfc, 0x39,
    0xfb, 0x2, 0xff, 0xff, 0xff, 0xcf, 0xb0, 0xcf,
    0xf5, 0x1, 0xbf, 0xfb, 0x1f, 0xf7, 0x0, 0x0,
    0xef, 0xb4, 0xff, 0x20, 0x0, 0xb, 0xfb, 0x4f,
    0xf2, 0x0, 0x0, 0xbf, 0xb2, 0xff, 0x60, 0x0,
    0xe, 0xfb, 0xc, 0xfe, 0x40, 0x9, 0xff, 0xb0,
    0x3f, 0xff, 0xef, 0xfc, 0xfa, 0x0, 0x2a, 0xef,
    0xc4, 0x9f, 0x90, 0x0, 0x0, 0x0, 0xd, 0xf7,
    0x0, 0x83, 0x0, 0x1a, 0xff, 0x10, 0x7f, 0xff,
    0xff, 0xff, 0x50, 0x1, 0x8c, 0xef, 0xea, 0x30,
    0x0,

    /* U+0122 "Ģ" */
    0x0, 0x0, 0x28, 0xde, 0xfd, 0x82, 0x0, 0x0,
    0x0, 0x8f, 0xff, 0xff, 0xff, 0xf6, 0x0, 0x0,
    0x9f, 0xfc, 0x52, 0x15, 0xdf, 0xf5, 0x0, 0x4f,
    0xf8, 0x0, 0x0, 0x0, 0xba, 0x10, 0xc, 0xfc,
    0x0, 0x0, 0x0, 0x0, 0x0, 0x0, 0xff, 0x60,
    0x0, 0x0, 0x0, 0x0, 0x0, 0x2f, 0xf3, 0x0,
    0x0, 0x0, 0x0, 0x0, 0x2, 0xff, 0x30, 0x0,
    0x2, 0xff, 0xff, 0xf6, 0xf, 0xf5, 0x0, 0x0,
    0x2d, 0xdd, 0xff, 0x60, 0xcf, 0xc0, 0x0, 0x0,
    0x0, 0xf, 0xf4, 0x4, 0xff, 0x80, 0x0, 0x0,
    0x7, 0xfe, 0x0, 0x9, 0xff, 0xb4, 0x11, 0x3a,
    0xff, 0x70, 0x0, 0x8, 0xff, 0xff, 0xff, 0xff,
    0x80, 0x0, 0x0, 0x2, 0x9d, 0xff, 0xd9, 0x30,
    0x0, 0x0, 0x0, 0x0, 0x0, 0x0, 0x0, 0x0,
    0x0, 0x0, 0x0, 0x0, 0xdd, 0x20, 0x0, 0x0,
    0x0, 0x0, 0x0, 0x5f, 0xa0, 0x0, 0x0, 0x0,
    0x0, 0x0, 0xa, 0xf3, 0x0, 0x0, 0x0,

    /* U+0123 "ģ" */
    0x0, 0x0, 0x1, 0xfc, 0x0, 0x0, 0x0, 0x0,
    0xbf, 0x50, 0x0, 0x0, 0x0, 0x3b, 0xa0, 0x0,
    0x0, 0x0, 0x0, 0x0, 0x0, 0x0, 0x0, 0x2a,
    0xef, 0xc3, 0x9f, 0xb0, 0x2f, 0xff, 0xff, 0xfc,
    0xfb, 0xc, 0xff, 0x50, 0x1b, 0xff, 0xb1, 0xff,
    0x70, 0x0, 0xe, 0xfb, 0x4f, 0xf2, 0x0, 0x0,
    0xbf, 0xb4, 0xff, 0x20, 0x0, 0xb, 0xfb, 0x2f,
    0xf6, 0x0, 0x0, 0xef, 0xb0, 0xcf, 0xe4, 0x0,
    0x9f, 0xfb, 0x3, 0xff, 0xfe, 0xff, 0xcf, 0xa0,
    0x2, 0xae, 0xfc, 0x49, 0xf9, 0x0, 0x0, 0x0,
    0x0, 0xdf, 0x70, 0x8, 0x30, 0x1, 0xaf, 0xf1,
    0x7, 0xff, 0xff, 0xff, 0xf5, 0x0, 0x18, 0xce,
    0xfe, 0xa3, 0x0,

    /* U+0124 "Ĥ" */
    0x0, 0x0, 0x7, 0x87, 0x0, 0x0, 0x0, 0x0,
    0xa, 0xfe, 0xfa, 0x0, 0x0, 0x0, 0xa, 0xf8,
    0x8, 0xfa, 0x0, 0x0, 0x0, 0x0, 0x0, 0x0,
    0x0, 0x0, 0x5f, 0xf0, 0x0, 0x0, 0x0, 0xff,
    0x55, 0xff, 0x0, 0x0, 0x0, 0xf, 0xf5, 0x5f,
    0xf0, 0x0, 0x0, 0x0, 0xff, 0x55, 0xff, 0x0,
    0x0, 0x0, 0xf, 0xf5, 0x5f, 0xf0, 0x0, 0x0,
    0x0, 0xff, 0x55, 0xff, 0x11, 0x11, 0x11, 0x1f,
    0xf5, 0x5f, 0xff, 0xff, 0xff, 0xff, 0xff, 0x55,
    0xff, 0xff, 0xff, 0xff, 0xff, 0xf5, 0x5f, 0xf0,
    0x0, 0x0, 0x0, 0xff, 0x55, 0xff, 0x0, 0x0,
    0x0, 0xf, 0xf5, 0x5f, 0xf0, 0x0, 0x0, 0x0,
    0xff, 0x55, 0xff, 0x0, 0x0, 0x0, 0xf, 0xf5,
    0x5f, 0xf0, 0x0, 0x0, 0x0, 0xff, 0x55, 0xff,
    0x0, 0x0, 0x0, 0xf, 0xf5,

    /* U+0125 "ĥ" */
    0x0, 0x5f, 0xfd, 0x10, 0x0, 0x0, 0x0, 0x3f,
    0xfb, 0xfb, 0x0, 0x0, 0x0, 0x1e, 0xf4, 0xa,
    0xf9, 0x0, 0x0, 0x0, 0x0, 0x0, 0x0, 0x0,
    0x0, 0x0, 0x0, 0xb, 0xf8, 0x0, 0x0, 0x0,
    0x0, 0x0, 0xbf, 0x80, 0x0, 0x0, 0x0, 0x0,
    0xb, 0xf8, 0x0, 0x0, 0x0, 0x0, 0x0, 0xbf,
    0x80, 0x0, 0x0, 0x0, 0x0, 0xb, 0xf8, 0x6d,
    0xfe, 0x70, 0x0, 0x0, 0xbf, 0xdf, 0xff, 0xff,
    0x90, 0x0, 0xb, 0xff, 0x81, 0x3b, 0xff, 0x0,
    0x0, 0xbf, 0xc0, 0x0, 0x2f, 0xf3, 0x0, 0xb,
    0xf8, 0x0, 0x0, 0xff, 0x40, 0x0, 0xbf, 0x80,
    0x0, 0xf, 0xf4, 0x0, 0xb, 0xf8, 0x0, 0x0,
    0xff, 0x40, 0x0, 0xbf, 0x80, 0x0, 0xf, 0xf4,
    0x0, 0xb, 0xf8, 0x0, 0x0, 0xff, 0x40, 0x0,
    0xbf, 0x80, 0x0, 0xf, 0xf4,

    /* U+0126 "Ħ" */
    0x5, 0xff, 0x0, 0x0, 0x0, 0xf, 0xf5, 0x0,
    0x5f, 0xf0, 0x0, 0x0, 0x0, 0xff, 0x50, 0xac,
    0xff, 0xbb, 0xbb, 0xbb, 0xbf, 0xfc, 0xae, 0xff,
    0xff, 0xff, 0xff, 0xff, 0xff, 0xfe, 0x5, 0xff,
    0x0, 0x0, 0x0, 0xf, 0xf5, 0x0, 0x5f, 0xf1,
    0x11, 0x11, 0x11, 0xff, 0x50, 0x5, 0xff, 0xff,
    0xff, 0xff, 0xff, 0xf5, 0x0, 0x5f, 0xff, 0xff,
    0xff, 0xff, 0xff, 0x50, 0x5, 0xff, 0x0, 0x0,
    0x0, 0xf, 0xf5, 0x0, 0x5f, 0xf0, 0x0, 0x0,
    0x0, 0xff, 0x50, 0x5, 0xff, 0x0, 0x0, 0x0,
    0xf, 0xf5, 0x0, 0x5f, 0xf0, 0x0, 0x0, 0x0,
    0xff, 0x50, 0x5, 0xff, 0x0, 0x0, 0x0, 0xf,
    0xf5, 0x0, 0x5f, 0xf0, 0x0, 0x0, 0x0, 0xff,
    0x50,

    /* U+0127 "ħ" */
    0xb, 0xf8, 0x0, 0x0, 0x0, 0x2, 0xcf, 0x92,
    0x21, 0x0, 0x0, 0xff, 0xff, 0xff, 0x90, 0x0,
    0x5, 0xdf, 0xa5, 0x52, 0x0, 0x0, 0xb, 0xf8,
    0x6d, 0xfe, 0x70, 0x0, 0xbf, 0xdf, 0xff, 0xff,
    0x90, 0xb, 0xff, 0x81, 0x3b, 0xff, 0x0, 0xbf,
    0xc0, 0x0, 0x2f, 0xf3, 0xb, 0xf8, 0x0, 0x0,
    0xff, 0x40, 0xbf, 0x80, 0x0, 0xf, 0xf4, 0xb,
    0xf8, 0x0, 0x0, 0xff, 0x40, 0xbf, 0x80, 0x0,
    0xf, 0xf4, 0xb, 0xf8, 0x0, 0x0, 0xff, 0x40,
    0xbf, 0x80, 0x0, 0xf, 0xf4,

    /* U+012A "Ī" */
    0x4e, 0xee, 0xee, 0xe0, 0x5f, 0xff, 0xff, 0xf0,
    0x0, 0x0, 0x0, 0x0, 0x0, 0x5f, 0xf0, 0x0,
    0x0, 0x5f, 0xf0, 0x0, 0x0, 0x5f, 0xf0, 0x0,
    0x0, 0x5f, 0xf0, 0x0, 0x0, 0x5f, 0xf0, 0x0,
    0x0, 0x5f, 0xf0, 0x0, 0x0, 0x5f, 0xf0, 0x0,
    0x0, 0x5f, 0xf0, 0x0, 0x0, 0x5f, 0xf0, 0x0,
    0x0, 0x5f, 0xf0, 0x0, 0x0, 0x5f, 0xf0, 0x0,
    0x0, 0x5f, 0xf0, 0x0, 0x0, 0x5f, 0xf0, 0x0,
    0x0, 0x5f, 0xf0, 0x0,

    /* U+012B "ī" */
    0x3f, 0xff, 0xff, 0x33, 0xee, 0xee, 0xe3, 0x0,
    0x0, 0x0, 0x0, 0xa, 0xf9, 0x0, 0x0, 0xaf,
    0x90, 0x0, 0xa, 0xf9, 0x0, 0x0, 0xaf, 0x90,
    0x0, 0xa, 0xf9, 0x0, 0x0, 0xaf, 0x90, 0x0,
    0xa, 0xf9, 0x0, 0x0, 0xaf, 0x90, 0x0, 0xa,
    0xf9, 0x0, 0x0, 0xaf, 0x90, 0x0,

    /* U+012E "Į" */
    0x5, 0xff, 0x0, 0x5f, 0xf0, 0x5, 0xff, 0x0,
    0x5f, 0xf0, 0x5, 0xff, 0x0, 0x5f, 0xf0, 0x5,
    0xff, 0x0, 0x5f, 0xf0, 0x5, 0xff, 0x0, 0x5f,
    0xf0, 0x5, 0xff, 0x0, 0x5f, 0xf0, 0x5, 0xff,
    0x0, 0x5f, 0xf0, 0x8, 0xf6, 0x5, 0xf8, 0x0,
    0x6f, 0xda, 0x0, 0x9e, 0xf4,

    /* U+012F "į" */
    0x1, 0x71, 0x0, 0xbf, 0xb0, 0x8, 0xf7, 0x0,
    0x0, 0x0, 0x0, 0x0, 0x0, 0xaf, 0x90, 0xa,
    0xf9, 0x0, 0xaf, 0x90, 0xa, 0xf9, 0x0, 0xaf,
    0x90, 0xa, 0xf9, 0x0, 0xaf, 0x90, 0xa, 0xf9,
    0x0, 0xaf, 0x90, 0xa, 0xf9, 0x1, 0xcd, 0x20,
    0xbf, 0x20, 0xc, 0xfa, 0x70, 0x3c, 0xfd, 0x0,

    /* U+0130 "İ" */
    0x7, 0x50, 0x6f, 0xf1, 0x2e, 0xc0, 0x0, 0x0,
    0x5f, 0xf0, 0x5f, 0xf0, 0x5f, 0xf0, 0x5f, 0xf0,
    0x5f, 0xf0, 0x5f, 0xf0, 0x5f, 0xf0, 0x5f, 0xf0,
    0x5f, 0xf0, 0x5f, 0xf0, 0x5f, 0xf0, 0x5f, 0xf0,
    0x5f, 0xf0, 0x5f, 0xf0,

    /* U+0131 "ı" */
    0xaf, 0x9a, 0xf9, 0xaf, 0x9a, 0xf9, 0xaf, 0x9a,
    0xf9, 0xaf, 0x9a, 0xf9, 0xaf, 0x9a, 0xf9,

    /* U+0132 "Ĳ" */
    0x5f, 0xf0, 0x0, 0x0, 0x0, 0x6, 0xff, 0x5f,
    0xf0, 0x0, 0x0, 0x0, 0x6, 0xff, 0x5f, 0xf0,
    0x0, 0x0, 0x0, 0x6, 0xff, 0x5f, 0xf0, 0x0,
    0x0, 0x0, 0x6, 0xff, 0x5f, 0xf0, 0x0, 0x0,
    0x0, 0x6, 0xff, 0x5f, 0xf0, 0x0, 0x0, 0x0,
    0x6, 0xff, 0x5f, 0xf0, 0x0, 0x0, 0x0, 0x6,
    0xff, 0x5f, 0xf0, 0x0, 0x0, 0x0, 0x6, 0xff,
    0x5f, 0xf0, 0x0, 0x0, 0x0, 0x6, 0xff, 0x5f,
    0xf0, 0x0, 0x0, 0x0, 0x6, 0xfe, 0x5f, 0xf0,
    0x4, 0xa0, 0x0, 0xb, 0xfd, 0x5f, 0xf0, 0xe,
    0xfa, 0x22, 0x8f, 0xf7, 0x5f, 0xf0, 0x5, 0xff,
    0xff, 0xff, 0xc0, 0x5f, 0xf0, 0x0, 0x4b, 0xff,
    0xc7, 0x0,

    /* U+0133 "ĳ" */
    0x17, 0x10, 0x0, 0x46, 0xb, 0xfb, 0x0, 0x2f,
    0xf5, 0x8f, 0x70, 0x0, 0xdf, 0x20, 0x0, 0x0,
    0x0, 0x0, 0x0, 0x0, 0x0, 0x0, 0xa, 0xf9,
    0x0, 0xf, 0xf3, 0xaf, 0x90, 0x0, 0xff, 0x3a,
    0xf9, 0x0, 0xf, 0xf3, 0xaf, 0x90, 0x0, 0xff,
    0x3a, 0xf9, 0x0, 0xf, 0xf3, 0xaf, 0x90, 0x0,
    0xff, 0x3a, 0xf9, 0x0, 0xf, 0xf3, 0xaf, 0x90,
    0x0, 0xff, 0x3a, 0xf9, 0x0, 0xf, 0xf3, 0xaf,
    0x90, 0x0, 0xff, 0x30, 0x0, 0x0, 0xf, 0xf3,
    0x0, 0x1, 0x15, 0xff, 0x10, 0x0, 0xbf, 0xff,
    0xc0, 0x0, 0xb, 0xfe, 0xa1, 0x0,

    /* U+0134 "Ĵ" */
    0x0, 0x0, 0x0, 0xaf, 0xf9, 0x0, 0x0, 0x0,
    0x8, 0xfc, 0xdf, 0x60, 0x0, 0x0, 0x5f, 0xd1,
    0x2e, 0xf3, 0x0, 0x0, 0x0, 0x0, 0x0, 0x0,
    0x0, 0x0, 0x0, 0xf, 0xf4, 0x0, 0x0, 0x0,
    0x0, 0xf, 0xf4, 0x0, 0x0, 0x0, 0x0, 0xf,
    0xf4, 0x0, 0x0, 0x0, 0x0, 0xf, 0xf4, 0x0,
    0x0, 0x0, 0x0, 0xf, 0xf4, 0x0, 0x0, 0x0,
    0x0, 0xf, 0xf4, 0x0, 0x0, 0x0, 0x0, 0xf,
    0xf4, 0x0, 0x0, 0x0, 0x0, 0xf, 0xf4, 0x0,
    0x0, 0x0, 0x0, 0xf, 0xf4, 0x0, 0x0, 0x0,
    0x0, 0x1f, 0xf4, 0x0, 0x29, 0x30, 0x0, 0x5f,
    0xf2, 0x0, 0x9f, 0xe4, 0x15, 0xef, 0xd0, 0x0,
    0x1d, 0xff, 0xff, 0xff, 0x30, 0x0, 0x1, 0x9e,
    0xfe, 0x91, 0x0, 0x0,

    /* U+0135 "ĵ" */
    0x0, 0xa, 0xff, 0xb0, 0x0, 0x9, 0xfa, 0x9f,
    0xb0, 0x3, 0x87, 0x0, 0x68, 0x40, 0x0, 0x0,
    0x0, 0x0, 0x0, 0x0, 0xff, 0x30, 0x0, 0x0,
    0xf, 0xf3, 0x0, 0x0, 0x0, 0xff, 0x30, 0x0,
    0x0, 0xf, 0xf3, 0x0, 0x0, 0x0, 0xff, 0x30,
    0x0, 0x0, 0xf, 0xf3, 0x0, 0x0, 0x0, 0xff,
    0x30, 0x0, 0x0, 0xf, 0xf3, 0x0, 0x0, 0x0,
    0xff, 0x30, 0x0, 0x0, 0xf, 0xf3, 0x0, 0x0,
    0x0, 0xff, 0x30, 0x0, 0x21, 0x5f, 0xf1, 0x0,
    0xb, 0xff, 0xfc, 0x0, 0x0, 0xbf, 0xea, 0x10,
    0x0,

    /* U+0136 "Ķ" */
    0x5f, 0xf0, 0x0, 0x1, 0xdf, 0xe2, 0x5f, 0xf0,
    0x0, 0x1d, 0xfe, 0x20, 0x5f, 0xf0, 0x0, 0xcf,
    0xf3, 0x0, 0x5f, 0xf0, 0xc, 0xff, 0x30, 0x0,
    0x5f, 0xf0, 0xbf, 0xf4, 0x0, 0x0, 0x5f, 0xfa,
    0xff, 0x50, 0x0, 0x0, 0x5f, 0xff, 0xfc, 0x0,
    0x0, 0x0, 0x5f, 0xff, 0xff, 0x80, 0x0, 0x0,
    0x5f, 0xf7, 0x8f, 0xf5, 0x0, 0x0, 0x5f, 0xf0,
    0xb, 0xff, 0x20, 0x0, 0x5f, 0xf0, 0x1, 0xdf,
    0xd1, 0x0, 0x5f, 0xf0, 0x0, 0x2f, 0xfb, 0x0,
    0x5f, 0xf0, 0x0, 0x5, 0xff, 0x80, 0x5f, 0xf0,
    0x0, 0x0, 0x8f, 0xf5, 0x0, 0x0, 0x0, 0x0,
    0x0, 0x0, 0x0, 0x0, 0x9d, 0x60, 0x0, 0x0,
    0x0, 0x0, 0xff, 0x10, 0x0, 0x0, 0x0, 0x4,
    0xf8, 0x0, 0x0, 0x0,

    /* U+0137 "ķ" */
    0xcf, 0x70, 0x0, 0x0, 0x0, 0xcf, 0x70, 0x0,
    0x0, 0x0, 0xcf, 0x70, 0x0, 0x0, 0x0, 0xcf,
    0x70, 0x0, 0x0, 0x0, 0xcf, 0x70, 0x4, 0xff,
    0x70, 0xcf, 0x70, 0x3f, 0xf8, 0x0, 0xcf, 0x72,
    0xef, 0xa0, 0x0, 0xcf, 0x9e, 0xfb, 0x0, 0x0,
    0xcf, 0xff, 0xf6, 0x0, 0x0, 0xcf, 0xff, 0xff,
    0x20, 0x0, 0xcf, 0xe2, 0xcf, 0xc0, 0x0, 0xcf,
    0x70, 0x2f, 0xf8, 0x0, 0xcf, 0x70, 0x6, 0xff,
    0x30, 0xcf, 0x70, 0x0, 0xbf, 0xd0, 0x0, 0x0,
    0x0, 0x0, 0x0, 0x0, 0xc, 0xd3, 0x0, 0x0,
    0x0, 0x3f, 0xc0, 0x0, 0x0, 0x0, 0x8f, 0x40,
    0x0, 0x0,

    /* U+0139 "Ĺ" */
    0x0, 0x48, 0x70, 0x0, 0x0, 0x3, 0xff, 0x50,
    0x0, 0x0, 0x1e, 0xf7, 0x0, 0x0, 0x0, 0x48,
    0x60, 0x0, 0x0, 0x0, 0x5f, 0xf0, 0x0, 0x0,
    0x0, 0x5f, 0xf0, 0x0, 0x0, 0x0, 0x5f, 0xf0,
    0x0, 0x0, 0x0, 0x5f, 0xf0, 0x0, 0x0, 0x0,
    0x5f, 0xf0, 0x0, 0x0, 0x0, 0x5f, 0xf0, 0x0,
    0x0, 0x0, 0x5f, 0xf0, 0x0, 0x0, 0x0, 0x5f,
    0xf0, 0x0, 0x0, 0x0, 0x5f, 0xf0, 0x0, 0x0,
    0x0, 0x5f, 0xf0, 0x0, 0x0, 0x0, 0x5f, 0xf0,
    0x0, 0x0, 0x0, 0x5f, 0xf1, 0x11, 0x11, 0x10,
    0x5f, 0xff, 0xff, 0xff, 0xf5, 0x5f, 0xff, 0xff,
    0xff, 0xf5,

    /* U+013A "ĺ" */
    0x0, 0x7, 0x84, 0x0, 0xaf, 0xc0, 0x6, 0xfe,
    0x10, 0x7, 0x82, 0x0, 0xc, 0xf7, 0x0, 0xc,
    0xf7, 0x0, 0xc, 0xf7, 0x0, 0xc, 0xf7, 0x0,
    0xc, 0xf7, 0x0, 0xc, 0xf7, 0x0, 0xc, 0xf7,
    0x0, 0xc, 0xf7, 0x0, 0xc, 0xf7, 0x0, 0xc,
    0xf7, 0x0, 0xc, 0xf7, 0x0, 0xc, 0xf7, 0x0,
    0xc, 0xf7, 0x0, 0xc, 0xf7, 0x0,

    /* U+013B "Ļ" */
    0x5f, 0xf0, 0x0, 0x0, 0x0, 0x5f, 0xf0, 0x0,
    0x0, 0x0, 0x5f, 0xf0, 0x0, 0x0, 0x0, 0x5f,
    0xf0, 0x0, 0x0, 0x0, 0x5f, 0xf0, 0x0, 0x0,
    0x0, 0x5f, 0xf0, 0x0, 0x0, 0x0, 0x5f, 0xf0,
    0x0, 0x0, 0x0, 0x5f, 0xf0, 0x0, 0x0, 0x0,
    0x5f, 0xf0, 0x0, 0x0, 0x0, 0x5f, 0xf0, 0x0,
    0x0, 0x0, 0x5f, 0xf0, 0x0, 0x0, 0x0, 0x5f,
    0xf1, 0x11, 0x11, 0x10, 0x5f, 0xff, 0xff, 0xff,
    0xf5, 0x5f, 0xff, 0xff, 0xff, 0xf5, 0x0, 0x0,
    0x0, 0x0, 0x0, 0x0, 0x5, 0xda, 0x0, 0x0,
    0x0, 0xb, 0xf4, 0x0, 0x0, 0x0, 0x1f, 0xc0,
    0x0, 0x0,

    /* U+013C "ļ" */
    0xc, 0xf7, 0xc, 0xf7, 0xc, 0xf7, 0xc, 0xf7,
    0xc, 0xf7, 0xc, 0xf7, 0xc, 0xf7, 0xc, 0xf7,
    0xc, 0xf7, 0xc, 0xf7, 0xc, 0xf7, 0xc, 0xf7,
    0xc, 0xf7, 0xc, 0xf7, 0x0, 0x0, 0xa, 0xd5,
    0x1f, 0xe0, 0x6f, 0x70,

    /* U+013D "Ľ" */
    0x0, 0x0, 0x5f, 0xa0, 0x0, 0x5f, 0xf0, 0xaf,
    0x40, 0x0, 0x5f, 0xf0, 0xee, 0x0, 0x0, 0x5f,
    0xf0, 0x21, 0x0, 0x0, 0x5f, 0xf0, 0x0, 0x0,
    0x0, 0x5f, 0xf0, 0x0, 0x0, 0x0, 0x5f, 0xf0,
    0x0, 0x0, 0x0, 0x5f, 0xf0, 0x0, 0x0, 0x0,
    0x5f, 0xf0, 0x0, 0x0, 0x0, 0x5f, 0xf0, 0x0,
    0x0, 0x0, 0x5f, 0xf0, 0x0, 0x0, 0x0, 0x5f,
    0xf0, 0x0, 0x0, 0x0, 0x5f, 0xf1, 0x11, 0x11,
    0x10, 0x5f, 0xff, 0xff, 0xff, 0xf5, 0x5f, 0xff,
    0xff, 0xff, 0xf5,

    /* U+013E "ľ" */
    0xcf, 0x76, 0xfa, 0xcf, 0x7a, 0xf4, 0xcf, 0x7e,
    0xe0, 0xcf, 0x72, 0x10, 0xcf, 0x70, 0x0, 0xcf,
    0x70, 0x0, 0xcf, 0x70, 0x0, 0xcf, 0x70, 0x0,
    0xcf, 0x70, 0x0, 0xcf, 0x70, 0x0, 0xcf, 0x70,
    0x0, 0xcf, 0x70, 0x0, 0xcf, 0x70, 0x0, 0xcf,
    0x70, 0x0,

    /* U+0141 "Ł" */
    0x5, 0xff, 0x0, 0x0, 0x0, 0x0, 0x5f, 0xf0,
    0x0, 0x0, 0x0, 0x5, 0xff, 0x0, 0x0, 0x0,
    0x0, 0x5f, 0xf0, 0x0, 0x0, 0x0, 0x5, 0xff,
    0x18, 0x10, 0x0, 0x0, 0x5f, 0xff, 0xf1, 0x0,
    0x0, 0x1a, 0xff, 0xe6, 0x0, 0x0, 0xe, 0xff,
    0xf0, 0x0, 0x0, 0x0, 0xda, 0xff, 0x0, 0x0,
    0x0, 0x0, 0x5f, 0xf0, 0x0, 0x0, 0x0, 0x5,
    0xff, 0x0, 0x0, 0x0, 0x0, 0x5f, 0xf1, 0x11,
    0x11, 0x10, 0x5, 0xff, 0xff, 0xff, 0xff, 0x50,
    0x5f, 0xff, 0xff, 0xff, 0xf5,

    /* U+0142 "ł" */
    0x4, 0xff, 0x0, 0x4, 0xff, 0x0, 0x4, 0xff,
    0x0, 0x4, 0xff, 0x0, 0x4, 0xff, 0x1, 0x4,
    0xff, 0xd7, 0x7, 0xff, 0xf4, 0xaf, 0xff, 0x10,
    0xbb, 0xff, 0x0, 0x4, 0xff, 0x0, 0x4, 0xff,
    0x0, 0x4, 0xff, 0x0, 0x4, 0xff, 0x0, 0x4,
    0xff, 0x0,

    /* U+0143 "Ń" */
    0x0, 0x0, 0x0, 0x2e, 0xf8, 0x0, 0x0, 0x0,
    0x0, 0x1d, 0xf7, 0x0, 0x0, 0x0, 0x0, 0x5,
    0x85, 0x0, 0x0, 0x5, 0xff, 0x60, 0x0, 0x0,
    0x8, 0xfd, 0x5f, 0xff, 0x30, 0x0, 0x0, 0x8f,
    0xd5, 0xff, 0xfd, 0x0, 0x0, 0x8, 0xfd, 0x5f,
    0xff, 0xfa, 0x0, 0x0, 0x8f, 0xd5, 0xff, 0x7f,
    0xf5, 0x0, 0x8, 0xfd, 0x5f, 0xf0, 0xbf, 0xf2,
    0x0, 0x8f, 0xd5, 0xff, 0x1, 0xef, 0xc0, 0x8,
    0xfd, 0x5f, 0xf0, 0x4, 0xff, 0x90, 0x8f, 0xd5,
    0xff, 0x0, 0x8, 0xff, 0x48, 0xfd, 0x5f, 0xf0,
    0x0, 0xc, 0xfe, 0x9f, 0xd5, 0xff, 0x0, 0x0,
    0x2f, 0xff, 0xfd, 0x5f, 0xf0, 0x0, 0x0, 0x5f,
    0xff, 0xd5, 0xff, 0x0, 0x0, 0x0, 0x9f, 0xfd,
    0x5f, 0xf0, 0x0, 0x0, 0x0, 0xdf, 0xd0,

    /* U+0144 "ń" */
    0x0, 0x0, 0x2e, 0xf7, 0x0, 0x0, 0x1, 0xdf,
    0x80, 0x0, 0x0, 0x7, 0xb7, 0x0, 0x0, 0x0,
    0x0, 0x0, 0x0, 0x0, 0xcf, 0x68, 0xef, 0xd7,
    0x0, 0xcf, 0xef, 0xee, 0xff, 0x80, 0xcf, 0xf4,
    0x0, 0x9f, 0xf0, 0xcf, 0xa0, 0x0, 0x2f, 0xf3,
    0xcf, 0x80, 0x0, 0xf, 0xf4, 0xcf, 0x70, 0x0,
    0xf, 0xf4, 0xcf, 0x70, 0x0, 0xf, 0xf4, 0xcf,
    0x70, 0x0, 0xf, 0xf4, 0xcf, 0x70, 0x0, 0xf,
    0xf4, 0xcf, 0x70, 0x0, 0xf, 0xf4,

    /* U+0145 "Ņ" */
    0x5f, 0xf6, 0x0, 0x0, 0x0, 0x8f, 0xd5, 0xff,
    0xf3, 0x0, 0x0, 0x8, 0xfd, 0x5f, 0xff, 0xd0,
    0x0, 0x0, 0x8f, 0xd5, 0xff, 0xff, 0xa0, 0x0,
    0x8, 0xfd, 0x5f, 0xf7, 0xff, 0x50, 0x0, 0x8f,
    0xd5, 0xff, 0xb, 0xff, 0x20, 0x8, 0xfd, 0x5f,
    0xf0, 0x1e, 0xfc, 0x0, 0x8f, 0xd5, 0xff, 0x0,
    0x4f, 0xf9, 0x8, 0xfd, 0x5f, 0xf0, 0x0, 0x8f,
    0xf4, 0x8f, 0xd5, 0xff, 0x0, 0x0, 0xcf, 0xe9,
    0xfd, 0x5f, 0xf0, 0x0, 0x2, 0xff, 0xff, 0xd5,
    0xff, 0x0, 0x0, 0x5, 0xff, 0xfd, 0x5f, 0xf0,
    0x0, 0x0, 0x9, 0xff, 0xd5, 0xff, 0x0, 0x0,
    0x0, 0xd, 0xfd, 0x0, 0x0, 0x0, 0x0, 0x0,
    0x0, 0x0, 0x0, 0x0, 0x5d, 0xa0, 0x0, 0x0,
    0x0, 0x0, 0xa, 0xf5, 0x0, 0x0, 0x0, 0x0,
    0x0, 0xfd, 0x0, 0x0, 0x0,

    /* U+0146 "ņ" */
    0xcf, 0x68, 0xef, 0xd7, 0x0, 0xcf, 0xef, 0xee,
    0xff, 0x80, 0xcf, 0xf4, 0x0, 0x9f, 0xf0, 0xcf,
    0xa0, 0x0, 0x2f, 0xf3, 0xcf, 0x80, 0x0, 0xf,
    0xf4, 0xcf, 0x70, 0x0, 0xf, 0xf4, 0xcf, 0x70,
    0x0, 0xf, 0xf4, 0xcf, 0x70, 0x0, 0xf, 0xf4,
    0xcf, 0x70, 0x0, 0xf, 0xf4, 0xcf, 0x70, 0x0,
    0xf, 0xf4, 0x0, 0x0, 0x0, 0x0, 0x0, 0x0,
    0x6, 0xd8, 0x0, 0x0, 0x0, 0xd, 0xf3, 0x0,
    0x0, 0x0, 0x2f, 0xb0, 0x0, 0x0,

    /* U+0147 "Ň" */
    0x0, 0x9, 0xfa, 0x6, 0xfc, 0x0, 0x0, 0x0,
    0x9, 0xfd, 0xfc, 0x0, 0x0, 0x0, 0x0, 0x6,
    0x87, 0x0, 0x0, 0x5, 0xff, 0x60, 0x0, 0x0,
    0x8, 0xfd, 0x5f, 0xff, 0x30, 0x0, 0x0, 0x8f,
    0xd5, 0xff, 0xfd, 0x0, 0x0, 0x8, 0xfd, 0x5f,
    0xff, 0xfa, 0x0, 0x0, 0x8f, 0xd5, 0xff, 0x7f,
    0xf5, 0x0, 0x8, 0xfd, 0x5f, 0xf0, 0xbf, 0xf2,
    0x0, 0x8f, 0xd5, 0xff, 0x1, 0xef, 0xc0, 0x8,
    0xfd, 0x5f, 0xf0, 0x4, 0xff, 0x90, 0x8f, 0xd5,
    0xff, 0x0, 0x8, 0xff, 0x48, 0xfd, 0x5f, 0xf0,
    0x0, 0xc, 0xfe, 0x9f, 0xd5, 0xff, 0x0, 0x0,
    0x2f, 0xff, 0xfd, 0x5f, 0xf0, 0x0, 0x0, 0x5f,
    0xff, 0xd5, 0xff, 0x0, 0x0, 0x0, 0x9f, 0xfd,
    0x5f, 0xf0, 0x0, 0x0, 0x0, 0xdf, 0xd0,

    /* U+0148 "ň" */
    0xa, 0xf8, 0x7, 0xfb, 0x0, 0x0, 0xbf, 0xbf,
    0xc0, 0x0, 0x0, 0xa, 0xba, 0x10, 0x0, 0x0,
    0x0, 0x0, 0x0, 0x0, 0xcf, 0x68, 0xef, 0xd7,
    0x0, 0xcf, 0xef, 0xee, 0xff, 0x80, 0xcf, 0xf4,
    0x0, 0x9f, 0xf0, 0xcf, 0xa0, 0x0, 0x2f, 0xf3,
    0xcf, 0x80, 0x0, 0xf, 0xf4, 0xcf, 0x70, 0x0,
    0xf, 0xf4, 0xcf, 0x70, 0x0, 0xf, 0xf4, 0xcf,
    0x70, 0x0, 0xf, 0xf4, 0xcf, 0x70, 0x0, 0xf,
    0xf4, 0xcf, 0x70, 0x0, 0xf, 0xf4,

    /* U+014A "Ŋ" */
    0x5f, 0xf6, 0x0, 0x0, 0x0, 0x8f, 0xd5, 0xff,
    0xf3, 0x0, 0x0, 0x8, 0xfd, 0x5f, 0xff, 0xd0,
    0x0, 0x0, 0x8f, 0xd5, 0xff, 0xff, 0xa0, 0x0,
    0x8, 0xfd, 0x5f, 0xf7, 0xff, 0x50, 0x0, 0x8f,
    0xd5, 0xff, 0xb, 0xff, 0x20, 0x8, 0xfd, 0x5f,
    0xf0, 0x1e, 0xfc, 0x0, 0x8f, 0xd5, 0xff, 0x0,
    0x4f, 0xf9, 0x8, 0xfd, 0x5f, 0xf0, 0x0, 0x8f,
    0xf4, 0x8f, 0xd5, 0xff, 0x0, 0x0, 0xcf, 0xe9,
    0xfd, 0x5f, 0xf0, 0x0, 0x2, 0xff, 0xff, 0xd5,
    0xff, 0x0, 0x0, 0x5, 0xff, 0xfd, 0x5f, 0xf0,
    0x0, 0x0, 0x9, 0xff, 0xd5, 0xff, 0x0, 0x0,
    0x0, 0xd, 0xfd, 0x0, 0x0, 0x0, 0x0, 0x0,
    0x7f, 0xc0, 0x0, 0x0, 0x0, 0x2, 0xb, 0xfa,
    0x0, 0x0, 0x0, 0x2, 0xff, 0xff, 0x50, 0x0,
    0x0, 0x0, 0x4d, 0xfd, 0x60,

    /* U+014B "ŋ" */
    0xcf, 0x68, 0xef, 0xd7, 0x0, 0xcf, 0xef, 0xef,
    0xff, 0x80, 0xcf, 0xf4, 0x0, 0x9f, 0xf0, 0xcf,
    0xa0, 0x0, 0x2f, 0xf3, 0xcf, 0x80, 0x0, 0xf,
    0xf4, 0xcf, 0x70, 0x0, 0xf, 0xf4, 0xcf, 0x70,
    0x0, 0xf, 0xf4, 0xcf, 0x70, 0x0, 0xf, 0xf4,
    0xcf, 0x70, 0x0, 0xf, 0xf4, 0xcf, 0x70, 0x0,
    0xf, 0xf4, 0x0, 0x0, 0x0, 0xf, 0xf4, 0x0,
    0x0, 0x11, 0x4f, 0xf2, 0x0, 0x0, 0xaf, 0xff,
    0xc0, 0x0, 0x0, 0xbf, 0xea, 0x20,

    /* U+014C "Ō" */
    0x0, 0x0, 0xee, 0xee, 0xee, 0xe9, 0x0, 0x0,
    0x0, 0xf, 0xff, 0xff, 0xff, 0xa0, 0x0, 0x0,
    0x0, 0x0, 0x0, 0x0, 0x0, 0x0, 0x0, 0x0,
    0x3, 0x9d, 0xfe, 0xc7, 0x10, 0x0, 0x0, 0x9,
    0xff, 0xff, 0xff, 0xff, 0x50, 0x0, 0xa, 0xff,
    0xb4, 0x12, 0x6d, 0xff, 0x40, 0x5, 0xff, 0x70,
    0x0, 0x0, 0x1c, 0xfe, 0x0, 0xcf, 0xc0, 0x0,
    0x0, 0x0, 0x2f, 0xf6, 0xf, 0xf5, 0x0, 0x0,
    0x0, 0x0, 0xbf, 0xb2, 0xff, 0x30, 0x0, 0x0,
    0x0, 0x8, 0xfd, 0x2f, 0xf3, 0x0, 0x0, 0x0,
    0x0, 0x8f, 0xd0, 0xff, 0x50, 0x0, 0x0, 0x0,
    0xb, 0xfb, 0xc, 0xfc, 0x0, 0x0, 0x0, 0x2,
    0xff, 0x60, 0x5f, 0xf7, 0x0, 0x0, 0x0, 0xcf,
    0xf1, 0x0, 0xaf, 0xfb, 0x41, 0x26, 0xdf, 0xf5,
    0x0, 0x0, 0x9f, 0xff, 0xff, 0xff, 0xf5, 0x0,
    0x0, 0x0, 0x39, 0xdf, 0xec, 0x81, 0x0, 0x0,

    /* U+014D "ō" */
    0x0, 0x6f, 0xff, 0xff, 0xf0, 0x0, 0x6, 0xee,
    0xee, 0xed, 0x0, 0x0, 0x0, 0x0, 0x0, 0x0,
    0x0, 0x0, 0x7d, 0xfe, 0xb4, 0x0, 0x1, 0xdf,
    0xff, 0xff, 0xf8, 0x0, 0xaf, 0xe5, 0x12, 0x9f,
    0xf4, 0x1f, 0xf5, 0x0, 0x0, 0xbf, 0xb4, 0xff,
    0x0, 0x0, 0x6, 0xfd, 0x4f, 0xf0, 0x0, 0x0,
    0x6f, 0xd1, 0xff, 0x50, 0x0, 0xb, 0xfb, 0xa,
    0xfe, 0x51, 0x29, 0xff, 0x40, 0x1d, 0xff, 0xff,
    0xff, 0x80, 0x0, 0x7, 0xdf, 0xeb, 0x40, 0x0,

    /* U+0150 "Ő" */
    0x0, 0x0, 0x0, 0x6a, 0x70, 0x7a, 0x70, 0x0,
    0x0, 0x0, 0x4f, 0xe2, 0x5f, 0xe1, 0x0, 0x0,
    0x0, 0x1e, 0xf3, 0x2f, 0xf3, 0x0, 0x0, 0x0,
    0x0, 0x0, 0x0, 0x0, 0x0, 0x0, 0x0, 0x0,
    0x39, 0xdf, 0xec, 0x71, 0x0, 0x0, 0x0, 0x9f,
    0xff, 0xff, 0xff, 0xf5, 0x0, 0x0, 0xaf, 0xfb,
    0x41, 0x26, 0xdf, 0xf4, 0x0, 0x5f, 0xf7, 0x0,
    0x0, 0x1, 0xcf, 0xe0, 0xc, 0xfc, 0x0, 0x0,
    0x0, 0x2, 0xff, 0x60, 0xff, 0x50, 0x0, 0x0,
    0x0, 0xb, 0xfb, 0x2f, 0xf3, 0x0, 0x0, 0x0,
    0x0, 0x8f, 0xd2, 0xff, 0x30, 0x0, 0x0, 0x0,
    0x8, 0xfd, 0xf, 0xf5, 0x0, 0x0, 0x0, 0x0,
    0xbf, 0xb0, 0xcf, 0xc0, 0x0, 0x0, 0x0, 0x2f,
    0xf6, 0x5, 0xff, 0x70, 0x0, 0x0, 0xc, 0xff,
    0x10, 0xa, 0xff, 0xb4, 0x12, 0x6d, 0xff, 0x50,
    0x0, 0x9, 0xff, 0xff, 0xff, 0xff, 0x50, 0x0,
    0x0, 0x3, 0x9d, 0xfe, 0xc8, 0x10, 0x0,

    /* U+0151 "ő" */
    0x0, 0x0, 0xdf, 0x80, 0xdf, 0x80, 0x0, 0x9f,
    0xa0, 0xaf, 0xa0, 0x0, 0x29, 0x90, 0x2a, 0x80,
    0x0, 0x0, 0x0, 0x0, 0x0, 0x0, 0x0, 0x7,
    0xdf, 0xeb, 0x40, 0x0, 0x1d, 0xff, 0xff, 0xff,
    0x80, 0xa, 0xfe, 0x51, 0x29, 0xff, 0x41, 0xff,
    0x50, 0x0, 0xb, 0xfb, 0x4f, 0xf0, 0x0, 0x0,
    0x6f, 0xd4, 0xff, 0x0, 0x0, 0x6, 0xfd, 0x1f,
    0xf5, 0x0, 0x0, 0xbf, 0xb0, 0xaf, 0xe5, 0x12,
    0x9f, 0xf4, 0x1, 0xdf, 0xff, 0xff, 0xf8, 0x0,
    0x0, 0x7d, 0xfe, 0xb4, 0x0,

    /* U+0152 "Œ" */
    0x0, 0x0, 0x3a, 0xdf, 0xfc, 0x70, 0xbf, 0xff,
    0xff, 0xff, 0xe0, 0x0, 0x9f, 0xff, 0xff, 0xff,
    0xdd, 0xff, 0xff, 0xff, 0xfe, 0x0, 0xaf, 0xfe,
    0x86, 0x6a, 0xff, 0xff, 0xb5, 0x55, 0x55, 0x40,
    0x5f, 0xfb, 0x0, 0x0, 0x3, 0xff, 0xf9, 0x0,
    0x0, 0x0, 0xc, 0xfd, 0x0, 0x0, 0x0, 0x5,
    0xff, 0x90, 0x0, 0x0, 0x0, 0xff, 0x70, 0x0,
    0x0, 0x0, 0xe, 0xf9, 0x0, 0x0, 0x0, 0x2f,
    0xf4, 0x0, 0x0, 0x0, 0x0, 0xcf, 0xff, 0xff,
    0xff, 0x22, 0xff, 0x30, 0x0, 0x0, 0x0, 0xb,
    0xff, 0xff, 0xff, 0xf2, 0xf, 0xf6, 0x0, 0x0,
    0x0, 0x0, 0xdf, 0x90, 0x0, 0x0, 0x0, 0xcf,
    0xc0, 0x0, 0x0, 0x0, 0x3f, 0xf9, 0x0, 0x0,
    0x0, 0x5, 0xff, 0x80, 0x0, 0x0, 0xc, 0xff,
    0x90, 0x0, 0x0, 0x0, 0xa, 0xff, 0xb4, 0x12,
    0x5d, 0xff, 0xfa, 0x11, 0x11, 0x11, 0x0, 0x9,
    0xff, 0xff, 0xff, 0xff, 0xef, 0xff, 0xff, 0xff,
    0xf0, 0x0, 0x3, 0x9d, 0xff, 0xd8, 0x1b, 0xff,
    0xff, 0xff, 0xff,

    /* U+0153 "œ" */
    0x0, 0x7, 0xdf, 0xeb, 0x40, 0x1, 0x9d, 0xfd,
    0x81, 0x0, 0x1, 0xdf, 0xff, 0xff, 0xf8, 0x3e,
    0xff, 0xff, 0xfd, 0x10, 0xa, 0xfe, 0x51, 0x29,
    0xff, 0xff, 0xc3, 0x3, 0xdf, 0x90, 0x1f, 0xf5,
    0x0, 0x0, 0xbf, 0xff, 0x10, 0x0, 0x3f, 0xf0,
    0x4f, 0xf0, 0x0, 0x0, 0x6f, 0xff, 0xff, 0xff,
    0xff, 0xf3, 0x4f, 0xf0, 0x0, 0x0, 0x6f, 0xff,
    0xaa, 0xaa, 0xaa, 0xa3, 0x1f, 0xf5, 0x0, 0x0,
    0xbf, 0xff, 0x10, 0x0, 0x1, 0x0, 0xa, 0xfe,
    0x51, 0x29, 0xff, 0xff, 0xd4, 0x2, 0xaf, 0xb0,
    0x1, 0xdf, 0xff, 0xff, 0xf8, 0x3e, 0xff, 0xff,
    0xff, 0x50, 0x0, 0x7, 0xdf, 0xeb, 0x40, 0x1,
    0x9e, 0xfe, 0xa3, 0x0,

    /* U+0154 "Ŕ" */
    0x0, 0x0, 0x4, 0x87, 0x0, 0x0, 0x0, 0x0,
    0x3f, 0xf5, 0x0, 0x0, 0x0, 0x1, 0xdf, 0x70,
    0x0, 0x0, 0x0, 0x4, 0x86, 0x0, 0x0, 0x0,
    0x5f, 0xff, 0xff, 0xea, 0x30, 0x0, 0x5f, 0xff,
    0xff, 0xff, 0xf5, 0x0, 0x5f, 0xf1, 0x11, 0x4d,
    0xff, 0x0, 0x5f, 0xf0, 0x0, 0x2, 0xff, 0x50,
    0x5f, 0xf0, 0x0, 0x0, 0xff, 0x70, 0x5f, 0xf0,
    0x0, 0x2, 0xff, 0x50, 0x5f, 0xf1, 0x11, 0x4d,
    0xfe, 0x0, 0x5f, 0xff, 0xff, 0xff, 0xf3, 0x0,
    0x5f, 0xff, 0xff, 0xfe, 0x10, 0x0, 0x5f, 0xf0,
    0x4, 0xff, 0x40, 0x0, 0x5f, 0xf0, 0x0, 0xaf,
    0xd0, 0x0, 0x5f, 0xf0, 0x0, 0x1f, 0xf8, 0x0,
    0x5f, 0xf0, 0x0, 0x7, 0xff, 0x20, 0x5f, 0xf0,
    0x0, 0x0, 0xdf, 0xb0,

    /* U+0155 "ŕ" */
    0x0, 0x4f, 0xf4, 0x0, 0x3f, 0xf5, 0x0, 0x9,
    0xb5, 0x0, 0x0, 0x0, 0x0, 0x0, 0xcf, 0x73,
    0xbf, 0xc, 0xfb, 0xff, 0xf0, 0xcf, 0xfb, 0x41,
    0xc, 0xfc, 0x0, 0x0, 0xcf, 0x80, 0x0, 0xc,
    0xf7, 0x0, 0x0, 0xcf, 0x70, 0x0, 0xc, 0xf7,
    0x0, 0x0, 0xcf, 0x70, 0x0, 0xc, 0xf7, 0x0,
    0x0,

    /* U+0156 "Ŗ" */
    0x5f, 0xff, 0xff, 0xea, 0x30, 0x0, 0x5f, 0xff,
    0xff, 0xff, 0xf4, 0x0, 0x5f, 0xf1, 0x11, 0x4d,
    0xff, 0x0, 0x5f, 0xf0, 0x0, 0x2, 0xff, 0x50,
    0x5f, 0xf0, 0x0, 0x0, 0xff, 0x70, 0x5f, 0xf0,
    0x0, 0x2, 0xff, 0x50, 0x5f, 0xf0, 0x0, 0x2c,
    0xfe, 0x0, 0x5f, 0xff, 0xff, 0xff, 0xf4, 0x0,
    0x5f, 0xff, 0xff, 0xfe, 0x20, 0x0, 0x5f, 0xf1,
    0x15, 0xff, 0x40, 0x0, 0x5f, 0xf0, 0x0, 0xbf,
    0xd0, 0x0, 0x5f, 0xf0, 0x0, 0x2f, 0xf7, 0x0,
    0x5f, 0xf0, 0x0, 0x7, 0xff, 0x20, 0x5f, 0xf0,
    0x0, 0x0, 0xdf, 0xb0, 0x0, 0x0, 0x0, 0x0,
    0x0, 0x0, 0x0, 0x0, 0x9d, 0x50, 0x0, 0x0,
    0x0, 0x0, 0xfe, 0x0, 0x0, 0x0, 0x0, 0x5,
    0xf7, 0x0, 0x0, 0x0,

    /* U+0157 "ŗ" */
    0xc, 0xf7, 0x3b, 0xf0, 0xc, 0xfb, 0xff, 0xf0,
    0xc, 0xff, 0xb4, 0x10, 0xc, 0xfc, 0x0, 0x0,
    0xc, 0xf8, 0x0, 0x0, 0xc, 0xf7, 0x0, 0x0,
    0xc, 0xf7, 0x0, 0x0, 0xc, 0xf7, 0x0, 0x0,
    0xc, 0xf7, 0x0, 0x0, 0xc, 0xf7, 0x0, 0x0,
    0x0, 0x0, 0x0, 0x0, 0x3, 0xdc, 0x0, 0x0,
    0x9, 0xf7, 0x0, 0x0, 0xe, 0xe0, 0x0, 0x0,

    /* U+0158 "Ř" */
    0x5, 0x84, 0x0, 0x78, 0x20, 0x0, 0x2, 0xef,
    0x39, 0xfa, 0x0, 0x0, 0x0, 0x3f, 0xff, 0xd0,
    0x0, 0x0, 0x0, 0x4, 0x88, 0x20, 0x0, 0x0,
    0x5f, 0xff, 0xff, 0xea, 0x30, 0x0, 0x5f, 0xff,
    0xff, 0xff, 0xf5, 0x0, 0x5f, 0xf1, 0x11, 0x4d,
    0xff, 0x0, 0x5f, 0xf0, 0x0, 0x2, 0xff, 0x50,
    0x5f, 0xf0, 0x0, 0x0, 0xff, 0x70, 0x5f, 0xf0,
    0x0, 0x2, 0xff, 0x50, 0x5f, 0xf1, 0x11, 0x4d,
    0xfe, 0x0, 0x5f, 0xff, 0xff, 0xff, 0xf3, 0x0,
    0x5f, 0xff, 0xff, 0xfe, 0x10, 0x0, 0x5f, 0xf0,
    0x4, 0xff, 0x40, 0x0, 0x5f, 0xf0, 0x0, 0xaf,
    0xd0, 0x0, 0x5f, 0xf0, 0x0, 0x1f, 0xf8, 0x0,
    0x5f, 0xf0, 0x0, 0x7, 0xff, 0x20, 0x5f, 0xf0,
    0x0, 0x0, 0xdf, 0xb0,

    /* U+0159 "ř" */
    0x1d, 0xf5, 0xa, 0xf8, 0x0, 0x1d, 0xfb, 0xfa,
    0x0, 0x0, 0x2a, 0xb9, 0x0, 0x0, 0x0, 0x0,
    0x0, 0x0, 0x0, 0xcf, 0x73, 0xbf, 0x0, 0xc,
    0xfb, 0xff, 0xf0, 0x0, 0xcf, 0xfb, 0x41, 0x0,
    0xc, 0xfc, 0x0, 0x0, 0x0, 0xcf, 0x80, 0x0,
    0x0, 0xc, 0xf7, 0x0, 0x0, 0x0, 0xcf, 0x70,
    0x0, 0x0, 0xc, 0xf7, 0x0, 0x0, 0x0, 0xcf,
    0x70, 0x0, 0x0, 0xc, 0xf7, 0x0, 0x0,

    /* U+015A "Ś" */
    0x0, 0x0, 0x0, 0x17, 0x82, 0x0, 0x0, 0x0,
    0x1, 0xdf, 0x90, 0x0, 0x0, 0x0, 0xc, 0xf8,
    0x0, 0x0, 0x0, 0x0, 0x0, 0x0, 0x0, 0x0,
    0x0, 0x7, 0xcf, 0xfd, 0x92, 0x0, 0x0, 0xcf,
    0xff, 0xff, 0xff, 0x40, 0x6, 0xff, 0x70, 0x4,
    0xdf, 0xe0, 0x9, 0xfc, 0x0, 0x0, 0x29, 0x40,
    0x9, 0xfd, 0x0, 0x0, 0x0, 0x0, 0x4, 0xff,
    0xb5, 0x10, 0x0, 0x0, 0x0, 0x8f, 0xff, 0xfc,
    0x60, 0x0, 0x0, 0x3, 0x9d, 0xff, 0xfd, 0x20,
    0x0, 0x0, 0x0, 0x17, 0xff, 0xd0, 0x0, 0x0,
    0x0, 0x0, 0x5f, 0xf3, 0x4, 0x94, 0x0, 0x0,
    0x3f, 0xf4, 0xd, 0xfe, 0x50, 0x3, 0xdf, 0xf0,
    0x2, 0xef, 0xff, 0xff, 0xff, 0x50, 0x0, 0x7,
    0xcf, 0xfe, 0xa3, 0x0,

    /* U+015B "ś" */
    0x0, 0x0, 0xb, 0xfc, 0x0, 0x0, 0x8, 0xfd,
    0x10, 0x0, 0x3, 0xdd, 0x20, 0x0, 0x0, 0x0,
    0x0, 0x0, 0x0, 0x5c, 0xfe, 0xb4, 0x0, 0x5f,
    0xff, 0xff, 0xf5, 0xb, 0xfa, 0x0, 0x7a, 0x30,
    0xaf, 0xc3, 0x0, 0x0, 0x2, 0xef, 0xff, 0xa2,
    0x0, 0x1, 0x8d, 0xff, 0xf2, 0x0, 0x0, 0x2,
    0xcf, 0xa1, 0xbf, 0x50, 0xa, 0xfb, 0xb, 0xff,
    0xff, 0xff, 0x50, 0x7, 0xdf, 0xfc, 0x40,

    /* U+015C "Ŝ" */
    0x0, 0x0, 0x18, 0x85, 0x0, 0x0, 0x0, 0x1,
    0xdf, 0xef, 0x60, 0x0, 0x0, 0x1d, 0xf5, 0x1c,
    0xf6, 0x0, 0x0, 0x0, 0x0, 0x0, 0x0, 0x0,
    0x0, 0x7, 0xcf, 0xfd, 0x92, 0x0, 0x0, 0xcf,
    0xff, 0xff, 0xff, 0x40, 0x6, 0xff, 0x70, 0x4,
    0xdf, 0xe0, 0x9, 0xfc, 0x0, 0x0, 0x29, 0x40,
    0x9, 0xfd, 0x0, 0x0, 0x0, 0x0, 0x4, 0xff,
    0xb5, 0x10, 0x0, 0x0, 0x0, 0x8f, 0xff, 0xfc,
    0x60, 0x0, 0x0, 0x3, 0x9d, 0xff, 0xfd, 0x20,
    0x0, 0x0, 0x0, 0x17, 0xff, 0xd0, 0x0, 0x0,
    0x0, 0x0, 0x5f, 0xf3, 0x4, 0x94, 0x0, 0x0,
    0x3f, 0xf4, 0xd, 0xfe, 0x50, 0x3, 0xdf, 0xf0,
    0x2, 0xef, 0xff, 0xff, 0xff, 0x50, 0x0, 0x7,
    0xcf, 0xfe, 0xa3, 0x0,

    /* U+015D "ŝ" */
    0x0, 0xb, 0xff, 0x90, 0x0, 0xa, 0xfa, 0xcf,
    0x70, 0x5, 0xb8, 0x0, 0x9a, 0x20, 0x0, 0x0,
    0x0, 0x0, 0x0, 0x5c, 0xfe, 0xb4, 0x0, 0x5f,
    0xff, 0xff, 0xf5, 0xb, 0xfa, 0x0, 0x7a, 0x30,
    0xaf, 0xc3, 0x0, 0x0, 0x2, 0xef, 0xff, 0xa2,
    0x0, 0x1, 0x8d, 0xff, 0xf2, 0x0, 0x0, 0x2,
    0xcf, 0xa1, 0xbf, 0x50, 0xa, 0xfb, 0xb, 0xff,
    0xff, 0xff, 0x50, 0x7, 0xdf, 0xfc, 0x40,

    /* U+015E "Ş" */
    0x0, 0x7, 0xcf, 0xfd, 0x92, 0x0, 0x0, 0xcf,
    0xff, 0xff, 0xff, 0x40, 0x6, 0xff, 0x70, 0x4,
    0xdf, 0xe0, 0x9, 0xfc, 0x0, 0x0, 0x29, 0x40,
    0x9, 0xfd, 0x0, 0x0, 0x0, 0x0, 0x4, 0xff,
    0xb5, 0x10, 0x0, 0x0, 0x0, 0x8f, 0xff, 0xfc,
    0x60, 0x0, 0x0, 0x3, 0x9d, 0xff, 0xfd, 0x20,
    0x0, 0x0, 0x0, 0x17, 0xff, 0xd0, 0x0, 0x0,
    0x0, 0x0, 0x5f, 0xf3, 0x4, 0x94, 0x0, 0x0,
    0x3f, 0xf4, 0xd, 0xfe, 0x50, 0x3, 0xdf, 0xf0,
    0x2, 0xef, 0xff, 0xff, 0xff, 0x50, 0x0, 0x7,
    0xcf, 0xfe, 0xa3, 0x0, 0x0, 0x0, 0x2f, 0xa0,
    0x0, 0x0, 0x0, 0x0, 0x6, 0xf8, 0x0, 0x0,
    0x0, 0x1, 0x76, 0xf9, 0x0, 0x0, 0x0, 0x3,
    0xdf, 0xc2, 0x0, 0x0,

    /* U+015F "ş" */
    0x0, 0x5c, 0xfe, 0xb4, 0x0, 0x5f, 0xff, 0xff,
    0xf5, 0xb, 0xfa, 0x0, 0x7a, 0x30, 0xaf, 0xc3,
    0x0, 0x0, 0x2, 0xef, 0xff, 0xa2, 0x0, 0x1,
    0x8d, 0xff, 0xf2, 0x0, 0x0, 0x2, 0xcf, 0xa1,
    0xbf, 0x50, 0xa, 0xfb, 0xb, 0xff, 0xff, 0xff,
    0x50, 0x7, 0xef, 0xfc, 0x40, 0x0, 0x7, 0xf5,
    0x0, 0x0, 0x0, 0x2a, 0xf3, 0x0, 0x0, 0x55,
    0xaf, 0x40, 0x0, 0x7, 0xef, 0x90, 0x0,

    /* U+0160 "Š" */
    0x0, 0x17, 0x70, 0x4, 0x85, 0x0, 0x0, 0x7,
    0xfb, 0x6f, 0xd1, 0x0, 0x0, 0x0, 0x7f, 0xfd,
    0x10, 0x0, 0x0, 0x0, 0x0, 0x0, 0x0, 0x0,
    0x0, 0x7, 0xcf, 0xfd, 0x92, 0x0, 0x0, 0xcf,
    0xff, 0xff, 0xff, 0x40, 0x6, 0xff, 0x70, 0x4,
    0xdf, 0xe0, 0x9, 0xfc, 0x0, 0x0, 0x29, 0x40,
    0x9, 0xfd, 0x0, 0x0, 0x0, 0x0, 0x4, 0xff,
    0xb5, 0x10, 0x0, 0x0, 0x0, 0x8f, 0xff, 0xfc,
    0x60, 0x0, 0x0, 0x3, 0x9d, 0xff, 0xfd, 0x20,
    0x0, 0x0, 0x0, 0x17, 0xff, 0xd0, 0x0, 0x0,
    0x0, 0x0, 0x5f, 0xf3, 0x4, 0x94, 0x0, 0x0,
    0x3f, 0xf4, 0xd, 0xfe, 0x50, 0x3, 0xdf, 0xf0,
    0x2, 0xef, 0xff, 0xff, 0xff, 0x50, 0x0, 0x7,
    0xcf, 0xfe, 0xa3, 0x0,

    /* U+0161 "š" */
    0x5, 0xfc, 0x2, 0xef, 0x30, 0x7, 0xfc, 0xdf,
    0x40, 0x0, 0x9, 0xdd, 0x60, 0x0, 0x0, 0x0,
    0x0, 0x0, 0x0, 0x5c, 0xfe, 0xb4, 0x0, 0x5f,
    0xff, 0xff, 0xf5, 0xb, 0xfa, 0x0, 0x7a, 0x30,
    0xaf, 0xc3, 0x0, 0x0, 0x2, 0xef, 0xff, 0xa2,
    0x0, 0x1, 0x8d, 0xff, 0xf2, 0x0, 0x0, 0x2,
    0xcf, 0xa1, 0xbf, 0x50, 0xa, 0xfb, 0xb, 0xff,
    0xff, 0xff, 0x50, 0x7, 0xdf, 0xfc, 0x40,

    /* U+0164 "Ť" */
    0x0, 0x68, 0x20, 0x7, 0x71, 0x0, 0x0, 0x3f,
    0xe2, 0xbf, 0x80, 0x0, 0x0, 0x6, 0xff, 0xfb,
    0x0, 0x0, 0x0, 0x0, 0x68, 0x70, 0x0, 0x0,
    0xbf, 0xff, 0xff, 0xff, 0xff, 0xf3, 0xbf, 0xff,
    0xff, 0xff, 0xff, 0xf3, 0x1, 0x11, 0x7f, 0xe1,
    0x11, 0x10, 0x0, 0x0, 0x7f, 0xe0, 0x0, 0x0,
    0x0, 0x0, 0x7f, 0xe0, 0x0, 0x0, 0x0, 0x0,
    0x7f, 0xe0, 0x0, 0x0, 0x0, 0x0, 0x7f, 0xe0,
    0x0, 0x0, 0x0, 0x0, 0x7f, 0xe0, 0x0, 0x0,
    0x0, 0x0, 0x7f, 0xe0, 0x0, 0x0, 0x0, 0x0,
    0x7f, 0xe0, 0x0, 0x0, 0x0, 0x0, 0x7f, 0xe0,
    0x0, 0x0, 0x0, 0x0, 0x7f, 0xe0, 0x0, 0x0,
    0x0, 0x0, 0x7f, 0xe0, 0x0, 0x0, 0x0, 0x0,
    0x7f, 0xe0, 0x0, 0x0,

    /* U+0165 "ť" */
    0x0, 0x0, 0x6, 0xfa, 0x0, 0xdd, 0x2a, 0xf4,
    0x0, 0xff, 0x3d, 0xc0, 0x0, 0xff, 0x30, 0x0,
    0xbf, 0xff, 0xff, 0xe0, 0x9e, 0xff, 0xee, 0xc0,
    0x0, 0xff, 0x30, 0x0, 0x0, 0xff, 0x30, 0x0,
    0x0, 0xff, 0x30, 0x0, 0x0, 0xff, 0x30, 0x0,
    0x0, 0xff, 0x30, 0x0, 0x0, 0xff, 0x80, 0x20,
    0x0, 0xaf, 0xff, 0xe0, 0x0, 0x19, 0xef, 0xa1,

    /* U+016A "Ū" */
    0x0, 0x1e, 0xee, 0xee, 0xe3, 0x0, 0x0, 0x2f,
    0xff, 0xff, 0xf3, 0x0, 0x0, 0x0, 0x0, 0x0,
    0x0, 0x0, 0x8f, 0xc0, 0x0, 0x0, 0xb, 0xfa,
    0x8f, 0xc0, 0x0, 0x0, 0xb, 0xfa, 0x8f, 0xc0,
    0x0, 0x0, 0xb, 0xfa, 0x8f, 0xc0, 0x0, 0x0,
    0xb, 0xfa, 0x8f, 0xc0, 0x0, 0x0, 0xb, 0xfa,
    0x8f, 0xc0, 0x0, 0x0, 0xb, 0xfa, 0x8f, 0xc0,
    0x0, 0x0, 0xb, 0xfa, 0x8f, 0xc0, 0x0, 0x0,
    0xb, 0xfa, 0x8f, 0xc0, 0x0, 0x0, 0xb, 0xfa,
    0x7f, 0xe0, 0x0, 0x0, 0xd, 0xf8, 0x3f, 0xf5,
    0x0, 0x0, 0x3f, 0xf5, 0xc, 0xff, 0x72, 0x26,
    0xef, 0xd0, 0x2, 0xdf, 0xff, 0xff, 0xfe, 0x20,
    0x0, 0x7, 0xdf, 0xfd, 0x81, 0x0,

    /* U+016B "ū" */
    0x9, 0xff, 0xff, 0xfc, 0x0, 0x8, 0xee, 0xee,
    0xeb, 0x0, 0x0, 0x0, 0x0, 0x0, 0x0, 0xff,
    0x40, 0x0, 0x3f, 0xf0, 0xff, 0x40, 0x0, 0x3f,
    0xf0, 0xff, 0x40, 0x0, 0x3f, 0xf0, 0xff, 0x40,
    0x0, 0x3f, 0xf0, 0xff, 0x40, 0x0, 0x3f, 0xf0,
    0xff, 0x40, 0x0, 0x3f, 0xf0, 0xef, 0x70, 0x0,
    0x7f, 0xf0, 0xbf, 0xe4, 0x14, 0xef, 0xf0, 0x4f,
    0xff, 0xff, 0xdf, 0xf0, 0x4, 0xcf, 0xe9, 0x2f,
    0xf0,

    /* U+016C "Ŭ" */
    0x0, 0x48, 0x50, 0x4, 0x84, 0x0, 0x0, 0x4f,
    0xfb, 0xbf, 0xf5, 0x0, 0x0, 0x4, 0xcf, 0xfc,
    0x50, 0x0, 0x0, 0x0, 0x0, 0x0, 0x0, 0x0,
    0x8f, 0xc0, 0x0, 0x0, 0xb, 0xfa, 0x8f, 0xc0,
    0x0, 0x0, 0xb, 0xfa, 0x8f, 0xc0, 0x0, 0x0,
    0xb, 0xfa, 0x8f, 0xc0, 0x0, 0x0, 0xb, 0xfa,
    0x8f, 0xc0, 0x0, 0x0, 0xb, 0xfa, 0x8f, 0xc0,
    0x0, 0x0, 0xb, 0xfa, 0x8f, 0xc0, 0x0, 0x0,
    0xb, 0xfa, 0x8f, 0xc0, 0x0, 0x0, 0xb, 0xfa,
    0x8f, 0xc0, 0x0, 0x0, 0xb, 0xfa, 0x7f, 0xe0,
    0x0, 0x0, 0xd, 0xf8, 0x3f, 0xf5, 0x0, 0x0,
    0x3f, 0xf5, 0xc, 0xff, 0x72, 0x26, 0xef, 0xd0,
    0x2, 0xdf, 0xff, 0xff, 0xfe, 0x20, 0x0, 0x7,
    0xdf, 0xfd, 0x81, 0x0,

    /* U+016D "ŭ" */
    0xe, 0xf4, 0x0, 0xff, 0x20, 0x8, 0xfe, 0xad,
    0xfb, 0x0, 0x0, 0x7d, 0xfe, 0x90, 0x0, 0x0,
    0x0, 0x0, 0x0, 0x0, 0xff, 0x40, 0x0, 0x3f,
    0xf0, 0xff, 0x40, 0x0, 0x3f, 0xf0, 0xff, 0x40,
    0x0, 0x3f, 0xf0, 0xff, 0x40, 0x0, 0x3f, 0xf0,
    0xff, 0x40, 0x0, 0x3f, 0xf0, 0xff, 0x40, 0x0,
    0x3f, 0xf0, 0xef, 0x70, 0x0, 0x7f, 0xf0, 0xbf,
    0xe4, 0x14, 0xef, 0xf0, 0x4f, 0xff, 0xff, 0xdf,
    0xf0, 0x4, 0xcf, 0xe9, 0x2f, 0xf0,

    /* U+016E "Ů" */
    0x0, 0x0, 0x0, 0x0, 0x0, 0x0, 0x0, 0x0,
    0x5f, 0xf6, 0x0, 0x0, 0x0, 0x0, 0xfa, 0x9f,
    0x10, 0x0, 0x0, 0x0, 0xf8, 0x7f, 0x20, 0x0,
    0x0, 0x0, 0x8f, 0xf9, 0x0, 0x0, 0x0, 0x0,
    0x2, 0x20, 0x0, 0x0, 0x8f, 0xc0, 0x0, 0x0,
    0xb, 0xfa, 0x8f, 0xc0, 0x0, 0x0, 0xb, 0xfa,
    0x8f, 0xc0, 0x0, 0x0, 0xb, 0xfa, 0x8f, 0xc0,
    0x0, 0x0, 0xb, 0xfa, 0x8f, 0xc0, 0x0, 0x0,
    0xb, 0xfa, 0x8f, 0xc0, 0x0, 0x0, 0xb, 0xfa,
    0x8f, 0xc0, 0x0, 0x0, 0xb, 0xfa, 0x8f, 0xc0,
    0x0, 0x0, 0xb, 0xfa, 0x8f, 0xc0, 0x0, 0x0,
    0xb, 0xfa, 0x7f, 0xe0, 0x0, 0x0, 0xd, 0xf8,
    0x3f, 0xf5, 0x0, 0x0, 0x3f, 0xf5, 0xc, 0xff,
    0x72, 0x26, 0xef, 0xd0, 0x2, 0xdf, 0xff, 0xff,
    0xfe, 0x20, 0x0, 0x7, 0xdf, 0xfd, 0x81, 0x0,

    /* U+016F "ů" */
    0x0, 0x0, 0x0, 0x0, 0x0, 0x0, 0xb, 0xfd,
    0x20, 0x0, 0x0, 0x6f, 0x5e, 0xa0, 0x0, 0x0,
    0x7f, 0x2d, 0xb0, 0x0, 0x0, 0x1d, 0xff, 0x30,
    0x0, 0x0, 0x0, 0x31, 0x0, 0x0, 0xff, 0x40,
    0x0, 0x3f, 0xf0, 0xff, 0x40, 0x0, 0x3f, 0xf0,
    0xff, 0x40, 0x0, 0x3f, 0xf0, 0xff, 0x40, 0x0,
    0x3f, 0xf0, 0xff, 0x40, 0x0, 0x3f, 0xf0, 0xff,
    0x40, 0x0, 0x3f, 0xf0, 0xef, 0x70, 0x0, 0x7f,
    0xf0, 0xbf, 0xe4, 0x14, 0xef, 0xf0, 0x4f, 0xff,
    0xff, 0xdf, 0xf0, 0x4, 0xcf, 0xe9, 0x2f, 0xf0,

    /* U+0170 "Ű" */
    0x0, 0x0, 0x4a, 0x90, 0x5a, 0x90, 0x0, 0x1,
    0xef, 0x42, 0xff, 0x40, 0x0, 0xc, 0xf6, 0xd,
    0xf5, 0x0, 0x0, 0x0, 0x0, 0x0, 0x0, 0x0,
    0x8f, 0xc0, 0x0, 0x0, 0xb, 0xfa, 0x8f, 0xc0,
    0x0, 0x0, 0xb, 0xfa, 0x8f, 0xc0, 0x0, 0x0,
    0xb, 0xfa, 0x8f, 0xc0, 0x0, 0x0, 0xb, 0xfa,
    0x8f, 0xc0, 0x0, 0x0, 0xb, 0xfa, 0x8f, 0xc0,
    0x0, 0x0, 0xb, 0xfa, 0x8f, 0xc0, 0x0, 0x0,
    0xb, 0xfa, 0x8f, 0xc0, 0x0, 0x0, 0xb, 0xfa,
    0x8f, 0xc0, 0x0, 0x0, 0xb, 0xfa, 0x7f, 0xe0,
    0x0, 0x0, 0xd, 0xf8, 0x3f, 0xf5, 0x0, 0x0,
    0x3f, 0xf5, 0xc, 0xff, 0x72, 0x26, 0xef, 0xd0,
    0x2, 0xdf, 0xff, 0xff, 0xfe, 0x20, 0x0, 0x7,
    0xdf, 0xfd, 0x81, 0x0,

    /* U+0171 "ű" */
    0x0, 0x1e, 0xf6, 0x2f, 0xf5, 0x0, 0xcf, 0x80,
    0xcf, 0x70, 0x3, 0xa8, 0x4, 0xa7, 0x0, 0x0,
    0x0, 0x0, 0x0, 0x0, 0xff, 0x40, 0x0, 0x3f,
    0xf0, 0xff, 0x40, 0x0, 0x3f, 0xf0, 0xff, 0x40,
    0x0, 0x3f, 0xf0, 0xff, 0x40, 0x0, 0x3f, 0xf0,
    0xff, 0x40, 0x0, 0x3f, 0xf0, 0xff, 0x40, 0x0,
    0x3f, 0xf0, 0xef, 0x70, 0x0, 0x7f, 0xf0, 0xbf,
    0xe4, 0x14, 0xef, 0xf0, 0x4f, 0xff, 0xff, 0xdf,
    0xf0, 0x4, 0xcf, 0xe9, 0x2f, 0xf0,

    /* U+0172 "Ų" */
    0x8f, 0xc0, 0x0, 0x0, 0xb, 0xfa, 0x8f, 0xc0,
    0x0, 0x0, 0xb, 0xfa, 0x8f, 0xc0, 0x0, 0x0,
    0xb, 0xfa, 0x8f, 0xc0, 0x0, 0x0, 0xb, 0xfa,
    0x8f, 0xc0, 0x0, 0x0, 0xb, 0xfa, 0x8f, 0xc0,
    0x0, 0x0, 0xb, 0xfa, 0x8f, 0xc0, 0x0, 0x0,
    0xb, 0xfa, 0x8f, 0xc0, 0x0, 0x0, 0xb, 0xfa,
    0x8f, 0xc0, 0x0, 0x0, 0xb, 0xfa, 0x7f, 0xe0,
    0x0, 0x0, 0xd, 0xf8, 0x3f, 0xf5, 0x0, 0x0,
    0x3f, 0xf5, 0xc, 0xff, 0x72, 0x26, 0xef, 0xd0,
    0x2, 0xdf, 0xff, 0xff, 0xff, 0x20, 0x0, 0x7,
    0xdf, 0xfd, 0xf5, 0x0, 0x0, 0x0, 0x0, 0xa,
    0xd0, 0x0, 0x0, 0x0, 0x0, 0x1f, 0xb0, 0x0,
    0x0, 0x0, 0x0, 0xf, 0xfa, 0x90, 0x0, 0x0,
    0x0, 0x5, 0xdf, 0xe1,

    /* U+0173 "ų" */
    0xff, 0x40, 0x0, 0x3f, 0xf0, 0xff, 0x40, 0x0,
    0x3f, 0xf0, 0xff, 0x40, 0x0, 0x3f, 0xf0, 0xff,
    0x40, 0x0, 0x3f, 0xf0, 0xff, 0x40, 0x0, 0x3f,
    0xf0, 0xff, 0x40, 0x0, 0x3f, 0xf0, 0xef, 0x70,
    0x0, 0x7f, 0xf0, 0xbf, 0xe4, 0x14, 0xef, 0xf0,
    0x4f, 0xff, 0xff, 0xdf, 0xf0, 0x4, 0xcf, 0xe9,
    0x2f, 0xf0, 0x0, 0x0, 0x0, 0xaf, 0x40, 0x0,
    0x0, 0x5, 0xf8, 0x0, 0x0, 0x0, 0x4, 0xfd,
    0xa1, 0x0, 0x0, 0x0, 0x8e, 0xf5,

    /* U+0174 "Ŵ" */
    0x0, 0x0, 0x0, 0x2, 0xef, 0xf6, 0x0, 0x0,
    0x0, 0x0, 0x0, 0x0, 0x0, 0x2e, 0xf6, 0xdf,
    0x60, 0x0, 0x0, 0x0, 0x0, 0x0, 0x0, 0x68,
    0x30, 0x7, 0x71, 0x0, 0x0, 0x0, 0xaf, 0xa0,
    0x0, 0x0, 0x8f, 0xf1, 0x0, 0x0, 0x3f, 0xf2,
    0x5f, 0xf0, 0x0, 0x0, 0xdf, 0xf5, 0x0, 0x0,
    0x7f, 0xd0, 0x1f, 0xf4, 0x0, 0x1, 0xff, 0xf9,
    0x0, 0x0, 0xcf, 0x80, 0xc, 0xf8, 0x0, 0x6,
    0xff, 0xfe, 0x0, 0x1, 0xff, 0x40, 0x7, 0xfd,
    0x0, 0xb, 0xf8, 0xff, 0x30, 0x6, 0xfe, 0x0,
    0x2, 0xff, 0x20, 0xf, 0xf3, 0xcf, 0x70, 0xb,
    0xfa, 0x0, 0x0, 0xef, 0x70, 0x4f, 0xe0, 0x7f,
    0xc0, 0xf, 0xf5, 0x0, 0x0, 0x9f, 0xb0, 0x8f,
    0xa0, 0x3f, 0xf0, 0x4f, 0xf0, 0x0, 0x0, 0x4f,
    0xf1, 0xdf, 0x50, 0xe, 0xf5, 0x9f, 0xb0, 0x0,
    0x0, 0xf, 0xf7, 0xff, 0x10, 0xa, 0xf9, 0xef,
    0x70, 0x0, 0x0, 0xa, 0xff, 0xfc, 0x0, 0x5,
    0xff, 0xff, 0x20, 0x0, 0x0, 0x6, 0xff, 0xf8,
    0x0, 0x1, 0xff, 0xfd, 0x0, 0x0, 0x0, 0x1,
    0xff, 0xf3, 0x0, 0x0, 0xcf, 0xf8, 0x0, 0x0,
    0x0, 0x0, 0xcf, 0xf0, 0x0, 0x0, 0x8f, 0xf3,
    0x0, 0x0,

    /* U+0175 "ŵ" */
    0x0, 0x0, 0x0, 0x9f, 0xfc, 0x0, 0x0, 0x0,
    0x0, 0x0, 0x0, 0x9f, 0xb8, 0xfb, 0x0, 0x0,
    0x0, 0x0, 0x0, 0x28, 0x70, 0x5, 0x84, 0x0,
    0x0, 0x0, 0x0, 0x0, 0x0, 0x0, 0x0, 0x0,
    0x0, 0x0, 0xaf, 0x90, 0x0, 0x1f, 0xf6, 0x0,
    0x5, 0xfe, 0x4, 0xfe, 0x0, 0x6, 0xff, 0xc0,
    0x0, 0xaf, 0x90, 0xe, 0xf4, 0x0, 0xcf, 0xff,
    0x10, 0xf, 0xf3, 0x0, 0x9f, 0x90, 0x1f, 0xea,
    0xf6, 0x5, 0xfe, 0x0, 0x4, 0xfe, 0x6, 0xf9,
    0x4f, 0xc0, 0xaf, 0x90, 0x0, 0xe, 0xf4, 0xcf,
    0x40, 0xff, 0x2f, 0xf3, 0x0, 0x0, 0x9f, 0xbf,
    0xe0, 0xa, 0xfc, 0xfe, 0x0, 0x0, 0x4, 0xff,
    0xfa, 0x0, 0x5f, 0xff, 0x80, 0x0, 0x0, 0xe,
    0xff, 0x40, 0x0, 0xff, 0xf3, 0x0, 0x0, 0x0,
    0x9f, 0xf0, 0x0, 0xa, 0xfd, 0x0, 0x0,

    /* U+0176 "Ŷ" */
    0x0, 0x0, 0x3, 0x32, 0x0, 0x0, 0x0, 0x0,
    0xb, 0xff, 0xf4, 0x0, 0x0, 0x0, 0xb, 0xf7,
    0x2d, 0xf4, 0x0, 0x0, 0x0, 0x22, 0x0, 0x2,
    0x20, 0x0, 0x8f, 0xf2, 0x0, 0x0, 0x8, 0xff,
    0x20, 0xef, 0xb0, 0x0, 0x2, 0xff, 0x80, 0x4,
    0xff, 0x50, 0x0, 0xbf, 0xd0, 0x0, 0xb, 0xfe,
    0x0, 0x5f, 0xf4, 0x0, 0x0, 0x1f, 0xf8, 0xe,
    0xfa, 0x0, 0x0, 0x0, 0x7f, 0xfa, 0xff, 0x10,
    0x0, 0x0, 0x0, 0xdf, 0xff, 0x60, 0x0, 0x0,
    0x0, 0x3, 0xff, 0xc0, 0x0, 0x0, 0x0, 0x0,
    0xd, 0xf7, 0x0, 0x0, 0x0, 0x0, 0x0, 0xdf,
    0x70, 0x0, 0x0, 0x0, 0x0, 0xd, 0xf7, 0x0,
    0x0, 0x0, 0x0, 0x0, 0xdf, 0x70, 0x0, 0x0,
    0x0, 0x0, 0xd, 0xf7, 0x0, 0x0, 0x0, 0x0,
    0x0, 0xdf, 0x70, 0x0, 0x0,

    /* U+0177 "ŷ" */
    0x0, 0x3, 0xff, 0xf3, 0x0, 0x0, 0x0, 0x3f,
    0xe6, 0xef, 0x30, 0x0, 0x0, 0x78, 0x20, 0x28,
    0x70, 0x0, 0x0, 0x0, 0x0, 0x0, 0x0, 0x0,
    0xaf, 0xc0, 0x0, 0x0, 0xaf, 0xc0, 0x3f, 0xf3,
    0x0, 0x1, 0xff, 0x50, 0xb, 0xf9, 0x0, 0x7,
    0xfe, 0x0, 0x4, 0xff, 0x10, 0xd, 0xf8, 0x0,
    0x0, 0xdf, 0x70, 0x4f, 0xf1, 0x0, 0x0, 0x6f,
    0xd0, 0xbf, 0xa0, 0x0, 0x0, 0xe, 0xf6, 0xff,
    0x30, 0x0, 0x0, 0x7, 0xff, 0xfd, 0x0, 0x0,
    0x0, 0x1, 0xff, 0xf6, 0x0, 0x0, 0x0, 0x0,
    0x9f, 0xe0, 0x0, 0x0, 0x0, 0x0, 0xcf, 0x80,
    0x0, 0x0, 0x3, 0x16, 0xff, 0x10, 0x0, 0x0,
    0xe, 0xff, 0xf8, 0x0, 0x0, 0x0, 0x2b, 0xfe,
    0x80, 0x0, 0x0, 0x0,

    /* U+0178 "Ÿ" */
    0x0, 0x4, 0x10, 0x0, 0x32, 0x0, 0x0, 0x5,
    0xfe, 0x0, 0x4f, 0xe0, 0x0, 0x0, 0x3e, 0xa0,
    0x2, 0xeb, 0x0, 0x0, 0x0, 0x0, 0x0, 0x0,
    0x0, 0x0, 0x8f, 0xf2, 0x0, 0x0, 0x8, 0xff,
    0x20, 0xef, 0xb0, 0x0, 0x2, 0xff, 0x80, 0x4,
    0xff, 0x50, 0x0, 0xbf, 0xd0, 0x0, 0xb, 0xfe,
    0x0, 0x5f, 0xf4, 0x0, 0x0, 0x1f, 0xf8, 0xe,
    0xfa, 0x0, 0x0, 0x0, 0x7f, 0xfa, 0xff, 0x10,
    0x0, 0x0, 0x0, 0xdf, 0xff, 0x60, 0x0, 0x0,
    0x0, 0x3, 0xff, 0xc0, 0x0, 0x0, 0x0, 0x0,
    0xd, 0xf7, 0x0, 0x0, 0x0, 0x0, 0x0, 0xdf,
    0x70, 0x0, 0x0, 0x0, 0x0, 0xd, 0xf7, 0x0,
    0x0, 0x0, 0x0, 0x0, 0xdf, 0x70, 0x0, 0x0,
    0x0, 0x0, 0xd, 0xf7, 0x0, 0x0, 0x0, 0x0,
    0x0, 0xdf, 0x70, 0x0, 0x0,

    /* U+0179 "Ź" */
    0x0, 0x0, 0x0, 0x7, 0x84, 0x0, 0x0, 0x0,
    0x0, 0xaf, 0xc0, 0x0, 0x0, 0x0, 0x6, 0xfe,
    0x10, 0x0, 0x0, 0x0, 0x7, 0x82, 0x0, 0x0,
    0x2f, 0xff, 0xff, 0xff, 0xff, 0xfe, 0x2f, 0xff,
    0xff, 0xff, 0xff, 0xfe, 0x1, 0x11, 0x11, 0x11,
    0x8f, 0xf8, 0x0, 0x0, 0x0, 0x4, 0xff, 0xb0,
    0x0, 0x0, 0x0, 0x2e, 0xfd, 0x0, 0x0, 0x0,
    0x0, 0xdf, 0xe2, 0x0, 0x0, 0x0, 0xb, 0xff,
    0x40, 0x0, 0x0, 0x0, 0x8f, 0xf6, 0x0, 0x0,
    0x0, 0x6, 0xff, 0x90, 0x0, 0x0, 0x0, 0x3f,
    0xfc, 0x0, 0x0, 0x0, 0x1, 0xef, 0xd1, 0x0,
    0x0, 0x0, 0xd, 0xff, 0x41, 0x11, 0x11, 0x11,
    0x3f, 0xff, 0xff, 0xff, 0xff, 0xfd, 0x3f, 0xff,
    0xff, 0xff, 0xff, 0xfd,

    /* U+017A "ź" */
    0x0, 0x0, 0xd, 0xfa, 0x0, 0x0, 0xb, 0xfb,
    0x0, 0x0, 0x5, 0xb9, 0x0, 0x0, 0x0, 0x0,
    0x0, 0x0, 0x4f, 0xff, 0xff, 0xff, 0xe3, 0xdd,
    0xdd, 0xdf, 0xfc, 0x0, 0x0, 0x7, 0xff, 0x20,
    0x0, 0x4, 0xff, 0x50, 0x0, 0x2, 0xff, 0x80,
    0x0, 0x1, 0xdf, 0xb0, 0x0, 0x0, 0xbf, 0xd1,
    0x0, 0x0, 0x8f, 0xf2, 0x0, 0x0, 0x3f, 0xfe,
    0xdd, 0xdd, 0xb4, 0xff, 0xff, 0xff, 0xfe,

    /* U+017B "Ż" */
    0x0, 0x0, 0x3, 0x81, 0x0, 0x0, 0x0, 0x0,
    0xd, 0xfa, 0x0, 0x0, 0x0, 0x0, 0x8, 0xf5,
    0x0, 0x0, 0x0, 0x0, 0x0, 0x0, 0x0, 0x0,
    0x2f, 0xff, 0xff, 0xff, 0xff, 0xfe, 0x2f, 0xff,
    0xff, 0xff, 0xff, 0xfe, 0x1, 0x11, 0x11, 0x11,
    0x8f, 0xf8, 0x0, 0x0, 0x0, 0x4, 0xff, 0xb0,
    0x0, 0x0, 0x0, 0x2e, 0xfd, 0x0, 0x0, 0x0,
    0x0, 0xdf, 0xe2, 0x0, 0x0, 0x0, 0xb, 0xff,
    0x40, 0x0, 0x0, 0x0, 0x8f, 0xf6, 0x0, 0x0,
    0x0, 0x6, 0xff, 0x90, 0x0, 0x0, 0x0, 0x3f,
    0xfc, 0x0, 0x0, 0x0, 0x1, 0xef, 0xd1, 0x0,
    0x0, 0x0, 0xd, 0xff, 0x41, 0x11, 0x11, 0x11,
    0x3f, 0xff, 0xff, 0xff, 0xff, 0xfd, 0x3f, 0xff,
    0xff, 0xff, 0xff, 0xfd,

    /* U+017C "ż" */
    0x0, 0x0, 0x64, 0x0, 0x0, 0x0, 0x6f, 0xf1,
    0x0, 0x0, 0x3, 0xfc, 0x0, 0x0, 0x0, 0x0,
    0x0, 0x0, 0x0, 0x0, 0x0, 0x0, 0x4, 0xff,
    0xff, 0xff, 0xfe, 0x3d, 0xdd, 0xdd, 0xff, 0xc0,
    0x0, 0x0, 0x7f, 0xf2, 0x0, 0x0, 0x4f, 0xf5,
    0x0, 0x0, 0x2f, 0xf8, 0x0, 0x0, 0x1d, 0xfb,
    0x0, 0x0, 0xb, 0xfd, 0x10, 0x0, 0x8, 0xff,
    0x20, 0x0, 0x3, 0xff, 0xed, 0xdd, 0xdb, 0x4f,
    0xff, 0xff, 0xff, 0xe0,

    /* U+017D "Ž" */
    0x0, 0x17, 0x70, 0x3, 0x86, 0x0, 0x0, 0x8,
    0xfa, 0x2e, 0xf3, 0x0, 0x0, 0x0, 0xbf, 0xff,
    0x50, 0x0, 0x0, 0x0, 0x7, 0x86, 0x0, 0x0,
    0x2f, 0xff, 0xff, 0xff, 0xff, 0xfe, 0x2f, 0xff,
    0xff, 0xff, 0xff, 0xfe, 0x1, 0x11, 0x11, 0x11,
    0x8f, 0xf8, 0x0, 0x0, 0x0, 0x4, 0xff, 0xb0,
    0x0, 0x0, 0x0, 0x2e, 0xfd, 0x0, 0x0, 0x0,
    0x0, 0xdf, 0xe2, 0x0, 0x0, 0x0, 0xb, 0xff,
    0x40, 0x0, 0x0, 0x0, 0x8f, 0xf6, 0x0, 0x0,
    0x0, 0x6, 0xff, 0x90, 0x0, 0x0, 0x0, 0x3f,
    0xfc, 0x0, 0x0, 0x0, 0x1, 0xef, 0xd1, 0x0,
    0x0, 0x0, 0xd, 0xff, 0x41, 0x11, 0x11, 0x11,
    0x3f, 0xff, 0xff, 0xff, 0xff, 0xfd, 0x3f, 0xff,
    0xff, 0xff, 0xff, 0xfd,

    /* U+017E "ž" */
    0x7, 0xfb, 0x4, 0xfe, 0x10, 0x8, 0xfc, 0xfe,
    0x20, 0x0, 0x8, 0xba, 0x30, 0x0, 0x0, 0x0,
    0x0, 0x0, 0x4f, 0xff, 0xff, 0xff, 0xe3, 0xdd,
    0xdd, 0xdf, 0xfc, 0x0, 0x0, 0x7, 0xff, 0x20,
    0x0, 0x4, 0xff, 0x50, 0x0, 0x2, 0xff, 0x80,
    0x0, 0x1, 0xdf, 0xb0, 0x0, 0x0, 0xbf, 0xd1,
    0x0, 0x0, 0x8f, 0xf2, 0x0, 0x0, 0x3f, 0xfe,
    0xdd, 0xdd, 0xb4, 0xff, 0xff, 0xff, 0xfe,

    /* U+2013 "–" */
    0xee, 0xee, 0xee, 0xee, 0xee, 0xef, 0xff, 0xff,
    0xff, 0xff, 0xff,

    /* U+2014 "—" */
    0xee, 0xee, 0xee, 0xee, 0xee, 0xee, 0xee, 0xee,
    0xee, 0xee, 0xee, 0xff, 0xff, 0xff, 0xff, 0xff,
    0xff, 0xff, 0xff, 0xff, 0xff, 0xff,

    /* U+2018 "‘" */
    0x3, 0xfa, 0x9, 0xf5, 0xf, 0xf1, 0x6f, 0xd0,
    0x46, 0x40,

    /* U+2019 "’" */
    0xa, 0xfa, 0xe, 0xf3, 0x3f, 0xd0, 0x7f, 0x60,
    0x46, 0x0,

    /* U+201A "‚" */
    0x1, 0x77, 0x0, 0x6f, 0xd0, 0xa, 0xf6, 0x0,
    0xef, 0x10, 0x3f, 0x90, 0x0,

    /* U+201C "“" */
    0x3, 0xfa, 0xa, 0xf2, 0x9, 0xf5, 0x1f, 0xe0,
    0xf, 0xf1, 0x7f, 0xa0, 0x6f, 0xd0, 0xdf, 0x60,
    0x46, 0x40, 0x66, 0x10,

    /* U+201D "”" */
    0xa, 0xfa, 0x1f, 0xf3, 0xe, 0xf3, 0x5f, 0xc0,
    0x2f, 0xd0, 0xaf, 0x60, 0x7f, 0x60, 0xee, 0x0,
    0x46, 0x0, 0x64, 0x0,

    /* U+201E "„" */
    0x4, 0x74, 0x7, 0x71, 0xd, 0xf6, 0x4f, 0xe0,
    0x1f, 0xf0, 0x8f, 0x80, 0x6f, 0x90, 0xdf, 0x20,
    0xaf, 0x21, 0xfb, 0x0,

    /* U+2022 "•" */
    0x1, 0x64, 0x0, 0x1e, 0xff, 0x80, 0x7f, 0xff,
    0xf0, 0x5f, 0xff, 0xe0, 0x8, 0xfd, 0x20,

    /* U+2026 "…" */
    0x6, 0xb2, 0x2, 0xb7, 0x0, 0x9a, 0x10, 0xff,
    0xa0, 0xaf, 0xf1, 0x3f, 0xf7, 0xa, 0xf5, 0x4,
    0xeb, 0x0, 0xce, 0x20,

    /* U+20AC "€" */
    0x0, 0x0, 0x18, 0xdf, 0xeb, 0x40, 0x0, 0x0,
    0x2, 0xef, 0xff, 0xff, 0xf8, 0x0, 0x0, 0xe,
    0xfe, 0x61, 0x29, 0xff, 0x60, 0x0, 0x7f, 0xf2,
    0x0, 0x0, 0x8f, 0xa0, 0x0, 0xdf, 0xa0, 0x0,
    0x0, 0x1, 0x0, 0xbf, 0xff, 0xff, 0xff, 0xf4,
    0x0, 0x0, 0x25, 0xff, 0x63, 0x33, 0x30, 0x0,
    0x0, 0x2, 0xff, 0x30, 0x0, 0x0, 0x0, 0x0,
    0xbf, 0xff, 0xff, 0xff, 0xf4, 0x0, 0x0, 0x23,
    0xef, 0xa3, 0x33, 0x30, 0x1, 0x0, 0x0, 0x8f,
    0xf2, 0x0, 0x0, 0x7f, 0xb0, 0x0, 0x1e, 0xfe,
    0x62, 0x29, 0xff, 0x70, 0x0, 0x3, 0xef, 0xff,
    0xff, 0xf9, 0x0, 0x0, 0x0, 0x18, 0xdf, 0xfb,
    0x40, 0x0
};


/*---------------------
 *  GLYPH DESCRIPTION
 *--------------------*/

static const lv_font_fmt_txt_glyph_dsc_t glyph_dsc[] = {
    {.bitmap_index = 0, .adv_w = 0, .box_w = 0, .box_h = 0, .ofs_x = 0, .ofs_y = 0} /* id = 0 reserved */,
    {.bitmap_index = 0, .adv_w = 77, .box_w = 0, .box_h = 0, .ofs_x = 0, .ofs_y = 0},
    {.bitmap_index = 0, .adv_w = 98, .box_w = 4, .box_h = 14, .ofs_x = 1, .ofs_y = 0},
    {.bitmap_index = 28, .adv_w = 120, .box_w = 6, .box_h = 5, .ofs_x = 1, .ofs_y = 9},
    {.bitmap_index = 43, .adv_w = 202, .box_w = 13, .box_h = 14, .ofs_x = 0, .ofs_y = 0},
    {.bitmap_index = 134, .adv_w = 179, .box_w = 11, .box_h = 17, .ofs_x = 0, .ofs_y = -2},
    {.bitmap_index = 228, .adv_w = 257, .box_w = 16, .box_h = 14, .ofs_x = 0, .ofs_y = 0},
    {.bitmap_index = 340, .adv_w = 207, .box_w = 13, .box_h = 14, .ofs_x = 0, .ofs_y = 0},
    {.bitmap_index = 431, .adv_w = 73, .box_w = 3, .box_h = 5, .ofs_x = 1, .ofs_y = 9},
    {.bitmap_index = 439, .adv_w = 118, .box_w = 6, .box_h = 18, .ofs_x = 1, .ofs_y = -2},
    {.bitmap_index = 493, .adv_w = 118, .box_w = 7, .box_h = 18, .ofs_x = 0, .ofs_y = -2},
    {.bitmap_index = 556, .adv_w = 155, .box_w = 8, .box_h = 7, .ofs_x = 1, .ofs_y = 7},
    {.bitmap_index = 584, .adv_w = 201, .box_w = 10, .box_h = 9, .ofs_x = 1, .ofs_y = 1},
    {.bitmap_index = 629, .adv_w = 78, .box_w = 5, .box_h = 5, .ofs_x = 0, .ofs_y = -2},
    {.bitmap_index = 642, .adv_w = 132, .box_w = 7, .box_h = 2, .ofs_x = 1, .ofs_y = 5},
    {.bitmap_index = 649, .adv_w = 74, .box_w = 4, .box_h = 3, .ofs_x = 0, .ofs_y = 0},
    {.bitmap_index = 655, .adv_w = 133, .box_w = 8, .box_h = 16, .ofs_x = 0, .ofs_y = -2},
    {.bitmap_index = 719, .adv_w = 206, .box_w = 13, .box_h = 14, .ofs_x = 0, .ofs_y = 0},
    {.bitmap_index = 810, .adv_w = 134, .box_w = 6, .box_h = 14, .ofs_x = 1, .ofs_y = 0},
    {.bitmap_index = 852, .adv_w = 183, .box_w = 11, .box_h = 14, .ofs_x = 0, .ofs_y = 0},
    {.bitmap_index = 929, .adv_w = 176, .box_w = 11, .box_h = 14, .ofs_x = 0, .ofs_y = 0},
    {.bitmap_index = 1006, .adv_w = 201, .box_w = 12, .box_h = 14, .ofs_x = 0, .ofs_y = 0},
    {.bitmap_index = 1090, .adv_w = 185, .box_w = 10, .box_h = 14, .ofs_x = 1, .ofs_y = 0},
    {.bitmap_index = 1160, .adv_w = 184, .box_w = 11, .box_h = 14, .ofs_x = 0, .ofs_y = 0},
    {.bitmap_index = 1237, .adv_w = 175, .box_w = 11, .box_h = 14, .ofs_x = 0, .ofs_y = 0},
    {.bitmap_index = 1314, .adv_w = 196, .box_w = 12, .box_h = 14, .ofs_x = 0, .ofs_y = 0},
    {.bitmap_index = 1398, .adv_w = 184, .box_w = 11, .box_h = 14, .ofs_x = 0, .ofs_y = 0},
    {.bitmap_index = 1475, .adv_w = 90, .box_w = 4, .box_h = 10, .ofs_x = 1, .ofs_y = 0},
    {.bitmap_index = 1495, .adv_w = 92, .box_w = 5, .box_h = 12, .ofs_x = 0, .ofs_y = -2},
    {.bitmap_index = 1525, .adv_w = 201, .box_w = 8, .box_h = 9, .ofs_x = 2, .ofs_y = 1},
    {.bitmap_index = 1561, .adv_w = 201, .box_w = 9, .box_h = 6, .ofs_x = 2, .ofs_y = 3},
    {.bitmap_index = 1588, .adv_w = 201, .box_w = 8, .box_h = 9, .ofs_x = 2, .ofs_y = 1},
    {.bitmap_index = 1624, .adv_w = 163, .box_w = 10, .box_h = 14, .ofs_x = 0, .ofs_y = 0},
    {.bitmap_index = 1694, .adv_w = 317, .box_w = 20, .box_h = 18, .ofs_x = 0, .ofs_y = -4},
    {.bitmap_index = 1874, .adv_w = 224, .box_w = 14, .box_h = 14, .ofs_x = 0, .ofs_y = 0},
    {.bitmap_index = 1972, .adv_w = 196, .box_w = 11, .box_h = 14, .ofs_x = 1, .ofs_y = 0},
    {.bitmap_index = 2049, .adv_w = 231, .box_w = 14, .box_h = 14, .ofs_x = 0, .ofs_y = 0},
    {.bitmap_index = 2147, .adv_w = 222, .box_w = 13, .box_h = 14, .ofs_x = 1, .ofs_y = 0},
    {.bitmap_index = 2238, .adv_w = 189, .box_w = 10, .box_h = 14, .ofs_x = 1, .ofs_y = 0},
    {.bitmap_index = 2308, .adv_w = 176, .box_w = 10, .box_h = 14, .ofs_x = 1, .ofs_y = 0},
    {.bitmap_index = 2378, .adv_w = 240, .box_w = 15, .box_h = 14, .ofs_x = 0, .ofs_y = 0},
    {.bitmap_index = 2483, .adv_w = 240, .box_w = 13, .box_h = 14, .ofs_x = 1, .ofs_y = 0},
    {.bitmap_index = 2574, .adv_w = 90, .box_w = 3, .box_h = 14, .ofs_x = 1, .ofs_y = 0},
    {.bitmap_index = 2595, .adv_w = 172, .box_w = 10, .box_h = 14, .ofs_x = 0, .ofs_y = 0},
    {.bitmap_index = 2665, .adv_w = 206, .box_w = 12, .box_h = 14, .ofs_x = 1, .ofs_y = 0},
    {.bitmap_index = 2749, .adv_w = 170, .box_w = 10, .box_h = 14, .ofs_x = 1, .ofs_y = 0},
    {.bitmap_index = 2819, .adv_w = 273, .box_w = 15, .box_h = 14, .ofs_x = 1, .ofs_y = 0},
    {.bitmap_index = 2924, .adv_w = 248, .box_w = 13, .box_h = 14, .ofs_x = 1, .ofs_y = 0},
    {.bitmap_index = 3015, .adv_w = 251, .box_w = 15, .box_h = 14, .ofs_x = 0, .ofs_y = 0},
    {.bitmap_index = 3120, .adv_w = 190, .box_w = 11, .box_h = 14, .ofs_x = 1, .ofs_y = 0},
    {.bitmap_index = 3197, .adv_w = 251, .box_w = 15, .box_h = 15, .ofs_x = 0, .ofs_y = -1},
    {.bitmap_index = 3310, .adv_w = 204, .box_w = 12, .box_h = 14, .ofs_x = 1, .ofs_y = 0},
    {.bitmap_index = 3394, .adv_w = 195, .box_w = 12, .box_h = 14, .ofs_x = 0, .ofs_y = 0},
    {.bitmap_index = 3478, .adv_w = 183, .box_w = 12, .box_h = 14, .ofs_x = 0, .ofs_y = 0},
    {.bitmap_index = 3562, .adv_w = 226, .box_w = 12, .box_h = 14, .ofs_x = 1, .ofs_y = 0},
    {.bitmap_index = 3646, .adv_w = 228, .box_w = 15, .box_h = 14, .ofs_x = 0, .ofs_y = 0},
    {.bitmap_index = 3751, .adv_w = 312, .box_w = 20, .box_h = 14, .ofs_x = 0, .ofs_y = 0},
    {.bitmap_index = 3891, .adv_w = 209, .box_w = 13, .box_h = 14, .ofs_x = 0, .ofs_y = 0},
    {.bitmap_index = 3982, .adv_w = 202, .box_w = 13, .box_h = 14, .ofs_x = 0, .ofs_y = 0},
    {.bitmap_index = 4073, .adv_w = 203, .box_w = 12, .box_h = 14, .ofs_x = 0, .ofs_y = 0},
    {.bitmap_index = 4157, .adv_w = 108, .box_w = 5, .box_h = 18, .ofs_x = 1, .ofs_y = -2},
    {.bitmap_index = 4202, .adv_w = 133, .box_w = 8, .box_h = 16, .ofs_x = 0, .ofs_y = -2},
    {.bitmap_index = 4266, .adv_w = 108, .box_w = 5, .box_h = 18, .ofs_x = 1, .ofs_y = -2},
    {.bitmap_index = 4311, .adv_w = 182, .box_w = 9, .box_h = 7, .ofs_x = 1, .ofs_y = 7},
    {.bitmap_index = 4343, .adv_w = 140, .box_w = 9, .box_h = 2, .ofs_x = 0, .ofs_y = -2},
    {.bitmap_index = 4352, .adv_w = 79, .box_w = 5, .box_h = 3, .ofs_x = 0, .ofs_y = 11},
    {.bitmap_index = 4360, .adv_w = 168, .box_w = 10, .box_h = 10, .ofs_x = 0, .ofs_y = 0},
    {.bitmap_index = 4410, .adv_w = 189, .box_w = 11, .box_h = 14, .ofs_x = 1, .ofs_y = 0},
    {.bitmap_index = 4487, .adv_w = 174, .box_w = 11, .box_h = 10, .ofs_x = 0, .ofs_y = 0},
    {.bitmap_index = 4542, .adv_w = 189, .box_w = 11, .box_h = 14, .ofs_x = 0, .ofs_y = 0},
    {.bitmap_index = 4619, .adv_w = 176, .box_w = 11, .box_h = 10, .ofs_x = 0, .ofs_y = 0},
    {.bitmap_index = 4674, .adv_w = 123, .box_w = 8, .box_h = 14, .ofs_x = 0, .ofs_y = 0},
    {.bitmap_index = 4730, .adv_w = 191, .box_w = 11, .box_h = 14, .ofs_x = 0, .ofs_y = -4},
    {.bitmap_index = 4807, .adv_w = 181, .box_w = 10, .box_h = 14, .ofs_x = 1, .ofs_y = 0},
    {.bitmap_index = 4877, .adv_w = 80, .box_w = 3, .box_h = 15, .ofs_x = 1, .ofs_y = 0},
    {.bitmap_index = 4900, .adv_w = 90, .box_w = 7, .box_h = 19, .ofs_x = -2, .ofs_y = -4},
    {.bitmap_index = 4967, .adv_w = 165, .box_w = 10, .box_h = 14, .ofs_x = 1, .ofs_y = 0},
    {.bitmap_index = 5037, .adv_w = 76, .box_w = 3, .box_h = 14, .ofs_x = 1, .ofs_y = 0},
    {.bitmap_index = 5058, .adv_w = 276, .box_w = 16, .box_h = 10, .ofs_x = 1, .ofs_y = 0},
    {.bitmap_index = 5138, .adv_w = 180, .box_w = 10, .box_h = 10, .ofs_x = 1, .ofs_y = 0},
    {.bitmap_index = 5188, .adv_w = 186, .box_w = 11, .box_h = 10, .ofs_x = 0, .ofs_y = 0},
    {.bitmap_index = 5243, .adv_w = 191, .box_w = 11, .box_h = 14, .ofs_x = 1, .ofs_y = -4},
    {.bitmap_index = 5320, .adv_w = 188, .box_w = 11, .box_h = 14, .ofs_x = 0, .ofs_y = -4},
    {.bitmap_index = 5397, .adv_w = 116, .box_w = 7, .box_h = 10, .ofs_x = 1, .ofs_y = 0},
    {.bitmap_index = 5432, .adv_w = 149, .box_w = 9, .box_h = 10, .ofs_x = 0, .ofs_y = 0},
    {.bitmap_index = 5477, .adv_w = 126, .box_w = 8, .box_h = 13, .ofs_x = 0, .ofs_y = 0},
    {.bitmap_index = 5529, .adv_w = 180, .box_w = 10, .box_h = 10, .ofs_x = 1, .ofs_y = 0},
    {.bitmap_index = 5579, .adv_w = 173, .box_w = 11, .box_h = 10, .ofs_x = 0, .ofs_y = 0},
    {.bitmap_index = 5634, .adv_w = 261, .box_w = 17, .box_h = 10, .ofs_x = 0, .ofs_y = 0},
    {.bitmap_index = 5719, .adv_w = 164, .box_w = 11, .box_h = 10, .ofs_x = 0, .ofs_y = 0},
    {.bitmap_index = 5774, .adv_w = 178, .box_w = 12, .box_h = 14, .ofs_x = 0, .ofs_y = -4},
    {.bitmap_index = 5858, .adv_w = 155, .box_w = 9, .box_h = 10, .ofs_x = 0, .ofs_y = 0},
    {.bitmap_index = 5903, .adv_w = 125, .box_w = 6, .box_h = 18, .ofs_x = 1, .ofs_y = -2},
    {.bitmap_index = 5957, .adv_w = 82, .box_w = 3, .box_h = 20, .ofs_x = 1, .ofs_y = -4},
    {.bitmap_index = 5987, .adv_w = 125, .box_w = 6, .box_h = 18, .ofs_x = 1, .ofs_y = -2},
    {.bitmap_index = 6041, .adv_w = 201, .box_w = 11, .box_h = 5, .ofs_x = 1, .ofs_y = 4},
    {.bitmap_index = 6069, .adv_w = 77, .box_w = 0, .box_h = 0, .ofs_x = 0, .ofs_y = 0},
    {.bitmap_index = 6069, .adv_w = 95, .box_w = 4, .box_h = 14, .ofs_x = 1, .ofs_y = -4},
    {.bitmap_index = 6097, .adv_w = 172, .box_w = 11, .box_h = 14, .ofs_x = 0, .ofs_y = 0},
    {.bitmap_index = 6174, .adv_w = 188, .box_w = 11, .box_h = 14, .ofs_x = 0, .ofs_y = 0},
    {.bitmap_index = 6251, .adv_w = 186, .box_w = 10, .box_h = 9, .ofs_x = 1, .ofs_y = 2},
    {.bitmap_index = 6296, .adv_w = 184, .box_w = 12, .box_h = 14, .ofs_x = 0, .ofs_y = 0},
    {.bitmap_index = 6380, .adv_w = 93, .box_w = 2, .box_h = 20, .ofs_x = 2, .ofs_y = -4},
    {.bitmap_index = 6400, .adv_w = 173, .box_w = 9, .box_h = 16, .ofs_x = 1, .ofs_y = -2},
    {.bitmap_index = 6472, .adv_w = 149, .box_w = 9, .box_h = 3, .ofs_x = 0, .ofs_y = 12},
    {.bitmap_index = 6486, .adv_w = 257, .box_w = 16, .box_h = 14, .ofs_x = 0, .ofs_y = 0},
    {.bitmap_index = 6598, .adv_w = 107, .box_w = 6, .box_h = 7, .ofs_x = 0, .ofs_y = 8},
    {.bitmap_index = 6619, .adv_w = 192, .box_w = 11, .box_h = 8, .ofs_x = 0, .ofs_y = 2},
    {.bitmap_index = 6663, .adv_w = 201, .box_w = 8, .box_h = 4, .ofs_x = 2, .ofs_y = 4},
    {.bitmap_index = 6679, .adv_w = 198, .box_w = 12, .box_h = 12, .ofs_x = 0, .ofs_y = 2},
    {.bitmap_index = 6751, .adv_w = 96, .box_w = 8, .box_h = 2, .ofs_x = -1, .ofs_y = 11},
    {.bitmap_index = 6759, .adv_w = 120, .box_w = 7, .box_h = 6, .ofs_x = 0, .ofs_y = 8},
    {.bitmap_index = 6780, .adv_w = 201, .box_w = 10, .box_h = 11, .ofs_x = 1, .ofs_y = 0},
    {.bitmap_index = 6835, .adv_w = 117, .box_w = 7, .box_h = 8, .ofs_x = 0, .ofs_y = 8},
    {.bitmap_index = 6863, .adv_w = 113, .box_w = 7, .box_h = 8, .ofs_x = 0, .ofs_y = 8},
    {.bitmap_index = 6891, .adv_w = 79, .box_w = 5, .box_h = 3, .ofs_x = 0, .ofs_y = 11},
    {.bitmap_index = 6899, .adv_w = 180, .box_w = 10, .box_h = 14, .ofs_x = 1, .ofs_y = -4},
    {.bitmap_index = 6969, .adv_w = 182, .box_w = 10, .box_h = 16, .ofs_x = 0, .ofs_y = -2},
    {.bitmap_index = 7049, .adv_w = 83, .box_w = 3, .box_h = 3, .ofs_x = 1, .ofs_y = 5},
    {.bitmap_index = 7054, .adv_w = 73, .box_w = 5, .box_h = 5, .ofs_x = 0, .ofs_y = -5},
    {.bitmap_index = 7067, .adv_w = 90, .box_w = 5, .box_h = 8, .ofs_x = 0, .ofs_y = 8},
    {.bitmap_index = 7087, .adv_w = 116, .box_w = 7, .box_h = 6, .ofs_x = 0, .ofs_y = 8},
    {.bitmap_index = 7108, .adv_w = 192, .box_w = 11, .box_h = 8, .ofs_x = 1, .ofs_y = 2},
    {.bitmap_index = 7152, .adv_w = 267, .box_w = 17, .box_h = 14, .ofs_x = 0, .ofs_y = 0},
    {.bitmap_index = 7271, .adv_w = 277, .box_w = 17, .box_h = 14, .ofs_x = 0, .ofs_y = 0},
    {.bitmap_index = 7390, .adv_w = 291, .box_w = 18, .box_h = 15, .ofs_x = 0, .ofs_y = 0},
    {.bitmap_index = 7525, .adv_w = 149, .box_w = 10, .box_h = 14, .ofs_x = 0, .ofs_y = -4},
    {.bitmap_index = 7595, .adv_w = 224, .box_w = 14, .box_h = 18, .ofs_x = 0, .ofs_y = 0},
    {.bitmap_index = 7721, .adv_w = 224, .box_w = 14, .box_h = 17, .ofs_x = 0, .ofs_y = 0},
    {.bitmap_index = 7840, .adv_w = 224, .box_w = 14, .box_h = 18, .ofs_x = 0, .ofs_y = 0},
    {.bitmap_index = 7966, .adv_w = 224, .box_w = 14, .box_h = 18, .ofs_x = 0, .ofs_y = 0},
    {.bitmap_index = 8092, .adv_w = 224, .box_w = 14, .box_h = 18, .ofs_x = 0, .ofs_y = 0},
    {.bitmap_index = 8218, .adv_w = 224, .box_w = 14, .box_h = 19, .ofs_x = 0, .ofs_y = 0},
    {.bitmap_index = 8351, .adv_w = 324, .box_w = 19, .box_h = 14, .ofs_x = 0, .ofs_y = 0},
    {.bitmap_index = 8484, .adv_w = 231, .box_w = 14, .box_h = 18, .ofs_x = 0, .ofs_y = -4},
    {.bitmap_index = 8610, .adv_w = 189, .box_w = 10, .box_h = 18, .ofs_x = 1, .ofs_y = 0},
    {.bitmap_index = 8700, .adv_w = 189, .box_w = 10, .box_h = 17, .ofs_x = 1, .ofs_y = 0},
    {.bitmap_index = 8785, .adv_w = 189, .box_w = 10, .box_h = 18, .ofs_x = 1, .ofs_y = 0},
    {.bitmap_index = 8875, .adv_w = 189, .box_w = 10, .box_h = 18, .ofs_x = 1, .ofs_y = 0},
    {.bitmap_index = 8965, .adv_w = 90, .box_w = 5, .box_h = 18, .ofs_x = 0, .ofs_y = 0},
    {.bitmap_index = 9010, .adv_w = 90, .box_w = 6, .box_h = 17, .ofs_x = 1, .ofs_y = 0},
    {.bitmap_index = 9061, .adv_w = 90, .box_w = 8, .box_h = 18, .ofs_x = -1, .ofs_y = 0},
    {.bitmap_index = 9133, .adv_w = 93, .box_w = 6, .box_h = 18, .ofs_x = 0, .ofs_y = 0},
    {.bitmap_index = 9187, .adv_w = 239, .box_w = 14, .box_h = 14, .ofs_x = 1, .ofs_y = 0},
    {.bitmap_index = 9285, .adv_w = 248, .box_w = 13, .box_h = 17, .ofs_x = 1, .ofs_y = 0},
    {.bitmap_index = 9396, .adv_w = 251, .box_w = 15, .box_h = 18, .ofs_x = 0, .ofs_y = 0},
    {.bitmap_index = 9531, .adv_w = 251, .box_w = 15, .box_h = 18, .ofs_x = 0, .ofs_y = 0},
    {.bitmap_index = 9666, .adv_w = 251, .box_w = 15, .box_h = 18, .ofs_x = 0, .ofs_y = 0},
    {.bitmap_index = 9801, .adv_w = 251, .box_w = 15, .box_h = 18, .ofs_x = 0, .ofs_y = 0},
    {.bitmap_index = 9936, .adv_w = 251, .box_w = 15, .box_h = 18, .ofs_x = 0, .ofs_y = 0},
    {.bitmap_index = 10071, .adv_w = 201, .box_w = 9, .box_h = 9, .ofs_x = 2, .ofs_y = 1},
    {.bitmap_index = 10112, .adv_w = 252, .box_w = 16, .box_h = 14, .ofs_x = 0, .ofs_y = 0},
    {.bitmap_index = 10224, .adv_w = 226, .box_w = 12, .box_h = 18, .ofs_x = 1, .ofs_y = 0},
    {.bitmap_index = 10332, .adv_w = 226, .box_w = 12, .box_h = 18, .ofs_x = 1, .ofs_y = 0},
    {.bitmap_index = 10440, .adv_w = 226, .box_w = 12, .box_h = 18, .ofs_x = 1, .ofs_y = 0},
    {.bitmap_index = 10548, .adv_w = 226, .box_w = 12, .box_h = 18, .ofs_x = 1, .ofs_y = 0},
    {.bitmap_index = 10656, .adv_w = 202, .box_w = 13, .box_h = 17, .ofs_x = 0, .ofs_y = 0},
    {.bitmap_index = 10767, .adv_w = 193, .box_w = 11, .box_h = 14, .ofs_x = 1, .ofs_y = 0},
    {.bitmap_index = 10844, .adv_w = 185, .box_w = 10, .box_h = 14, .ofs_x = 1, .ofs_y = 0},
    {.bitmap_index = 10914, .adv_w = 166, .box_w = 10, .box_h = 14, .ofs_x = 0, .ofs_y = 0},
    {.bitmap_index = 10984, .adv_w = 166, .box_w = 10, .box_h = 14, .ofs_x = 0, .ofs_y = 0},
    {.bitmap_index = 11054, .adv_w = 166, .box_w = 10, .box_h = 14, .ofs_x = 0, .ofs_y = 0},
    {.bitmap_index = 11124, .adv_w = 166, .box_w = 10, .box_h = 14, .ofs_x = 0, .ofs_y = 0},
    {.bitmap_index = 11194, .adv_w = 166, .box_w = 10, .box_h = 15, .ofs_x = 0, .ofs_y = 0},
    {.bitmap_index = 11269, .adv_w = 166, .box_w = 10, .box_h = 16, .ofs_x = 0, .ofs_y = 0},
    {.bitmap_index = 11349, .adv_w = 280, .box_w = 17, .box_h = 10, .ofs_x = 0, .ofs_y = 0},
    {.bitmap_index = 11434, .adv_w = 174, .box_w = 11, .box_h = 14, .ofs_x = 0, .ofs_y = -4},
    {.bitmap_index = 11511, .adv_w = 177, .box_w = 11, .box_h = 14, .ofs_x = 0, .ofs_y = 0},
    {.bitmap_index = 11588, .adv_w = 177, .box_w = 11, .box_h = 14, .ofs_x = 0, .ofs_y = 0},
    {.bitmap_index = 11665, .adv_w = 177, .box_w = 11, .box_h = 14, .ofs_x = 0, .ofs_y = 0},
    {.bitmap_index = 11742, .adv_w = 177, .box_w = 11, .box_h = 15, .ofs_x = 0, .ofs_y = 0},
    {.bitmap_index = 11825, .adv_w = 80, .box_w = 6, .box_h = 14, .ofs_x = -1, .ofs_y = 0},
    {.bitmap_index = 11867, .adv_w = 80, .box_w = 6, .box_h = 14, .ofs_x = 0, .ofs_y = 0},
    {.bitmap_index = 11909, .adv_w = 80, .box_w = 9, .box_h = 14, .ofs_x = -2, .ofs_y = 0},
    {.bitmap_index = 11972, .adv_w = 80, .box_w = 7, .box_h = 15, .ofs_x = -1, .ofs_y = 0},
    {.bitmap_index = 12025, .adv_w = 185, .box_w = 11, .box_h = 15, .ofs_x = 0, .ofs_y = 0},
    {.bitmap_index = 12108, .adv_w = 180, .box_w = 10, .box_h = 14, .ofs_x = 1, .ofs_y = 0},
    {.bitmap_index = 12178, .adv_w = 186, .box_w = 11, .box_h = 14, .ofs_x = 0, .ofs_y = 0},
    {.bitmap_index = 12255, .adv_w = 186, .box_w = 11, .box_h = 14, .ofs_x = 0, .ofs_y = 0},
    {.bitmap_index = 12332, .adv_w = 186, .box_w = 11, .box_h = 14, .ofs_x = 0, .ofs_y = 0},
    {.bitmap_index = 12409, .adv_w = 186, .box_w = 11, .box_h = 14, .ofs_x = 0, .ofs_y = 0},
    {.bitmap_index = 12486, .adv_w = 186, .box_w = 11, .box_h = 15, .ofs_x = 0, .ofs_y = 0},
    {.bitmap_index = 12569, .adv_w = 201, .box_w = 9, .box_h = 9, .ofs_x = 2, .ofs_y = 1},
    {.bitmap_index = 12610, .adv_w = 185, .box_w = 12, .box_h = 10, .ofs_x = 0, .ofs_y = 0},
    {.bitmap_index = 12670, .adv_w = 180, .box_w = 10, .box_h = 14, .ofs_x = 1, .ofs_y = 0},
    {.bitmap_index = 12740, .adv_w = 180, .box_w = 10, .box_h = 14, .ofs_x = 1, .ofs_y = 0},
    {.bitmap_index = 12810, .adv_w = 180, .box_w = 10, .box_h = 14, .ofs_x = 1, .ofs_y = 0},
    {.bitmap_index = 12880, .adv_w = 180, .box_w = 10, .box_h = 15, .ofs_x = 1, .ofs_y = 0},
    {.bitmap_index = 12955, .adv_w = 178, .box_w = 12, .box_h = 18, .ofs_x = 0, .ofs_y = -4},
    {.bitmap_index = 13063, .adv_w = 189, .box_w = 11, .box_h = 18, .ofs_x = 1, .ofs_y = -4},
    {.bitmap_index = 13162, .adv_w = 178, .box_w = 12, .box_h = 19, .ofs_x = 0, .ofs_y = -4},
    {.bitmap_index = 13276, .adv_w = 224, .box_w = 14, .box_h = 17, .ofs_x = 0, .ofs_y = 0},
    {.bitmap_index = 13395, .adv_w = 166, .box_w = 10, .box_h = 13, .ofs_x = 0, .ofs_y = 0},
    {.bitmap_index = 13460, .adv_w = 224, .box_w = 14, .box_h = 18, .ofs_x = 0, .ofs_y = 0},
    {.bitmap_index = 13586, .adv_w = 166, .box_w = 10, .box_h = 14, .ofs_x = 0, .ofs_y = 0},
    {.bitmap_index = 13656, .adv_w = 224, .box_w = 15, .box_h = 18, .ofs_x = 0, .ofs_y = -4},
    {.bitmap_index = 13791, .adv_w = 166, .box_w = 10, .box_h = 14, .ofs_x = 0, .ofs_y = -4},
    {.bitmap_index = 13861, .adv_w = 231, .box_w = 14, .box_h = 18, .ofs_x = 0, .ofs_y = 0},
    {.bitmap_index = 13987, .adv_w = 174, .box_w = 11, .box_h = 14, .ofs_x = 0, .ofs_y = 0},
    {.bitmap_index = 14064, .adv_w = 231, .box_w = 14, .box_h = 18, .ofs_x = 0, .ofs_y = 0},
    {.bitmap_index = 14190, .adv_w = 174, .box_w = 11, .box_h = 14, .ofs_x = 0, .ofs_y = 0},
    {.bitmap_index = 14267, .adv_w = 231, .box_w = 14, .box_h = 18, .ofs_x = 0, .ofs_y = 0},
    {.bitmap_index = 14393, .adv_w = 174, .box_w = 11, .box_h = 15, .ofs_x = 0, .ofs_y = 0},
    {.bitmap_index = 14476, .adv_w = 231, .box_w = 14, .box_h = 18, .ofs_x = 0, .ofs_y = 0},
    {.bitmap_index = 14602, .adv_w = 174, .box_w = 11, .box_h = 14, .ofs_x = 0, .ofs_y = 0},
    {.bitmap_index = 14679, .adv_w = 222, .box_w = 13, .box_h = 18, .ofs_x = 1, .ofs_y = 0},
    {.bitmap_index = 14796, .adv_w = 189, .box_w = 14, .box_h = 14, .ofs_x = 0, .ofs_y = 0},
    {.bitmap_index = 14894, .adv_w = 239, .box_w = 14, .box_h = 14, .ofs_x = 1, .ofs_y = 0},
    {.bitmap_index = 14992, .adv_w = 189, .box_w = 12, .box_h = 14, .ofs_x = 0, .ofs_y = 0},
    {.bitmap_index = 15076, .adv_w = 189, .box_w = 10, .box_h = 17, .ofs_x = 1, .ofs_y = 0},
    {.bitmap_index = 15161, .adv_w = 177, .box_w = 11, .box_h = 13, .ofs_x = 0, .ofs_y = 0},
    {.bitmap_index = 15233, .adv_w = 189, .box_w = 10, .box_h = 18, .ofs_x = 1, .ofs_y = 0},
    {.bitmap_index = 15323, .adv_w = 177, .box_w = 11, .box_h = 15, .ofs_x = 0, .ofs_y = 0},
    {.bitmap_index = 15406, .adv_w = 189, .box_w = 10, .box_h = 18, .ofs_x = 1, .ofs_y = -4},
    {.bitmap_index = 15496, .adv_w = 177, .box_w = 11, .box_h = 14, .ofs_x = 0, .ofs_y = -4},
    {.bitmap_index = 15573, .adv_w = 189, .box_w = 10, .box_h = 18, .ofs_x = 1, .ofs_y = 0},
    {.bitmap_index = 15663, .adv_w = 177, .box_w = 11, .box_h = 14, .ofs_x = 0, .ofs_y = 0},
    {.bitmap_index = 15740, .adv_w = 240, .box_w = 15, .box_h = 18, .ofs_x = 0, .ofs_y = 0},
    {.bitmap_index = 15875, .adv_w = 191, .box_w = 11, .box_h = 18, .ofs_x = 0, .ofs_y = -4},
    {.bitmap_index = 15974, .adv_w = 240, .box_w = 15, .box_h = 18, .ofs_x = 0, .ofs_y = 0},
    {.bitmap_index = 16109, .adv_w = 191, .box_w = 11, .box_h = 18, .ofs_x = 0, .ofs_y = -4},
    {.bitmap_index = 16208, .adv_w = 240, .box_w = 15, .box_h = 19, .ofs_x = 0, .ofs_y = 0},
    {.bitmap_index = 16351, .adv_w = 191, .box_w = 11, .box_h = 19, .ofs_x = 0, .ofs_y = -4},
    {.bitmap_index = 16456, .adv_w = 240, .box_w = 15, .box_h = 18, .ofs_x = 0, .ofs_y = -4},
    {.bitmap_index = 16591, .adv_w = 191, .box_w = 11, .box_h = 18, .ofs_x = 0, .ofs_y = -4},
    {.bitmap_index = 16690, .adv_w = 240, .box_w = 13, .box_h = 18, .ofs_x = 1, .ofs_y = 0},
    {.bitmap_index = 16807, .adv_w = 181, .box_w = 13, .box_h = 18, .ofs_x = -2, .ofs_y = 0},
    {.bitmap_index = 16924, .adv_w = 240, .box_w = 15, .box_h = 14, .ofs_x = 0, .ofs_y = 0},
    {.bitmap_index = 17029, .adv_w = 181, .box_w = 11, .box_h = 14, .ofs_x = 0, .ofs_y = 0},
    {.bitmap_index = 17106, .adv_w = 90, .box_w = 8, .box_h = 17, .ofs_x = -1, .ofs_y = 0},
    {.bitmap_index = 17174, .adv_w = 80, .box_w = 7, .box_h = 13, .ofs_x = -1, .ofs_y = 0},
    {.bitmap_index = 17220, .adv_w = 90, .box_w = 5, .box_h = 18, .ofs_x = 0, .ofs_y = -4},
    {.bitmap_index = 17265, .adv_w = 80, .box_w = 5, .box_h = 19, .ofs_x = 0, .ofs_y = -4},
    {.bitmap_index = 17313, .adv_w = 90, .box_w = 4, .box_h = 18, .ofs_x = 1, .ofs_y = 0},
    {.bitmap_index = 17349, .adv_w = 80, .box_w = 3, .box_h = 10, .ofs_x = 1, .ofs_y = 0},
    {.bitmap_index = 17364, .adv_w = 262, .box_w = 14, .box_h = 14, .ofs_x = 1, .ofs_y = 0},
    {.bitmap_index = 17462, .adv_w = 170, .box_w = 9, .box_h = 19, .ofs_x = 1, .ofs_y = -4},
    {.bitmap_index = 17548, .adv_w = 172, .box_w = 12, .box_h = 18, .ofs_x = 0, .ofs_y = 0},
    {.bitmap_index = 17656, .adv_w = 87, .box_w = 9, .box_h = 18, .ofs_x = -2, .ofs_y = -4},
    {.bitmap_index = 17737, .adv_w = 206, .box_w = 12, .box_h = 18, .ofs_x = 1, .ofs_y = -4},
    {.bitmap_index = 17845, .adv_w = 165, .box_w = 10, .box_h = 18, .ofs_x = 1, .ofs_y = -4},
    {.bitmap_index = 17935, .adv_w = 170, .box_w = 10, .box_h = 18, .ofs_x = 1, .ofs_y = 0},
    {.bitmap_index = 18025, .adv_w = 76, .box_w = 6, .box_h = 18, .ofs_x = 0, .ofs_y = 0},
    {.bitmap_index = 18079, .adv_w = 170, .box_w = 10, .box_h = 18, .ofs_x = 1, .ofs_y = -4},
    {.bitmap_index = 18169, .adv_w = 76, .box_w = 4, .box_h = 18, .ofs_x = 0, .ofs_y = -4},
    {.bitmap_index = 18205, .adv_w = 170, .box_w = 10, .box_h = 15, .ofs_x = 1, .ofs_y = 0},
    {.bitmap_index = 18280, .adv_w = 76, .box_w = 6, .box_h = 14, .ofs_x = 1, .ofs_y = 0},
    {.bitmap_index = 18322, .adv_w = 170, .box_w = 11, .box_h = 14, .ofs_x = 0, .ofs_y = 0},
    {.bitmap_index = 18399, .adv_w = 91, .box_w = 6, .box_h = 14, .ofs_x = 0, .ofs_y = 0},
    {.bitmap_index = 18441, .adv_w = 248, .box_w = 13, .box_h = 17, .ofs_x = 1, .ofs_y = 0},
    {.bitmap_index = 18552, .adv_w = 180, .box_w = 10, .box_h = 14, .ofs_x = 1, .ofs_y = 0},
    {.bitmap_index = 18622, .adv_w = 248, .box_w = 13, .box_h = 18, .ofs_x = 1, .ofs_y = -4},
    {.bitmap_index = 18739, .adv_w = 180, .box_w = 10, .box_h = 14, .ofs_x = 1, .ofs_y = -4},
    {.bitmap_index = 18809, .adv_w = 248, .box_w = 13, .box_h = 17, .ofs_x = 1, .ofs_y = 0},
    {.bitmap_index = 18920, .adv_w = 180, .box_w = 10, .box_h = 14, .ofs_x = 1, .ofs_y = 0},
    {.bitmap_index = 18990, .adv_w = 248, .box_w = 13, .box_h = 18, .ofs_x = 1, .ofs_y = -4},
    {.bitmap_index = 19107, .adv_w = 180, .box_w = 10, .box_h = 14, .ofs_x = 1, .ofs_y = -4},
    {.bitmap_index = 19177, .adv_w = 251, .box_w = 15, .box_h = 17, .ofs_x = 0, .ofs_y = 0},
    {.bitmap_index = 19305, .adv_w = 186, .box_w = 11, .box_h = 13, .ofs_x = 0, .ofs_y = 0},
    {.bitmap_index = 19377, .adv_w = 251, .box_w = 15, .box_h = 18, .ofs_x = 0, .ofs_y = 0},
    {.bitmap_index = 19512, .adv_w = 186, .box_w = 11, .box_h = 14, .ofs_x = 0, .ofs_y = 0},
    {.bitmap_index = 19589, .adv_w = 359, .box_w = 21, .box_h = 14, .ofs_x = 0, .ofs_y = 0},
    {.bitmap_index = 19736, .adv_w = 318, .box_w = 20, .box_h = 10, .ofs_x = 0, .ofs_y = 0},
    {.bitmap_index = 19836, .adv_w = 204, .box_w = 12, .box_h = 18, .ofs_x = 1, .ofs_y = 0},
    {.bitmap_index = 19944, .adv_w = 116, .box_w = 7, .box_h = 14, .ofs_x = 1, .ofs_y = 0},
    {.bitmap_index = 19993, .adv_w = 204, .box_w = 12, .box_h = 18, .ofs_x = 1, .ofs_y = -4},
    {.bitmap_index = 20101, .adv_w = 116, .box_w = 8, .box_h = 14, .ofs_x = 0, .ofs_y = -4},
    {.bitmap_index = 20157, .adv_w = 204, .box_w = 12, .box_h = 18, .ofs_x = 1, .ofs_y = 0},
    {.bitmap_index = 20265, .adv_w = 116, .box_w = 9, .box_h = 14, .ofs_x = -1, .ofs_y = 0},
    {.bitmap_index = 20328, .adv_w = 195, .box_w = 12, .box_h = 18, .ofs_x = 0, .ofs_y = 0},
    {.bitmap_index = 20436, .adv_w = 153, .box_w = 9, .box_h = 14, .ofs_x = 0, .ofs_y = 0},
    {.bitmap_index = 20499, .adv_w = 195, .box_w = 12, .box_h = 18, .ofs_x = 0, .ofs_y = 0},
    {.bitmap_index = 20607, .adv_w = 153, .box_w = 9, .box_h = 14, .ofs_x = 0, .ofs_y = 0},
    {.bitmap_index = 20670, .adv_w = 195, .box_w = 12, .box_h = 18, .ofs_x = 0, .ofs_y = -4},
    {.bitmap_index = 20778, .adv_w = 153, .box_w = 9, .box_h = 14, .ofs_x = 0, .ofs_y = -4},
    {.bitmap_index = 20841, .adv_w = 195, .box_w = 12, .box_h = 18, .ofs_x = 0, .ofs_y = 0},
    {.bitmap_index = 20949, .adv_w = 153, .box_w = 9, .box_h = 14, .ofs_x = 0, .ofs_y = 0},
    {.bitmap_index = 21012, .adv_w = 183, .box_w = 12, .box_h = 18, .ofs_x = 0, .ofs_y = 0},
    {.bitmap_index = 21120, .adv_w = 130, .box_w = 8, .box_h = 14, .ofs_x = 0, .ofs_y = 0},
    {.bitmap_index = 21176, .adv_w = 226, .box_w = 12, .box_h = 17, .ofs_x = 1, .ofs_y = 0},
    {.bitmap_index = 21278, .adv_w = 180, .box_w = 10, .box_h = 13, .ofs_x = 1, .ofs_y = 0},
    {.bitmap_index = 21343, .adv_w = 226, .box_w = 12, .box_h = 18, .ofs_x = 1, .ofs_y = 0},
    {.bitmap_index = 21451, .adv_w = 180, .box_w = 10, .box_h = 14, .ofs_x = 1, .ofs_y = 0},
    {.bitmap_index = 21521, .adv_w = 226, .box_w = 12, .box_h = 20, .ofs_x = 1, .ofs_y = 0},
    {.bitmap_index = 21641, .adv_w = 180, .box_w = 10, .box_h = 16, .ofs_x = 1, .ofs_y = 0},
    {.bitmap_index = 21721, .adv_w = 226, .box_w = 12, .box_h = 18, .ofs_x = 1, .ofs_y = 0},
    {.bitmap_index = 21829, .adv_w = 180, .box_w = 10, .box_h = 14, .ofs_x = 1, .ofs_y = 0},
    {.bitmap_index = 21899, .adv_w = 226, .box_w = 12, .box_h = 18, .ofs_x = 1, .ofs_y = -4},
    {.bitmap_index = 22007, .adv_w = 180, .box_w = 10, .box_h = 14, .ofs_x = 1, .ofs_y = -4},
    {.bitmap_index = 22077, .adv_w = 312, .box_w = 20, .box_h = 17, .ofs_x = 0, .ofs_y = 0},
    {.bitmap_index = 22247, .adv_w = 261, .box_w = 17, .box_h = 14, .ofs_x = 0, .ofs_y = 0},
    {.bitmap_index = 22366, .adv_w = 202, .box_w = 13, .box_h = 18, .ofs_x = 0, .ofs_y = 0},
    {.bitmap_index = 22483, .adv_w = 178, .box_w = 12, .box_h = 18, .ofs_x = 0, .ofs_y = -4},
    {.bitmap_index = 22591, .adv_w = 202, .box_w = 13, .box_h = 18, .ofs_x = 0, .ofs_y = 0},
    {.bitmap_index = 22708, .adv_w = 203, .box_w = 12, .box_h = 18, .ofs_x = 0, .ofs_y = 0},
    {.bitmap_index = 22816, .adv_w = 155, .box_w = 9, .box_h = 14, .ofs_x = 0, .ofs_y = 0},
    {.bitmap_index = 22879, .adv_w = 203, .box_w = 12, .box_h = 18, .ofs_x = 0, .ofs_y = 0},
    {.bitmap_index = 22987, .adv_w = 155, .box_w = 9, .box_h = 15, .ofs_x = 0, .ofs_y = 0},
    {.bitmap_index = 23055, .adv_w = 203, .box_w = 12, .box_h = 18, .ofs_x = 0, .ofs_y = 0},
    {.bitmap_index = 23163, .adv_w = 155, .box_w = 9, .box_h = 14, .ofs_x = 0, .ofs_y = 0},
    {.bitmap_index = 23226, .adv_w = 176, .box_w = 11, .box_h = 2, .ofs_x = 0, .ofs_y = 5},
    {.bitmap_index = 23237, .adv_w = 352, .box_w = 22, .box_h = 2, .ofs_x = 0, .ofs_y = 5},
    {.bitmap_index = 23259, .adv_w = 65, .box_w = 4, .box_h = 5, .ofs_x = 0, .ofs_y = 9},
    {.bitmap_index = 23269, .adv_w = 65, .box_w = 4, .box_h = 5, .ofs_x = 0, .ofs_y = 9},
    {.bitmap_index = 23279, .adv_w = 75, .box_w = 5, .box_h = 5, .ofs_x = 0, .ofs_y = -2},
    {.bitmap_index = 23292, .adv_w = 122, .box_w = 8, .box_h = 5, .ofs_x = 0, .ofs_y = 9},
    {.bitmap_index = 23312, .adv_w = 122, .box_w = 8, .box_h = 5, .ofs_x = 0, .ofs_y = 9},
    {.bitmap_index = 23332, .adv_w = 118, .box_w = 8, .box_h = 5, .ofs_x = 0, .ofs_y = -2},
    {.bitmap_index = 23352, .adv_w = 152, .box_w = 6, .box_h = 5, .ofs_x = 2, .ofs_y = 3},
    {.bitmap_index = 23367, .adv_w = 215, .box_w = 13, .box_h = 3, .ofs_x = 0, .ofs_y = 0},
    {.bitmap_index = 23387, .adv_w = 218, .box_w = 14, .box_h = 14, .ofs_x = 0, .ofs_y = 0}
};

/*---------------------
 *  CHARACTER MAPPING
 *--------------------*/

static const uint8_t glyph_id_ofs_list_4[] = {
    0, 1, 0, 0, 2, 3, 4, 5,
    6, 7, 8, 9, 10, 11, 0, 12,
    13, 14, 15, 16, 17, 0, 0, 18,
    19, 20, 21, 22, 23, 24, 25, 0,
    26, 27, 28, 29, 0, 0, 30, 31,
    32, 33, 34, 35, 36, 37, 38, 39,
    40, 41, 42, 43, 44, 45, 46, 47,
    0, 0, 48, 49
};

static const uint16_t unicode_list_6[] = {
    0x0, 0x1, 0x5, 0x6, 0x7, 0x9, 0xa, 0xb,
    0xf, 0x13, 0x99
};

/*Collect the unicode lists and glyph_id offsets*/
static const lv_font_fmt_txt_cmap_t cmaps[] =
{
    {
        .range_start = 32, .range_length = 95, .glyph_id_start = 1,
        .unicode_list = NULL, .glyph_id_ofs_list = NULL, .list_length = 0, .type = LV_FONT_FMT_TXT_CMAP_FORMAT0_TINY
    },
    {
        .range_start = 160, .range_length = 13, .glyph_id_start = 96,
        .unicode_list = NULL, .glyph_id_ofs_list = NULL, .list_length = 0, .type = LV_FONT_FMT_TXT_CMAP_FORMAT0_TINY
    },
    {
        .range_start = 174, .range_length = 102, .glyph_id_start = 109,
        .unicode_list = NULL, .glyph_id_ofs_list = NULL, .list_length = 0, .type = LV_FONT_FMT_TXT_CMAP_FORMAT0_TINY
    },
    {
        .range_start = 278, .range_length = 18, .glyph_id_start = 211,
        .unicode_list = NULL, .glyph_id_ofs_list = NULL, .list_length = 0, .type = LV_FONT_FMT_TXT_CMAP_FORMAT0_TINY
    },
    {
        .range_start = 298, .range_length = 60, .glyph_id_start = 229,
        .unicode_list = NULL, .glyph_id_ofs_list = glyph_id_ofs_list_4, .list_length = 60, .type = LV_FONT_FMT_TXT_CMAP_FORMAT0_FULL
    },
    {
        .range_start = 362, .range_length = 21, .glyph_id_start = 279,
        .unicode_list = NULL, .glyph_id_ofs_list = NULL, .list_length = 0, .type = LV_FONT_FMT_TXT_CMAP_FORMAT0_TINY
    },
    {
        .range_start = 8211, .range_length = 154, .glyph_id_start = 300,
        .unicode_list = unicode_list_6, .glyph_id_ofs_list = NULL, .list_length = 11, .type = LV_FONT_FMT_TXT_CMAP_SPARSE_TINY
    }
};

/*-----------------
 *    KERNING
 *----------------*/


/*Map glyph_ids to kern left classes*/
static const uint8_t kern_left_class_mapping[] =
{
    0, 0, 0, 0, 0, 0, 0, 0,
    0, 1, 0, 0, 0, 0, 0, 0,
    0, 0, 0, 0, 0, 0, 0, 0,
    0, 0, 0, 0, 0, 0, 0, 0,
    0, 0, 2, 0, 0, 3, 0, 4,
    5, 0, 0, 0, 6, 7, 0, 0,
    8, 9, 0, 10, 0, 11, 3, 12,
    13, 14, 15, 0, 0, 0, 0, 0,
    0, 0, 16, 17, 17, 0, 17, 18,
    0, 16, 0, 0, 19, 0, 16, 20,
    17, 17, 0, 0, 21, 22, 0, 23,
    23, 24, 23, 0, 0, 0, 0, 0,
    0, 0, 0, 0, 0, 0, 0, 0,
    0, 0, 0, 0, 0, 0, 0, 0,
    0, 0, 0, 0, 0, 0, 0, 0,
    0, 0, 0, 0, 0, 0, 0, 25,
    25, 25, 25, 25, 25, 0, 0, 0,
    0, 0, 0, 0, 0, 0, 0, 3,
    0, 3, 3, 3, 3, 3, 0, 3,
    3, 3, 3, 3, 26, 0, 0, 16,
    16, 16, 16, 16, 16, 17, 17, 17,
    17, 17, 17, 0, 0, 0, 0, 0,
    16, 17, 17, 17, 17, 17, 0, 17,
    0, 0, 0, 0, 23, 17, 23, 25,
    16, 25, 16, 27, 28, 0, 17, 0,
    17, 0, 17, 0, 17, 3, 29, 3,
    0, 0, 17, 0, 17, 30, 31, 0,
    0, 0, 0, 0, 0, 0, 0, 0,
    0, 0, 0, 0, 0, 0, 0, 30,
    32, 0, 0, 0, 0, 0, 0, 0,
    19, 0, 0, 0, 0, 0, 29, 0,
    0, 0, 16, 0, 16, 0, 16, 0,
    0, 3, 17, 3, 17, 0, 17, 0,
    0, 0, 0, 0, 0, 0, 0, 0,
    0, 0, 0, 0, 0, 26, 33, 3,
    0, 3, 0, 3, 0, 3, 0, 3,
    30, 26, 23, 26, 23, 26, 0, 0,
    0, 0, 0, 0, 0, 0, 0, 34,
    0, 0, 0, 35, 0, 0, 0
};

/*Map glyph_ids to kern right classes*/
static const uint8_t kern_right_class_mapping[] =
{
    0, 0, 1, 1, 0, 0, 0, 0,
    1, 0, 2, 1, 0, 0, 0, 0,
    0, 0, 0, 0, 0, 0, 0, 0,
    0, 0, 0, 0, 0, 0, 0, 0,
    1, 0, 3, 0, 4, 0, 0, 0,
    5, 0, 6, 0, 0, 0, 0, 0,
    7, 0, 0, 0, 0, 8, 0, 9,
    10, 0, 11, 0, 0, 0, 1, 0,
    0, 0, 12, 0, 12, 12, 12, 13,
    12, 13, 13, 14, 13, 13, 15, 15,
    12, 15, 12, 15, 16, 13, 15, 17,
    17, 18, 17, 19, 0, 0, 1, 0,
    0, 0, 0, 0, 0, 0, 0, 0,
    0, 0, 0, 0, 0, 0, 0, 0,
    0, 0, 0, 0, 0, 0, 0, 0,
    0, 0, 0, 0, 0, 0, 0, 20,
    20, 20, 20, 20, 20, 20, 0, 0,
    0, 0, 0, 0, 0, 0, 0, 0,
    0, 0, 0, 0, 0, 0, 0, 0,
    0, 0, 0, 0, 21, 0, 0, 12,
    12, 12, 12, 13, 12, 12, 12, 12,
    12, 12, 12, 13, 13, 13, 13, 12,
    15, 12, 12, 12, 12, 12, 0, 12,
    15, 15, 15, 15, 17, 0, 17, 20,
    12, 20, 12, 20, 12, 0, 12, 0,
    12, 0, 12, 0, 12, 0, 12, 0,
    12, 0, 12, 0, 12, 0, 12, 0,
    13, 0, 0, 0, 12, 0, 12, 0,
    12, 0, 0, 0, 13, 0, 13, 0,
    0, 0, 0, 0, 0, 0, 0, 0,
    13, 0, 13, 0, 13, 0, 13, 0,
    13, 0, 15, 0, 15, 0, 15, 0,
    15, 0, 12, 0, 12, 0, 12, 0,
    15, 0, 15, 0, 15, 0, 15, 0,
    15, 0, 15, 0, 15, 21, 13, 0,
    15, 0, 15, 0, 15, 0, 15, 0,
    15, 21, 17, 21, 17, 21, 0, 15,
    0, 15, 0, 15, 0, 0, 0, 22,
    0, 1, 1, 0, 0, 0, 0
};

/*Kern values between classes*/
static const int8_t kern_class_values[] =
{
    0, 0, 0, 0, 0, 0, 0, 0,
    0, 0, 0, -3, 0, 0, -1, -1,
    0, 0, -1, 0, 0, 0, 0, 0,
    0, -8, -11, 0, -8, -11, -20, -17,
    -8, -3, 0, 0, 0, 0, -10, 0,
    0, 0, 0, 0, 0, 0, 0, 0,
    0, 0, 0, -5, -5, -5, -5, 0,
    0, 0, 0, 0, 0, 0, 0, 0,
    -5, 0, 0, 0, 0, 0, 0, 0,
    0, 0, 0, 0, 0, -2, 0, -1,
    -3, -3, -1, 0, -3, 0, 0, 0,
    0, 0, -5, 0, 0, -4, 0, 0,
    0, 0, 0, 0, 0, 0, 0, 0,
    0, 0, 0, 0, 0, 0, 0, 0,
    0, 0, 0, 0, 0, 0, 0, 0,
    0, -7, 0, 0, -2, -2, -7, 0,
    -2, 0, 0, 0, 0, 0, 0, 0,
    0, 0, -5, -27, 0, 0, -11, 0,
    0, 0, 0, 0, -4, 0, 0, 0,
    0, 0, 0, 0, 0, 0, 0, 0,
    0, -5, -5, -5, -6, 0, 0, 0,
    0, 0, 0, 0, 0, 0, -5, 0,
    0, 0, 0, 0, 0, 0, 0, 0,
    0, 0, 0, -3, 0, 0, -1, -1,
    0, 0, -1, 0, 0, 0, 0, 0,
    1, 0, 0, 0, 0, -3, 0, 0,
    0, 0, 0, 0, 0, 0, -4, 0,
    0, 0, 0, 0, 0, 0, -21, 0,
    0, 0, 0, 0, 0, 0, 0, -20,
    0, 0, -13, -13, -10, 0, -10, 0,
    0, 0, 0, 0, -20, 0, 0, 0,
    -3, 0, 0, 0, 0, -13, 0, 0,
    -4, -4, 0, 0, -4, 0, 0, 0,
    0, 0, -17, 0, 0, 0, 0, 0,
    0, 0, 0, -13, 0, 0, -3, -3,
    -1, 0, -3, 0, 0, 0, 0, 0,
    0, 0, 0, 0, 0, 0, 0, 0,
    0, -9, 0, 0, 0, 0, -7, 0,
    0, 0, 0, 0, 0, 0, 0, 0,
    0, 0, 0, 0, 0, 0, 0, -24,
    0, 0, -13, -13, -8, 0, -15, 0,
    0, 0, 0, 0, 0, 0, 0, 0,
    0, 0, 0, 0, 0, 0, 0, 0,
    0, 0, -4, 0, 0, 0, 0, 0,
    0, -3, 0, 0, 0, 0, 0, 0,
    0, 0, 0, 0, 0, 0, 0, 0,
    -6, -4, 0, 0, 0, 0, 0, 0,
    0, 0, 0, 0, 0, 0, 0, 0,
    0, -3, 0, 0, 0, 0, 0, 0,
    0, 0, 0, 0, 0, -1, 0, 0,
    0, 0, 0, 0, 0, 0, 0, -6,
    0, 0, 0, 0, 0, 0, 0, 0,
    0, 0, 0, -1, 0, 0, 0, 0,
    0, 0, 0, 0, 0, 0, 0, 0,
    0, 0, -4, 0, 0, 0, 0, 0,
    0, 0, 0, 0, 0, 0, 0, 0,
    0, 0, 0, 0, 0, 0, 0, 0,
    0, 0, 0, 0, 0, 0, 0, 0,
    0, 0, 0, 0, 0, 0, 0, 0,
    0, -2, 0, 0, 0, 0, 0, 0,
    0, 0, 0, 0, 0, 0, 0, 0,
    0, 0, 0, 0, 0, 0, 0, -4,
    0, 0, 0, 0, 0, 0, 0, 0,
    0, 7, 0, 0, 0, 0, 0, 0,
    0, 0, 0, 0, 0, -4, 0, 0,
    0, 0, 0, 0, 0, 0, 0, 0,
    0, 0, 0, 0, 0, 0, 0, 0,
    0, 0, 0, 0, 0, 0, 0, 0,
    -10, 0, 0, 0, 0, 0, 0, 0,
    0, 0, 0, 0, 0, 0, 0, 0,
    0, -7, 0, 0, 0, 0, 0, 0,
    0, 0, 0, 0, 0, 0, 0, 0,
    0, 0, 0, 0, 0, 0, 0, 0,
    0, 35, 0, 0, 0, 0, 0, 0,
    0, 0, 0, 0, 0, 0, 0, 0,
    0, 0, 0, 0, 0, 0, 0, 19,
    0, 0, -4, 0, 0, 0, 0, 0,
    29, 29, 0, 0, 0, 0, 0, 0,
    0, 0, 0, 0, 29, 0, 0, 0,
    0, 0, 0, 0, 0, 0, 0, 0,
    0, 0, 0, 0, 0, 0, 0, 0,
    0, 0, 0, 12, 0, 0, 0, 0,
    0, 0, 0, 0, 0, 0, 0, 0,
    0, 0, 0, 0, 0, 0, 0, 0,
    0, 19, 0, 0, 0, 0, 0, 0,
    0, 0, 0, 0, 0, 0, 0, 0,
    0, 0, 0, 0, 0, 0, 0, 12,
    0, 0, 0, 0, 0, 0, 0, 0,
    0, 0, 0, 0, 0, 0, 0, 0,
    0, 0, 0, -2, 28, 0, 0, 0,
    0, 0, 0, 0, 0, 0, 0, 0,
    0, 0, 0, 0, 0, 0, 0, 0,
    0, 0, 0, 0, 0, -25, 0, 0,
    0, 0, 0, 0, 0, 0, 7, 0,
    0, 0, 0, 0, 0, 0, 0, 0,
    0, 0, 0, 0, 0, 0, 0, 7,
    0, 0
};


/*Collect the kern class' data in one place*/
static const lv_font_fmt_txt_kern_classes_t kern_classes =
{
    .class_pair_values   = kern_class_values,
    .left_class_mapping  = kern_left_class_mapping,
    .right_class_mapping = kern_right_class_mapping,
    .left_class_cnt      = 35,
    .right_class_cnt     = 22,
};

/*--------------------
 *  ALL CUSTOM DATA
 *--------------------*/

#if LVGL_VERSION_MAJOR == 8
/*Store all the custom data of the font*/
static  lv_font_fmt_txt_glyph_cache_t cache;
#endif

#if LVGL_VERSION_MAJOR >= 8
static const lv_font_fmt_txt_dsc_t font_dsc = {
#else
static lv_font_fmt_txt_dsc_t font_dsc = {
#endif
    .glyph_bitmap = glyph_bitmap,
    .glyph_dsc = glyph_dsc,
    .cmaps = cmaps,
    .kern_dsc = &kern_classes,
    .kern_scale = 16,
    .cmap_num = 7,
    .bpp = 4,
    .kern_classes = 1,
    .bitmap_format = 0,
#if LVGL_VERSION_MAJOR == 8
    .cache = &cache
#endif
};



/*-----------------
 *  PUBLIC FONT
 *----------------*/

/*Initialize a public general font descriptor*/
#if LVGL_VERSION_MAJOR >= 8
const lv_font_t fig_sb_20 = {
#else
lv_font_t fig_sb_20 = {
#endif
    .get_glyph_dsc = lv_font_get_glyph_dsc_fmt_txt,    /*Function pointer to get glyph's data*/
    .get_glyph_bitmap = lv_font_get_bitmap_fmt_txt,    /*Function pointer to get glyph's bitmap*/
    .line_height = 25,          /*The maximum line height required by the font*/
    .base_line = 5,             /*Baseline measured from the bottom of the line*/
#if !(LVGL_VERSION_MAJOR == 6 && LVGL_VERSION_MINOR == 0)
    .subpx = LV_FONT_SUBPX_NONE,
#endif
#if LV_VERSION_CHECK(7, 4, 0) || LVGL_VERSION_MAJOR >= 8
    .underline_position = -2,
    .underline_thickness = 1,
#endif
    .dsc = &font_dsc,          /*The custom font data. Will be accessed by `get_glyph_bitmap/dsc` */
#if LV_VERSION_CHECK(8, 2, 0) || LVGL_VERSION_MAJOR >= 9
    .fallback = NULL,
#endif
    .user_data = NULL,
};



#endif /*#if FIG_SB_20*/

