/*******************************************************************************
 * Size: 17 px
 * Bpp: 4
 * Opts: --font src\Figtree-Medium.ttf --size 17 --bpp 4 --format lvgl --range 0x20-0x7E,0xA0-0x17F,0x2013-0x2014,0x2018-0x201E,0x2022,0x2026,0x20AC --no-compress --lv-include lvgl.h --lv-font-name fig_md_17 -o fig_md_17.c
 ******************************************************************************/

#ifdef LV_LVGL_H_INCLUDE_SIMPLE
#include "lvgl.h"
#else
#include "lvgl.h"
#endif

#ifndef FIG_MD_17
#define FIG_MD_17 1
#endif

#if FIG_MD_17

/*-----------------
 *    BITMAPS
 *----------------*/

/*Store the image of the glyphs*/
static LV_ATTRIBUTE_LARGE_CONST const uint8_t glyph_bitmap[] = {
    /* U+0020 " " */

    /* U+0021 "!" */
    0x4f, 0x64, 0xf6, 0x4f, 0x64, 0xf6, 0x4f, 0x64,
    0xf6, 0x4f, 0x63, 0xf5, 0x2a, 0x30, 0x20, 0x5f,
    0x74, 0xf5,

    /* U+0022 "\"" */
    0xf8, 0xbd, 0xe8, 0xac, 0xe7, 0xac, 0xd7, 0x9b,
    0x21, 0x12,

    /* U+0023 "#" */
    0x0, 0x4, 0xe0, 0x8, 0xb0, 0x0, 0x0, 0x7c,
    0x0, 0xb8, 0x0, 0x0, 0xa, 0x90, 0xe, 0x50,
    0x1, 0xff, 0xff, 0xff, 0xff, 0xf7, 0x2, 0x3f,
    0x52, 0x5f, 0x32, 0x10, 0x2, 0xf1, 0x5, 0xe0,
    0x0, 0x0, 0x5e, 0x0, 0x8b, 0x0, 0xb, 0xff,
    0xff, 0xff, 0xff, 0xc0, 0x22, 0xba, 0x22, 0xe8,
    0x22, 0x0, 0xc, 0x70, 0xf, 0x40, 0x0, 0x0,
    0xe5, 0x1, 0xf2, 0x0, 0x0, 0xf, 0x30, 0x3f,
    0x0, 0x0,

    /* U+0024 "$" */
    0x0, 0x0, 0x65, 0x0, 0x0, 0x0, 0xc, 0xa0,
    0x0, 0x0, 0x17, 0xed, 0x60, 0x0, 0x2e, 0xff,
    0xff, 0xd1, 0x9, 0xf2, 0xca, 0x6f, 0x70, 0xcd,
    0xc, 0xa0, 0x20, 0x9, 0xf6, 0xca, 0x0, 0x0,
    0x1d, 0xff, 0xd4, 0x0, 0x0, 0x6, 0xef, 0xfa,
    0x0, 0x0, 0xc, 0xb9, 0xf6, 0x0, 0x10, 0xca,
    0xf, 0xa0, 0xec, 0xc, 0xa3, 0xf8, 0x6, 0xfe,
    0xff, 0xfe, 0x10, 0x3, 0x9e, 0xe8, 0x10, 0x0,
    0x0, 0xca, 0x0, 0x0, 0x0, 0xc, 0xa0, 0x0,

    /* U+0025 "%" */
    0x3, 0xdf, 0xc2, 0x0, 0x4, 0xf7, 0x0, 0xea,
    0x4b, 0xd0, 0x1, 0xec, 0x0, 0x3f, 0x20, 0x3f,
    0x10, 0xbe, 0x10, 0x1, 0xf7, 0x8, 0xf0, 0x6f,
    0x50, 0x0, 0x5, 0xff, 0xf5, 0x2f, 0xa0, 0x0,
    0x0, 0x0, 0x20, 0xc, 0xd0, 0x0, 0x0, 0x0,
    0x0, 0x8, 0xf3, 0x7e, 0xf8, 0x0, 0x0, 0x3,
    0xf8, 0x4f, 0x65, 0xf5, 0x0, 0x0, 0xdc, 0x9,
    0xb0, 0xa, 0xa0, 0x0, 0xaf, 0x20, 0x9b, 0x0,
    0xaa, 0x0, 0x5f, 0x60, 0x4, 0xf7, 0x6f, 0x50,
    0x1e, 0xa0, 0x0, 0x7, 0xee, 0x80,

    /* U+0026 "&" */
    0x0, 0x2b, 0xfe, 0x90, 0x0, 0x0, 0xd, 0xf8,
    0x9f, 0xa0, 0x0, 0x1, 0xf8, 0x0, 0xae, 0x0,
    0x0, 0xe, 0xc0, 0x1e, 0xb0, 0x0, 0x0, 0x4f,
    0xbe, 0xe2, 0x0, 0x0, 0x0, 0xcf, 0xe1, 0x0,
    0x0, 0x1, 0xcf, 0xbf, 0x60, 0x26, 0x0, 0xbf,
    0x30, 0xbf, 0x48, 0xf0, 0x1f, 0x90, 0x0, 0xcf,
    0xec, 0x1, 0xfb, 0x0, 0x2, 0xff, 0x50, 0xa,
    0xfb, 0x8a, 0xff, 0xfc, 0x0, 0x8, 0xef, 0xea,
    0x27, 0xf7,

    /* U+0027 "'" */
    0xf8, 0xe8, 0xe7, 0xd7, 0x21,

    /* U+0028 "(" */
    0x0, 0x6, 0xd1, 0x0, 0x1f, 0x90, 0x0, 0xae,
    0x10, 0x1, 0xf8, 0x0, 0x7, 0xf2, 0x0, 0xc,
    0xd0, 0x0, 0xf, 0xa0, 0x0, 0xf, 0x90, 0x0,
    0xf, 0x90, 0x0, 0xf, 0xa0, 0x0, 0xc, 0xd0,
    0x0, 0x8, 0xf1, 0x0, 0x2, 0xf7, 0x0, 0x0,
    0xbe, 0x0, 0x0, 0x3f, 0x70, 0x0, 0x9, 0xf1,

    /* U+0029 ")" */
    0xc, 0x80, 0x0, 0x7, 0xf3, 0x0, 0x0, 0xdc,
    0x0, 0x0, 0x6f, 0x30, 0x0, 0x1f, 0x90, 0x0,
    0xc, 0xe0, 0x0, 0x9, 0xf1, 0x0, 0x7, 0xf2,
    0x0, 0x7, 0xf2, 0x0, 0x8, 0xf1, 0x0, 0xb,
    0xe0, 0x0, 0xf, 0xa0, 0x0, 0x5f, 0x50, 0x0,
    0xcd, 0x0, 0x5, 0xf4, 0x0, 0xe, 0xa0, 0x0,

    /* U+002A "*" */
    0x0, 0x8b, 0x0, 0x4, 0x17, 0xa0, 0x40, 0xcf,
    0xde, 0xff, 0x0, 0x3f, 0xf6, 0x0, 0x9, 0xc9,
    0xd0, 0x0, 0xb3, 0xb, 0x20, 0x0, 0x0, 0x0,
    0x0,

    /* U+002B "+" */
    0x0, 0x0, 0x0, 0x0, 0x0, 0x0, 0x5f, 0x0,
    0x0, 0x0, 0x5, 0xf0, 0x0, 0x0, 0x11, 0x6f,
    0x11, 0x10, 0x9f, 0xff, 0xff, 0xff, 0x32, 0x44,
    0x8f, 0x44, 0x40, 0x0, 0x5, 0xf0, 0x0, 0x0,
    0x0, 0x5f, 0x0, 0x0, 0x0, 0x5, 0xf0, 0x0,
    0x0,

    /* U+002C "," */
    0x6, 0xd2, 0xb, 0xd0, 0xf, 0x70, 0x3f, 0x20,

    /* U+002D "-" */
    0x2, 0x22, 0x22, 0x0, 0xff, 0xff, 0xf1, 0x5,
    0x55, 0x55, 0x0,

    /* U+002E "." */
    0x1, 0x1, 0xfc, 0xd, 0xa0,

    /* U+002F "/" */
    0x0, 0x0, 0x18, 0x30, 0x0, 0x5, 0xf3, 0x0,
    0x0, 0xbe, 0x0, 0x0, 0xf, 0x90, 0x0, 0x5,
    0xf4, 0x0, 0x0, 0xae, 0x0, 0x0, 0xf, 0xa0,
    0x0, 0x5, 0xf5, 0x0, 0x0, 0xaf, 0x0, 0x0,
    0xf, 0xa0, 0x0, 0x4, 0xf5, 0x0, 0x0, 0x9f,
    0x0, 0x0, 0xe, 0xb0, 0x0, 0x4, 0xf6, 0x0,
    0x0, 0x9f, 0x10, 0x0, 0x0,

    /* U+0030 "0" */
    0x0, 0x7, 0xdf, 0xd6, 0x0, 0x0, 0xb, 0xfc,
    0x9d, 0xfa, 0x0, 0x6, 0xf8, 0x0, 0x9, 0xf5,
    0x0, 0xdd, 0x0, 0x0, 0xe, 0xc0, 0x1f, 0x80,
    0x0, 0x0, 0xaf, 0x3, 0xf6, 0x0, 0x0, 0x7,
    0xf2, 0x3f, 0x60, 0x0, 0x0, 0x7f, 0x21, 0xf8,
    0x0, 0x0, 0xa, 0xf0, 0xd, 0xd0, 0x0, 0x0,
    0xec, 0x0, 0x6f, 0x80, 0x0, 0x9f, 0x50, 0x0,
    0xbf, 0xda, 0xdf, 0xa0, 0x0, 0x0, 0x7d, 0xfd,
    0x70, 0x0,

    /* U+0031 "1" */
    0x0, 0x2c, 0xf3, 0xb, 0xff, 0xf3, 0xe, 0x87,
    0xf3, 0x0, 0x6, 0xf3, 0x0, 0x6, 0xf3, 0x0,
    0x6, 0xf3, 0x0, 0x6, 0xf3, 0x0, 0x6, 0xf3,
    0x0, 0x6, 0xf3, 0x0, 0x6, 0xf3, 0x0, 0x6,
    0xf3, 0x0, 0x6, 0xf3,

    /* U+0032 "2" */
    0x0, 0x8d, 0xfe, 0x91, 0x0, 0xbf, 0xd9, 0xcf,
    0xc0, 0x5f, 0xa0, 0x0, 0x9f, 0x50, 0x21, 0x0,
    0x4, 0xf7, 0x0, 0x0, 0x0, 0x8f, 0x40, 0x0,
    0x0, 0x6f, 0xb0, 0x0, 0x0, 0x9f, 0xb0, 0x0,
    0x2, 0xdf, 0x80, 0x0, 0x2, 0xee, 0x40, 0x0,
    0x0, 0xbf, 0x40, 0x0, 0x0, 0xf, 0xf8, 0x88,
    0x88, 0x50, 0xff, 0xff, 0xff, 0xfa,

    /* U+0033 "3" */
    0x0, 0x7d, 0xfe, 0x80, 0x0, 0x9f, 0xc9, 0xcf,
    0xb0, 0x3, 0x50, 0x0, 0xaf, 0x20, 0x0, 0x0,
    0x8, 0xf3, 0x0, 0x1, 0x37, 0xfb, 0x0, 0x0,
    0xcf, 0xfc, 0x0, 0x0, 0x4, 0x6a, 0xfa, 0x0,
    0x0, 0x0, 0x7, 0xf5, 0x0, 0x0, 0x0, 0x2f,
    0x80, 0x57, 0x0, 0x8, 0xf6, 0xa, 0xfc, 0x9b,
    0xfd, 0x0, 0x7, 0xdf, 0xe9, 0x10,

    /* U+0034 "4" */
    0x0, 0x0, 0x5, 0xfc, 0x0, 0x0, 0x0, 0x1,
    0xef, 0xc0, 0x0, 0x0, 0x0, 0xbe, 0xec, 0x0,
    0x0, 0x0, 0x6f, 0x4d, 0xc0, 0x0, 0x0, 0x2f,
    0x90, 0xdc, 0x0, 0x0, 0xc, 0xd0, 0xd, 0xc0,
    0x0, 0x8, 0xf3, 0x0, 0xdc, 0x0, 0x3, 0xfd,
    0x88, 0x8e, 0xe8, 0x80, 0x5f, 0xff, 0xff, 0xff,
    0xff, 0x10, 0x0, 0x0, 0xd, 0xc0, 0x0, 0x0,
    0x0, 0x0, 0xdc, 0x0, 0x0, 0x0, 0x0, 0xd,
    0xc0, 0x0,

    /* U+0035 "5" */
    0x0, 0xff, 0xff, 0xff, 0x70, 0x2, 0xfc, 0x99,
    0x99, 0x40, 0x4, 0xf5, 0x0, 0x0, 0x0, 0x5,
    0xf3, 0x0, 0x0, 0x0, 0x7, 0xfb, 0xff, 0xe5,
    0x0, 0x8, 0xfc, 0x56, 0xdf, 0x50, 0x0, 0x20,
    0x0, 0x1f, 0xd0, 0x0, 0x0, 0x0, 0xb, 0xf0,
    0x0, 0x0, 0x0, 0xc, 0xf0, 0x7, 0xa0, 0x0,
    0x3f, 0xb0, 0x8, 0xfd, 0x9a, 0xff, 0x20, 0x0,
    0x4b, 0xef, 0xb2, 0x0,

    /* U+0036 "6" */
    0x0, 0x8, 0xdf, 0xd8, 0x10, 0x0, 0xcf, 0xb9,
    0xbf, 0x60, 0x7, 0xf4, 0x0, 0x0, 0x0, 0xd,
    0x90, 0x1, 0x0, 0x0, 0x1f, 0x6a, 0xff, 0xe6,
    0x0, 0x3f, 0xee, 0x76, 0xdf, 0x60, 0x3f, 0xf1,
    0x0, 0xe, 0xe0, 0x2f, 0xb0, 0x0, 0x9, 0xf1,
    0xf, 0xb0, 0x0, 0x9, 0xf1, 0xb, 0xf3, 0x0,
    0x1e, 0xd0, 0x3, 0xff, 0x99, 0xef, 0x40, 0x0,
    0x3b, 0xff, 0xc4, 0x0,

    /* U+0037 "7" */
    0x5f, 0xff, 0xff, 0xff, 0xb3, 0x99, 0x99, 0x9b,
    0xf9, 0x0, 0x0, 0x0, 0xaf, 0x20, 0x0, 0x0,
    0x2f, 0xa0, 0x0, 0x0, 0xa, 0xf2, 0x0, 0x0,
    0x3, 0xf9, 0x0, 0x0, 0x0, 0xbf, 0x20, 0x0,
    0x0, 0x3f, 0x90, 0x0, 0x0, 0xb, 0xf1, 0x0,
    0x0, 0x4, 0xf9, 0x0, 0x0, 0x0, 0xcf, 0x10,
    0x0, 0x0, 0x4f, 0x80, 0x0, 0x0,

    /* U+0038 "8" */
    0x0, 0x4b, 0xff, 0xd8, 0x0, 0x4, 0xfe, 0x87,
    0xbf, 0xa0, 0xa, 0xf2, 0x0, 0xb, 0xf1, 0x9,
    0xf2, 0x0, 0xb, 0xf0, 0x1, 0xde, 0x98, 0xcf,
    0x60, 0x0, 0x8f, 0xff, 0xfd, 0x20, 0x8, 0xf9,
    0x10, 0x4e, 0xe0, 0xf, 0xc0, 0x0, 0x5, 0xf6,
    0x1f, 0xa0, 0x0, 0x3, 0xf8, 0xe, 0xe1, 0x0,
    0x9, 0xf5, 0x6, 0xff, 0x98, 0xcf, 0xc0, 0x0,
    0x4b, 0xff, 0xd8, 0x0,

    /* U+0039 "9" */
    0x0, 0x8d, 0xfe, 0x91, 0x0, 0xbf, 0xc8, 0xbf,
    0xd0, 0x4f, 0x90, 0x0, 0x5f, 0x67, 0xf3, 0x0,
    0x0, 0xfb, 0x5f, 0x60, 0x0, 0x2f, 0xd0, 0xee,
    0x62, 0x5d, 0xfe, 0x3, 0xdf, 0xff, 0xaa, 0xe0,
    0x0, 0x34, 0x20, 0xcc, 0x0, 0x0, 0x0, 0x1f,
    0x80, 0x10, 0x0, 0xb, 0xf2, 0xb, 0xea, 0x9d,
    0xf7, 0x0, 0x3a, 0xef, 0xc5, 0x0,

    /* U+003A ":" */
    0x8e, 0x2a, 0xf2, 0x1, 0x0, 0x0, 0x0, 0x0,
    0x0, 0x1, 0xa, 0xf3, 0x8e, 0x20,

    /* U+003B ";" */
    0x9, 0xe1, 0xb, 0xf2, 0x0, 0x10, 0x0, 0x0,
    0x0, 0x0, 0x0, 0x0, 0x0, 0x0, 0x7, 0xf3,
    0xb, 0xd0, 0xf, 0x70, 0x2d, 0x10,

    /* U+003C "<" */
    0x0, 0x0, 0x17, 0x20, 0x1, 0x8f, 0xf2, 0x29,
    0xff, 0x81, 0xb, 0xf9, 0x10, 0x0, 0x8f, 0xe8,
    0x10, 0x0, 0x29, 0xff, 0x91, 0x0, 0x1, 0x8f,
    0x30, 0x0, 0x0, 0x1,

    /* U+003D "=" */
    0x1, 0x11, 0x11, 0x11, 0x1f, 0xff, 0xff, 0xfb,
    0x4, 0x44, 0x44, 0x43, 0x0, 0x0, 0x0, 0x0,
    0x2, 0x22, 0x22, 0x21, 0x1f, 0xff, 0xff, 0xfb,
    0x4, 0x44, 0x44, 0x43,

    /* U+003E ">" */
    0x64, 0x0, 0x0, 0x8, 0xfd, 0x50, 0x0, 0x4,
    0xbf, 0xe6, 0x0, 0x0, 0x3c, 0xf5, 0x0, 0x3a,
    0xfe, 0x33, 0xbf, 0xd6, 0x0, 0x9d, 0x50, 0x0,
    0x1, 0x0, 0x0, 0x0,

    /* U+003F "?" */
    0x3, 0xbf, 0xfc, 0x40, 0x2f, 0xe9, 0x9e, 0xf4,
    0x16, 0x10, 0x1, 0xec, 0x0, 0x0, 0x0, 0xcc,
    0x0, 0x0, 0x17, 0xf8, 0x0, 0x1f, 0xff, 0x80,
    0x0, 0x1f, 0x90, 0x0, 0x0, 0x1f, 0x80, 0x0,
    0x0, 0x2, 0x10, 0x0, 0x0, 0x1, 0x0, 0x0,
    0x0, 0x3f, 0xa0, 0x0, 0x0, 0x2e, 0x80, 0x0,

    /* U+0040 "@" */
    0x0, 0x0, 0x5, 0xbe, 0xfe, 0xc7, 0x10, 0x0,
    0x0, 0x0, 0x3d, 0xfb, 0x75, 0x69, 0xff, 0x50,
    0x0, 0x0, 0x4f, 0xb2, 0x0, 0x0, 0x0, 0xaf,
    0x50, 0x0, 0x1e, 0xb0, 0x2b, 0xfe, 0x85, 0xf2,
    0xaf, 0x10, 0x8, 0xe1, 0x1e, 0xf9, 0x8d, 0xef,
    0x20, 0xf8, 0x0, 0xe8, 0x8, 0xf5, 0x0, 0xd,
    0xf2, 0x9, 0xd0, 0x2f, 0x40, 0xcd, 0x0, 0x0,
    0x6f, 0x20, 0x6f, 0x3, 0xf2, 0xd, 0xb0, 0x0,
    0x4, 0xf2, 0x4, 0xf1, 0x3f, 0x20, 0xcd, 0x0,
    0x0, 0x6f, 0x20, 0x6f, 0x1, 0xf4, 0x8, 0xf5,
    0x0, 0xd, 0xf2, 0xa, 0xc0, 0xe, 0x80, 0x1e,
    0xf9, 0x7d, 0xdf, 0x97, 0xf4, 0x0, 0x8f, 0x10,
    0x2b, 0xfe, 0x80, 0xaf, 0xd6, 0x0, 0x1, 0xeb,
    0x0, 0x0, 0x0, 0x0, 0x0, 0x0, 0x0, 0x3,
    0xfc, 0x20, 0x0, 0x0, 0x0, 0x0, 0x0, 0x0,
    0x3, 0xdf, 0xb7, 0x57, 0xbc, 0x0, 0x0, 0x0,
    0x0, 0x0, 0x5b, 0xef, 0xeb, 0x50, 0x0, 0x0,

    /* U+0041 "A" */
    0x0, 0x0, 0x4f, 0xe0, 0x0, 0x0, 0x0, 0x0,
    0xaf, 0xf5, 0x0, 0x0, 0x0, 0x1, 0xfb, 0xeb,
    0x0, 0x0, 0x0, 0x7, 0xf3, 0x8f, 0x20, 0x0,
    0x0, 0xd, 0xd0, 0x2f, 0x80, 0x0, 0x0, 0x3f,
    0x60, 0xb, 0xe0, 0x0, 0x0, 0xaf, 0x0, 0x5,
    0xf5, 0x0, 0x1, 0xff, 0xff, 0xff, 0xfb, 0x0,
    0x7, 0xf9, 0x88, 0x88, 0xcf, 0x20, 0xd, 0xd0,
    0x0, 0x0, 0x2f, 0x80, 0x3f, 0x70, 0x0, 0x0,
    0xd, 0xe0, 0xaf, 0x20, 0x0, 0x0, 0x7, 0xf5,

    /* U+0042 "B" */
    0x7f, 0xff, 0xfd, 0x81, 0x7, 0xf8, 0x77, 0xbf,
    0xc0, 0x7f, 0x20, 0x0, 0x9f, 0x37, 0xf2, 0x0,
    0x7, 0xf3, 0x7f, 0x42, 0x25, 0xed, 0x7, 0xff,
    0xff, 0xff, 0x30, 0x7f, 0x65, 0x58, 0xfe, 0x17,
    0xf2, 0x0, 0x5, 0xf7, 0x7f, 0x20, 0x0, 0x1f,
    0xa7, 0xf2, 0x0, 0x6, 0xf8, 0x7f, 0xa9, 0x9b,
    0xff, 0x27, 0xff, 0xff, 0xeb, 0x20,

    /* U+0043 "C" */
    0x0, 0x2, 0x9d, 0xfe, 0xa2, 0x0, 0x0, 0x6f,
    0xfb, 0x9b, 0xff, 0x60, 0x4, 0xfd, 0x20, 0x0,
    0x2d, 0xf4, 0xc, 0xf2, 0x0, 0x0, 0x1, 0x92,
    0x1f, 0xa0, 0x0, 0x0, 0x0, 0x0, 0x3f, 0x70,
    0x0, 0x0, 0x0, 0x0, 0x3f, 0x70, 0x0, 0x0,
    0x0, 0x0, 0x1f, 0xa0, 0x0, 0x0, 0x0, 0x0,
    0xc, 0xf2, 0x0, 0x0, 0x1, 0xc4, 0x3, 0xfd,
    0x20, 0x0, 0x2d, 0xf3, 0x0, 0x6f, 0xfb, 0x9b,
    0xff, 0x50, 0x0, 0x2, 0x9e, 0xfe, 0xa2, 0x0,

    /* U+0044 "D" */
    0x7f, 0xff, 0xfd, 0x81, 0x0, 0x7, 0xfb, 0xaa,
    0xdf, 0xe3, 0x0, 0x7f, 0x20, 0x0, 0x6f, 0xe1,
    0x7, 0xf2, 0x0, 0x0, 0x7f, 0x80, 0x7f, 0x20,
    0x0, 0x0, 0xed, 0x7, 0xf2, 0x0, 0x0, 0xb,
    0xf0, 0x7f, 0x20, 0x0, 0x0, 0xcf, 0x7, 0xf2,
    0x0, 0x0, 0xe, 0xd0, 0x7f, 0x20, 0x0, 0x7,
    0xf7, 0x7, 0xf2, 0x0, 0x6, 0xfe, 0x10, 0x7f,
    0xba, 0xad, 0xfe, 0x30, 0x7, 0xff, 0xff, 0xd8,
    0x10, 0x0,

    /* U+0045 "E" */
    0x7f, 0xff, 0xff, 0xfa, 0x7f, 0xa9, 0x99, 0x96,
    0x7f, 0x20, 0x0, 0x0, 0x7f, 0x20, 0x0, 0x0,
    0x7f, 0x20, 0x0, 0x0, 0x7f, 0xff, 0xff, 0xf2,
    0x7f, 0x98, 0x88, 0x81, 0x7f, 0x20, 0x0, 0x0,
    0x7f, 0x20, 0x0, 0x0, 0x7f, 0x20, 0x0, 0x0,
    0x7f, 0xa9, 0x99, 0x96, 0x7f, 0xff, 0xff, 0xfb,

    /* U+0046 "F" */
    0x7f, 0xff, 0xff, 0xfb, 0x7f, 0xa9, 0x99, 0x96,
    0x7f, 0x20, 0x0, 0x0, 0x7f, 0x20, 0x0, 0x0,
    0x7f, 0x20, 0x0, 0x0, 0x7f, 0xff, 0xff, 0xf0,
    0x7f, 0xa9, 0x99, 0x90, 0x7f, 0x20, 0x0, 0x0,
    0x7f, 0x20, 0x0, 0x0, 0x7f, 0x20, 0x0, 0x0,
    0x7f, 0x20, 0x0, 0x0, 0x7f, 0x20, 0x0, 0x0,

    /* U+0047 "G" */
    0x0, 0x1, 0x8d, 0xff, 0xb4, 0x0, 0x0, 0x4,
    0xff, 0xca, 0xae, 0xfb, 0x0, 0x3, 0xfe, 0x40,
    0x0, 0x8, 0xf5, 0x0, 0xbf, 0x30, 0x0, 0x0,
    0x2, 0x0, 0x1f, 0xb0, 0x0, 0x0, 0x0, 0x0,
    0x3, 0xf7, 0x0, 0x0, 0x2, 0x22, 0x20, 0x3f,
    0x70, 0x0, 0x3, 0xff, 0xff, 0x41, 0xfb, 0x0,
    0x0, 0x15, 0x59, 0xf3, 0xb, 0xf2, 0x0, 0x0,
    0x0, 0xaf, 0x10, 0x3f, 0xe3, 0x0, 0x0, 0x7f,
    0xa0, 0x0, 0x5f, 0xfc, 0xaa, 0xdf, 0xc0, 0x0,
    0x0, 0x18, 0xdf, 0xfc, 0x70, 0x0,

    /* U+0048 "H" */
    0x7f, 0x20, 0x0, 0x0, 0x6f, 0x47, 0xf2, 0x0,
    0x0, 0x6, 0xf4, 0x7f, 0x20, 0x0, 0x0, 0x6f,
    0x47, 0xf2, 0x0, 0x0, 0x6, 0xf4, 0x7f, 0x20,
    0x0, 0x0, 0x6f, 0x47, 0xff, 0xff, 0xff, 0xff,
    0xf4, 0x7f, 0xa9, 0x99, 0x99, 0xcf, 0x47, 0xf2,
    0x0, 0x0, 0x6, 0xf4, 0x7f, 0x20, 0x0, 0x0,
    0x6f, 0x47, 0xf2, 0x0, 0x0, 0x6, 0xf4, 0x7f,
    0x20, 0x0, 0x0, 0x6f, 0x47, 0xf2, 0x0, 0x0,
    0x6, 0xf4,

    /* U+0049 "I" */
    0x7f, 0x27, 0xf2, 0x7f, 0x27, 0xf2, 0x7f, 0x27,
    0xf2, 0x7f, 0x27, 0xf2, 0x7f, 0x27, 0xf2, 0x7f,
    0x27, 0xf2,

    /* U+004A "J" */
    0x0, 0x0, 0x1, 0xf9, 0x0, 0x0, 0x1, 0xf9,
    0x0, 0x0, 0x1, 0xf9, 0x0, 0x0, 0x1, 0xf9,
    0x0, 0x0, 0x1, 0xf9, 0x0, 0x0, 0x1, 0xf9,
    0x0, 0x0, 0x1, 0xf9, 0x0, 0x0, 0x1, 0xf9,
    0x0, 0x0, 0x3, 0xf8, 0x7c, 0x0, 0xa, 0xf5,
    0x5f, 0xda, 0xdf, 0xc0, 0x5, 0xdf, 0xd8, 0x0,

    /* U+004B "K" */
    0x7f, 0x20, 0x0, 0x5f, 0xc0, 0x7f, 0x20, 0x4,
    0xfd, 0x10, 0x7f, 0x20, 0x3f, 0xd1, 0x0, 0x7f,
    0x23, 0xfe, 0x10, 0x0, 0x7f, 0x4e, 0xe2, 0x0,
    0x0, 0x7f, 0xff, 0x60, 0x0, 0x0, 0x7f, 0xfe,
    0xf2, 0x0, 0x0, 0x7f, 0x42, 0xfd, 0x0, 0x0,
    0x7f, 0x20, 0x5f, 0xb0, 0x0, 0x7f, 0x20, 0x8,
    0xf8, 0x0, 0x7f, 0x20, 0x0, 0xbf, 0x50, 0x7f,
    0x20, 0x0, 0x1d, 0xf2,

    /* U+004C "L" */
    0x7f, 0x20, 0x0, 0x0, 0x7f, 0x20, 0x0, 0x0,
    0x7f, 0x20, 0x0, 0x0, 0x7f, 0x20, 0x0, 0x0,
    0x7f, 0x20, 0x0, 0x0, 0x7f, 0x20, 0x0, 0x0,
    0x7f, 0x20, 0x0, 0x0, 0x7f, 0x20, 0x0, 0x0,
    0x7f, 0x20, 0x0, 0x0, 0x7f, 0x20, 0x0, 0x0,
    0x7f, 0xa9, 0x99, 0x96, 0x7f, 0xff, 0xff, 0xfb,

    /* U+004D "M" */
    0x7f, 0x90, 0x0, 0x0, 0x3, 0xfe, 0x7f, 0xf4,
    0x0, 0x0, 0xd, 0xfe, 0x7f, 0xfe, 0x10, 0x0,
    0x8f, 0xfe, 0x7f, 0x7f, 0xa0, 0x3, 0xfb, 0xce,
    0x7f, 0x2a, 0xf4, 0xd, 0xe1, 0xce, 0x7f, 0x21,
    0xee, 0x9f, 0x50, 0xce, 0x7f, 0x20, 0x4f, 0xfb,
    0x0, 0xce, 0x7f, 0x20, 0x9, 0xe1, 0x0, 0xce,
    0x7f, 0x20, 0x0, 0x40, 0x0, 0xce, 0x7f, 0x20,
    0x0, 0x0, 0x0, 0xce, 0x7f, 0x20, 0x0, 0x0,
    0x0, 0xce, 0x7f, 0x20, 0x0, 0x0, 0x0, 0xce,

    /* U+004E "N" */
    0x7f, 0x90, 0x0, 0x0, 0xf, 0xa7, 0xff, 0x50,
    0x0, 0x0, 0xfa, 0x7f, 0xff, 0x20, 0x0, 0xf,
    0xa7, 0xf7, 0xfc, 0x0, 0x0, 0xfa, 0x7f, 0x28,
    0xf8, 0x0, 0xf, 0xa7, 0xf2, 0xc, 0xf4, 0x0,
    0xfa, 0x7f, 0x20, 0x1e, 0xe1, 0xf, 0xa7, 0xf2,
    0x0, 0x5f, 0xb0, 0xfa, 0x7f, 0x20, 0x0, 0x9f,
    0x7f, 0xa7, 0xf2, 0x0, 0x0, 0xdf, 0xfa, 0x7f,
    0x20, 0x0, 0x2, 0xff, 0xa7, 0xf2, 0x0, 0x0,
    0x6, 0xfa,

    /* U+004F "O" */
    0x0, 0x2, 0x9d, 0xfe, 0xb4, 0x0, 0x0, 0x6,
    0xff, 0xb9, 0xbf, 0xf9, 0x0, 0x3, 0xfd, 0x20,
    0x0, 0x1b, 0xf7, 0x0, 0xcf, 0x20, 0x0, 0x0,
    0xd, 0xf0, 0x1f, 0xa0, 0x0, 0x0, 0x0, 0x7f,
    0x53, 0xf7, 0x0, 0x0, 0x0, 0x3, 0xf7, 0x3f,
    0x70, 0x0, 0x0, 0x0, 0x3f, 0x71, 0xfa, 0x0,
    0x0, 0x0, 0x6, 0xf5, 0xc, 0xf2, 0x0, 0x0,
    0x0, 0xdf, 0x0, 0x3f, 0xd3, 0x0, 0x1, 0xbf,
    0x70, 0x0, 0x5f, 0xfc, 0xab, 0xff, 0x90, 0x0,
    0x0, 0x29, 0xdf, 0xeb, 0x40, 0x0,

    /* U+0050 "P" */
    0x7f, 0xff, 0xfe, 0x80, 0x7, 0xfa, 0x99, 0xdf,
    0xc0, 0x7f, 0x20, 0x0, 0x9f, 0x57, 0xf2, 0x0,
    0x2, 0xf8, 0x7f, 0x20, 0x0, 0x3f, 0x77, 0xf2,
    0x0, 0x2c, 0xf3, 0x7f, 0xff, 0xff, 0xf8, 0x7,
    0xfa, 0x99, 0x83, 0x0, 0x7f, 0x20, 0x0, 0x0,
    0x7, 0xf2, 0x0, 0x0, 0x0, 0x7f, 0x20, 0x0,
    0x0, 0x7, 0xf2, 0x0, 0x0, 0x0,

    /* U+0051 "Q" */
    0x0, 0x2, 0x9d, 0xfe, 0xb4, 0x0, 0x0, 0x6,
    0xff, 0xb9, 0xbf, 0xf9, 0x0, 0x3, 0xfd, 0x20,
    0x0, 0x1b, 0xf7, 0x0, 0xcf, 0x20, 0x0, 0x0,
    0xd, 0xf0, 0x1f, 0xa0, 0x0, 0x0, 0x0, 0x7f,
    0x53, 0xf7, 0x0, 0x0, 0x0, 0x3, 0xf7, 0x3f,
    0x70, 0x0, 0x0, 0x0, 0x4f, 0x71, 0xfa, 0x0,
    0x0, 0x38, 0x7, 0xf5, 0xc, 0xf2, 0x0, 0x7,
    0xf9, 0xef, 0x0, 0x3f, 0xd3, 0x0, 0x9, 0xff,
    0x70, 0x0, 0x5f, 0xfc, 0xab, 0xff, 0xfa, 0x0,
    0x0, 0x29, 0xdf, 0xea, 0x38, 0xf3, 0x0, 0x0,
    0x0, 0x0, 0x0, 0x3, 0x0,

    /* U+0052 "R" */
    0x7f, 0xff, 0xfe, 0x91, 0x0, 0x7f, 0xa9, 0x9c,
    0xfd, 0x0, 0x7f, 0x20, 0x0, 0x8f, 0x60, 0x7f,
    0x20, 0x0, 0x3f, 0x80, 0x7f, 0x20, 0x0, 0x8f,
    0x50, 0x7f, 0xa9, 0x9c, 0xfc, 0x0, 0x7f, 0xff,
    0xff, 0x90, 0x0, 0x7f, 0x20, 0x3f, 0x90, 0x0,
    0x7f, 0x20, 0xb, 0xf2, 0x0, 0x7f, 0x20, 0x2,
    0xfb, 0x0, 0x7f, 0x20, 0x0, 0xaf, 0x30, 0x7f,
    0x20, 0x0, 0x2f, 0xc0,

    /* U+0053 "S" */
    0x0, 0x3b, 0xef, 0xd8, 0x0, 0x3, 0xff, 0xa9,
    0xcf, 0xd0, 0xa, 0xf3, 0x0, 0x8, 0xf5, 0xb,
    0xf0, 0x0, 0x0, 0x0, 0x7, 0xf8, 0x0, 0x0,
    0x0, 0x0, 0xaf, 0xfc, 0x71, 0x0, 0x0, 0x2,
    0x7c, 0xff, 0x60, 0x0, 0x0, 0x0, 0x1c, 0xf3,
    0x0, 0x0, 0x0, 0x3, 0xf8, 0xe, 0xd1, 0x0,
    0x7, 0xf7, 0x7, 0xfe, 0x99, 0xcf, 0xe1, 0x0,
    0x4b, 0xef, 0xe9, 0x10,

    /* U+0054 "T" */
    0xcf, 0xff, 0xff, 0xff, 0xf5, 0x79, 0x9a, 0xfd,
    0x99, 0x93, 0x0, 0x1, 0xf9, 0x0, 0x0, 0x0,
    0x1, 0xf9, 0x0, 0x0, 0x0, 0x1, 0xf9, 0x0,
    0x0, 0x0, 0x1, 0xf9, 0x0, 0x0, 0x0, 0x1,
    0xf9, 0x0, 0x0, 0x0, 0x1, 0xf9, 0x0, 0x0,
    0x0, 0x1, 0xf9, 0x0, 0x0, 0x0, 0x1, 0xf9,
    0x0, 0x0, 0x0, 0x1, 0xf9, 0x0, 0x0, 0x0,
    0x1, 0xf9, 0x0, 0x0,

    /* U+0055 "U" */
    0xaf, 0x0, 0x0, 0x0, 0xfa, 0xaf, 0x0, 0x0,
    0x0, 0xfa, 0xaf, 0x0, 0x0, 0x0, 0xfa, 0xaf,
    0x0, 0x0, 0x0, 0xfa, 0xaf, 0x0, 0x0, 0x0,
    0xfa, 0xaf, 0x0, 0x0, 0x0, 0xfa, 0xaf, 0x0,
    0x0, 0x0, 0xfa, 0xaf, 0x0, 0x0, 0x0, 0xfa,
    0x8f, 0x30, 0x0, 0x3, 0xf8, 0x3f, 0xc0, 0x0,
    0xc, 0xf3, 0x9, 0xfe, 0xaa, 0xef, 0x80, 0x0,
    0x5c, 0xff, 0xc5, 0x0,

    /* U+0056 "V" */
    0xaf, 0x20, 0x0, 0x0, 0x3, 0xf8, 0x3f, 0x80,
    0x0, 0x0, 0x9, 0xf2, 0xd, 0xe0, 0x0, 0x0,
    0xf, 0xb0, 0x6, 0xf5, 0x0, 0x0, 0x6f, 0x50,
    0x0, 0xfb, 0x0, 0x0, 0xde, 0x0, 0x0, 0x9f,
    0x20, 0x3, 0xf8, 0x0, 0x0, 0x3f, 0x80, 0xa,
    0xf2, 0x0, 0x0, 0xc, 0xe0, 0x1f, 0xb0, 0x0,
    0x0, 0x6, 0xf5, 0x6f, 0x40, 0x0, 0x0, 0x0,
    0xfb, 0xde, 0x0, 0x0, 0x0, 0x0, 0x9f, 0xf7,
    0x0, 0x0, 0x0, 0x0, 0x2f, 0xf1, 0x0, 0x0,

    /* U+0057 "W" */
    0xbf, 0x0, 0x0, 0xc, 0xf3, 0x0, 0x0, 0x9f,
    0x16, 0xf4, 0x0, 0x1, 0xff, 0x70, 0x0, 0xd,
    0xc0, 0x1f, 0x90, 0x0, 0x5f, 0xfc, 0x0, 0x2,
    0xf8, 0x0, 0xce, 0x0, 0xa, 0xf9, 0xf1, 0x0,
    0x7f, 0x30, 0x7, 0xf3, 0x0, 0xeb, 0x4f, 0x50,
    0xc, 0xe0, 0x0, 0x3f, 0x70, 0x3f, 0x60, 0xfa,
    0x1, 0xf9, 0x0, 0x0, 0xec, 0x8, 0xf2, 0xb,
    0xe0, 0x6f, 0x40, 0x0, 0x9, 0xf1, 0xcd, 0x0,
    0x7f, 0x3b, 0xf0, 0x0, 0x0, 0x4f, 0x7f, 0x80,
    0x2, 0xf8, 0xfa, 0x0, 0x0, 0x0, 0xff, 0xf4,
    0x0, 0xd, 0xff, 0x50, 0x0, 0x0, 0xb, 0xff,
    0x0, 0x0, 0x9f, 0xf1, 0x0, 0x0, 0x0, 0x6f,
    0xb0, 0x0, 0x5, 0xfc, 0x0, 0x0,

    /* U+0058 "X" */
    0x7f, 0x80, 0x0, 0x0, 0xcf, 0x30, 0xbf, 0x40,
    0x0, 0x8f, 0x70, 0x1, 0xee, 0x10, 0x3f, 0xb0,
    0x0, 0x4, 0xfa, 0xd, 0xe1, 0x0, 0x0, 0x9,
    0xfc, 0xf5, 0x0, 0x0, 0x0, 0xd, 0xf9, 0x0,
    0x0, 0x0, 0x1, 0xef, 0xb0, 0x0, 0x0, 0x0,
    0xaf, 0xaf, 0x70, 0x0, 0x0, 0x6f, 0x80, 0xcf,
    0x20, 0x0, 0x2f, 0xd0, 0x2, 0xfc, 0x0, 0xc,
    0xf3, 0x0, 0x7, 0xf8, 0x7, 0xf8, 0x0, 0x0,
    0xc, 0xf3,

    /* U+0059 "Y" */
    0x8f, 0x60, 0x0, 0x0, 0xdf, 0x10, 0xee, 0x10,
    0x0, 0x8f, 0x60, 0x5, 0xf9, 0x0, 0x2f, 0xc0,
    0x0, 0xb, 0xf3, 0xb, 0xf3, 0x0, 0x0, 0x2f,
    0xc5, 0xf9, 0x0, 0x0, 0x0, 0x8f, 0xfe, 0x10,
    0x0, 0x0, 0x0, 0xdf, 0x50, 0x0, 0x0, 0x0,
    0x9, 0xf1, 0x0, 0x0, 0x0, 0x0, 0x9f, 0x10,
    0x0, 0x0, 0x0, 0x9, 0xf1, 0x0, 0x0, 0x0,
    0x0, 0x9f, 0x10, 0x0, 0x0, 0x0, 0x9, 0xf1,
    0x0, 0x0,

    /* U+005A "Z" */
    0x3f, 0xff, 0xff, 0xff, 0xff, 0x12, 0xaa, 0xaa,
    0xaa, 0xbf, 0xf1, 0x0, 0x0, 0x0, 0xb, 0xf5,
    0x0, 0x0, 0x0, 0x9, 0xf8, 0x0, 0x0, 0x0,
    0x6, 0xfb, 0x0, 0x0, 0x0, 0x4, 0xfd, 0x0,
    0x0, 0x0, 0x2, 0xee, 0x20, 0x0, 0x0, 0x0,
    0xdf, 0x40, 0x0, 0x0, 0x0, 0xbf, 0x60, 0x0,
    0x0, 0x0, 0x8f, 0x90, 0x0, 0x0, 0x0, 0x3f,
    0xfa, 0xaa, 0xaa, 0xaa, 0x4, 0xff, 0xff, 0xff,
    0xff, 0xf0,

    /* U+005B "[" */
    0x7f, 0xf7, 0x7f, 0x83, 0x7f, 0x0, 0x7f, 0x0,
    0x7f, 0x0, 0x7f, 0x0, 0x7f, 0x0, 0x7f, 0x0,
    0x7f, 0x0, 0x7f, 0x0, 0x7f, 0x0, 0x7f, 0x0,
    0x7f, 0x0, 0x7f, 0x0, 0x7f, 0x83, 0x7f, 0xf7,

    /* U+005C "\\" */
    0x57, 0x0, 0x0, 0x6, 0xf3, 0x0, 0x0, 0x1f,
    0x80, 0x0, 0x0, 0xcd, 0x0, 0x0, 0x7, 0xf2,
    0x0, 0x0, 0x2f, 0x70, 0x0, 0x0, 0xdd, 0x0,
    0x0, 0x8, 0xf2, 0x0, 0x0, 0x2f, 0x70, 0x0,
    0x0, 0xdc, 0x0, 0x0, 0x8, 0xf1, 0x0, 0x0,
    0x3f, 0x60, 0x0, 0x0, 0xec, 0x0, 0x0, 0x9,
    0xf1, 0x0, 0x0, 0x4f, 0x60,

    /* U+005D "]" */
    0xdf, 0xf1, 0x7b, 0xf1, 0x6, 0xf1, 0x6, 0xf1,
    0x6, 0xf1, 0x6, 0xf1, 0x6, 0xf1, 0x6, 0xf1,
    0x6, 0xf1, 0x6, 0xf1, 0x6, 0xf1, 0x6, 0xf1,
    0x6, 0xf1, 0x6, 0xf1, 0x7b, 0xf1, 0xdf, 0xf1,

    /* U+005E "^" */
    0x0, 0x4f, 0xc0, 0x0, 0x0, 0xbf, 0xf3, 0x0,
    0x2, 0xf6, 0xea, 0x0, 0x9, 0xe0, 0x7f, 0x10,
    0x1f, 0x70, 0xe, 0x80, 0x7f, 0x10, 0x8, 0xe0,

    /* U+005F "_" */
    0x12, 0x22, 0x22, 0x20, 0xaf, 0xff, 0xff, 0xf2,
    0x35, 0x55, 0x55, 0x50,

    /* U+0060 "`" */
    0x67, 0x10, 0x2e, 0xb0, 0x3, 0xf9,

    /* U+0061 "a" */
    0x0, 0x8e, 0xfd, 0x50, 0xb, 0xfa, 0x8e, 0xf3,
    0x6, 0x60, 0x2, 0xf9, 0x0, 0x0, 0x11, 0xdc,
    0x5, 0xdf, 0xff, 0xfd, 0x2f, 0xc5, 0x44, 0xdd,
    0x4f, 0x50, 0x1, 0xfd, 0x2f, 0xe7, 0x8e, 0xfd,
    0x4, 0xcf, 0xe7, 0xad,

    /* U+0062 "b" */
    0xeb, 0x0, 0x0, 0x0, 0xe, 0xb0, 0x0, 0x0,
    0x0, 0xeb, 0x0, 0x0, 0x0, 0xe, 0xb4, 0xcf,
    0xd6, 0x0, 0xee, 0xfa, 0x9e, 0xf7, 0xe, 0xf6,
    0x0, 0x1d, 0xf0, 0xee, 0x0, 0x0, 0x6f, 0x4e,
    0xc0, 0x0, 0x4, 0xf5, 0xed, 0x0, 0x0, 0x6f,
    0x4e, 0xf5, 0x0, 0x1d, 0xf0, 0xed, 0xfa, 0x9e,
    0xf7, 0xe, 0xa4, 0xcf, 0xd6, 0x0,

    /* U+0063 "c" */
    0x0, 0x3b, 0xfe, 0xa2, 0x0, 0x5f, 0xe9, 0xaf,
    0xf3, 0xe, 0xd1, 0x0, 0x2b, 0x43, 0xf6, 0x0,
    0x0, 0x0, 0x5f, 0x40, 0x0, 0x0, 0x3, 0xf7,
    0x0, 0x0, 0x0, 0xe, 0xe1, 0x0, 0x2d, 0x50,
    0x5f, 0xe9, 0xaf, 0xf2, 0x0, 0x3b, 0xfe, 0xb2,
    0x0,

    /* U+0064 "d" */
    0x0, 0x0, 0x0, 0xb, 0xe0, 0x0, 0x0, 0x0,
    0xbe, 0x0, 0x0, 0x0, 0xb, 0xe0, 0x6, 0xdf,
    0xc4, 0xbe, 0x7, 0xfe, 0x9a, 0xfd, 0xe0, 0xfd,
    0x10, 0x6, 0xfe, 0x4f, 0x70, 0x0, 0xe, 0xe5,
    0xf5, 0x0, 0x0, 0xbe, 0x4f, 0x70, 0x0, 0xe,
    0xe0, 0xfd, 0x10, 0x6, 0xfe, 0x7, 0xfe, 0x9a,
    0xfd, 0xe0, 0x6, 0xdf, 0xc4, 0xae,

    /* U+0065 "e" */
    0x0, 0x4b, 0xfe, 0xa1, 0x0, 0x5f, 0xc7, 0x8e,
    0xe1, 0xe, 0xa1, 0x11, 0x2f, 0x83, 0xff, 0xff,
    0xff, 0xfc, 0x5f, 0x84, 0x44, 0x44, 0x33, 0xf8,
    0x0, 0x0, 0x0, 0xe, 0xf2, 0x0, 0x2f, 0x60,
    0x5f, 0xf9, 0x9f, 0xe2, 0x0, 0x4c, 0xfe, 0xa2,
    0x0,

    /* U+0066 "f" */
    0x0, 0x4d, 0xfd, 0x20, 0xe, 0xe7, 0x80, 0x0,
    0xf9, 0x0, 0x8, 0xff, 0xff, 0xf0, 0x36, 0xfc,
    0x65, 0x0, 0xf, 0x90, 0x0, 0x0, 0xf9, 0x0,
    0x0, 0xf, 0x90, 0x0, 0x0, 0xf9, 0x0, 0x0,
    0xf, 0x90, 0x0, 0x0, 0xf9, 0x0, 0x0, 0xf,
    0x90, 0x0,

    /* U+0067 "g" */
    0x0, 0x6d, 0xfc, 0x4b, 0xe0, 0x6f, 0xe8, 0x9f,
    0xde, 0xf, 0xe1, 0x0, 0x5f, 0xe4, 0xf8, 0x0,
    0x0, 0xee, 0x5f, 0x50, 0x0, 0xc, 0xe4, 0xf7,
    0x0, 0x0, 0xde, 0xf, 0xd0, 0x0, 0x4f, 0xe0,
    0x7f, 0xd7, 0x8f, 0xde, 0x0, 0x6d, 0xfd, 0x4b,
    0xe0, 0x0, 0x0, 0x0, 0xdc, 0x1, 0x0, 0x0,
    0x5f, 0x70, 0x8e, 0xa8, 0xaf, 0xd0, 0x3, 0xae,
    0xfe, 0x91, 0x0,

    /* U+0068 "h" */
    0xdb, 0x0, 0x0, 0x0, 0xdb, 0x0, 0x0, 0x0,
    0xdb, 0x0, 0x0, 0x0, 0xdb, 0x5d, 0xfc, 0x30,
    0xde, 0xfa, 0xaf, 0xf1, 0xdf, 0x40, 0x6, 0xf7,
    0xdd, 0x0, 0x1, 0xf9, 0xdb, 0x0, 0x0, 0xf9,
    0xdb, 0x0, 0x0, 0xfa, 0xdb, 0x0, 0x0, 0xfa,
    0xdb, 0x0, 0x0, 0xfa, 0xdb, 0x0, 0x0, 0xfa,

    /* U+0069 "i" */
    0xbc, 0xb, 0xc0, 0x0, 0xc, 0xd0, 0xcd, 0xc,
    0xd0, 0xcd, 0xc, 0xd0, 0xcd, 0xc, 0xd0, 0xcd,
    0xc, 0xd0,

    /* U+006A "j" */
    0x0, 0x3e, 0x60, 0x3, 0xf6, 0x0, 0x0, 0x0,
    0x3, 0xf6, 0x0, 0x3f, 0x60, 0x3, 0xf6, 0x0,
    0x3f, 0x60, 0x3, 0xf6, 0x0, 0x3f, 0x60, 0x3,
    0xf6, 0x0, 0x3f, 0x60, 0x3, 0xf6, 0x0, 0x3f,
    0x60, 0x4, 0xf5, 0x69, 0xdf, 0x29, 0xfe, 0x60,

    /* U+006B "k" */
    0xeb, 0x0, 0x0, 0x0, 0xeb, 0x0, 0x0, 0x0,
    0xeb, 0x0, 0x0, 0x0, 0xeb, 0x0, 0x4f, 0xa0,
    0xeb, 0x3, 0xfc, 0x0, 0xeb, 0x2e, 0xe1, 0x0,
    0xec, 0xdf, 0x30, 0x0, 0xef, 0xff, 0x80, 0x0,
    0xef, 0x5b, 0xf3, 0x0, 0xec, 0x1, 0xfc, 0x0,
    0xeb, 0x0, 0x6f, 0x70, 0xeb, 0x0, 0xc, 0xf2,

    /* U+006C "l" */
    0xeb, 0xeb, 0xeb, 0xeb, 0xeb, 0xeb, 0xeb, 0xeb,
    0xeb, 0xeb, 0xeb, 0xeb,

    /* U+006D "m" */
    0xea, 0x8e, 0xfb, 0x13, 0xcf, 0xd4, 0xe, 0xfd,
    0x69, 0xfc, 0xe8, 0x7d, 0xf2, 0xef, 0x10, 0xb,
    0xf8, 0x0, 0x3f, 0x7e, 0xd0, 0x0, 0x7f, 0x40,
    0x0, 0xf9, 0xeb, 0x0, 0x6, 0xf3, 0x0, 0xf,
    0xae, 0xb0, 0x0, 0x6f, 0x30, 0x0, 0xfa, 0xeb,
    0x0, 0x6, 0xf3, 0x0, 0xf, 0xae, 0xb0, 0x0,
    0x6f, 0x30, 0x0, 0xfa, 0xeb, 0x0, 0x6, 0xf3,
    0x0, 0xf, 0xa0,

    /* U+006E "n" */
    0xea, 0x7e, 0xfc, 0x30, 0xef, 0xe7, 0x7e, 0xf1,
    0xef, 0x20, 0x5, 0xf7, 0xed, 0x0, 0x1, 0xf9,
    0xeb, 0x0, 0x0, 0xf9, 0xeb, 0x0, 0x0, 0xfa,
    0xeb, 0x0, 0x0, 0xfa, 0xeb, 0x0, 0x0, 0xfa,
    0xeb, 0x0, 0x0, 0xfa,

    /* U+006F "o" */
    0x0, 0x4b, 0xfe, 0xb2, 0x0, 0x5, 0xfe, 0x99,
    0xff, 0x30, 0xe, 0xd1, 0x0, 0x2f, 0xc0, 0x3f,
    0x60, 0x0, 0x9, 0xf1, 0x5f, 0x40, 0x0, 0x7,
    0xf3, 0x3f, 0x60, 0x0, 0x9, 0xf1, 0xe, 0xd1,
    0x0, 0x2f, 0xc0, 0x5, 0xfe, 0x99, 0xff, 0x30,
    0x0, 0x3b, 0xff, 0xb2, 0x0,

    /* U+0070 "p" */
    0xcb, 0x4c, 0xfd, 0x70, 0xc, 0xef, 0x85, 0xbf,
    0x80, 0xcf, 0x50, 0x0, 0xbf, 0x1c, 0xf0, 0x0,
    0x5, 0xf5, 0xcd, 0x0, 0x0, 0x3f, 0x6c, 0xf0,
    0x0, 0x6, 0xf5, 0xcf, 0x70, 0x0, 0xdf, 0x1c,
    0xee, 0xa8, 0xdf, 0x80, 0xcd, 0x3c, 0xfd, 0x70,
    0xc, 0xd0, 0x0, 0x0, 0x0, 0xcd, 0x0, 0x0,
    0x0, 0xc, 0xd0, 0x0, 0x0, 0x0, 0xcd, 0x0,
    0x0, 0x0, 0x0,

    /* U+0071 "q" */
    0x0, 0x6d, 0xfc, 0x4a, 0xe0, 0x7f, 0xe9, 0xaf,
    0xde, 0xf, 0xd1, 0x0, 0x5f, 0xe4, 0xf7, 0x0,
    0x0, 0xee, 0x5f, 0x50, 0x0, 0xc, 0xe4, 0xf7,
    0x0, 0x0, 0xde, 0xf, 0xd1, 0x0, 0x5f, 0xe0,
    0x7f, 0xe9, 0xaf, 0xde, 0x0, 0x6d, 0xfc, 0x4b,
    0xe0, 0x0, 0x0, 0x0, 0xbe, 0x0, 0x0, 0x0,
    0xb, 0xe0, 0x0, 0x0, 0x0, 0xbe, 0x0, 0x0,
    0x0, 0xb, 0xe0,

    /* U+0072 "r" */
    0xeb, 0x3c, 0xbe, 0xef, 0xc7, 0xef, 0x50, 0xe,
    0xd0, 0x0, 0xeb, 0x0, 0xe, 0xb0, 0x0, 0xeb,
    0x0, 0xe, 0xb0, 0x0, 0xeb, 0x0, 0x0,

    /* U+0073 "s" */
    0x1, 0xae, 0xfc, 0x40, 0xa, 0xf9, 0x8d, 0xf2,
    0xe, 0xb0, 0x1, 0x30, 0xa, 0xf9, 0x40, 0x0,
    0x0, 0x9f, 0xfe, 0x50, 0x0, 0x0, 0x4c, 0xf1,
    0x7, 0x30, 0x5, 0xf5, 0x1e, 0xf9, 0x8e, 0xf1,
    0x2, 0xae, 0xfc, 0x30,

    /* U+0074 "t" */
    0x4, 0xf5, 0x0, 0x0, 0x4f, 0x50, 0x0, 0x4,
    0xf5, 0x0, 0xb, 0xff, 0xff, 0xc0, 0x59, 0xfa,
    0x75, 0x0, 0x4f, 0x50, 0x0, 0x4, 0xf5, 0x0,
    0x0, 0x4f, 0x50, 0x0, 0x4, 0xf5, 0x0, 0x0,
    0x3f, 0x60, 0x0, 0x1, 0xfe, 0x98, 0x0, 0x5,
    0xdf, 0xa0,

    /* U+0075 "u" */
    0x1f, 0x80, 0x0, 0x3f, 0x61, 0xf8, 0x0, 0x3,
    0xf6, 0x1f, 0x80, 0x0, 0x3f, 0x61, 0xf8, 0x0,
    0x3, 0xf6, 0x1f, 0x80, 0x0, 0x3f, 0x60, 0xf9,
    0x0, 0x5, 0xf6, 0xe, 0xe0, 0x0, 0xbf, 0x60,
    0x8f, 0xd9, 0xce, 0xf6, 0x0, 0x8e, 0xfb, 0x3f,
    0x60,

    /* U+0076 "v" */
    0xaf, 0x0, 0x0, 0xf, 0xa4, 0xf5, 0x0, 0x6,
    0xf4, 0xd, 0xc0, 0x0, 0xce, 0x0, 0x7f, 0x20,
    0x2f, 0x70, 0x1, 0xf8, 0x8, 0xf1, 0x0, 0xb,
    0xe0, 0xeb, 0x0, 0x0, 0x4f, 0x9f, 0x40, 0x0,
    0x0, 0xef, 0xe0, 0x0, 0x0, 0x8, 0xf8, 0x0,
    0x0,

    /* U+0077 "w" */
    0xae, 0x0, 0x2, 0xfb, 0x0, 0x6, 0xf3, 0x5f,
    0x40, 0x7, 0xff, 0x10, 0xb, 0xe0, 0xf, 0x90,
    0xc, 0xdf, 0x60, 0xf, 0x90, 0xb, 0xe0, 0x1f,
    0x6c, 0xb0, 0x5f, 0x40, 0x6, 0xf3, 0x6f, 0x18,
    0xf0, 0xae, 0x0, 0x1, 0xf8, 0xbc, 0x3, 0xf5,
    0xf9, 0x0, 0x0, 0xbe, 0xf7, 0x0, 0xde, 0xf4,
    0x0, 0x0, 0x6f, 0xf2, 0x0, 0x9f, 0xf0, 0x0,
    0x0, 0x1f, 0xd0, 0x0, 0x4f, 0xa0, 0x0,

    /* U+0078 "x" */
    0x4f, 0x90, 0x3, 0xfa, 0x0, 0x9f, 0x40, 0xde,
    0x10, 0x0, 0xed, 0x8f, 0x50, 0x0, 0x4, 0xff,
    0xa0, 0x0, 0x0, 0xd, 0xf4, 0x0, 0x0, 0x7,
    0xff, 0xd0, 0x0, 0x2, 0xfb, 0x4f, 0x80, 0x0,
    0xcf, 0x10, 0xaf, 0x30, 0x7f, 0x60, 0x1, 0xfd,
    0x0,

    /* U+0079 "y" */
    0xaf, 0x10, 0x0, 0xd, 0xd0, 0x4f, 0x60, 0x0,
    0x3f, 0x70, 0xd, 0xd0, 0x0, 0xaf, 0x10, 0x7,
    0xf3, 0x0, 0xfa, 0x0, 0x1, 0xf9, 0x6, 0xf4,
    0x0, 0x0, 0xaf, 0xc, 0xe0, 0x0, 0x0, 0x3f,
    0x8f, 0x80, 0x0, 0x0, 0xd, 0xff, 0x20, 0x0,
    0x0, 0x6, 0xfb, 0x0, 0x0, 0x0, 0x4, 0xf5,
    0x0, 0x0, 0x0, 0xb, 0xe0, 0x0, 0x0, 0x2b,
    0xaf, 0x60, 0x0, 0x0, 0x4e, 0xf9, 0x0, 0x0,
    0x0,

    /* U+007A "z" */
    0x4f, 0xff, 0xff, 0xf8, 0x27, 0x77, 0x7d, 0xf5,
    0x0, 0x0, 0x5f, 0x90, 0x0, 0x2, 0xfc, 0x0,
    0x0, 0xd, 0xf2, 0x0, 0x0, 0x9f, 0x50, 0x0,
    0x5, 0xf8, 0x0, 0x0, 0x2f, 0xf7, 0x66, 0x63,
    0x4f, 0xff, 0xff, 0xf9,

    /* U+007B "{" */
    0x0, 0x0, 0x1, 0x0, 0x6, 0xfa, 0x0, 0xf,
    0xd3, 0x0, 0x4f, 0x40, 0x0, 0x5f, 0x20, 0x0,
    0x5f, 0x20, 0x0, 0x6f, 0x10, 0x1, 0xbd, 0x0,
    0xf, 0xf3, 0x0, 0x4, 0xdc, 0x0, 0x0, 0x7f,
    0x0, 0x0, 0x5f, 0x10, 0x0, 0x5f, 0x20, 0x0,
    0x4f, 0x40, 0x0, 0x1f, 0xb1, 0x0, 0x9, 0xfa,
    0x0, 0x0, 0x22,

    /* U+007C "|" */
    0x7e, 0x7e, 0x7e, 0x7e, 0x7e, 0x7e, 0x7e, 0x7e,
    0x7e, 0x7e, 0x7e, 0x7e, 0x7e, 0x7e, 0x7e, 0x7e,
    0x7e, 0x7e,

    /* U+007D "}" */
    0x1, 0x0, 0x0, 0xf, 0xd2, 0x0, 0x7, 0xf9,
    0x0, 0x0, 0xbd, 0x0, 0x0, 0x9e, 0x0, 0x0,
    0x8f, 0x0, 0x0, 0x7f, 0x0, 0x0, 0x4f, 0x60,
    0x0, 0x9, 0xfa, 0x0, 0x3f, 0x82, 0x0, 0x7f,
    0x0, 0x0, 0x8f, 0x0, 0x0, 0x9e, 0x0, 0x0,
    0xad, 0x0, 0x4, 0xfa, 0x0, 0xf, 0xf3, 0x0,
    0x4, 0x10, 0x0,

    /* U+007E "~" */
    0x0, 0x58, 0x50, 0x0, 0x0, 0x7, 0xff, 0xf8,
    0x4, 0xb0, 0xe, 0x91, 0xbf, 0xbe, 0xd0, 0x2,
    0x0, 0xa, 0xfc, 0x20,

    /* U+00A0 " " */

    /* U+00A1 "¡" */
    0x4f, 0x55, 0xf7, 0x2, 0x0, 0x0, 0x2a, 0x33,
    0xf5, 0x4f, 0x64, 0xf6, 0x4f, 0x64, 0xf6, 0x4f,
    0x64, 0xf6, 0x4f, 0x60,

    /* U+00A2 "¢" */
    0x0, 0x0, 0xa7, 0x0, 0x0, 0x0, 0x6d, 0xc5,
    0x0, 0x1, 0xdf, 0xff, 0xfc, 0x10, 0xcf, 0x5a,
    0x76, 0xf6, 0x2f, 0x80, 0xa7, 0x1, 0x5, 0xf5,
    0xa, 0x70, 0x0, 0x4f, 0x50, 0xa7, 0x0, 0x1,
    0xfb, 0xa, 0x70, 0x82, 0x8, 0xfa, 0xba, 0xbf,
    0x60, 0x8, 0xff, 0xff, 0x70, 0x0, 0x1, 0xb9,
    0x0, 0x0, 0x0, 0xa, 0x70, 0x0,

    /* U+00A3 "£" */
    0x0, 0x5, 0xdf, 0xd7, 0x0, 0x0, 0x5f, 0xd8,
    0xbf, 0x80, 0x0, 0xce, 0x10, 0xb, 0xf0, 0x0,
    0xeb, 0x0, 0x3, 0x70, 0x0, 0xeb, 0x0, 0x0,
    0x0, 0x2, 0xec, 0x22, 0x20, 0x0, 0x3f, 0xff,
    0xff, 0xf2, 0x0, 0x15, 0xfc, 0x55, 0x50, 0x0,
    0x0, 0xeb, 0x0, 0x0, 0x0, 0x0, 0xfa, 0x0,
    0x0, 0x0, 0x1b, 0xfc, 0x99, 0x99, 0x91, 0x3f,
    0xff, 0xff, 0xff, 0xf2,

    /* U+00A4 "¤" */
    0x14, 0x0, 0x0, 0x50, 0x7f, 0xbf, 0xec, 0xf2,
    0xd, 0xf8, 0x9f, 0x80, 0x1f, 0x70, 0xb, 0xd0,
    0x2f, 0x50, 0xa, 0xd0, 0xe, 0xc3, 0x4f, 0x90,
    0x5f, 0xff, 0xff, 0xe1, 0x38, 0x4, 0x31, 0x90,

    /* U+00A5 "¥" */
    0x9f, 0x40, 0x0, 0xc, 0xf1, 0x1f, 0xc0, 0x0,
    0x5f, 0x80, 0x8, 0xf4, 0x0, 0xde, 0x10, 0x0,
    0xec, 0x5, 0xf7, 0x0, 0x0, 0x7f, 0x5d, 0xe0,
    0x0, 0x0, 0xe, 0xff, 0x60, 0x0, 0x7, 0xff,
    0xff, 0xfe, 0x0, 0x1, 0x23, 0xfa, 0x22, 0x0,
    0x7, 0xff, 0xff, 0xfe, 0x0, 0x1, 0x23, 0xfa,
    0x22, 0x0, 0x0, 0x1, 0xf9, 0x0, 0x0, 0x0,
    0x1, 0xf9, 0x0, 0x0,

    /* U+00A6 "¦" */
    0x3b, 0x4, 0xf1, 0x4f, 0x14, 0xf1, 0x4f, 0x14,
    0xf1, 0x4f, 0x14, 0xf1, 0x0, 0x0, 0x0, 0x3c,
    0x4, 0xf1, 0x4f, 0x14, 0xf1, 0x4f, 0x14, 0xf1,
    0x4f, 0x14, 0xf1,

    /* U+00A7 "§" */
    0x4, 0xcf, 0xe9, 0x0, 0x1f, 0xb5, 0x7e, 0xb0,
    0x5f, 0x10, 0x3, 0x40, 0x4f, 0x70, 0x0, 0x0,
    0x9, 0xfe, 0xa3, 0x0, 0xc, 0xfb, 0xef, 0x60,
    0x3f, 0x40, 0xa, 0xe0, 0x4f, 0x30, 0x8, 0xf0,
    0xe, 0xe8, 0x9f, 0xa0, 0x1, 0xae, 0xff, 0x20,
    0x0, 0x0, 0x4d, 0xd0, 0x3, 0x0, 0x6, 0xf0,
    0x6f, 0x61, 0x2c, 0xd0, 0x7, 0xff, 0xfd, 0x30,
    0x0, 0x3, 0x20, 0x0,

    /* U+00A8 "¨" */
    0xc, 0x50, 0xa, 0x81, 0xe7, 0x0, 0xca,

    /* U+00A9 "©" */
    0x0, 0x0, 0x0, 0x0, 0x0, 0x0, 0x0, 0x0,
    0x1, 0x8d, 0xff, 0xc6, 0x0, 0x0, 0x0, 0x4e,
    0xc6, 0x44, 0x8e, 0xd1, 0x0, 0x2, 0xf8, 0x1b,
    0xfe, 0x71, 0xcd, 0x0, 0xa, 0xc0, 0xcd, 0x56,
    0xf6, 0x1e, 0x60, 0xf, 0x52, 0xf3, 0x0, 0x53,
    0x8, 0xc0, 0x3f, 0x14, 0xf0, 0x0, 0x0, 0x5,
    0xf0, 0x3f, 0x13, 0xf2, 0x0, 0x32, 0x5, 0xf0,
    0x1f, 0x40, 0xdb, 0x24, 0xf8, 0x7, 0xd0, 0xc,
    0xa0, 0x3e, 0xff, 0xa0, 0xd, 0x80, 0x3, 0xf6,
    0x0, 0x21, 0x0, 0x9e, 0x10, 0x0, 0x6f, 0xa3,
    0x11, 0x4c, 0xe3, 0x0, 0x0, 0x3, 0xbf, 0xff,
    0xfa, 0x10, 0x0, 0x0, 0x0, 0x0, 0x22, 0x0,
    0x0, 0x0,

    /* U+00AA "ª" */
    0x1a, 0xec, 0x30, 0x27, 0x29, 0xd0, 0x2c, 0xde,
    0xf0, 0x8d, 0x7, 0xf0, 0x3d, 0xfb, 0xf0,

    /* U+00AB "«" */
    0x0, 0x1e, 0xe1, 0x7f, 0x70, 0xa, 0xf4, 0x3f,
    0xb0, 0x6, 0xf8, 0xd, 0xe1, 0x0, 0xfe, 0x8,
    0xf6, 0x0, 0x7, 0xf7, 0x1e, 0xd0, 0x0, 0xb,
    0xf3, 0x4f, 0xa0, 0x0, 0x1e, 0xd0, 0x8f, 0x50,
    0x0, 0x11, 0x0, 0x11,

    /* U+00AC "¬" */
    0x12, 0x22, 0x22, 0xc, 0xff, 0xff, 0xf6, 0x35,
    0x55, 0x5f, 0x60, 0x0, 0x0, 0xf6, 0x0, 0x0,
    0x5, 0x10,

    /* U+00AE "®" */
    0x0, 0x8, 0xde, 0xb4, 0x0, 0x1, 0xd9, 0x32,
    0x5d, 0x70, 0xa, 0x80, 0x0, 0x1, 0xe3, 0x1e,
    0x7, 0xee, 0x90, 0x6a, 0x4b, 0x7, 0x71, 0xf1,
    0x3d, 0x5b, 0x7, 0xff, 0x90, 0x2d, 0x2e, 0x7,
    0x77, 0x90, 0x5b, 0xc, 0x55, 0x50, 0xb1, 0xc5,
    0x2, 0xe6, 0x0, 0x2b, 0xa0, 0x0, 0x2b, 0xff,
    0xe7, 0x0, 0x0, 0x0, 0x1, 0x0, 0x0,

    /* U+00AF "¯" */
    0x2, 0x22, 0x22, 0x1, 0xff, 0xff, 0xf3, 0x5,
    0x55, 0x55, 0x10,

    /* U+00B0 "°" */
    0x0, 0x0, 0x0, 0x3, 0xef, 0x70, 0xf, 0x95,
    0xf4, 0x3f, 0x10, 0xc8, 0x1f, 0x62, 0xf5, 0x6,
    0xff, 0xa0, 0x0, 0x12, 0x0,

    /* U+00B1 "±" */
    0x0, 0x5, 0xf0, 0x0, 0x0, 0x0, 0x5f, 0x0,
    0x0, 0x1, 0x16, 0xf1, 0x11, 0x9, 0xff, 0xff,
    0xff, 0xf3, 0x24, 0x48, 0xf4, 0x44, 0x0, 0x0,
    0x5f, 0x0, 0x0, 0x0, 0x5, 0xf0, 0x0, 0x0,
    0x0, 0x14, 0x0, 0x0, 0x23, 0x33, 0x33, 0x33,
    0x9, 0xff, 0xff, 0xff, 0xf3,

    /* U+00B2 "²" */
    0x9, 0xee, 0x60, 0x7f, 0x57, 0xf3, 0x2, 0x0,
    0xf5, 0x0, 0xa, 0xf2, 0x0, 0xcf, 0x60, 0xc,
    0xf4, 0x0, 0x5f, 0x83, 0x31, 0x6f, 0xff, 0xf8,

    /* U+00B3 "³" */
    0x6, 0xee, 0x60, 0x1f, 0x67, 0xf2, 0x1, 0x0,
    0xf5, 0x0, 0x5, 0xf2, 0x0, 0xdf, 0x80, 0x0,
    0x25, 0xf4, 0x2a, 0x55, 0xf6, 0x9, 0xee, 0x90,

    /* U+00B4 "´" */
    0x1, 0x85, 0xc, 0xe2, 0x9f, 0x30,

    /* U+00B5 "µ" */
    0x1f, 0x80, 0x0, 0x3f, 0x61, 0xf8, 0x0, 0x3,
    0xf6, 0x1f, 0x80, 0x0, 0x3f, 0x61, 0xf8, 0x0,
    0x3, 0xf6, 0x1f, 0x80, 0x0, 0x3f, 0x61, 0xf9,
    0x0, 0x4, 0xf6, 0x1f, 0xd0, 0x0, 0x9f, 0x61,
    0xff, 0xa6, 0x9f, 0xf6, 0x1f, 0xac, 0xfd, 0x6f,
    0x61, 0xf7, 0x0, 0x0, 0x0, 0x1f, 0x70, 0x0,
    0x0, 0x1, 0xf7, 0x0, 0x0, 0x0, 0x1f, 0x70,
    0x0, 0x0, 0x0,

    /* U+00B6 "¶" */
    0x1, 0xae, 0xff, 0xff, 0xd, 0xff, 0xfe, 0xcf,
    0x5f, 0xff, 0xfc, 0x6f, 0x9f, 0xff, 0xfc, 0x6f,
    0x8f, 0xff, 0xfc, 0x6f, 0x4f, 0xff, 0xfc, 0x6f,
    0xb, 0xff, 0xfc, 0x6f, 0x0, 0x7b, 0xec, 0x6f,
    0x0, 0x0, 0x9c, 0x6f, 0x0, 0x0, 0x9c, 0x6f,
    0x0, 0x0, 0x9c, 0x6f, 0x0, 0x0, 0x9c, 0x6f,
    0x0, 0x0, 0x9c, 0x6f, 0x0, 0x0, 0x57, 0x39,

    /* U+00B7 "·" */
    0x1, 0xb, 0xf2, 0x9e, 0x10,

    /* U+00B8 "¸" */
    0x5, 0x40, 0x9, 0xe2, 0x10, 0xc8, 0x9f, 0xf3,
    0x1, 0x0,

    /* U+00B9 "¹" */
    0x4, 0xf7, 0x4f, 0xf7, 0x24, 0xd7, 0x0, 0xd7,
    0x0, 0xd7, 0x0, 0xd7, 0x0, 0xd7, 0x0, 0xd7,

    /* U+00BA "º" */
    0x7, 0xee, 0x90, 0x5f, 0x54, 0xe7, 0x8d, 0x0,
    0xab, 0x5f, 0x64, 0xe8, 0x7, 0xef, 0x90,

    /* U+00BB "»" */
    0xb, 0xf3, 0x3f, 0xa0, 0x0, 0x1e, 0xe1, 0x8f,
    0x60, 0x0, 0x4f, 0xa0, 0xcf, 0x20, 0x0, 0xaf,
    0x43, 0xfb, 0x0, 0x3f, 0xb0, 0xbf, 0x30, 0xd,
    0xe1, 0x6f, 0x80, 0x9, 0xf4, 0x2f, 0xc0, 0x0,
    0x11, 0x0, 0x10, 0x0,

    /* U+00BC "¼" */
    0x0, 0x53, 0x0, 0x0, 0x0, 0x62, 0x0, 0x1b,
    0xf7, 0x0, 0x0, 0x9, 0xd0, 0x0, 0x4b, 0xe7,
    0x0, 0x0, 0x4f, 0x30, 0x0, 0x0, 0xd7, 0x0,
    0x1, 0xe7, 0x0, 0x0, 0x0, 0xd7, 0x0, 0xa,
    0xc0, 0x0, 0x0, 0x0, 0xd7, 0x0, 0x4f, 0x20,
    0x7, 0x30, 0x0, 0xd7, 0x1, 0xe7, 0x0, 0x9f,
    0x80, 0x0, 0xd7, 0xa, 0xc0, 0x4, 0xfe, 0x80,
    0x0, 0x0, 0x5f, 0x20, 0x1e, 0x6c, 0x80, 0x0,
    0x1, 0xe7, 0x0, 0xba, 0xc, 0x80, 0x0, 0xb,
    0xc0, 0x1, 0xff, 0xff, 0xfc, 0x0, 0x6f, 0x20,
    0x0, 0x33, 0x3d, 0x92, 0x0, 0xa5, 0x0, 0x0,
    0x0, 0x8, 0x50,

    /* U+00BD "½" */
    0x4, 0xf7, 0x0, 0x0, 0x5, 0xf2, 0x0, 0x5,
    0xff, 0x70, 0x0, 0x1, 0xe7, 0x0, 0x0, 0x13,
    0xd7, 0x0, 0x0, 0xac, 0x0, 0x0, 0x0, 0xd,
    0x70, 0x0, 0x5f, 0x20, 0x0, 0x0, 0x0, 0xd7,
    0x0, 0x1e, 0x70, 0x0, 0x0, 0x0, 0xd, 0x70,
    0xa, 0xc0, 0x4e, 0xfc, 0x20, 0x0, 0xd7, 0x5,
    0xf2, 0xe, 0xa4, 0xcc, 0x0, 0x5, 0x31, 0xe6,
    0x0, 0x0, 0x9, 0xd0, 0x0, 0x0, 0xbc, 0x0,
    0x0, 0x7, 0xf5, 0x0, 0x0, 0x5f, 0x20, 0x0,
    0xb, 0xe4, 0x0, 0x0, 0x1e, 0x60, 0x0, 0xa,
    0xe2, 0x0, 0x0, 0xb, 0xc0, 0x0, 0x0, 0xef,
    0xff, 0xf0, 0x0, 0x31, 0x0, 0x0, 0x3, 0x33,
    0x33, 0x0,

    /* U+00BE "¾" */
    0x7, 0xee, 0x80, 0x0, 0x0, 0x2f, 0x60, 0x0,
    0x1c, 0x66, 0xf3, 0x0, 0x0, 0xbb, 0x0, 0x0,
    0x0, 0x3, 0xf3, 0x0, 0x6, 0xf2, 0x0, 0x0,
    0x0, 0xdf, 0x80, 0x0, 0x1e, 0x70, 0x0, 0x0,
    0x0, 0x27, 0xf2, 0x0, 0xac, 0x0, 0x0, 0x0,
    0x0, 0x0, 0xe7, 0x4, 0xf2, 0x0, 0xb9, 0x0,
    0x2d, 0x33, 0xf5, 0xe, 0x80, 0x8, 0xfc, 0x0,
    0xb, 0xff, 0xa0, 0x9d, 0x0, 0x3f, 0xdc, 0x0,
    0x0, 0x12, 0x3, 0xf3, 0x0, 0xda, 0x8c, 0x0,
    0x0, 0x0, 0xd, 0x90, 0x7, 0xd1, 0x8c, 0x0,
    0x0, 0x0, 0x8e, 0x0, 0xd, 0xff, 0xff, 0xf0,
    0x0, 0x2, 0xf4, 0x0, 0x2, 0x33, 0xac, 0x30,
    0x0, 0x8, 0x80, 0x0, 0x0, 0x0, 0x58, 0x0,

    /* U+00BF "¿" */
    0x0, 0x6, 0xf3, 0x0, 0x0, 0x8, 0xf5, 0x0,
    0x0, 0x0, 0x20, 0x0, 0x0, 0x0, 0x20, 0x0,
    0x0, 0x6, 0xf3, 0x0, 0x0, 0x8, 0xf3, 0x0,
    0x6, 0xff, 0xf3, 0x0, 0x4f, 0xb2, 0x0, 0x0,
    0xaf, 0x0, 0x0, 0x0, 0xbe, 0x0, 0x0, 0x0,
    0x8f, 0x40, 0x1, 0xa3, 0x1e, 0xfa, 0x9e, 0xf3,
    0x2, 0xae, 0xfb, 0x30,

    /* U+00C0 "À" */
    0x0, 0x0, 0x76, 0x0, 0x0, 0x0, 0x0, 0x0,
    0x6f, 0x60, 0x0, 0x0, 0x0, 0x0, 0x8, 0xf4,
    0x0, 0x0, 0x0, 0x0, 0x0, 0x0, 0x0, 0x0,
    0x0, 0x0, 0x4f, 0xe0, 0x0, 0x0, 0x0, 0x0,
    0xaf, 0xf5, 0x0, 0x0, 0x0, 0x1, 0xfb, 0xeb,
    0x0, 0x0, 0x0, 0x7, 0xf3, 0x8f, 0x20, 0x0,
    0x0, 0xd, 0xd0, 0x2f, 0x80, 0x0, 0x0, 0x3f,
    0x60, 0xb, 0xe0, 0x0, 0x0, 0xaf, 0x0, 0x5,
    0xf5, 0x0, 0x1, 0xff, 0xff, 0xff, 0xfb, 0x0,
    0x7, 0xf9, 0x88, 0x88, 0xcf, 0x20, 0xd, 0xd0,
    0x0, 0x0, 0x2f, 0x80, 0x3f, 0x70, 0x0, 0x0,
    0xd, 0xe0, 0xaf, 0x20, 0x0, 0x0, 0x7, 0xf5,

    /* U+00C1 "Á" */
    0x0, 0x0, 0x0, 0x48, 0x20, 0x0, 0x0, 0x0,
    0x3, 0xfa, 0x0, 0x0, 0x0, 0x0, 0x1e, 0xc0,
    0x0, 0x0, 0x0, 0x0, 0x0, 0x0, 0x0, 0x0,
    0x0, 0x0, 0x4f, 0xe0, 0x0, 0x0, 0x0, 0x0,
    0xaf, 0xf5, 0x0, 0x0, 0x0, 0x1, 0xfb, 0xeb,
    0x0, 0x0, 0x0, 0x7, 0xf3, 0x8f, 0x20, 0x0,
    0x0, 0xd, 0xd0, 0x2f, 0x80, 0x0, 0x0, 0x3f,
    0x60, 0xb, 0xe0, 0x0, 0x0, 0xaf, 0x0, 0x5,
    0xf5, 0x0, 0x1, 0xff, 0xff, 0xff, 0xfb, 0x0,
    0x7, 0xf9, 0x88, 0x88, 0xcf, 0x20, 0xd, 0xd0,
    0x0, 0x0, 0x2f, 0x80, 0x3f, 0x70, 0x0, 0x0,
    0xd, 0xe0, 0xaf, 0x20, 0x0, 0x0, 0x7, 0xf5,

    /* U+00C2 "Â" */
    0x0, 0x0, 0x38, 0x70, 0x0, 0x0, 0x0, 0x3,
    0xfa, 0xdb, 0x0, 0x0, 0x0, 0x7, 0x50, 0x17,
    0x40, 0x0, 0x0, 0x0, 0x0, 0x0, 0x0, 0x0,
    0x0, 0x0, 0x4f, 0xe0, 0x0, 0x0, 0x0, 0x0,
    0xaf, 0xf5, 0x0, 0x0, 0x0, 0x1, 0xfb, 0xeb,
    0x0, 0x0, 0x0, 0x7, 0xf3, 0x8f, 0x20, 0x0,
    0x0, 0xd, 0xd0, 0x2f, 0x80, 0x0, 0x0, 0x3f,
    0x60, 0xb, 0xe0, 0x0, 0x0, 0xaf, 0x0, 0x5,
    0xf5, 0x0, 0x1, 0xff, 0xff, 0xff, 0xfb, 0x0,
    0x7, 0xf9, 0x88, 0x88, 0xcf, 0x20, 0xd, 0xd0,
    0x0, 0x0, 0x2f, 0x80, 0x3f, 0x70, 0x0, 0x0,
    0xd, 0xe0, 0xaf, 0x20, 0x0, 0x0, 0x7, 0xf5,

    /* U+00C3 "Ã" */
    0x0, 0x0, 0x0, 0x0, 0x0, 0x0, 0x0, 0x3,
    0xef, 0x74, 0xa0, 0x0, 0x0, 0x6, 0x63, 0xff,
    0x80, 0x0, 0x0, 0x0, 0x0, 0x2, 0x0, 0x0,
    0x0, 0x0, 0x4f, 0xe0, 0x0, 0x0, 0x0, 0x0,
    0xaf, 0xf5, 0x0, 0x0, 0x0, 0x1, 0xfb, 0xeb,
    0x0, 0x0, 0x0, 0x7, 0xf3, 0x8f, 0x20, 0x0,
    0x0, 0xd, 0xd0, 0x2f, 0x80, 0x0, 0x0, 0x3f,
    0x60, 0xb, 0xe0, 0x0, 0x0, 0xaf, 0x0, 0x5,
    0xf5, 0x0, 0x1, 0xff, 0xff, 0xff, 0xfb, 0x0,
    0x7, 0xf9, 0x88, 0x88, 0xcf, 0x20, 0xd, 0xd0,
    0x0, 0x0, 0x2f, 0x80, 0x3f, 0x70, 0x0, 0x0,
    0xd, 0xe0, 0xaf, 0x20, 0x0, 0x0, 0x7, 0xf5,

    /* U+00C4 "Ä" */
    0x0, 0xc, 0x50, 0x9, 0x80, 0x0, 0x0, 0xe,
    0x70, 0xb, 0xa0, 0x0, 0x0, 0x0, 0x0, 0x0,
    0x0, 0x0, 0x0, 0x0, 0x0, 0x0, 0x0, 0x0,
    0x0, 0x0, 0x4f, 0xe0, 0x0, 0x0, 0x0, 0x0,
    0xaf, 0xf5, 0x0, 0x0, 0x0, 0x1, 0xfb, 0xeb,
    0x0, 0x0, 0x0, 0x7, 0xf3, 0x8f, 0x20, 0x0,
    0x0, 0xd, 0xd0, 0x2f, 0x80, 0x0, 0x0, 0x3f,
    0x60, 0xb, 0xe0, 0x0, 0x0, 0xaf, 0x0, 0x5,
    0xf5, 0x0, 0x1, 0xff, 0xff, 0xff, 0xfb, 0x0,
    0x7, 0xf9, 0x88, 0x88, 0xcf, 0x20, 0xd, 0xd0,
    0x0, 0x0, 0x2f, 0x80, 0x3f, 0x70, 0x0, 0x0,
    0xd, 0xe0, 0xaf, 0x20, 0x0, 0x0, 0x7, 0xf5,

    /* U+00C5 "Å" */
    0x0, 0x0, 0x5d, 0xc1, 0x0, 0x0, 0x0, 0x0,
    0xd6, 0xb8, 0x0, 0x0, 0x0, 0x0, 0x7f, 0xe3,
    0x0, 0x0, 0x0, 0x0, 0x1, 0x0, 0x0, 0x0,
    0x0, 0x0, 0x4f, 0xe0, 0x0, 0x0, 0x0, 0x0,
    0xaf, 0xf5, 0x0, 0x0, 0x0, 0x1, 0xfb, 0xeb,
    0x0, 0x0, 0x0, 0x7, 0xf3, 0x8f, 0x20, 0x0,
    0x0, 0xd, 0xd0, 0x2f, 0x80, 0x0, 0x0, 0x3f,
    0x60, 0xb, 0xe0, 0x0, 0x0, 0xaf, 0x0, 0x5,
    0xf5, 0x0, 0x1, 0xff, 0xff, 0xff, 0xfb, 0x0,
    0x7, 0xf9, 0x88, 0x88, 0xcf, 0x20, 0xd, 0xd0,
    0x0, 0x0, 0x2f, 0x80, 0x3f, 0x70, 0x0, 0x0,
    0xd, 0xe0, 0xaf, 0x20, 0x0, 0x0, 0x7, 0xf5,

    /* U+00C6 "Æ" */
    0x0, 0x0, 0x0, 0x1f, 0xff, 0xff, 0xff, 0xfb,
    0x0, 0x0, 0x0, 0xaf, 0xcf, 0xb9, 0x99, 0x96,
    0x0, 0x0, 0x3, 0xf9, 0x7f, 0x40, 0x0, 0x0,
    0x0, 0x0, 0xc, 0xe1, 0x7f, 0x40, 0x0, 0x0,
    0x0, 0x0, 0x6f, 0x50, 0x7f, 0x40, 0x0, 0x0,
    0x0, 0x1, 0xeb, 0x0, 0x7f, 0xff, 0xff, 0xf3,
    0x0, 0x9, 0xf2, 0x0, 0x7f, 0xa8, 0x88, 0x81,
    0x0, 0x3f, 0xff, 0xff, 0xff, 0x40, 0x0, 0x0,
    0x0, 0xce, 0x88, 0x88, 0xcf, 0x40, 0x0, 0x0,
    0x5, 0xf7, 0x0, 0x0, 0x7f, 0x40, 0x0, 0x0,
    0xe, 0xd0, 0x0, 0x0, 0x7f, 0xb9, 0x99, 0x97,
    0x8f, 0x50, 0x0, 0x0, 0x7f, 0xff, 0xff, 0xfc,

    /* U+00C7 "Ç" */
    0x0, 0x2, 0x9d, 0xfe, 0xa2, 0x0, 0x0, 0x6f,
    0xfb, 0x9b, 0xff, 0x60, 0x4, 0xfd, 0x20, 0x0,
    0x2d, 0xf4, 0xc, 0xf2, 0x0, 0x0, 0x1, 0x92,
    0x1f, 0xa0, 0x0, 0x0, 0x0, 0x0, 0x3f, 0x70,
    0x0, 0x0, 0x0, 0x0, 0x3f, 0x70, 0x0, 0x0,
    0x0, 0x0, 0x1f, 0xa0, 0x0, 0x0, 0x0, 0x0,
    0xc, 0xf2, 0x0, 0x0, 0x1, 0xc4, 0x3, 0xfd,
    0x20, 0x0, 0x2d, 0xf3, 0x0, 0x6f, 0xfb, 0x9b,
    0xff, 0x50, 0x0, 0x2, 0x9f, 0xfe, 0xa2, 0x0,
    0x0, 0x0, 0x7, 0xd1, 0x0, 0x0, 0x0, 0x0,
    0x2, 0xc9, 0x0, 0x0, 0x0, 0x0, 0x22, 0x9b,
    0x0, 0x0, 0x0, 0x0, 0x5e, 0xe4, 0x0, 0x0,

    /* U+00C8 "È" */
    0x0, 0x67, 0x0, 0x0, 0x0, 0x3f, 0xb0, 0x0,
    0x0, 0x4, 0xf8, 0x0, 0x0, 0x0, 0x0, 0x0,
    0x7f, 0xff, 0xff, 0xfa, 0x7f, 0xa9, 0x99, 0x96,
    0x7f, 0x20, 0x0, 0x0, 0x7f, 0x20, 0x0, 0x0,
    0x7f, 0x20, 0x0, 0x0, 0x7f, 0xff, 0xff, 0xf2,
    0x7f, 0x98, 0x88, 0x81, 0x7f, 0x20, 0x0, 0x0,
    0x7f, 0x20, 0x0, 0x0, 0x7f, 0x20, 0x0, 0x0,
    0x7f, 0xa9, 0x99, 0x96, 0x7f, 0xff, 0xff, 0xfb,

    /* U+00C9 "É" */
    0x0, 0x0, 0x28, 0x40, 0x0, 0x0, 0xdd, 0x10,
    0x0, 0xb, 0xe2, 0x0, 0x0, 0x0, 0x0, 0x0,
    0x7f, 0xff, 0xff, 0xfa, 0x7f, 0xa9, 0x99, 0x96,
    0x7f, 0x20, 0x0, 0x0, 0x7f, 0x20, 0x0, 0x0,
    0x7f, 0x20, 0x0, 0x0, 0x7f, 0xff, 0xff, 0xf2,
    0x7f, 0x98, 0x88, 0x81, 0x7f, 0x20, 0x0, 0x0,
    0x7f, 0x20, 0x0, 0x0, 0x7f, 0x20, 0x0, 0x0,
    0x7f, 0xa9, 0x99, 0x96, 0x7f, 0xff, 0xff, 0xfb,

    /* U+00CA "Ê" */
    0x0, 0x7, 0x82, 0x0, 0x1, 0xcd, 0xae, 0x20,
    0x5, 0x70, 0x6, 0x60, 0x0, 0x0, 0x0, 0x0,
    0x7f, 0xff, 0xff, 0xfa, 0x7f, 0xa9, 0x99, 0x96,
    0x7f, 0x20, 0x0, 0x0, 0x7f, 0x20, 0x0, 0x0,
    0x7f, 0x20, 0x0, 0x0, 0x7f, 0xff, 0xff, 0xf2,
    0x7f, 0x98, 0x88, 0x81, 0x7f, 0x20, 0x0, 0x0,
    0x7f, 0x20, 0x0, 0x0, 0x7f, 0x20, 0x0, 0x0,
    0x7f, 0xa9, 0x99, 0x96, 0x7f, 0xff, 0xff, 0xfb,

    /* U+00CB "Ë" */
    0x9, 0x90, 0x5, 0xc0, 0xb, 0xb0, 0x7, 0xe1,
    0x0, 0x0, 0x0, 0x0, 0x0, 0x0, 0x0, 0x0,
    0x7f, 0xff, 0xff, 0xfa, 0x7f, 0xa9, 0x99, 0x96,
    0x7f, 0x20, 0x0, 0x0, 0x7f, 0x20, 0x0, 0x0,
    0x7f, 0x20, 0x0, 0x0, 0x7f, 0xff, 0xff, 0xf2,
    0x7f, 0x98, 0x88, 0x81, 0x7f, 0x20, 0x0, 0x0,
    0x7f, 0x20, 0x0, 0x0, 0x7f, 0x20, 0x0, 0x0,
    0x7f, 0xa9, 0x99, 0x96, 0x7f, 0xff, 0xff, 0xfb,

    /* U+00CC "Ì" */
    0x48, 0x20, 0x1, 0xdd, 0x10, 0x2, 0xeb, 0x0,
    0x0, 0x0, 0x7, 0xf2, 0x0, 0x7f, 0x20, 0x7,
    0xf2, 0x0, 0x7f, 0x20, 0x7, 0xf2, 0x0, 0x7f,
    0x20, 0x7, 0xf2, 0x0, 0x7f, 0x20, 0x7, 0xf2,
    0x0, 0x7f, 0x20, 0x7, 0xf2, 0x0, 0x7f, 0x20,

    /* U+00CD "Í" */
    0x0, 0x76, 0x0, 0xbf, 0x30, 0x7f, 0x50, 0x0,
    0x0, 0x0, 0x7f, 0x20, 0x7, 0xf2, 0x0, 0x7f,
    0x20, 0x7, 0xf2, 0x0, 0x7f, 0x20, 0x7, 0xf2,
    0x0, 0x7f, 0x20, 0x7, 0xf2, 0x0, 0x7f, 0x20,
    0x7, 0xf2, 0x0, 0x7f, 0x20, 0x7, 0xf2, 0x0,

    /* U+00CE "Î" */
    0x0, 0x68, 0x40, 0x0, 0xae, 0x9f, 0x50, 0x37,
    0x20, 0x47, 0x0, 0x0, 0x0, 0x0, 0x0, 0x7f,
    0x20, 0x0, 0x7, 0xf2, 0x0, 0x0, 0x7f, 0x20,
    0x0, 0x7, 0xf2, 0x0, 0x0, 0x7f, 0x20, 0x0,
    0x7, 0xf2, 0x0, 0x0, 0x7f, 0x20, 0x0, 0x7,
    0xf2, 0x0, 0x0, 0x7f, 0x20, 0x0, 0x7, 0xf2,
    0x0, 0x0, 0x7f, 0x20, 0x0, 0x7, 0xf2, 0x0,

    /* U+00CF "Ï" */
    0x7c, 0x2d, 0x48, 0xd2, 0xe5, 0x0, 0x0, 0x0,
    0x0, 0x0, 0x7, 0xf2, 0x0, 0x7f, 0x20, 0x7,
    0xf2, 0x0, 0x7f, 0x20, 0x7, 0xf2, 0x0, 0x7f,
    0x20, 0x7, 0xf2, 0x0, 0x7f, 0x20, 0x7, 0xf2,
    0x0, 0x7f, 0x20, 0x7, 0xf2, 0x0, 0x7f, 0x20,

    /* U+00D0 "Ð" */
    0x8, 0xff, 0xff, 0xd8, 0x10, 0x0, 0x8, 0xfb,
    0xaa, 0xdf, 0xe3, 0x0, 0x8, 0xf3, 0x0, 0x6,
    0xfe, 0x10, 0x8, 0xf3, 0x0, 0x0, 0x7f, 0x80,
    0x18, 0xf4, 0x10, 0x0, 0xe, 0xd0, 0xdf, 0xff,
    0xfa, 0x0, 0xb, 0xf0, 0x3a, 0xf6, 0x42, 0x0,
    0xc, 0xf0, 0x8, 0xf3, 0x0, 0x0, 0xe, 0xd0,
    0x8, 0xf3, 0x0, 0x0, 0x7f, 0x70, 0x8, 0xf3,
    0x0, 0x6, 0xfe, 0x10, 0x8, 0xfb, 0xaa, 0xdf,
    0xe3, 0x0, 0x8, 0xff, 0xff, 0xd8, 0x10, 0x0,

    /* U+00D1 "Ñ" */
    0x0, 0x0, 0x0, 0x0, 0x0, 0x0, 0x0, 0x7f,
    0xd3, 0x76, 0x0, 0x0, 0x9, 0x38, 0xff, 0x30,
    0x0, 0x0, 0x0, 0x1, 0x10, 0x0, 0x7f, 0x90,
    0x0, 0x0, 0xf, 0xa7, 0xff, 0x50, 0x0, 0x0,
    0xfa, 0x7f, 0xff, 0x20, 0x0, 0xf, 0xa7, 0xf7,
    0xfc, 0x0, 0x0, 0xfa, 0x7f, 0x28, 0xf8, 0x0,
    0xf, 0xa7, 0xf2, 0xc, 0xf4, 0x0, 0xfa, 0x7f,
    0x20, 0x1e, 0xe1, 0xf, 0xa7, 0xf2, 0x0, 0x5f,
    0xb0, 0xfa, 0x7f, 0x20, 0x0, 0x9f, 0x7f, 0xa7,
    0xf2, 0x0, 0x0, 0xdf, 0xfa, 0x7f, 0x20, 0x0,
    0x2, 0xff, 0xa7, 0xf2, 0x0, 0x0, 0x6, 0xfa,

    /* U+00D2 "Ò" */
    0x0, 0x0, 0x27, 0x50, 0x0, 0x0, 0x0, 0x0,
    0x0, 0x7f, 0x60, 0x0, 0x0, 0x0, 0x0, 0x0,
    0x47, 0x10, 0x0, 0x0, 0x0, 0x0, 0x0, 0x0,
    0x0, 0x0, 0x0, 0x2, 0x9d, 0xfe, 0xb4, 0x0,
    0x0, 0x6, 0xff, 0xb9, 0xbf, 0xf9, 0x0, 0x3,
    0xfd, 0x20, 0x0, 0x1b, 0xf7, 0x0, 0xcf, 0x20,
    0x0, 0x0, 0xd, 0xf0, 0x1f, 0xa0, 0x0, 0x0,
    0x0, 0x7f, 0x53, 0xf7, 0x0, 0x0, 0x0, 0x3,
    0xf7, 0x3f, 0x70, 0x0, 0x0, 0x0, 0x3f, 0x71,
    0xfa, 0x0, 0x0, 0x0, 0x6, 0xf5, 0xc, 0xf2,
    0x0, 0x0, 0x0, 0xdf, 0x0, 0x3f, 0xd3, 0x0,
    0x1, 0xbf, 0x70, 0x0, 0x5f, 0xfc, 0xab, 0xff,
    0x90, 0x0, 0x0, 0x29, 0xdf, 0xeb, 0x40, 0x0,

    /* U+00D3 "Ó" */
    0x0, 0x0, 0x0, 0x6, 0x71, 0x0, 0x0, 0x0,
    0x0, 0x9, 0xf5, 0x0, 0x0, 0x0, 0x0, 0x3,
    0x83, 0x0, 0x0, 0x0, 0x0, 0x0, 0x0, 0x0,
    0x0, 0x0, 0x0, 0x2, 0x9d, 0xfe, 0xb4, 0x0,
    0x0, 0x6, 0xff, 0xb9, 0xbf, 0xf9, 0x0, 0x3,
    0xfd, 0x20, 0x0, 0x1b, 0xf7, 0x0, 0xcf, 0x20,
    0x0, 0x0, 0xd, 0xf0, 0x1f, 0xa0, 0x0, 0x0,
    0x0, 0x7f, 0x53, 0xf7, 0x0, 0x0, 0x0, 0x3,
    0xf7, 0x3f, 0x70, 0x0, 0x0, 0x0, 0x3f, 0x71,
    0xfa, 0x0, 0x0, 0x0, 0x6, 0xf5, 0xc, 0xf2,
    0x0, 0x0, 0x0, 0xdf, 0x0, 0x3f, 0xd3, 0x0,
    0x1, 0xbf, 0x70, 0x0, 0x5f, 0xfc, 0xab, 0xff,
    0x90, 0x0, 0x0, 0x29, 0xdf, 0xeb, 0x40, 0x0,

    /* U+00D4 "Ô" */
    0x0, 0x0, 0xb, 0xfd, 0x10, 0x0, 0x0, 0x0,
    0x9, 0xf5, 0xec, 0x0, 0x0, 0x0, 0x1, 0x73,
    0x2, 0x83, 0x0, 0x0, 0x0, 0x0, 0x0, 0x0,
    0x0, 0x0, 0x0, 0x2, 0x9d, 0xfe, 0xb4, 0x0,
    0x0, 0x6, 0xff, 0xb9, 0xbf, 0xf9, 0x0, 0x3,
    0xfd, 0x20, 0x0, 0x1b, 0xf7, 0x0, 0xcf, 0x20,
    0x0, 0x0, 0xd, 0xf0, 0x1f, 0xa0, 0x0, 0x0,
    0x0, 0x7f, 0x53, 0xf7, 0x0, 0x0, 0x0, 0x3,
    0xf7, 0x3f, 0x70, 0x0, 0x0, 0x0, 0x3f, 0x71,
    0xfa, 0x0, 0x0, 0x0, 0x6, 0xf5, 0xc, 0xf2,
    0x0, 0x0, 0x0, 0xdf, 0x0, 0x3f, 0xd3, 0x0,
    0x1, 0xbf, 0x70, 0x0, 0x5f, 0xfc, 0xab, 0xff,
    0x90, 0x0, 0x0, 0x29, 0xdf, 0xeb, 0x40, 0x0,

    /* U+00D5 "Õ" */
    0x0, 0x0, 0x0, 0x0, 0x0, 0x0, 0x0, 0x0,
    0x4, 0xec, 0x0, 0x0, 0x0, 0x0, 0x0, 0xb8,
    0xb8, 0x68, 0x0, 0x0, 0x0, 0x0, 0x2, 0xff,
    0x40, 0x0, 0x0, 0x0, 0x0, 0x1, 0x10, 0x0,
    0x0, 0x0, 0x29, 0xdf, 0xeb, 0x40, 0x0, 0x0,
    0x6f, 0xfb, 0x9b, 0xff, 0x90, 0x0, 0x3f, 0xd2,
    0x0, 0x1, 0xbf, 0x70, 0xc, 0xf2, 0x0, 0x0,
    0x0, 0xdf, 0x1, 0xfa, 0x0, 0x0, 0x0, 0x7,
    0xf5, 0x3f, 0x70, 0x0, 0x0, 0x0, 0x3f, 0x73,
    0xf7, 0x0, 0x0, 0x0, 0x3, 0xf7, 0x1f, 0xa0,
    0x0, 0x0, 0x0, 0x6f, 0x50, 0xcf, 0x20, 0x0,
    0x0, 0xd, 0xf0, 0x3, 0xfd, 0x30, 0x0, 0x1b,
    0xf7, 0x0, 0x5, 0xff, 0xca, 0xbf, 0xf9, 0x0,
    0x0, 0x2, 0x9d, 0xfe, 0xb4, 0x0, 0x0,

    /* U+00D6 "Ö" */
    0x0, 0x3, 0xf3, 0x0, 0xe7, 0x0, 0x0, 0x0,
    0x2d, 0x30, 0xc, 0x60, 0x0, 0x0, 0x0, 0x0,
    0x0, 0x0, 0x0, 0x0, 0x0, 0x0, 0x0, 0x0,
    0x0, 0x0, 0x0, 0x2, 0x9d, 0xfe, 0xb4, 0x0,
    0x0, 0x6, 0xff, 0xb9, 0xbf, 0xf9, 0x0, 0x3,
    0xfd, 0x20, 0x0, 0x1b, 0xf7, 0x0, 0xcf, 0x20,
    0x0, 0x0, 0xd, 0xf0, 0x1f, 0xa0, 0x0, 0x0,
    0x0, 0x7f, 0x53, 0xf7, 0x0, 0x0, 0x0, 0x3,
    0xf7, 0x3f, 0x70, 0x0, 0x0, 0x0, 0x3f, 0x71,
    0xfa, 0x0, 0x0, 0x0, 0x6, 0xf5, 0xc, 0xf2,
    0x0, 0x0, 0x0, 0xdf, 0x0, 0x3f, 0xd3, 0x0,
    0x1, 0xbf, 0x70, 0x0, 0x5f, 0xfc, 0xab, 0xff,
    0x90, 0x0, 0x0, 0x29, 0xdf, 0xeb, 0x40, 0x0,

    /* U+00D7 "×" */
    0x4, 0x20, 0x0, 0x61, 0xc, 0xe2, 0x7, 0xf6,
    0x0, 0xce, 0x8f, 0x70, 0x0, 0x1d, 0xf9, 0x0,
    0x0, 0x5f, 0xfd, 0x10, 0x5, 0xf9, 0x1d, 0xd1,
    0xb, 0x90, 0x1, 0xd5, 0x0, 0x0, 0x0, 0x0,

    /* U+00D8 "Ø" */
    0x0, 0x2, 0x9d, 0xfe, 0xb4, 0x5f, 0x50, 0x5,
    0xff, 0xc9, 0xbf, 0xff, 0x80, 0x3, 0xfe, 0x30,
    0x0, 0x3f, 0xf7, 0x0, 0xbf, 0x20, 0x0, 0x1d,
    0xcd, 0xf1, 0x1f, 0xb0, 0x0, 0xc, 0xd1, 0x6f,
    0x52, 0xf8, 0x0, 0xb, 0xd1, 0x3, 0xf8, 0x3f,
    0x80, 0xa, 0xe2, 0x0, 0x3f, 0x70, 0xfb, 0x8,
    0xf3, 0x0, 0x6, 0xf5, 0xb, 0xf9, 0xf4, 0x0,
    0x0, 0xdf, 0x10, 0x2f, 0xf8, 0x0, 0x0, 0xaf,
    0x80, 0x3, 0xff, 0xfc, 0xab, 0xff, 0xa0, 0x1,
    0xea, 0x19, 0xdf, 0xeb, 0x50, 0x0,

    /* U+00D9 "Ù" */
    0x0, 0x6, 0x70, 0x0, 0x0, 0x0, 0x2, 0xec,
    0x0, 0x0, 0x0, 0x0, 0x17, 0x40, 0x0, 0x0,
    0x0, 0x0, 0x0, 0x0, 0xaf, 0x0, 0x0, 0x0,
    0xfa, 0xaf, 0x0, 0x0, 0x0, 0xfa, 0xaf, 0x0,
    0x0, 0x0, 0xfa, 0xaf, 0x0, 0x0, 0x0, 0xfa,
    0xaf, 0x0, 0x0, 0x0, 0xfa, 0xaf, 0x0, 0x0,
    0x0, 0xfa, 0xaf, 0x0, 0x0, 0x0, 0xfa, 0xaf,
    0x0, 0x0, 0x0, 0xfa, 0x8f, 0x30, 0x0, 0x3,
    0xf8, 0x3f, 0xc0, 0x0, 0xc, 0xf3, 0x9, 0xfe,
    0xaa, 0xef, 0x80, 0x0, 0x5c, 0xff, 0xc5, 0x0,

    /* U+00DA "Ú" */
    0x0, 0x0, 0x3, 0x83, 0x0, 0x0, 0x0, 0x4f,
    0x90, 0x0, 0x0, 0x0, 0x76, 0x0, 0x0, 0x0,
    0x0, 0x0, 0x0, 0x0, 0xaf, 0x0, 0x0, 0x0,
    0xfa, 0xaf, 0x0, 0x0, 0x0, 0xfa, 0xaf, 0x0,
    0x0, 0x0, 0xfa, 0xaf, 0x0, 0x0, 0x0, 0xfa,
    0xaf, 0x0, 0x0, 0x0, 0xfa, 0xaf, 0x0, 0x0,
    0x0, 0xfa, 0xaf, 0x0, 0x0, 0x0, 0xfa, 0xaf,
    0x0, 0x0, 0x0, 0xfa, 0x8f, 0x30, 0x0, 0x3,
    0xf8, 0x3f, 0xc0, 0x0, 0xc, 0xf3, 0x9, 0xfe,
    0xaa, 0xef, 0x80, 0x0, 0x5c, 0xff, 0xc5, 0x0,

    /* U+00DB "Û" */
    0x0, 0x5, 0xff, 0x50, 0x0, 0x0, 0x3f, 0x99,
    0xf3, 0x0, 0x0, 0x66, 0x0, 0x76, 0x0, 0x0,
    0x0, 0x0, 0x0, 0x0, 0xaf, 0x0, 0x0, 0x0,
    0xfa, 0xaf, 0x0, 0x0, 0x0, 0xfa, 0xaf, 0x0,
    0x0, 0x0, 0xfa, 0xaf, 0x0, 0x0, 0x0, 0xfa,
    0xaf, 0x0, 0x0, 0x0, 0xfa, 0xaf, 0x0, 0x0,
    0x0, 0xfa, 0xaf, 0x0, 0x0, 0x0, 0xfa, 0xaf,
    0x0, 0x0, 0x0, 0xfa, 0x8f, 0x30, 0x0, 0x3,
    0xf8, 0x3f, 0xc0, 0x0, 0xc, 0xf3, 0x9, 0xfe,
    0xaa, 0xef, 0x80, 0x0, 0x5c, 0xff, 0xc5, 0x0,

    /* U+00DC "Ü" */
    0x0, 0xd9, 0x0, 0x9d, 0x0, 0x0, 0xb8, 0x0,
    0x7b, 0x0, 0x0, 0x0, 0x0, 0x0, 0x0, 0x0,
    0x0, 0x0, 0x0, 0x0, 0xaf, 0x0, 0x0, 0x0,
    0xfa, 0xaf, 0x0, 0x0, 0x0, 0xfa, 0xaf, 0x0,
    0x0, 0x0, 0xfa, 0xaf, 0x0, 0x0, 0x0, 0xfa,
    0xaf, 0x0, 0x0, 0x0, 0xfa, 0xaf, 0x0, 0x0,
    0x0, 0xfa, 0xaf, 0x0, 0x0, 0x0, 0xfa, 0xaf,
    0x0, 0x0, 0x0, 0xfa, 0x8f, 0x30, 0x0, 0x3,
    0xf8, 0x3f, 0xc0, 0x0, 0xc, 0xf3, 0x9, 0xfe,
    0xaa, 0xef, 0x80, 0x0, 0x5c, 0xff, 0xc5, 0x0,

    /* U+00DD "Ý" */
    0x0, 0x0, 0x0, 0x43, 0x0, 0x0, 0x0, 0x0,
    0xaf, 0x40, 0x0, 0x0, 0x0, 0x6f, 0x60, 0x0,
    0x0, 0x0, 0x4, 0x30, 0x0, 0x0, 0x8f, 0x60,
    0x0, 0x0, 0xdf, 0x10, 0xee, 0x10, 0x0, 0x8f,
    0x60, 0x5, 0xf9, 0x0, 0x2f, 0xc0, 0x0, 0xb,
    0xf3, 0xb, 0xf3, 0x0, 0x0, 0x2f, 0xc5, 0xf9,
    0x0, 0x0, 0x0, 0x8f, 0xfe, 0x10, 0x0, 0x0,
    0x0, 0xdf, 0x50, 0x0, 0x0, 0x0, 0x9, 0xf1,
    0x0, 0x0, 0x0, 0x0, 0x9f, 0x10, 0x0, 0x0,
    0x0, 0x9, 0xf1, 0x0, 0x0, 0x0, 0x0, 0x9f,
    0x10, 0x0, 0x0, 0x0, 0x9, 0xf1, 0x0, 0x0,

    /* U+00DE "Þ" */
    0x7f, 0x40, 0x0, 0x0, 0x7, 0xf4, 0x0, 0x0,
    0x0, 0x7f, 0xff, 0xfe, 0x91, 0x7, 0xfb, 0x99,
    0xcf, 0xd0, 0x7f, 0x40, 0x0, 0x8f, 0x67, 0xf4,
    0x0, 0x2, 0xf9, 0x7f, 0x40, 0x0, 0x3f, 0x87,
    0xf4, 0x0, 0x2c, 0xf4, 0x7f, 0xff, 0xff, 0xf8,
    0x7, 0xfb, 0x99, 0x83, 0x0, 0x7f, 0x40, 0x0,
    0x0, 0x7, 0xf4, 0x0, 0x0, 0x0,

    /* U+00DF "ß" */
    0x4, 0xcf, 0xfb, 0x20, 0x4f, 0xe9, 0x9f, 0xf2,
    0xbf, 0x20, 0x4, 0xf8, 0xdc, 0x0, 0x1, 0xf9,
    0xec, 0x0, 0x19, 0xf5, 0xec, 0x9, 0xff, 0x90,
    0xec, 0x6, 0xbf, 0xf3, 0xec, 0x0, 0x2, 0xfc,
    0xec, 0x0, 0x0, 0xbe, 0xec, 0x0, 0x0, 0xed,
    0xec, 0x6, 0x9e, 0xf7, 0xec, 0xa, 0xfc, 0x60,

    /* U+00E0 "à" */
    0x0, 0x6f, 0x80, 0x0, 0x0, 0x5, 0xf8, 0x0,
    0x0, 0x0, 0x11, 0x0, 0x0, 0x8e, 0xfd, 0x50,
    0xb, 0xfa, 0x8e, 0xf3, 0x6, 0x60, 0x2, 0xf9,
    0x0, 0x0, 0x11, 0xdc, 0x5, 0xdf, 0xff, 0xfd,
    0x2f, 0xc5, 0x44, 0xdd, 0x4f, 0x50, 0x1, 0xfd,
    0x2f, 0xe7, 0x8e, 0xfd, 0x4, 0xcf, 0xe7, 0xad,

    /* U+00E1 "á" */
    0x0, 0x0, 0x7f, 0x70, 0x0, 0x6, 0xf6, 0x0,
    0x0, 0x1, 0x10, 0x0, 0x0, 0x8e, 0xfd, 0x50,
    0xb, 0xfa, 0x8e, 0xf3, 0x6, 0x60, 0x2, 0xf9,
    0x0, 0x0, 0x11, 0xdc, 0x5, 0xdf, 0xff, 0xfd,
    0x2f, 0xc5, 0x44, 0xdd, 0x4f, 0x50, 0x1, 0xfd,
    0x2f, 0xe7, 0x8e, 0xfd, 0x4, 0xcf, 0xe7, 0xad,

    /* U+00E2 "â" */
    0x0, 0x4f, 0xfa, 0x0, 0x4, 0xe7, 0x2d, 0xb0,
    0x0, 0x0, 0x0, 0x0, 0x0, 0x8e, 0xfd, 0x50,
    0xb, 0xfa, 0x8e, 0xf3, 0x6, 0x60, 0x2, 0xf9,
    0x0, 0x0, 0x11, 0xdc, 0x5, 0xdf, 0xff, 0xfd,
    0x2f, 0xc5, 0x44, 0xdd, 0x4f, 0x50, 0x1, 0xfd,
    0x2f, 0xe7, 0x8e, 0xfd, 0x4, 0xcf, 0xe7, 0xad,

    /* U+00E3 "ã" */
    0x0, 0x9f, 0xb2, 0x94, 0x2, 0xd5, 0xcf, 0xe1,
    0x0, 0x0, 0x2, 0x0, 0x0, 0x8e, 0xfd, 0x50,
    0xb, 0xfa, 0x8e, 0xf3, 0x6, 0x60, 0x2, 0xf9,
    0x0, 0x0, 0x11, 0xdc, 0x5, 0xdf, 0xff, 0xfd,
    0x2f, 0xc5, 0x44, 0xdd, 0x4f, 0x50, 0x1, 0xfd,
    0x2f, 0xe7, 0x8e, 0xfd, 0x4, 0xcf, 0xe7, 0xad,

    /* U+00E4 "ä" */
    0x9, 0xd0, 0x5, 0xe2, 0x7, 0xb0, 0x4, 0xc1,
    0x0, 0x0, 0x0, 0x0, 0x0, 0x8e, 0xfd, 0x50,
    0xb, 0xfa, 0x8e, 0xf3, 0x6, 0x60, 0x2, 0xf9,
    0x0, 0x0, 0x11, 0xdc, 0x5, 0xdf, 0xff, 0xfd,
    0x2f, 0xc5, 0x44, 0xdd, 0x4f, 0x50, 0x1, 0xfd,
    0x2f, 0xe7, 0x8e, 0xfd, 0x4, 0xcf, 0xe7, 0xad,

    /* U+00E5 "å" */
    0x0, 0x1b, 0xe6, 0x0, 0x0, 0x6d, 0x5f, 0x0,
    0x0, 0x2e, 0xf9, 0x0, 0x0, 0x0, 0x10, 0x0,
    0x0, 0x8e, 0xfd, 0x50, 0xb, 0xfa, 0x8e, 0xf3,
    0x6, 0x60, 0x2, 0xf9, 0x0, 0x0, 0x11, 0xdc,
    0x5, 0xdf, 0xff, 0xfd, 0x2f, 0xc5, 0x44, 0xdd,
    0x4f, 0x50, 0x1, 0xfd, 0x2f, 0xe7, 0x8e, 0xfd,
    0x4, 0xcf, 0xe7, 0xad,

    /* U+00E6 "æ" */
    0x1, 0x9e, 0xfc, 0x20, 0x7d, 0xfc, 0x50, 0x0,
    0xdf, 0x87, 0xee, 0xbf, 0xa7, 0xcf, 0x50, 0x6,
    0x30, 0x3, 0xff, 0x80, 0x0, 0xce, 0x0, 0x0,
    0x0, 0xe, 0xf1, 0x0, 0x6, 0xf3, 0x4, 0xcf,
    0xff, 0xff, 0xff, 0xff, 0xff, 0x52, 0xfb, 0x42,
    0x2e, 0xf2, 0x22, 0x22, 0x21, 0x4f, 0x50, 0x3,
    0xff, 0x60, 0x0, 0x57, 0x2, 0xfe, 0x89, 0xfc,
    0xcf, 0xb8, 0xaf, 0xc0, 0x4, 0xcf, 0xe9, 0x10,
    0x8e, 0xfd, 0x80, 0x0,

    /* U+00E7 "ç" */
    0x0, 0x3b, 0xfe, 0xa2, 0x0, 0x5f, 0xe9, 0xaf,
    0xf3, 0xe, 0xd1, 0x0, 0x2b, 0x43, 0xf6, 0x0,
    0x0, 0x0, 0x5f, 0x40, 0x0, 0x0, 0x3, 0xf7,
    0x0, 0x0, 0x0, 0xe, 0xe1, 0x0, 0x2d, 0x50,
    0x5f, 0xe9, 0xaf, 0xf2, 0x0, 0x3b, 0xff, 0xb2,
    0x0, 0x0, 0x1f, 0x40, 0x0, 0x0, 0x0, 0x7f,
    0x0, 0x0, 0x0, 0x43, 0xf1, 0x0, 0x0, 0x1d,
    0xf9, 0x0, 0x0,

    /* U+00E8 "è" */
    0x0, 0xb, 0xf3, 0x0, 0x0, 0x0, 0xa, 0xe3,
    0x0, 0x0, 0x0, 0x1, 0x10, 0x0, 0x4, 0xbf,
    0xea, 0x10, 0x5, 0xfc, 0x78, 0xee, 0x10, 0xea,
    0x11, 0x12, 0xf8, 0x3f, 0xff, 0xff, 0xff, 0xc5,
    0xf8, 0x44, 0x44, 0x43, 0x3f, 0x80, 0x0, 0x0,
    0x0, 0xef, 0x20, 0x2, 0xf6, 0x5, 0xff, 0x99,
    0xfe, 0x20, 0x4, 0xcf, 0xea, 0x20,

    /* U+00E9 "é" */
    0x0, 0x0, 0xc, 0xe2, 0x0, 0x0, 0xb, 0xe2,
    0x0, 0x0, 0x0, 0x10, 0x0, 0x0, 0x4, 0xbf,
    0xea, 0x10, 0x5, 0xfc, 0x78, 0xee, 0x10, 0xea,
    0x11, 0x12, 0xf8, 0x3f, 0xff, 0xff, 0xff, 0xc5,
    0xf8, 0x44, 0x44, 0x43, 0x3f, 0x80, 0x0, 0x0,
    0x0, 0xef, 0x20, 0x2, 0xf6, 0x5, 0xff, 0x99,
    0xfe, 0x20, 0x4, 0xcf, 0xea, 0x20,

    /* U+00EA "ê" */
    0x0, 0x9, 0xff, 0x50, 0x0, 0x9, 0xd3, 0x5f,
    0x50, 0x0, 0x0, 0x0, 0x0, 0x0, 0x4, 0xbf,
    0xea, 0x10, 0x5, 0xfc, 0x78, 0xee, 0x10, 0xea,
    0x11, 0x12, 0xf8, 0x3f, 0xff, 0xff, 0xff, 0xc5,
    0xf8, 0x44, 0x44, 0x43, 0x3f, 0x80, 0x0, 0x0,
    0x0, 0xef, 0x20, 0x2, 0xf6, 0x5, 0xff, 0x99,
    0xfe, 0x20, 0x4, 0xcf, 0xea, 0x20,

    /* U+00EB "ë" */
    0x0, 0xd7, 0x0, 0xab, 0x0, 0xc, 0x60, 0x9,
    0x90, 0x0, 0x0, 0x0, 0x0, 0x0, 0x4, 0xbf,
    0xea, 0x10, 0x5, 0xfc, 0x78, 0xee, 0x10, 0xea,
    0x11, 0x12, 0xf8, 0x3f, 0xff, 0xff, 0xff, 0xc5,
    0xf8, 0x44, 0x44, 0x43, 0x3f, 0x80, 0x0, 0x0,
    0x0, 0xef, 0x20, 0x2, 0xf6, 0x5, 0xff, 0x99,
    0xfe, 0x20, 0x4, 0xcf, 0xea, 0x20,

    /* U+00EC "ì" */
    0x9, 0xf5, 0x0, 0x7, 0xf5, 0x0, 0x0, 0x0,
    0xc, 0xd0, 0x0, 0xcd, 0x0, 0xc, 0xd0, 0x0,
    0xcd, 0x0, 0xc, 0xd0, 0x0, 0xcd, 0x0, 0xc,
    0xd0, 0x0, 0xcd, 0x0, 0xc, 0xd0,

    /* U+00ED "í" */
    0x0, 0xbf, 0x40, 0xae, 0x20, 0x0, 0x0, 0x0,
    0xcd, 0x0, 0xc, 0xd0, 0x0, 0xcd, 0x0, 0xc,
    0xd0, 0x0, 0xcd, 0x0, 0xc, 0xd0, 0x0, 0xcd,
    0x0, 0xc, 0xd0, 0x0, 0xcd, 0x0,

    /* U+00EE "î" */
    0x7, 0xff, 0x70, 0x7, 0xc3, 0x3c, 0x70, 0x0,
    0x0, 0x0, 0x0, 0xc, 0xd0, 0x0, 0x0, 0xcd,
    0x0, 0x0, 0xc, 0xd0, 0x0, 0x0, 0xcd, 0x0,
    0x0, 0xc, 0xd0, 0x0, 0x0, 0xcd, 0x0, 0x0,
    0xc, 0xd0, 0x0, 0x0, 0xcd, 0x0, 0x0, 0xc,
    0xd0, 0x0,

    /* U+00EF "ï" */
    0xd, 0x87, 0xe1, 0xb, 0x76, 0xc0, 0x0, 0x0,
    0x0, 0x0, 0xcd, 0x0, 0x0, 0xcd, 0x0, 0x0,
    0xcd, 0x0, 0x0, 0xcd, 0x0, 0x0, 0xcd, 0x0,
    0x0, 0xcd, 0x0, 0x0, 0xcd, 0x0, 0x0, 0xcd,
    0x0, 0x0, 0xcd, 0x0,

    /* U+00F0 "ð" */
    0x0, 0x0, 0x0, 0x0, 0x0, 0x0, 0x5f, 0xb3,
    0x4, 0x0, 0x0, 0x28, 0xef, 0xeb, 0x0, 0x0,
    0x0, 0x7f, 0xf7, 0x0, 0x0, 0x0, 0x52, 0xaf,
    0x10, 0x0, 0x5c, 0xfe, 0x8f, 0x70, 0x5, 0xfe,
    0x9a, 0xff, 0xb0, 0xe, 0xe1, 0x0, 0x4f, 0xe0,
    0x3f, 0x70, 0x0, 0xc, 0xf0, 0x5f, 0x50, 0x0,
    0xa, 0xf0, 0x3f, 0x70, 0x0, 0xc, 0xe0, 0xe,
    0xe1, 0x0, 0x4f, 0x90, 0x5, 0xfe, 0x9a, 0xfe,
    0x10, 0x0, 0x4c, 0xfe, 0xa1, 0x0,

    /* U+00F1 "ñ" */
    0x3, 0xee, 0x55, 0x90, 0x9, 0x97, 0xff, 0x60,
    0x0, 0x0, 0x11, 0x0, 0xea, 0x7e, 0xfc, 0x30,
    0xef, 0xe7, 0x7e, 0xf1, 0xef, 0x20, 0x5, 0xf7,
    0xed, 0x0, 0x1, 0xf9, 0xeb, 0x0, 0x0, 0xf9,
    0xeb, 0x0, 0x0, 0xfa, 0xeb, 0x0, 0x0, 0xfa,
    0xeb, 0x0, 0x0, 0xfa, 0xeb, 0x0, 0x0, 0xfa,

    /* U+00F2 "ò" */
    0x0, 0xb, 0xf3, 0x0, 0x0, 0x0, 0x0, 0xae,
    0x30, 0x0, 0x0, 0x0, 0x1, 0x10, 0x0, 0x0,
    0x4b, 0xfe, 0xb2, 0x0, 0x5, 0xfe, 0x99, 0xff,
    0x30, 0xe, 0xd1, 0x0, 0x2f, 0xc0, 0x3f, 0x60,
    0x0, 0x9, 0xf1, 0x5f, 0x40, 0x0, 0x7, 0xf3,
    0x3f, 0x60, 0x0, 0x9, 0xf1, 0xe, 0xd1, 0x0,
    0x2f, 0xc0, 0x5, 0xfe, 0x99, 0xff, 0x30, 0x0,
    0x3b, 0xff, 0xb2, 0x0,

    /* U+00F3 "ó" */
    0x0, 0x0, 0xc, 0xe2, 0x0, 0x0, 0x0, 0xbe,
    0x20, 0x0, 0x0, 0x0, 0x10, 0x0, 0x0, 0x0,
    0x4b, 0xfe, 0xb2, 0x0, 0x5, 0xfe, 0x99, 0xff,
    0x30, 0xe, 0xd1, 0x0, 0x2f, 0xc0, 0x3f, 0x60,
    0x0, 0x9, 0xf1, 0x5f, 0x40, 0x0, 0x7, 0xf3,
    0x3f, 0x60, 0x0, 0x9, 0xf1, 0xe, 0xd1, 0x0,
    0x2f, 0xc0, 0x5, 0xfe, 0x99, 0xff, 0x30, 0x0,
    0x3b, 0xff, 0xb2, 0x0,

    /* U+00F4 "ô" */
    0x0, 0x9, 0xff, 0x50, 0x0, 0x0, 0x9d, 0x35,
    0xf5, 0x0, 0x0, 0x0, 0x0, 0x0, 0x0, 0x0,
    0x4b, 0xfe, 0xb2, 0x0, 0x5, 0xfe, 0x99, 0xff,
    0x30, 0xe, 0xd1, 0x0, 0x2f, 0xc0, 0x3f, 0x60,
    0x0, 0x9, 0xf1, 0x5f, 0x40, 0x0, 0x7, 0xf3,
    0x3f, 0x60, 0x0, 0x9, 0xf1, 0xe, 0xd1, 0x0,
    0x2f, 0xc0, 0x5, 0xfe, 0x99, 0xff, 0x30, 0x0,
    0x3b, 0xff, 0xb2, 0x0,

    /* U+00F5 "õ" */
    0x0, 0x1c, 0xe7, 0x3a, 0x0, 0x0, 0x7b, 0x6f,
    0xf9, 0x0, 0x0, 0x0, 0x0, 0x20, 0x0, 0x0,
    0x4b, 0xfe, 0xb2, 0x0, 0x5, 0xfe, 0x99, 0xff,
    0x30, 0xe, 0xd1, 0x0, 0x2f, 0xc0, 0x3f, 0x60,
    0x0, 0x9, 0xf1, 0x5f, 0x40, 0x0, 0x7, 0xf3,
    0x3f, 0x60, 0x0, 0x9, 0xf1, 0xe, 0xd1, 0x0,
    0x2f, 0xc0, 0x5, 0xfe, 0x99, 0xff, 0x30, 0x0,
    0x3b, 0xff, 0xb2, 0x0,

    /* U+00F6 "ö" */
    0x0, 0xd7, 0x0, 0xab, 0x0, 0x0, 0xc6, 0x0,
    0x99, 0x0, 0x0, 0x0, 0x0, 0x0, 0x0, 0x0,
    0x4b, 0xfe, 0xb2, 0x0, 0x5, 0xfe, 0x99, 0xff,
    0x30, 0xe, 0xd1, 0x0, 0x2f, 0xc0, 0x3f, 0x60,
    0x0, 0x9, 0xf1, 0x5f, 0x40, 0x0, 0x7, 0xf3,
    0x3f, 0x60, 0x0, 0x9, 0xf1, 0xe, 0xd1, 0x0,
    0x2f, 0xc0, 0x5, 0xfe, 0x99, 0xff, 0x30, 0x0,
    0x3b, 0xff, 0xb2, 0x0,

    /* U+00F7 "÷" */
    0x0, 0x5, 0xe0, 0x0, 0x0, 0x3, 0x90, 0x0,
    0x2, 0x22, 0x22, 0x21, 0xf, 0xff, 0xff, 0xfa,
    0x5, 0x55, 0x55, 0x53, 0x0, 0x3, 0xa0, 0x0,
    0x0, 0x5, 0xd0, 0x0,

    /* U+00F8 "ø" */
    0x0, 0x4c, 0xfe, 0xa9, 0xe1, 0x5, 0xfe, 0x9a,
    0xff, 0x60, 0xe, 0xd1, 0x3, 0xff, 0xb0, 0x4f,
    0x60, 0x1e, 0x99, 0xf0, 0x5f, 0x40, 0xdb, 0x7,
    0xf2, 0x3f, 0x6b, 0xc0, 0x9, 0xf1, 0xe, 0xfe,
    0x10, 0x2f, 0xc0, 0x9, 0xfe, 0x9a, 0xff, 0x30,
    0x3f, 0x8b, 0xfe, 0xa2, 0x0,

    /* U+00F9 "ù" */
    0x0, 0x1c, 0xe2, 0x0, 0x0, 0x0, 0xb, 0xe2,
    0x0, 0x0, 0x0, 0x0, 0x0, 0x1, 0xf8, 0x0,
    0x3, 0xf6, 0x1f, 0x80, 0x0, 0x3f, 0x61, 0xf8,
    0x0, 0x3, 0xf6, 0x1f, 0x80, 0x0, 0x3f, 0x61,
    0xf8, 0x0, 0x3, 0xf6, 0xf, 0x90, 0x0, 0x5f,
    0x60, 0xee, 0x0, 0xb, 0xf6, 0x8, 0xfd, 0x9c,
    0xef, 0x60, 0x8, 0xef, 0xb3, 0xf6,

    /* U+00FA "ú" */
    0x0, 0x0, 0x1d, 0xd1, 0x0, 0x0, 0x1d, 0xb0,
    0x0, 0x0, 0x0, 0x0, 0x0, 0x1, 0xf8, 0x0,
    0x3, 0xf6, 0x1f, 0x80, 0x0, 0x3f, 0x61, 0xf8,
    0x0, 0x3, 0xf6, 0x1f, 0x80, 0x0, 0x3f, 0x61,
    0xf8, 0x0, 0x3, 0xf6, 0xf, 0x90, 0x0, 0x5f,
    0x60, 0xee, 0x0, 0xb, 0xf6, 0x8, 0xfd, 0x9c,
    0xef, 0x60, 0x8, 0xef, 0xb3, 0xf6,

    /* U+00FB "û" */
    0x0, 0xb, 0xff, 0x40, 0x0, 0xa, 0xb1, 0x6d,
    0x30, 0x0, 0x0, 0x0, 0x0, 0x1, 0xf8, 0x0,
    0x3, 0xf6, 0x1f, 0x80, 0x0, 0x3f, 0x61, 0xf8,
    0x0, 0x3, 0xf6, 0x1f, 0x80, 0x0, 0x3f, 0x61,
    0xf8, 0x0, 0x3, 0xf6, 0xf, 0x90, 0x0, 0x5f,
    0x60, 0xee, 0x0, 0xb, 0xf6, 0x8, 0xfd, 0x9c,
    0xef, 0x60, 0x8, 0xef, 0xb3, 0xf6,

    /* U+00FC "ü" */
    0x2, 0xe5, 0x0, 0xd9, 0x0, 0x1c, 0x40, 0xb,
    0x70, 0x0, 0x0, 0x0, 0x0, 0x1, 0xf8, 0x0,
    0x3, 0xf6, 0x1f, 0x80, 0x0, 0x3f, 0x61, 0xf8,
    0x0, 0x3, 0xf6, 0x1f, 0x80, 0x0, 0x3f, 0x61,
    0xf8, 0x0, 0x3, 0xf6, 0xf, 0x90, 0x0, 0x5f,
    0x60, 0xee, 0x0, 0xb, 0xf6, 0x8, 0xfd, 0x9c,
    0xef, 0x60, 0x8, 0xef, 0xb3, 0xf6,

    /* U+00FD "ý" */
    0x0, 0x0, 0x3f, 0xb0, 0x0, 0x0, 0x3, 0xe9,
    0x0, 0x0, 0x0, 0x0, 0x0, 0x0, 0x0, 0xaf,
    0x10, 0x0, 0xd, 0xd0, 0x4f, 0x60, 0x0, 0x3f,
    0x70, 0xd, 0xd0, 0x0, 0xaf, 0x10, 0x7, 0xf3,
    0x0, 0xfa, 0x0, 0x1, 0xf9, 0x6, 0xf4, 0x0,
    0x0, 0xaf, 0xc, 0xe0, 0x0, 0x0, 0x3f, 0x8f,
    0x80, 0x0, 0x0, 0xd, 0xff, 0x20, 0x0, 0x0,
    0x6, 0xfb, 0x0, 0x0, 0x0, 0x4, 0xf5, 0x0,
    0x0, 0x0, 0xb, 0xe0, 0x0, 0x0, 0x2b, 0xaf,
    0x60, 0x0, 0x0, 0x4e, 0xf9, 0x0, 0x0, 0x0,

    /* U+00FE "þ" */
    0xeb, 0x0, 0x0, 0x0, 0xe, 0xb0, 0x0, 0x0,
    0x0, 0xeb, 0x0, 0x0, 0x0, 0xe, 0xb4, 0xcf,
    0xd6, 0x0, 0xee, 0xfa, 0x9e, 0xf7, 0xe, 0xf6,
    0x0, 0x1d, 0xf0, 0xee, 0x0, 0x0, 0x6f, 0x4e,
    0xc0, 0x0, 0x4, 0xf5, 0xed, 0x0, 0x0, 0x6f,
    0x4e, 0xf5, 0x0, 0x1d, 0xf0, 0xee, 0xfa, 0x9e,
    0xf7, 0xe, 0xb4, 0xcf, 0xd6, 0x0, 0xeb, 0x0,
    0x0, 0x0, 0xe, 0xb0, 0x0, 0x0, 0x0, 0xeb,
    0x0, 0x0, 0x0, 0xe, 0xb0, 0x0, 0x0, 0x0,

    /* U+00FF "ÿ" */
    0x4, 0xe3, 0x1, 0xe6, 0x0, 0x3, 0xd2, 0x1,
    0xc5, 0x0, 0x0, 0x0, 0x0, 0x0, 0x0, 0xaf,
    0x10, 0x0, 0xd, 0xd0, 0x4f, 0x60, 0x0, 0x3f,
    0x70, 0xd, 0xd0, 0x0, 0xaf, 0x10, 0x7, 0xf3,
    0x0, 0xfa, 0x0, 0x1, 0xf9, 0x6, 0xf4, 0x0,
    0x0, 0xaf, 0xc, 0xe0, 0x0, 0x0, 0x3f, 0x8f,
    0x80, 0x0, 0x0, 0xd, 0xff, 0x20, 0x0, 0x0,
    0x6, 0xfb, 0x0, 0x0, 0x0, 0x4, 0xf5, 0x0,
    0x0, 0x0, 0xb, 0xe0, 0x0, 0x0, 0x2b, 0xaf,
    0x60, 0x0, 0x0, 0x4e, 0xf9, 0x0, 0x0, 0x0,

    /* U+0100 "Ā" */
    0x0, 0x1, 0x22, 0x22, 0x10, 0x0, 0x0, 0xc,
    0xff, 0xff, 0x80, 0x0, 0x0, 0x4, 0x55, 0x55,
    0x20, 0x0, 0x0, 0x0, 0x0, 0x0, 0x0, 0x0,
    0x0, 0x0, 0x4f, 0xe0, 0x0, 0x0, 0x0, 0x0,
    0xaf, 0xf5, 0x0, 0x0, 0x0, 0x1, 0xfb, 0xeb,
    0x0, 0x0, 0x0, 0x7, 0xf3, 0x8f, 0x20, 0x0,
    0x0, 0xd, 0xd0, 0x2f, 0x80, 0x0, 0x0, 0x3f,
    0x60, 0xb, 0xe0, 0x0, 0x0, 0xaf, 0x0, 0x5,
    0xf5, 0x0, 0x1, 0xff, 0xff, 0xff, 0xfb, 0x0,
    0x7, 0xf9, 0x88, 0x88, 0xcf, 0x20, 0xd, 0xd0,
    0x0, 0x0, 0x2f, 0x80, 0x3f, 0x70, 0x0, 0x0,
    0xd, 0xe0, 0xaf, 0x20, 0x0, 0x0, 0x7, 0xf5,

    /* U+0101 "ā" */
    0x0, 0x22, 0x22, 0x20, 0x6, 0xff, 0xff, 0xf0,
    0x1, 0x55, 0x55, 0x40, 0x0, 0x0, 0x0, 0x0,
    0x0, 0x8e, 0xfd, 0x50, 0xb, 0xfa, 0x8e, 0xf3,
    0x6, 0x60, 0x2, 0xf9, 0x0, 0x0, 0x11, 0xdc,
    0x5, 0xdf, 0xff, 0xfd, 0x2f, 0xc5, 0x44, 0xdd,
    0x4f, 0x50, 0x1, 0xfd, 0x2f, 0xe7, 0x8e, 0xfd,
    0x4, 0xcf, 0xe7, 0xad,

    /* U+0102 "Ă" */
    0x0, 0x8, 0x30, 0x6, 0x50, 0x0, 0x0, 0xe,
    0xc2, 0x4f, 0x80, 0x0, 0x0, 0x4, 0xef, 0xfb,
    0x0, 0x0, 0x0, 0x0, 0x3, 0x20, 0x0, 0x0,
    0x0, 0x0, 0x4f, 0xe0, 0x0, 0x0, 0x0, 0x0,
    0xaf, 0xf5, 0x0, 0x0, 0x0, 0x1, 0xfb, 0xeb,
    0x0, 0x0, 0x0, 0x7, 0xf3, 0x8f, 0x20, 0x0,
    0x0, 0xd, 0xd0, 0x2f, 0x80, 0x0, 0x0, 0x3f,
    0x60, 0xb, 0xe0, 0x0, 0x0, 0xaf, 0x0, 0x5,
    0xf5, 0x0, 0x1, 0xff, 0xff, 0xff, 0xfb, 0x0,
    0x7, 0xf9, 0x88, 0x88, 0xcf, 0x20, 0xd, 0xd0,
    0x0, 0x0, 0x2f, 0x80, 0x3f, 0x70, 0x0, 0x0,
    0xd, 0xe0, 0xaf, 0x20, 0x0, 0x0, 0x7, 0xf5,

    /* U+0103 "ă" */
    0x9, 0xf3, 0x19, 0xf1, 0x1, 0xcf, 0xff, 0x70,
    0x0, 0x2, 0x30, 0x0, 0x0, 0x8e, 0xfd, 0x50,
    0xb, 0xfa, 0x8e, 0xf3, 0x6, 0x60, 0x2, 0xf9,
    0x0, 0x0, 0x11, 0xdc, 0x5, 0xdf, 0xff, 0xfd,
    0x2f, 0xc5, 0x44, 0xdd, 0x4f, 0x50, 0x1, 0xfd,
    0x2f, 0xe7, 0x8e, 0xfd, 0x4, 0xcf, 0xe7, 0xad,

    /* U+0104 "Ą" */
    0x0, 0x0, 0x4f, 0xe0, 0x0, 0x0, 0x0, 0x0,
    0xaf, 0xf5, 0x0, 0x0, 0x0, 0x1, 0xfc, 0xfb,
    0x0, 0x0, 0x0, 0x7, 0xf5, 0xaf, 0x20, 0x0,
    0x0, 0xd, 0xe0, 0x4f, 0x80, 0x0, 0x0, 0x3f,
    0x80, 0xd, 0xe0, 0x0, 0x0, 0xaf, 0x20, 0x7,
    0xf5, 0x0, 0x1, 0xff, 0x88, 0x8a, 0xfb, 0x0,
    0x7, 0xff, 0xff, 0xff, 0xff, 0x20, 0xd, 0xf0,
    0x0, 0x0, 0x5f, 0x80, 0x3f, 0x90, 0x0, 0x0,
    0xe, 0xe0, 0xaf, 0x20, 0x0, 0x0, 0x7, 0xf5,
    0x0, 0x0, 0x0, 0x0, 0x7, 0xe2, 0x0, 0x0,
    0x0, 0x0, 0x2f, 0x40, 0x0, 0x0, 0x0, 0x0,
    0x4f, 0x73, 0x0, 0x0, 0x0, 0x0, 0xa, 0xfa,

    /* U+0105 "ą" */
    0x0, 0x8e, 0xfd, 0x50, 0x0, 0xbf, 0xa8, 0xef,
    0x30, 0x6, 0x60, 0x2, 0xf9, 0x0, 0x0, 0x1,
    0x1d, 0xc0, 0x5, 0xdf, 0xff, 0xfd, 0x2, 0xfc,
    0x54, 0x4d, 0xd0, 0x4f, 0x50, 0x1, 0xfd, 0x2,
    0xfe, 0x78, 0xef, 0xd0, 0x4, 0xcf, 0xe7, 0xef,
    0x0, 0x0, 0x0, 0x5f, 0x30, 0x0, 0x0, 0xe,
    0x80, 0x0, 0x0, 0x0, 0xfa, 0x40, 0x0, 0x0,
    0x6, 0xee, 0x10,

    /* U+0106 "Ć" */
    0x0, 0x0, 0x0, 0x7, 0x70, 0x0, 0x0, 0x0,
    0x0, 0xae, 0x30, 0x0, 0x0, 0x0, 0x3, 0x82,
    0x0, 0x0, 0x0, 0x0, 0x0, 0x0, 0x0, 0x0,
    0x0, 0x2, 0x9d, 0xfe, 0xa2, 0x0, 0x0, 0x6f,
    0xfb, 0x9b, 0xff, 0x60, 0x4, 0xfd, 0x20, 0x0,
    0x2d, 0xf4, 0xc, 0xf2, 0x0, 0x0, 0x1, 0x92,
    0x1f, 0xa0, 0x0, 0x0, 0x0, 0x0, 0x3f, 0x70,
    0x0, 0x0, 0x0, 0x0, 0x3f, 0x70, 0x0, 0x0,
    0x0, 0x0, 0x1f, 0xa0, 0x0, 0x0, 0x0, 0x0,
    0xc, 0xf2, 0x0, 0x0, 0x1, 0xc4, 0x3, 0xfd,
    0x20, 0x0, 0x2d, 0xf3, 0x0, 0x6f, 0xfb, 0x9b,
    0xff, 0x50, 0x0, 0x2, 0x9e, 0xfe, 0xa2, 0x0,

    /* U+0107 "ć" */
    0x0, 0x0, 0xb, 0xe3, 0x0, 0x0, 0xa, 0xe3,
    0x0, 0x0, 0x0, 0x10, 0x0, 0x0, 0x3, 0xbf,
    0xea, 0x20, 0x5, 0xfe, 0x9a, 0xff, 0x30, 0xed,
    0x10, 0x2, 0xb4, 0x3f, 0x60, 0x0, 0x0, 0x5,
    0xf4, 0x0, 0x0, 0x0, 0x3f, 0x70, 0x0, 0x0,
    0x0, 0xee, 0x10, 0x2, 0xd5, 0x5, 0xfe, 0x9a,
    0xff, 0x20, 0x3, 0xbf, 0xeb, 0x20,

    /* U+0108 "Ĉ" */
    0x0, 0x0, 0xc, 0xfd, 0x0, 0x0, 0x0, 0x0,
    0xae, 0x5e, 0xb0, 0x0, 0x0, 0x2, 0x83, 0x2,
    0x82, 0x0, 0x0, 0x0, 0x0, 0x0, 0x0, 0x0,
    0x0, 0x2, 0x9d, 0xfe, 0xa2, 0x0, 0x0, 0x6f,
    0xfb, 0x9b, 0xff, 0x60, 0x4, 0xfd, 0x20, 0x0,
    0x2d, 0xf4, 0xc, 0xf2, 0x0, 0x0, 0x1, 0x92,
    0x1f, 0xa0, 0x0, 0x0, 0x0, 0x0, 0x3f, 0x70,
    0x0, 0x0, 0x0, 0x0, 0x3f, 0x70, 0x0, 0x0,
    0x0, 0x0, 0x1f, 0xa0, 0x0, 0x0, 0x0, 0x0,
    0xc, 0xf2, 0x0, 0x0, 0x1, 0xc4, 0x3, 0xfd,
    0x20, 0x0, 0x2d, 0xf3, 0x0, 0x6f, 0xfb, 0x9b,
    0xff, 0x50, 0x0, 0x2, 0x9e, 0xfe, 0xa2, 0x0,

    /* U+0109 "ĉ" */
    0x0, 0x8, 0xff, 0x60, 0x0, 0x8, 0xe3, 0x4e,
    0x60, 0x0, 0x0, 0x0, 0x0, 0x0, 0x3, 0xbf,
    0xea, 0x20, 0x5, 0xfe, 0x9a, 0xff, 0x30, 0xed,
    0x10, 0x2, 0xb4, 0x3f, 0x60, 0x0, 0x0, 0x5,
    0xf4, 0x0, 0x0, 0x0, 0x3f, 0x70, 0x0, 0x0,
    0x0, 0xee, 0x10, 0x2, 0xd5, 0x5, 0xfe, 0x9a,
    0xff, 0x20, 0x3, 0xbf, 0xeb, 0x20,

    /* U+010A "Ċ" */
    0x0, 0x0, 0x0, 0x0, 0x0, 0x0, 0x0, 0x0,
    0x3, 0xf5, 0x0, 0x0, 0x0, 0x0, 0x3, 0xf4,
    0x0, 0x0, 0x0, 0x0, 0x0, 0x0, 0x0, 0x0,
    0x0, 0x0, 0x0, 0x0, 0x0, 0x0, 0x0, 0x2,
    0x9d, 0xfe, 0xa2, 0x0, 0x0, 0x6f, 0xfb, 0x9b,
    0xff, 0x60, 0x4, 0xfd, 0x20, 0x0, 0x2d, 0xf4,
    0xc, 0xf2, 0x0, 0x0, 0x1, 0x92, 0x1f, 0xa0,
    0x0, 0x0, 0x0, 0x0, 0x3f, 0x70, 0x0, 0x0,
    0x0, 0x0, 0x3f, 0x70, 0x0, 0x0, 0x0, 0x0,
    0x1f, 0xa0, 0x0, 0x0, 0x0, 0x0, 0xc, 0xf2,
    0x0, 0x0, 0x1, 0xc4, 0x3, 0xfd, 0x20, 0x0,
    0x2d, 0xf3, 0x0, 0x6f, 0xfb, 0x9b, 0xff, 0x50,
    0x0, 0x2, 0x9e, 0xfe, 0xa2, 0x0,

    /* U+010B "ċ" */
    0x0, 0x0, 0xcb, 0x0, 0x0, 0x0, 0xc, 0xb0,
    0x0, 0x0, 0x0, 0x0, 0x0, 0x0, 0x3, 0xbf,
    0xea, 0x20, 0x5, 0xfe, 0x9a, 0xff, 0x30, 0xed,
    0x10, 0x2, 0xb4, 0x3f, 0x60, 0x0, 0x0, 0x5,
    0xf4, 0x0, 0x0, 0x0, 0x3f, 0x70, 0x0, 0x0,
    0x0, 0xee, 0x10, 0x2, 0xd5, 0x5, 0xfe, 0x9a,
    0xff, 0x20, 0x3, 0xbf, 0xeb, 0x20,

    /* U+010C "Č" */
    0x0, 0x1, 0x73, 0x3, 0x82, 0x0, 0x0, 0x0,
    0x7f, 0x8f, 0x70, 0x0, 0x0, 0x0, 0x5, 0x85,
    0x0, 0x0, 0x0, 0x0, 0x0, 0x0, 0x0, 0x0,
    0x0, 0x2, 0x9d, 0xfe, 0xa2, 0x0, 0x0, 0x6f,
    0xfb, 0x9b, 0xff, 0x60, 0x4, 0xfd, 0x20, 0x0,
    0x2d, 0xf4, 0xc, 0xf2, 0x0, 0x0, 0x1, 0x92,
    0x1f, 0xa0, 0x0, 0x0, 0x0, 0x0, 0x3f, 0x70,
    0x0, 0x0, 0x0, 0x0, 0x3f, 0x70, 0x0, 0x0,
    0x0, 0x0, 0x1f, 0xa0, 0x0, 0x0, 0x0, 0x0,
    0xc, 0xf2, 0x0, 0x0, 0x1, 0xc4, 0x3, 0xfd,
    0x20, 0x0, 0x2d, 0xf3, 0x0, 0x6f, 0xfb, 0x9b,
    0xff, 0x50, 0x0, 0x2, 0x9e, 0xfe, 0xa2, 0x0,

    /* U+010D "č" */
    0x0, 0x9e, 0x34, 0xf7, 0x0, 0x0, 0x9f, 0xf7,
    0x0, 0x0, 0x0, 0x11, 0x0, 0x0, 0x3, 0xbf,
    0xea, 0x20, 0x5, 0xfe, 0x9a, 0xff, 0x30, 0xed,
    0x10, 0x2, 0xb4, 0x3f, 0x60, 0x0, 0x0, 0x5,
    0xf4, 0x0, 0x0, 0x0, 0x3f, 0x70, 0x0, 0x0,
    0x0, 0xee, 0x10, 0x2, 0xd5, 0x5, 0xfe, 0x9a,
    0xff, 0x20, 0x3, 0xbf, 0xeb, 0x20,

    /* U+010E "Ď" */
    0x4, 0x70, 0x5, 0x70, 0x0, 0x0, 0x1e, 0xb6,
    0xf5, 0x0, 0x0, 0x0, 0x3f, 0xf8, 0x0, 0x0,
    0x0, 0x0, 0x0, 0x0, 0x0, 0x0, 0x7f, 0xff,
    0xfd, 0x81, 0x0, 0x7, 0xfb, 0xaa, 0xdf, 0xe3,
    0x0, 0x7f, 0x20, 0x0, 0x6f, 0xe1, 0x7, 0xf2,
    0x0, 0x0, 0x7f, 0x80, 0x7f, 0x20, 0x0, 0x0,
    0xed, 0x7, 0xf2, 0x0, 0x0, 0xb, 0xf0, 0x7f,
    0x20, 0x0, 0x0, 0xcf, 0x7, 0xf2, 0x0, 0x0,
    0xe, 0xd0, 0x7f, 0x20, 0x0, 0x7, 0xf7, 0x7,
    0xf2, 0x0, 0x6, 0xfe, 0x10, 0x7f, 0xba, 0xad,
    0xfe, 0x30, 0x7, 0xff, 0xff, 0xd8, 0x10, 0x0,

    /* U+010F "ď" */
    0x0, 0x0, 0x0, 0xb, 0xe1, 0xf6, 0x0, 0x0,
    0x0, 0xb, 0xe5, 0xf1, 0x0, 0x0, 0x0, 0xb,
    0xe9, 0xa0, 0x0, 0x6d, 0xfc, 0x4b, 0xe0, 0x0,
    0x7, 0xfe, 0x9a, 0xfd, 0xe0, 0x0, 0xf, 0xd1,
    0x0, 0x6f, 0xe0, 0x0, 0x4f, 0x70, 0x0, 0xe,
    0xe0, 0x0, 0x5f, 0x50, 0x0, 0xb, 0xe0, 0x0,
    0x4f, 0x70, 0x0, 0xe, 0xe0, 0x0, 0xf, 0xd1,
    0x0, 0x6f, 0xe0, 0x0, 0x7, 0xfe, 0x9a, 0xfd,
    0xe0, 0x0, 0x0, 0x6d, 0xfc, 0x4a, 0xe0, 0x0,

    /* U+0110 "Đ" */
    0x8, 0xff, 0xff, 0xd8, 0x10, 0x0, 0x8, 0xfb,
    0xaa, 0xdf, 0xe3, 0x0, 0x8, 0xf3, 0x0, 0x6,
    0xfe, 0x10, 0x8, 0xf3, 0x0, 0x0, 0x7f, 0x80,
    0x18, 0xf4, 0x10, 0x0, 0xe, 0xd0, 0xdf, 0xff,
    0xfa, 0x0, 0xb, 0xf0, 0x3a, 0xf6, 0x42, 0x0,
    0xc, 0xf0, 0x8, 0xf3, 0x0, 0x0, 0xe, 0xd0,
    0x8, 0xf3, 0x0, 0x0, 0x7f, 0x70, 0x8, 0xf3,
    0x0, 0x6, 0xfe, 0x10, 0x8, 0xfb, 0xaa, 0xdf,
    0xe3, 0x0, 0x8, 0xff, 0xff, 0xd8, 0x10, 0x0,

    /* U+0111 "đ" */
    0x0, 0x0, 0x0, 0xb, 0xe0, 0x0, 0x0, 0x5,
    0xff, 0xff, 0xf1, 0x0, 0x0, 0x13, 0x3c, 0xe3,
    0x0, 0x6, 0xdf, 0xc4, 0xbe, 0x0, 0x7, 0xfe,
    0x9a, 0xfd, 0xe0, 0x0, 0xfd, 0x10, 0x6, 0xfe,
    0x0, 0x4f, 0x70, 0x0, 0xe, 0xe0, 0x5, 0xf5,
    0x0, 0x0, 0xbe, 0x0, 0x4f, 0x70, 0x0, 0xe,
    0xe0, 0x0, 0xfd, 0x10, 0x6, 0xfe, 0x0, 0x7,
    0xfe, 0x9a, 0xfd, 0xe0, 0x0, 0x6, 0xdf, 0xc4,
    0xae, 0x0,

    /* U+0112 "Ē" */
    0x1, 0x22, 0x22, 0x10, 0x8, 0xff, 0xff, 0xc0,
    0x2, 0x55, 0x55, 0x40, 0x0, 0x0, 0x0, 0x0,
    0x7f, 0xff, 0xff, 0xfa, 0x7f, 0xa9, 0x99, 0x96,
    0x7f, 0x20, 0x0, 0x0, 0x7f, 0x20, 0x0, 0x0,
    0x7f, 0x20, 0x0, 0x0, 0x7f, 0xff, 0xff, 0xf2,
    0x7f, 0x98, 0x88, 0x81, 0x7f, 0x20, 0x0, 0x0,
    0x7f, 0x20, 0x0, 0x0, 0x7f, 0x20, 0x0, 0x0,
    0x7f, 0xa9, 0x99, 0x96, 0x7f, 0xff, 0xff, 0xfb,

    /* U+0113 "ē" */
    0x0, 0x12, 0x22, 0x21, 0x0, 0xb, 0xff, 0xff,
    0x90, 0x0, 0x35, 0x55, 0x52, 0x0, 0x0, 0x0,
    0x0, 0x0, 0x0, 0x4b, 0xfe, 0xa1, 0x0, 0x5f,
    0xc7, 0x8e, 0xe1, 0xe, 0xa1, 0x11, 0x2f, 0x83,
    0xff, 0xff, 0xff, 0xfc, 0x5f, 0x84, 0x44, 0x44,
    0x33, 0xf8, 0x0, 0x0, 0x0, 0xe, 0xf2, 0x0,
    0x2f, 0x60, 0x5f, 0xf9, 0x9f, 0xe2, 0x0, 0x4c,
    0xfe, 0xa2, 0x0,

    /* U+0116 "Ė" */
    0x0, 0x9, 0xd0, 0x0, 0x0, 0xa, 0xe0, 0x0,
    0x0, 0x0, 0x0, 0x0, 0x0, 0x0, 0x0, 0x0,
    0x7f, 0xff, 0xff, 0xfa, 0x7f, 0xa9, 0x99, 0x96,
    0x7f, 0x20, 0x0, 0x0, 0x7f, 0x20, 0x0, 0x0,
    0x7f, 0x20, 0x0, 0x0, 0x7f, 0xff, 0xff, 0xf2,
    0x7f, 0x98, 0x88, 0x81, 0x7f, 0x20, 0x0, 0x0,
    0x7f, 0x20, 0x0, 0x0, 0x7f, 0x20, 0x0, 0x0,
    0x7f, 0xa9, 0x99, 0x96, 0x7f, 0xff, 0xff, 0xfb,

    /* U+0117 "ė" */
    0x0, 0x0, 0xda, 0x0, 0x0, 0x0, 0xd, 0xa0,
    0x0, 0x0, 0x0, 0x0, 0x0, 0x0, 0x4, 0xbf,
    0xea, 0x10, 0x5, 0xfc, 0x78, 0xee, 0x10, 0xea,
    0x11, 0x12, 0xf8, 0x3f, 0xff, 0xff, 0xff, 0xc5,
    0xf8, 0x44, 0x44, 0x43, 0x3f, 0x80, 0x0, 0x0,
    0x0, 0xef, 0x20, 0x2, 0xf6, 0x5, 0xff, 0x99,
    0xfe, 0x20, 0x4, 0xcf, 0xea, 0x20,

    /* U+0118 "Ę" */
    0x7f, 0xff, 0xff, 0xfa, 0x7, 0xfa, 0x99, 0x99,
    0x60, 0x7f, 0x20, 0x0, 0x0, 0x7, 0xf2, 0x0,
    0x0, 0x0, 0x7f, 0x20, 0x0, 0x0, 0x7, 0xff,
    0xff, 0xff, 0x20, 0x7f, 0x98, 0x88, 0x81, 0x7,
    0xf2, 0x0, 0x0, 0x0, 0x7f, 0x20, 0x0, 0x0,
    0x7, 0xf2, 0x0, 0x0, 0x0, 0x7f, 0xa9, 0x99,
    0x96, 0x7, 0xff, 0xff, 0xff, 0xb0, 0x0, 0x0,
    0x4, 0xe4, 0x0, 0x0, 0x0, 0xf7, 0x0, 0x0,
    0x0, 0x1f, 0x94, 0x0, 0x0, 0x0, 0x7f, 0xd0,

    /* U+0119 "ę" */
    0x0, 0x4b, 0xfe, 0x90, 0x0, 0x5, 0xfd, 0x79,
    0xfb, 0x0, 0xe, 0xd0, 0x0, 0x5f, 0x50, 0x3f,
    0x81, 0x11, 0x1f, 0xa0, 0x5f, 0xff, 0xff, 0xff,
    0xc0, 0x3f, 0x84, 0x44, 0x44, 0x30, 0xe, 0xc0,
    0x0, 0x18, 0x30, 0x5, 0xfd, 0x98, 0xef, 0x40,
    0x0, 0x4c, 0xfe, 0xfa, 0x0, 0x0, 0x0, 0x1,
    0xe0, 0x0, 0x0, 0x0, 0x7, 0xd0, 0x0, 0x0,
    0x0, 0x7, 0xf5, 0x40, 0x0, 0x0, 0x1, 0xbf,
    0xc0,

    /* U+011A "Ě" */
    0x5, 0x70, 0x6, 0x70, 0x2, 0xea, 0x7f, 0x40,
    0x0, 0x4f, 0xf7, 0x0, 0x0, 0x0, 0x0, 0x0,
    0x7f, 0xff, 0xff, 0xfa, 0x7f, 0xa9, 0x99, 0x96,
    0x7f, 0x20, 0x0, 0x0, 0x7f, 0x20, 0x0, 0x0,
    0x7f, 0x20, 0x0, 0x0, 0x7f, 0xff, 0xff, 0xf2,
    0x7f, 0x98, 0x88, 0x81, 0x7f, 0x20, 0x0, 0x0,
    0x7f, 0x20, 0x0, 0x0, 0x7f, 0x20, 0x0, 0x0,
    0x7f, 0xa9, 0x99, 0x96, 0x7f, 0xff, 0xff, 0xfb,

    /* U+011B "ě" */
    0x0, 0xae, 0x25, 0xf6, 0x0, 0x0, 0xae, 0xf6,
    0x0, 0x0, 0x0, 0x11, 0x0, 0x0, 0x4, 0xbf,
    0xea, 0x10, 0x5, 0xfc, 0x78, 0xee, 0x10, 0xea,
    0x11, 0x12, 0xf8, 0x3f, 0xff, 0xff, 0xff, 0xc5,
    0xf8, 0x44, 0x44, 0x43, 0x3f, 0x80, 0x0, 0x0,
    0x0, 0xef, 0x20, 0x2, 0xf6, 0x5, 0xff, 0x99,
    0xfe, 0x20, 0x4, 0xcf, 0xea, 0x20,

    /* U+011C "Ĝ" */
    0x0, 0x0, 0xb, 0xfe, 0x10, 0x0, 0x0, 0x0,
    0x9, 0xf5, 0xdc, 0x0, 0x0, 0x0, 0x1, 0x73,
    0x2, 0x83, 0x0, 0x0, 0x0, 0x0, 0x0, 0x0,
    0x0, 0x0, 0x0, 0x1, 0x8d, 0xff, 0xb4, 0x0,
    0x0, 0x4, 0xff, 0xca, 0xae, 0xfb, 0x0, 0x3,
    0xfe, 0x40, 0x0, 0x8, 0xf5, 0x0, 0xbf, 0x30,
    0x0, 0x0, 0x2, 0x0, 0x1f, 0xb0, 0x0, 0x0,
    0x0, 0x0, 0x3, 0xf7, 0x0, 0x0, 0x2, 0x22,
    0x20, 0x3f, 0x70, 0x0, 0x3, 0xff, 0xff, 0x41,
    0xfb, 0x0, 0x0, 0x15, 0x59, 0xf3, 0xb, 0xf2,
    0x0, 0x0, 0x0, 0xaf, 0x10, 0x3f, 0xe3, 0x0,
    0x0, 0x7f, 0xa0, 0x0, 0x5f, 0xfc, 0xaa, 0xdf,
    0xc0, 0x0, 0x0, 0x18, 0xdf, 0xfc, 0x70, 0x0,

    /* U+011D "ĝ" */
    0x0, 0xa, 0xff, 0x30, 0x0, 0xb, 0xd2, 0x7e,
    0x40, 0x0, 0x0, 0x0, 0x0, 0x0, 0x6, 0xdf,
    0xc4, 0xbe, 0x6, 0xfe, 0x89, 0xfd, 0xe0, 0xfe,
    0x10, 0x5, 0xfe, 0x4f, 0x80, 0x0, 0xe, 0xe5,
    0xf5, 0x0, 0x0, 0xce, 0x4f, 0x70, 0x0, 0xd,
    0xe0, 0xfd, 0x0, 0x4, 0xfe, 0x7, 0xfd, 0x78,
    0xfd, 0xe0, 0x6, 0xdf, 0xd4, 0xbe, 0x0, 0x0,
    0x0, 0xd, 0xc0, 0x10, 0x0, 0x5, 0xf7, 0x8,
    0xea, 0x8a, 0xfd, 0x0, 0x3a, 0xef, 0xe9, 0x10,

    /* U+011E "Ğ" */
    0x0, 0x4, 0xf7, 0x15, 0xf6, 0x0, 0x0, 0x0,
    0x9, 0xff, 0xfa, 0x0, 0x0, 0x0, 0x0, 0x1,
    0x31, 0x0, 0x0, 0x0, 0x0, 0x0, 0x0, 0x0,
    0x0, 0x0, 0x0, 0x1, 0x8d, 0xff, 0xb4, 0x0,
    0x0, 0x4, 0xff, 0xca, 0xae, 0xfb, 0x0, 0x3,
    0xfe, 0x40, 0x0, 0x8, 0xf5, 0x0, 0xbf, 0x30,
    0x0, 0x0, 0x2, 0x0, 0x1f, 0xb0, 0x0, 0x0,
    0x0, 0x0, 0x3, 0xf7, 0x0, 0x0, 0x2, 0x22,
    0x20, 0x3f, 0x70, 0x0, 0x3, 0xff, 0xff, 0x41,
    0xfb, 0x0, 0x0, 0x15, 0x59, 0xf3, 0xb, 0xf2,
    0x0, 0x0, 0x0, 0xaf, 0x10, 0x3f, 0xe3, 0x0,
    0x0, 0x7f, 0xa0, 0x0, 0x5f, 0xfc, 0xaa, 0xdf,
    0xc0, 0x0, 0x0, 0x18, 0xdf, 0xfc, 0x70, 0x0,

    /* U+011F "ğ" */
    0x1, 0xfa, 0x13, 0xe9, 0x0, 0x7, 0xff, 0xfc,
    0x10, 0x0, 0x0, 0x32, 0x0, 0x0, 0x6, 0xdf,
    0xc4, 0xbe, 0x6, 0xfe, 0x89, 0xfd, 0xe0, 0xfe,
    0x10, 0x5, 0xfe, 0x4f, 0x80, 0x0, 0xe, 0xe5,
    0xf5, 0x0, 0x0, 0xce, 0x4f, 0x70, 0x0, 0xd,
    0xe0, 0xfd, 0x0, 0x4, 0xfe, 0x7, 0xfd, 0x78,
    0xfd, 0xe0, 0x6, 0xdf, 0xd4, 0xbe, 0x0, 0x0,
    0x0, 0xd, 0xc0, 0x10, 0x0, 0x5, 0xf7, 0x8,
    0xea, 0x8a, 0xfd, 0x0, 0x3a, 0xef, 0xe9, 0x10,

    /* U+0120 "Ġ" */
    0x0, 0x0, 0x0, 0x0, 0x0, 0x0, 0x0, 0x0,
    0x0, 0x3f, 0x50, 0x0, 0x0, 0x0, 0x0, 0x3,
    0xf5, 0x0, 0x0, 0x0, 0x0, 0x0, 0x0, 0x0,
    0x0, 0x0, 0x0, 0x0, 0x0, 0x0, 0x0, 0x0,
    0x0, 0x0, 0x18, 0xdf, 0xfb, 0x40, 0x0, 0x0,
    0x4f, 0xfc, 0xaa, 0xef, 0xb0, 0x0, 0x3f, 0xe4,
    0x0, 0x0, 0x8f, 0x50, 0xb, 0xf3, 0x0, 0x0,
    0x0, 0x20, 0x1, 0xfb, 0x0, 0x0, 0x0, 0x0,
    0x0, 0x3f, 0x70, 0x0, 0x0, 0x22, 0x22, 0x3,
    0xf7, 0x0, 0x0, 0x3f, 0xff, 0xf4, 0x1f, 0xb0,
    0x0, 0x1, 0x55, 0x9f, 0x30, 0xbf, 0x20, 0x0,
    0x0, 0xa, 0xf1, 0x3, 0xfe, 0x30, 0x0, 0x7,
    0xfa, 0x0, 0x5, 0xff, 0xca, 0xad, 0xfc, 0x0,
    0x0, 0x1, 0x8d, 0xff, 0xc7, 0x0, 0x0,

    /* U+0121 "ġ" */
    0x0, 0x1, 0xe8, 0x0, 0x0, 0x0, 0x1e, 0x80,
    0x0, 0x0, 0x0, 0x0, 0x0, 0x0, 0x6, 0xdf,
    0xc4, 0xbe, 0x6, 0xfe, 0x89, 0xfd, 0xe0, 0xfe,
    0x10, 0x5, 0xfe, 0x4f, 0x80, 0x0, 0xe, 0xe5,
    0xf5, 0x0, 0x0, 0xce, 0x4f, 0x70, 0x0, 0xd,
    0xe0, 0xfd, 0x0, 0x4, 0xfe, 0x7, 0xfd, 0x78,
    0xfd, 0xe0, 0x6, 0xdf, 0xd4, 0xbe, 0x0, 0x0,
    0x0, 0xd, 0xc0, 0x10, 0x0, 0x5, 0xf7, 0x8,
    0xea, 0x8a, 0xfd, 0x0, 0x3a, 0xef, 0xe9, 0x10,

    /* U+0122 "Ģ" */
    0x0, 0x1, 0x8d, 0xff, 0xb4, 0x0, 0x0, 0x4,
    0xff, 0xca, 0xae, 0xfb, 0x0, 0x3, 0xfe, 0x40,
    0x0, 0x8, 0xf5, 0x0, 0xbf, 0x30, 0x0, 0x0,
    0x2, 0x0, 0x1f, 0xb0, 0x0, 0x0, 0x0, 0x0,
    0x3, 0xf7, 0x0, 0x0, 0x2, 0x22, 0x20, 0x3f,
    0x70, 0x0, 0x3, 0xff, 0xff, 0x41, 0xfb, 0x0,
    0x0, 0x15, 0x59, 0xf3, 0xb, 0xf2, 0x0, 0x0,
    0x0, 0xaf, 0x10, 0x3f, 0xe3, 0x0, 0x0, 0x7f,
    0xa0, 0x0, 0x5f, 0xfc, 0xaa, 0xdf, 0xc0, 0x0,
    0x0, 0x18, 0xdf, 0xfc, 0x70, 0x0, 0x0, 0x0,
    0x0, 0x0, 0x0, 0x0, 0x0, 0x0, 0x0, 0x7,
    0x60, 0x0, 0x0, 0x0, 0x0, 0x2, 0xf6, 0x0,
    0x0, 0x0, 0x0, 0x0, 0x7e, 0x0, 0x0, 0x0,

    /* U+0123 "ģ" */
    0x0, 0x0, 0x1e, 0x60, 0x0, 0x0, 0x9, 0xe0,
    0x0, 0x0, 0x0, 0x54, 0x0, 0x0, 0x6, 0xdf,
    0xc4, 0xbe, 0x6, 0xfe, 0x89, 0xfd, 0xe0, 0xfe,
    0x10, 0x5, 0xfe, 0x4f, 0x80, 0x0, 0xe, 0xe5,
    0xf5, 0x0, 0x0, 0xce, 0x4f, 0x70, 0x0, 0xd,
    0xe0, 0xfd, 0x0, 0x4, 0xfe, 0x7, 0xfd, 0x78,
    0xfd, 0xe0, 0x6, 0xdf, 0xd4, 0xbe, 0x0, 0x0,
    0x0, 0xd, 0xc0, 0x10, 0x0, 0x5, 0xf7, 0x8,
    0xea, 0x8a, 0xfd, 0x0, 0x3a, 0xef, 0xe9, 0x10,

    /* U+0124 "Ĥ" */
    0x0, 0x0, 0x68, 0x40, 0x0, 0x0, 0x0, 0x9f,
    0x9f, 0x60, 0x0, 0x0, 0x28, 0x20, 0x47, 0x10,
    0x0, 0x0, 0x0, 0x0, 0x0, 0x0, 0x7f, 0x20,
    0x0, 0x0, 0x6f, 0x47, 0xf2, 0x0, 0x0, 0x6,
    0xf4, 0x7f, 0x20, 0x0, 0x0, 0x6f, 0x47, 0xf2,
    0x0, 0x0, 0x6, 0xf4, 0x7f, 0x20, 0x0, 0x0,
    0x6f, 0x47, 0xff, 0xff, 0xff, 0xff, 0xf4, 0x7f,
    0xa9, 0x99, 0x99, 0xcf, 0x47, 0xf2, 0x0, 0x0,
    0x6, 0xf4, 0x7f, 0x20, 0x0, 0x0, 0x6f, 0x47,
    0xf2, 0x0, 0x0, 0x6, 0xf4, 0x7f, 0x20, 0x0,
    0x0, 0x6f, 0x47, 0xf2, 0x0, 0x0, 0x6, 0xf4,

    /* U+0125 "ĥ" */
    0x0, 0x7f, 0xf4, 0x0, 0x0, 0x0, 0x4f, 0x8a,
    0xe2, 0x0, 0x0, 0x7, 0x60, 0x7, 0x50, 0x0,
    0x0, 0x0, 0x0, 0x0, 0x0, 0x0, 0x0, 0xd,
    0xb0, 0x0, 0x0, 0x0, 0x0, 0xdb, 0x0, 0x0,
    0x0, 0x0, 0xd, 0xb0, 0x0, 0x0, 0x0, 0x0,
    0xdb, 0x5d, 0xfc, 0x30, 0x0, 0xd, 0xef, 0xaa,
    0xff, 0x10, 0x0, 0xdf, 0x40, 0x6, 0xf7, 0x0,
    0xd, 0xd0, 0x0, 0x1f, 0x90, 0x0, 0xdb, 0x0,
    0x0, 0xf9, 0x0, 0xd, 0xb0, 0x0, 0xf, 0xa0,
    0x0, 0xdb, 0x0, 0x0, 0xfa, 0x0, 0xd, 0xb0,
    0x0, 0xf, 0xa0, 0x0, 0xdb, 0x0, 0x0, 0xfa,

    /* U+0126 "Ħ" */
    0x7, 0xf2, 0x0, 0x0, 0x6, 0xf4, 0x1, 0x8f,
    0x31, 0x11, 0x11, 0x7f, 0x40, 0xef, 0xff, 0xff,
    0xff, 0xff, 0xff, 0xb3, 0x9f, 0x64, 0x44, 0x44,
    0x9f, 0x72, 0x7, 0xf2, 0x0, 0x0, 0x6, 0xf4,
    0x0, 0x7f, 0xff, 0xff, 0xff, 0xff, 0x40, 0x7,
    0xfa, 0x99, 0x99, 0x9c, 0xf4, 0x0, 0x7f, 0x20,
    0x0, 0x0, 0x6f, 0x40, 0x7, 0xf2, 0x0, 0x0,
    0x6, 0xf4, 0x0, 0x7f, 0x20, 0x0, 0x0, 0x6f,
    0x40, 0x7, 0xf2, 0x0, 0x0, 0x6, 0xf4, 0x0,
    0x7f, 0x20, 0x0, 0x0, 0x6f, 0x40,

    /* U+0127 "ħ" */
    0xd, 0xb0, 0x0, 0x0, 0xf, 0xff, 0xff, 0x70,
    0x0, 0x3e, 0xc3, 0x31, 0x0, 0x0, 0xdb, 0x5d,
    0xfc, 0x30, 0xd, 0xef, 0xaa, 0xff, 0x10, 0xdf,
    0x40, 0x6, 0xf7, 0xd, 0xd0, 0x0, 0x1f, 0x90,
    0xdb, 0x0, 0x0, 0xf9, 0xd, 0xb0, 0x0, 0xf,
    0xa0, 0xdb, 0x0, 0x0, 0xfa, 0xd, 0xb0, 0x0,
    0xf, 0xa0, 0xdb, 0x0, 0x0, 0xfa,

    /* U+012A "Ī" */
    0x2, 0x22, 0x22, 0x4, 0xff, 0xff, 0xf0, 0x15,
    0x55, 0x55, 0x0, 0x0, 0x0, 0x0, 0x0, 0x7f,
    0x20, 0x0, 0x7, 0xf2, 0x0, 0x0, 0x7f, 0x20,
    0x0, 0x7, 0xf2, 0x0, 0x0, 0x7f, 0x20, 0x0,
    0x7, 0xf2, 0x0, 0x0, 0x7f, 0x20, 0x0, 0x7,
    0xf2, 0x0, 0x0, 0x7f, 0x20, 0x0, 0x7, 0xf2,
    0x0, 0x0, 0x7f, 0x20, 0x0, 0x7, 0xf2, 0x0,

    /* U+012B "ī" */
    0x2, 0x22, 0x20, 0x3f, 0xff, 0xf4, 0x15, 0x55,
    0x51, 0x0, 0xcd, 0x0, 0x0, 0xcd, 0x0, 0x0,
    0xcd, 0x0, 0x0, 0xcd, 0x0, 0x0, 0xcd, 0x0,
    0x0, 0xcd, 0x0, 0x0, 0xcd, 0x0, 0x0, 0xcd,
    0x0, 0x0, 0xcd, 0x0,

    /* U+012E "Į" */
    0x7, 0xf2, 0x7, 0xf2, 0x7, 0xf2, 0x7, 0xf2,
    0x7, 0xf2, 0x7, 0xf2, 0x7, 0xf2, 0x7, 0xf2,
    0x7, 0xf2, 0x7, 0xf2, 0x7, 0xf2, 0x8, 0xf2,
    0xb, 0xa0, 0x7e, 0x0, 0x9e, 0x51, 0x2c, 0xf6,

    /* U+012F "į" */
    0x0, 0xbc, 0x0, 0xb, 0xc0, 0x0, 0x0, 0x0,
    0xc, 0xd0, 0x0, 0xcd, 0x0, 0xc, 0xd0, 0x0,
    0xcd, 0x0, 0xc, 0xd0, 0x0, 0xcd, 0x0, 0xc,
    0xd0, 0x0, 0xcd, 0x0, 0xd, 0xe0, 0x3, 0xe5,
    0x0, 0xd9, 0x0, 0xf, 0xa4, 0x0, 0x6e, 0xe1,

    /* U+0130 "İ" */
    0x6e, 0x26, 0xf2, 0x0, 0x0, 0x0, 0x7f, 0x27,
    0xf2, 0x7f, 0x27, 0xf2, 0x7f, 0x27, 0xf2, 0x7f,
    0x27, 0xf2, 0x7f, 0x27, 0xf2, 0x7f, 0x27, 0xf2,

    /* U+0131 "ı" */
    0xcd, 0xcd, 0xcd, 0xcd, 0xcd, 0xcd, 0xcd, 0xcd,
    0xcd,

    /* U+0132 "Ĳ" */
    0x7f, 0x20, 0x0, 0x0, 0x6, 0xf4, 0x7f, 0x20,
    0x0, 0x0, 0x6, 0xf4, 0x7f, 0x20, 0x0, 0x0,
    0x6, 0xf4, 0x7f, 0x20, 0x0, 0x0, 0x6, 0xf4,
    0x7f, 0x20, 0x0, 0x0, 0x6, 0xf4, 0x7f, 0x20,
    0x0, 0x0, 0x6, 0xf4, 0x7f, 0x20, 0x0, 0x0,
    0x6, 0xf4, 0x7f, 0x20, 0x0, 0x0, 0x6, 0xf4,
    0x7f, 0x20, 0x0, 0x0, 0x7, 0xf3, 0x7f, 0x20,
    0x85, 0x0, 0xc, 0xf1, 0x7f, 0x20, 0xbf, 0x86,
    0xcf, 0x80, 0x7f, 0x20, 0x9, 0xef, 0xc5, 0x0,

    /* U+0133 "ĳ" */
    0xbc, 0x0, 0x2e, 0x7b, 0xc0, 0x2, 0xe7, 0x0,
    0x0, 0x0, 0xc, 0xd0, 0x1, 0xf8, 0xcd, 0x0,
    0x1f, 0x8c, 0xd0, 0x1, 0xf8, 0xcd, 0x0, 0x1f,
    0x8c, 0xd0, 0x1, 0xf8, 0xcd, 0x0, 0x1f, 0x8c,
    0xd0, 0x1, 0xf8, 0xcd, 0x0, 0x1f, 0x8c, 0xd0,
    0x1, 0xf8, 0x0, 0x0, 0x1f, 0x80, 0x0, 0x2,
    0xf6, 0x0, 0x69, 0xcf, 0x30, 0x8, 0xfe, 0x70,

    /* U+0134 "Ĵ" */
    0x0, 0x0, 0xb, 0xfe, 0x10, 0x0, 0x0, 0x8f,
    0x5d, 0xc0, 0x0, 0x1, 0x74, 0x2, 0x83, 0x0,
    0x0, 0x0, 0x0, 0x0, 0x0, 0x0, 0x1, 0xf9,
    0x0, 0x0, 0x0, 0x1, 0xf9, 0x0, 0x0, 0x0,
    0x1, 0xf9, 0x0, 0x0, 0x0, 0x1, 0xf9, 0x0,
    0x0, 0x0, 0x1, 0xf9, 0x0, 0x0, 0x0, 0x1,
    0xf9, 0x0, 0x0, 0x0, 0x1, 0xf9, 0x0, 0x0,
    0x0, 0x1, 0xf9, 0x0, 0x0, 0x0, 0x3, 0xf8,
    0x0, 0x7c, 0x0, 0xa, 0xf5, 0x0, 0x5f, 0xda,
    0xdf, 0xc0, 0x0, 0x5, 0xdf, 0xd8, 0x0, 0x0,

    /* U+0135 "ĵ" */
    0x1, 0xcf, 0xe2, 0x1, 0xb9, 0x8, 0xc2, 0x0,
    0x0, 0x0, 0x0, 0x3, 0xf6, 0x0, 0x0, 0x3f,
    0x60, 0x0, 0x3, 0xf6, 0x0, 0x0, 0x3f, 0x60,
    0x0, 0x3, 0xf6, 0x0, 0x0, 0x3f, 0x60, 0x0,
    0x3, 0xf6, 0x0, 0x0, 0x3f, 0x60, 0x0, 0x3,
    0xf6, 0x0, 0x0, 0x3f, 0x60, 0x0, 0x4, 0xf5,
    0x0, 0x69, 0xdf, 0x20, 0x9, 0xfe, 0x60, 0x0,

    /* U+0136 "Ķ" */
    0x7f, 0x20, 0x0, 0x5f, 0xc0, 0x7f, 0x20, 0x4,
    0xfd, 0x10, 0x7f, 0x20, 0x3f, 0xd1, 0x0, 0x7f,
    0x23, 0xfe, 0x10, 0x0, 0x7f, 0x4e, 0xe2, 0x0,
    0x0, 0x7f, 0xff, 0x60, 0x0, 0x0, 0x7f, 0xfe,
    0xf2, 0x0, 0x0, 0x7f, 0x42, 0xfd, 0x0, 0x0,
    0x7f, 0x20, 0x5f, 0xb0, 0x0, 0x7f, 0x20, 0x8,
    0xf8, 0x0, 0x7f, 0x20, 0x0, 0xbf, 0x50, 0x7f,
    0x20, 0x0, 0x1d, 0xf2, 0x0, 0x0, 0x0, 0x0,
    0x0, 0x0, 0x4, 0x81, 0x0, 0x0, 0x0, 0xb,
    0xc0, 0x0, 0x0, 0x0, 0xf, 0x50, 0x0, 0x0,

    /* U+0137 "ķ" */
    0xeb, 0x0, 0x0, 0x0, 0xeb, 0x0, 0x0, 0x0,
    0xeb, 0x0, 0x0, 0x0, 0xeb, 0x0, 0x4f, 0xa0,
    0xeb, 0x3, 0xfc, 0x0, 0xeb, 0x2e, 0xe1, 0x0,
    0xec, 0xdf, 0x30, 0x0, 0xef, 0xff, 0x80, 0x0,
    0xef, 0x5b, 0xf3, 0x0, 0xec, 0x1, 0xfc, 0x0,
    0xeb, 0x0, 0x6f, 0x70, 0xeb, 0x0, 0xc, 0xf2,
    0x0, 0x0, 0x0, 0x0, 0x0, 0x48, 0x10, 0x0,
    0x0, 0xbc, 0x0, 0x0, 0x0, 0xf5, 0x0, 0x0,

    /* U+0139 "Ĺ" */
    0x0, 0x76, 0x0, 0x0, 0xb, 0xf3, 0x0, 0x0,
    0x7f, 0x40, 0x0, 0x0, 0x0, 0x0, 0x0, 0x0,
    0x7f, 0x20, 0x0, 0x0, 0x7f, 0x20, 0x0, 0x0,
    0x7f, 0x20, 0x0, 0x0, 0x7f, 0x20, 0x0, 0x0,
    0x7f, 0x20, 0x0, 0x0, 0x7f, 0x20, 0x0, 0x0,
    0x7f, 0x20, 0x0, 0x0, 0x7f, 0x20, 0x0, 0x0,
    0x7f, 0x20, 0x0, 0x0, 0x7f, 0x20, 0x0, 0x0,
    0x7f, 0xa9, 0x99, 0x96, 0x7f, 0xff, 0xff, 0xfb,

    /* U+013A "ĺ" */
    0x0, 0x48, 0x30, 0x2f, 0xb0, 0xd, 0xd0, 0x0,
    0x0, 0x0, 0xe, 0xb0, 0x0, 0xeb, 0x0, 0xe,
    0xb0, 0x0, 0xeb, 0x0, 0xe, 0xb0, 0x0, 0xeb,
    0x0, 0xe, 0xb0, 0x0, 0xeb, 0x0, 0xe, 0xb0,
    0x0, 0xeb, 0x0, 0xe, 0xb0, 0x0, 0xeb, 0x0,

    /* U+013B "Ļ" */
    0x7f, 0x20, 0x0, 0x0, 0x7f, 0x20, 0x0, 0x0,
    0x7f, 0x20, 0x0, 0x0, 0x7f, 0x20, 0x0, 0x0,
    0x7f, 0x20, 0x0, 0x0, 0x7f, 0x20, 0x0, 0x0,
    0x7f, 0x20, 0x0, 0x0, 0x7f, 0x20, 0x0, 0x0,
    0x7f, 0x20, 0x0, 0x0, 0x7f, 0x20, 0x0, 0x0,
    0x7f, 0xa9, 0x99, 0x96, 0x7f, 0xff, 0xff, 0xfb,
    0x0, 0x0, 0x0, 0x0, 0x0, 0x7, 0x50, 0x0,
    0x0, 0x3f, 0x50, 0x0, 0x0, 0x8d, 0x0, 0x0,

    /* U+013C "ļ" */
    0xe, 0xb0, 0xeb, 0xe, 0xb0, 0xeb, 0xe, 0xb0,
    0xeb, 0xe, 0xb0, 0xeb, 0xe, 0xb0, 0xeb, 0xe,
    0xb0, 0xeb, 0x0, 0x0, 0x76, 0x1f, 0x66, 0xe0,

    /* U+013D "Ľ" */
    0x0, 0x4, 0xf4, 0x0, 0x7f, 0x28, 0xe0, 0x0,
    0x7f, 0x2b, 0x80, 0x0, 0x7f, 0x20, 0x0, 0x0,
    0x7f, 0x20, 0x0, 0x0, 0x7f, 0x20, 0x0, 0x0,
    0x7f, 0x20, 0x0, 0x0, 0x7f, 0x20, 0x0, 0x0,
    0x7f, 0x20, 0x0, 0x0, 0x7f, 0x20, 0x0, 0x0,
    0x7f, 0x20, 0x0, 0x0, 0x7f, 0xa9, 0x99, 0x96,
    0x7f, 0xff, 0xff, 0xfb,

    /* U+013E "ľ" */
    0xeb, 0x3f, 0x4e, 0xb7, 0xe0, 0xeb, 0xb8, 0xe,
    0xb0, 0x0, 0xeb, 0x0, 0xe, 0xb0, 0x0, 0xeb,
    0x0, 0xe, 0xb0, 0x0, 0xeb, 0x0, 0xe, 0xb0,
    0x0, 0xeb, 0x0, 0xe, 0xb0, 0x0,

    /* U+0141 "Ł" */
    0x7, 0xf2, 0x0, 0x0, 0x0, 0x7f, 0x20, 0x0,
    0x0, 0x7, 0xf2, 0x0, 0x0, 0x0, 0x7f, 0x20,
    0x0, 0x0, 0x7, 0xf9, 0xe0, 0x0, 0x1, 0xaf,
    0xe8, 0x0, 0x0, 0xef, 0xf3, 0x0, 0x0, 0x6,
    0x8f, 0x20, 0x0, 0x0, 0x7, 0xf2, 0x0, 0x0,
    0x0, 0x7f, 0x20, 0x0, 0x0, 0x7, 0xfa, 0x99,
    0x99, 0x60, 0x7f, 0xff, 0xff, 0xfb,

    /* U+0142 "ł" */
    0x6, 0xf3, 0x0, 0x6f, 0x30, 0x6, 0xf3, 0x0,
    0x6f, 0x30, 0x6, 0xf7, 0x60, 0x8f, 0xf6, 0xaf,
    0xf4, 0x6, 0x8f, 0x30, 0x6, 0xf3, 0x0, 0x6f,
    0x30, 0x6, 0xf3, 0x0, 0x6f, 0x30,

    /* U+0143 "Ń" */
    0x0, 0x0, 0x0, 0x77, 0x0, 0x0, 0x0, 0x0,
    0x8f, 0x50, 0x0, 0x0, 0x0, 0x5f, 0x70, 0x0,
    0x0, 0x0, 0x0, 0x0, 0x0, 0x0, 0x7f, 0x90,
    0x0, 0x0, 0xf, 0xa7, 0xff, 0x50, 0x0, 0x0,
    0xfa, 0x7f, 0xff, 0x20, 0x0, 0xf, 0xa7, 0xf7,
    0xfc, 0x0, 0x0, 0xfa, 0x7f, 0x28, 0xf8, 0x0,
    0xf, 0xa7, 0xf2, 0xc, 0xf4, 0x0, 0xfa, 0x7f,
    0x20, 0x1e, 0xe1, 0xf, 0xa7, 0xf2, 0x0, 0x5f,
    0xb0, 0xfa, 0x7f, 0x20, 0x0, 0x9f, 0x7f, 0xa7,
    0xf2, 0x0, 0x0, 0xdf, 0xfa, 0x7f, 0x20, 0x0,
    0x2, 0xff, 0xa7, 0xf2, 0x0, 0x0, 0x6, 0xfa,

    /* U+0144 "ń" */
    0x0, 0x2, 0xec, 0x10, 0x0, 0x1d, 0xb0, 0x0,
    0x0, 0x0, 0x0, 0x0, 0xea, 0x7e, 0xfc, 0x30,
    0xef, 0xe7, 0x7e, 0xf1, 0xef, 0x20, 0x5, 0xf7,
    0xed, 0x0, 0x1, 0xf9, 0xeb, 0x0, 0x0, 0xf9,
    0xeb, 0x0, 0x0, 0xfa, 0xeb, 0x0, 0x0, 0xfa,
    0xeb, 0x0, 0x0, 0xfa, 0xeb, 0x0, 0x0, 0xfa,

    /* U+0145 "Ņ" */
    0x7f, 0x90, 0x0, 0x0, 0xf, 0xa7, 0xff, 0x50,
    0x0, 0x0, 0xfa, 0x7f, 0xff, 0x20, 0x0, 0xf,
    0xa7, 0xf7, 0xfc, 0x0, 0x0, 0xfa, 0x7f, 0x28,
    0xf8, 0x0, 0xf, 0xa7, 0xf2, 0xc, 0xf4, 0x0,
    0xfa, 0x7f, 0x20, 0x1e, 0xe1, 0xf, 0xa7, 0xf2,
    0x0, 0x5f, 0xb0, 0xfa, 0x7f, 0x20, 0x0, 0x9f,
    0x7f, 0xa7, 0xf2, 0x0, 0x0, 0xdf, 0xfa, 0x7f,
    0x20, 0x0, 0x2, 0xff, 0xa7, 0xf2, 0x0, 0x0,
    0x6, 0xfa, 0x0, 0x0, 0x0, 0x0, 0x0, 0x0,
    0x0, 0x1, 0x83, 0x0, 0x0, 0x0, 0x0, 0x7f,
    0x10, 0x0, 0x0, 0x0, 0xc, 0x90, 0x0, 0x0,

    /* U+0146 "ņ" */
    0xea, 0x7e, 0xfc, 0x30, 0xef, 0xe7, 0x7e, 0xf1,
    0xef, 0x20, 0x5, 0xf7, 0xed, 0x0, 0x1, 0xf9,
    0xeb, 0x0, 0x0, 0xf9, 0xeb, 0x0, 0x0, 0xfa,
    0xeb, 0x0, 0x0, 0xfa, 0xeb, 0x0, 0x0, 0xfa,
    0xeb, 0x0, 0x0, 0xfa, 0x0, 0x0, 0x0, 0x0,
    0x0, 0x8, 0x40, 0x0, 0x0, 0x4f, 0x30, 0x0,
    0x0, 0x9c, 0x0, 0x0,

    /* U+0147 "Ň" */
    0x0, 0x28, 0x30, 0x38, 0x20, 0x0, 0x0, 0xbe,
    0x4e, 0xa0, 0x0, 0x0, 0x0, 0xdf, 0xc0, 0x0,
    0x0, 0x0, 0x0, 0x0, 0x0, 0x0, 0x7f, 0x90,
    0x0, 0x0, 0xf, 0xa7, 0xff, 0x50, 0x0, 0x0,
    0xfa, 0x7f, 0xff, 0x20, 0x0, 0xf, 0xa7, 0xf7,
    0xfc, 0x0, 0x0, 0xfa, 0x7f, 0x28, 0xf8, 0x0,
    0xf, 0xa7, 0xf2, 0xc, 0xf4, 0x0, 0xfa, 0x7f,
    0x20, 0x1e, 0xe1, 0xf, 0xa7, 0xf2, 0x0, 0x5f,
    0xb0, 0xfa, 0x7f, 0x20, 0x0, 0x9f, 0x7f, 0xa7,
    0xf2, 0x0, 0x0, 0xdf, 0xfa, 0x7f, 0x20, 0x0,
    0x2, 0xff, 0xa7, 0xf2, 0x0, 0x0, 0x6, 0xfa,

    /* U+0148 "ň" */
    0xb, 0xd1, 0x8f, 0x30, 0x0, 0xbf, 0xe3, 0x0,
    0x0, 0x0, 0x0, 0x0, 0xea, 0x7e, 0xfc, 0x30,
    0xef, 0xe7, 0x7e, 0xf1, 0xef, 0x20, 0x5, 0xf7,
    0xed, 0x0, 0x1, 0xf9, 0xeb, 0x0, 0x0, 0xf9,
    0xeb, 0x0, 0x0, 0xfa, 0xeb, 0x0, 0x0, 0xfa,
    0xeb, 0x0, 0x0, 0xfa, 0xeb, 0x0, 0x0, 0xfa,

    /* U+014A "Ŋ" */
    0x7f, 0x90, 0x0, 0x0, 0xf, 0xa7, 0xff, 0x50,
    0x0, 0x0, 0xfa, 0x7f, 0xff, 0x20, 0x0, 0xf,
    0xa7, 0xf7, 0xfc, 0x0, 0x0, 0xfa, 0x7f, 0x28,
    0xf8, 0x0, 0xf, 0xa7, 0xf2, 0xc, 0xf4, 0x0,
    0xfa, 0x7f, 0x20, 0x1e, 0xe1, 0xf, 0xa7, 0xf2,
    0x0, 0x5f, 0xb0, 0xfa, 0x7f, 0x20, 0x0, 0x9f,
    0x7f, 0xa7, 0xf2, 0x0, 0x0, 0xdf, 0xfa, 0x7f,
    0x20, 0x0, 0x2, 0xff, 0xa7, 0xf2, 0x0, 0x0,
    0x6, 0xfa, 0x0, 0x0, 0x0, 0x0, 0xf, 0xa0,
    0x0, 0x0, 0x0, 0x1, 0xf9, 0x0, 0x0, 0x0,
    0x4a, 0xcf, 0x50, 0x0, 0x0, 0x6, 0xee, 0x90,

    /* U+014B "ŋ" */
    0xea, 0x7e, 0xfc, 0x30, 0xef, 0xe7, 0x7e, 0xf1,
    0xef, 0x20, 0x5, 0xf7, 0xed, 0x0, 0x1, 0xf9,
    0xeb, 0x0, 0x0, 0xf9, 0xeb, 0x0, 0x0, 0xfa,
    0xeb, 0x0, 0x0, 0xfa, 0xeb, 0x0, 0x0, 0xfa,
    0xeb, 0x0, 0x0, 0xfa, 0x0, 0x0, 0x0, 0xfa,
    0x0, 0x0, 0x1, 0xf9, 0x0, 0x4, 0xab, 0xf5,
    0x0, 0x7, 0xee, 0x80,

    /* U+014C "Ō" */
    0x0, 0x1, 0x22, 0x22, 0x21, 0x0, 0x0, 0x0,
    0x9f, 0xff, 0xff, 0xd0, 0x0, 0x0, 0x3, 0x55,
    0x55, 0x54, 0x0, 0x0, 0x0, 0x0, 0x0, 0x0,
    0x0, 0x0, 0x0, 0x2, 0x9d, 0xfe, 0xb4, 0x0,
    0x0, 0x6, 0xff, 0xb9, 0xbf, 0xf9, 0x0, 0x3,
    0xfd, 0x20, 0x0, 0x1b, 0xf7, 0x0, 0xcf, 0x20,
    0x0, 0x0, 0xd, 0xf0, 0x1f, 0xa0, 0x0, 0x0,
    0x0, 0x7f, 0x53, 0xf7, 0x0, 0x0, 0x0, 0x3,
    0xf7, 0x3f, 0x70, 0x0, 0x0, 0x0, 0x3f, 0x71,
    0xfa, 0x0, 0x0, 0x0, 0x6, 0xf5, 0xc, 0xf2,
    0x0, 0x0, 0x0, 0xdf, 0x0, 0x3f, 0xd3, 0x0,
    0x1, 0xbf, 0x70, 0x0, 0x5f, 0xfc, 0xab, 0xff,
    0x90, 0x0, 0x0, 0x29, 0xdf, 0xeb, 0x40, 0x0,

    /* U+014D "ō" */
    0x0, 0x12, 0x22, 0x21, 0x0, 0x0, 0xbf, 0xff,
    0xf9, 0x0, 0x0, 0x35, 0x55, 0x52, 0x0, 0x0,
    0x0, 0x0, 0x0, 0x0, 0x0, 0x4b, 0xfe, 0xb2,
    0x0, 0x5, 0xfe, 0x99, 0xff, 0x30, 0xe, 0xd1,
    0x0, 0x2f, 0xc0, 0x3f, 0x60, 0x0, 0x9, 0xf1,
    0x5f, 0x40, 0x0, 0x7, 0xf3, 0x3f, 0x60, 0x0,
    0x9, 0xf1, 0xe, 0xd1, 0x0, 0x2f, 0xc0, 0x5,
    0xfe, 0x99, 0xff, 0x30, 0x0, 0x3b, 0xff, 0xb2,
    0x0,

    /* U+0150 "Ő" */
    0x0, 0x0, 0xb, 0xf3, 0x7f, 0x50, 0x0, 0x0,
    0x6, 0xf5, 0x3f, 0x80, 0x0, 0x0, 0x0, 0x44,
    0x3, 0x50, 0x0, 0x0, 0x0, 0x0, 0x0, 0x0,
    0x0, 0x0, 0x0, 0x2, 0x9d, 0xfe, 0xb4, 0x0,
    0x0, 0x6, 0xff, 0xb9, 0xbf, 0xf9, 0x0, 0x3,
    0xfd, 0x20, 0x0, 0x1b, 0xf7, 0x0, 0xcf, 0x20,
    0x0, 0x0, 0xd, 0xf0, 0x1f, 0xa0, 0x0, 0x0,
    0x0, 0x7f, 0x53, 0xf7, 0x0, 0x0, 0x0, 0x3,
    0xf7, 0x3f, 0x70, 0x0, 0x0, 0x0, 0x3f, 0x71,
    0xfa, 0x0, 0x0, 0x0, 0x6, 0xf5, 0xc, 0xf2,
    0x0, 0x0, 0x0, 0xdf, 0x0, 0x3f, 0xd3, 0x0,
    0x1, 0xbf, 0x70, 0x0, 0x5f, 0xfc, 0xab, 0xff,
    0x90, 0x0, 0x0, 0x29, 0xdf, 0xeb, 0x40, 0x0,

    /* U+0151 "ő" */
    0x0, 0x6, 0xf7, 0x3f, 0xa0, 0x0, 0x2f, 0xa1,
    0xec, 0x0, 0x0, 0x35, 0x2, 0x51, 0x0, 0x0,
    0x4b, 0xfe, 0xb2, 0x0, 0x5, 0xfe, 0x99, 0xff,
    0x30, 0xe, 0xd1, 0x0, 0x2f, 0xc0, 0x3f, 0x60,
    0x0, 0x9, 0xf1, 0x5f, 0x40, 0x0, 0x7, 0xf3,
    0x3f, 0x60, 0x0, 0x9, 0xf1, 0xe, 0xd1, 0x0,
    0x2f, 0xc0, 0x5, 0xfe, 0x99, 0xff, 0x30, 0x0,
    0x3b, 0xff, 0xb2, 0x0,

    /* U+0152 "Œ" */
    0x0, 0x2, 0x9d, 0xfe, 0xa2, 0x6f, 0xff, 0xff,
    0xfc, 0x0, 0x6f, 0xff, 0xef, 0xff, 0xaf, 0xed,
    0xdd, 0xda, 0x3, 0xff, 0x60, 0x0, 0x4e, 0xff,
    0x50, 0x0, 0x0, 0xc, 0xf4, 0x0, 0x0, 0x2,
    0xff, 0x50, 0x0, 0x0, 0x1f, 0xc0, 0x0, 0x0,
    0x0, 0xaf, 0xb8, 0x88, 0x82, 0x3f, 0x80, 0x0,
    0x0, 0x0, 0x6f, 0xff, 0xff, 0xf3, 0x3f, 0x70,
    0x0, 0x0, 0x0, 0x6f, 0x50, 0x0, 0x0, 0x1f,
    0xa0, 0x0, 0x0, 0x0, 0x8f, 0x50, 0x0, 0x0,
    0xc, 0xf2, 0x0, 0x0, 0x0, 0xef, 0x50, 0x0,
    0x0, 0x3, 0xfd, 0x20, 0x0, 0xb, 0xff, 0x50,
    0x0, 0x0, 0x0, 0x6f, 0xfb, 0x9a, 0xff, 0xdf,
    0xb9, 0x99, 0x97, 0x0, 0x2, 0x9d, 0xfe, 0xb4,
    0x6f, 0xff, 0xff, 0xfd,

    /* U+0153 "œ" */
    0x0, 0x4b, 0xfe, 0xb2, 0x0, 0x8e, 0xfd, 0x50,
    0x0, 0x5f, 0xe9, 0x9f, 0xf3, 0xcf, 0xa9, 0xcf,
    0x70, 0xe, 0xd1, 0x0, 0x2f, 0xff, 0x31, 0x11,
    0xaf, 0x3, 0xf6, 0x0, 0x0, 0x9f, 0xff, 0xff,
    0xff, 0xf3, 0x5f, 0x40, 0x0, 0x7, 0xff, 0x44,
    0x44, 0x44, 0x13, 0xf6, 0x0, 0x0, 0x9f, 0xf0,
    0x0, 0x0, 0x0, 0xe, 0xd1, 0x0, 0x2f, 0xff,
    0x90, 0x0, 0xbc, 0x0, 0x5f, 0xe9, 0x9f, 0xf3,
    0xcf, 0xc9, 0xcf, 0x80, 0x0, 0x3b, 0xff, 0xb2,
    0x0, 0x8e, 0xfd, 0x60, 0x0,

    /* U+0154 "Ŕ" */
    0x0, 0x0, 0x38, 0x30, 0x0, 0x0, 0x2, 0xec,
    0x0, 0x0, 0x0, 0xd, 0xd1, 0x0, 0x0, 0x0,
    0x0, 0x0, 0x0, 0x0, 0x7f, 0xff, 0xfe, 0x91,
    0x0, 0x7f, 0xa9, 0x9c, 0xfd, 0x0, 0x7f, 0x20,
    0x0, 0x8f, 0x60, 0x7f, 0x20, 0x0, 0x3f, 0x80,
    0x7f, 0x20, 0x0, 0x8f, 0x50, 0x7f, 0xa9, 0x9c,
    0xfc, 0x0, 0x7f, 0xff, 0xff, 0x90, 0x0, 0x7f,
    0x20, 0x3f, 0x90, 0x0, 0x7f, 0x20, 0xb, 0xf2,
    0x0, 0x7f, 0x20, 0x2, 0xfb, 0x0, 0x7f, 0x20,
    0x0, 0xaf, 0x30, 0x7f, 0x20, 0x0, 0x2f, 0xc0,

    /* U+0155 "ŕ" */
    0x1, 0xdd, 0x11, 0xdc, 0x10, 0x0, 0x0, 0xe,
    0xb3, 0xcb, 0xee, 0xfc, 0x7e, 0xf5, 0x0, 0xed,
    0x0, 0xe, 0xb0, 0x0, 0xeb, 0x0, 0xe, 0xb0,
    0x0, 0xeb, 0x0, 0xe, 0xb0, 0x0,

    /* U+0156 "Ŗ" */
    0x7f, 0xff, 0xfe, 0x80, 0x0, 0x7f, 0xa9, 0x9d,
    0xfc, 0x0, 0x7f, 0x20, 0x0, 0x9f, 0x50, 0x7f,
    0x20, 0x0, 0x3f, 0x80, 0x7f, 0x20, 0x0, 0x4f,
    0x70, 0x7f, 0x20, 0x3, 0xdf, 0x20, 0x7f, 0xff,
    0xff, 0xf5, 0x0, 0x7f, 0xa9, 0xbf, 0x60, 0x0,
    0x7f, 0x20, 0xe, 0xe0, 0x0, 0x7f, 0x20, 0x5,
    0xf8, 0x0, 0x7f, 0x20, 0x0, 0xbf, 0x20, 0x7f,
    0x20, 0x0, 0x2f, 0xb0, 0x0, 0x0, 0x0, 0x0,
    0x0, 0x0, 0x3, 0x81, 0x0, 0x0, 0x0, 0xa,
    0xd0, 0x0, 0x0, 0x0, 0xf, 0x60, 0x0, 0x0,

    /* U+0157 "ŗ" */
    0xe, 0xb3, 0xcb, 0xe, 0xef, 0xc7, 0xe, 0xf5,
    0x0, 0xe, 0xd0, 0x0, 0xe, 0xb0, 0x0, 0xe,
    0xb0, 0x0, 0xe, 0xb0, 0x0, 0xe, 0xb0, 0x0,
    0xe, 0xb0, 0x0, 0x0, 0x0, 0x0, 0x3, 0x81,
    0x0, 0xb, 0xd0, 0x0, 0xf, 0x50, 0x0,

    /* U+0158 "Ř" */
    0x6, 0x60, 0x7, 0x50, 0x0, 0x4, 0xf7, 0x9f,
    0x20, 0x0, 0x0, 0x6f, 0xf4, 0x0, 0x0, 0x0,
    0x0, 0x0, 0x0, 0x0, 0x7f, 0xff, 0xfe, 0x91,
    0x0, 0x7f, 0xa9, 0x9c, 0xfd, 0x0, 0x7f, 0x20,
    0x0, 0x8f, 0x60, 0x7f, 0x20, 0x0, 0x3f, 0x80,
    0x7f, 0x20, 0x0, 0x8f, 0x50, 0x7f, 0xa9, 0x9c,
    0xfc, 0x0, 0x7f, 0xff, 0xff, 0x90, 0x0, 0x7f,
    0x20, 0x3f, 0x90, 0x0, 0x7f, 0x20, 0xb, 0xf2,
    0x0, 0x7f, 0x20, 0x2, 0xfb, 0x0, 0x7f, 0x20,
    0x0, 0xaf, 0x30, 0x7f, 0x20, 0x0, 0x2f, 0xc0,

    /* U+0159 "ř" */
    0xa, 0xd2, 0x7f, 0x40, 0xa, 0xff, 0x40, 0x0,
    0x0, 0x0, 0x0, 0xe, 0xb3, 0xcb, 0x0, 0xee,
    0xfc, 0x70, 0xe, 0xf5, 0x0, 0x0, 0xed, 0x0,
    0x0, 0xe, 0xb0, 0x0, 0x0, 0xeb, 0x0, 0x0,
    0xe, 0xb0, 0x0, 0x0, 0xeb, 0x0, 0x0, 0xe,
    0xb0, 0x0,

    /* U+015A "Ś" */
    0x0, 0x0, 0x1, 0x76, 0x0, 0x0, 0x0, 0x1c,
    0xd2, 0x0, 0x0, 0x0, 0x57, 0x10, 0x0, 0x0,
    0x0, 0x0, 0x0, 0x0, 0x0, 0x3b, 0xef, 0xd8,
    0x0, 0x3, 0xff, 0xa9, 0xcf, 0xd0, 0xa, 0xf3,
    0x0, 0x8, 0xf5, 0xb, 0xf0, 0x0, 0x0, 0x0,
    0x7, 0xf8, 0x0, 0x0, 0x0, 0x0, 0xaf, 0xfc,
    0x71, 0x0, 0x0, 0x2, 0x7c, 0xff, 0x60, 0x0,
    0x0, 0x0, 0x1c, 0xf3, 0x0, 0x0, 0x0, 0x3,
    0xf8, 0xe, 0xd1, 0x0, 0x7, 0xf7, 0x7, 0xfe,
    0x99, 0xcf, 0xe1, 0x0, 0x4b, 0xef, 0xe9, 0x10,

    /* U+015B "ś" */
    0x0, 0x0, 0x8f, 0x60, 0x0, 0x7, 0xf5, 0x0,
    0x0, 0x1, 0x10, 0x0, 0x1, 0xae, 0xfc, 0x40,
    0xa, 0xf9, 0x8d, 0xf2, 0xe, 0xb0, 0x1, 0x30,
    0xa, 0xf9, 0x40, 0x0, 0x0, 0x9f, 0xfe, 0x50,
    0x0, 0x0, 0x4c, 0xf1, 0x7, 0x30, 0x5, 0xf5,
    0x1e, 0xf9, 0x8e, 0xf1, 0x2, 0xae, 0xfc, 0x30,

    /* U+015C "Ŝ" */
    0x0, 0x1, 0xef, 0xa0, 0x0, 0x0, 0xc, 0xd5,
    0xf8, 0x0, 0x0, 0x37, 0x10, 0x47, 0x10, 0x0,
    0x0, 0x0, 0x0, 0x0, 0x0, 0x3b, 0xef, 0xd8,
    0x0, 0x3, 0xff, 0xa9, 0xcf, 0xd0, 0xa, 0xf3,
    0x0, 0x8, 0xf5, 0xb, 0xf0, 0x0, 0x0, 0x0,
    0x7, 0xf8, 0x0, 0x0, 0x0, 0x0, 0xaf, 0xfc,
    0x71, 0x0, 0x0, 0x2, 0x7c, 0xff, 0x60, 0x0,
    0x0, 0x0, 0x1c, 0xf3, 0x0, 0x0, 0x0, 0x3,
    0xf8, 0xe, 0xd1, 0x0, 0x7, 0xf7, 0x7, 0xfe,
    0x99, 0xcf, 0xe1, 0x0, 0x4b, 0xef, 0xe9, 0x10,

    /* U+015D "ŝ" */
    0x0, 0x4f, 0xf9, 0x0, 0x5, 0xf6, 0x2d, 0xa0,
    0x0, 0x0, 0x0, 0x0, 0x1, 0xae, 0xfc, 0x40,
    0xa, 0xf9, 0x8d, 0xf2, 0xe, 0xb0, 0x1, 0x30,
    0xa, 0xf9, 0x40, 0x0, 0x0, 0x9f, 0xfe, 0x50,
    0x0, 0x0, 0x4c, 0xf1, 0x7, 0x30, 0x5, 0xf5,
    0x1e, 0xf9, 0x8e, 0xf1, 0x2, 0xae, 0xfc, 0x30,

    /* U+015E "Ş" */
    0x0, 0x3b, 0xef, 0xd8, 0x0, 0x3, 0xff, 0xa9,
    0xcf, 0xd0, 0xa, 0xf3, 0x0, 0x8, 0xf5, 0xb,
    0xf0, 0x0, 0x0, 0x0, 0x7, 0xf8, 0x0, 0x0,
    0x0, 0x0, 0xaf, 0xfc, 0x71, 0x0, 0x0, 0x2,
    0x7c, 0xff, 0x60, 0x0, 0x0, 0x0, 0x1c, 0xf3,
    0x0, 0x0, 0x0, 0x3, 0xf8, 0xe, 0xd1, 0x0,
    0x7, 0xf7, 0x7, 0xfe, 0x99, 0xcf, 0xe1, 0x0,
    0x4b, 0xff, 0xe9, 0x10, 0x0, 0x0, 0xba, 0x0,
    0x0, 0x0, 0x0, 0x4e, 0x60, 0x0, 0x0, 0x3,
    0x1c, 0x70, 0x0, 0x0, 0x9, 0xfd, 0x10, 0x0,

    /* U+015F "ş" */
    0x1, 0xae, 0xfc, 0x40, 0xa, 0xf9, 0x8d, 0xf2,
    0xe, 0xb0, 0x1, 0x30, 0xa, 0xf9, 0x40, 0x0,
    0x0, 0x9f, 0xfe, 0x50, 0x0, 0x0, 0x4c, 0xf1,
    0x7, 0x30, 0x5, 0xf5, 0x1e, 0xf9, 0x8e, 0xf1,
    0x2, 0xaf, 0xfc, 0x30, 0x0, 0xe, 0x70, 0x0,
    0x0, 0x5, 0xf3, 0x0, 0x0, 0x31, 0xf4, 0x0,
    0x0, 0xbf, 0xb0, 0x0,

    /* U+0160 "Š" */
    0x0, 0x38, 0x20, 0x47, 0x0, 0x0, 0x9, 0xe8,
    0xf5, 0x0, 0x0, 0x0, 0x68, 0x40, 0x0, 0x0,
    0x0, 0x0, 0x0, 0x0, 0x0, 0x3b, 0xef, 0xd8,
    0x0, 0x3, 0xff, 0xa9, 0xcf, 0xd0, 0xa, 0xf3,
    0x0, 0x8, 0xf5, 0xb, 0xf0, 0x0, 0x0, 0x0,
    0x7, 0xf8, 0x0, 0x0, 0x0, 0x0, 0xaf, 0xfc,
    0x71, 0x0, 0x0, 0x2, 0x7c, 0xff, 0x60, 0x0,
    0x0, 0x0, 0x1c, 0xf3, 0x0, 0x0, 0x0, 0x3,
    0xf8, 0xe, 0xd1, 0x0, 0x7, 0xf7, 0x7, 0xfe,
    0x99, 0xcf, 0xe1, 0x0, 0x4b, 0xef, 0xe9, 0x10,

    /* U+0161 "š" */
    0x5, 0xf6, 0x2d, 0xa0, 0x0, 0x5f, 0xeb, 0x0,
    0x0, 0x1, 0x10, 0x0, 0x1, 0xae, 0xfc, 0x40,
    0xa, 0xf9, 0x8d, 0xf2, 0xe, 0xb0, 0x1, 0x30,
    0xa, 0xf9, 0x40, 0x0, 0x0, 0x9f, 0xfe, 0x50,
    0x0, 0x0, 0x4c, 0xf1, 0x7, 0x30, 0x5, 0xf5,
    0x1e, 0xf9, 0x8e, 0xf1, 0x2, 0xae, 0xfc, 0x30,

    /* U+0164 "Ť" */
    0x0, 0x75, 0x1, 0x74, 0x0, 0x0, 0x6f, 0x5c,
    0xd1, 0x0, 0x0, 0x9, 0xfe, 0x20, 0x0, 0x0,
    0x0, 0x0, 0x0, 0x0, 0xcf, 0xff, 0xff, 0xff,
    0xf5, 0x79, 0x9a, 0xfd, 0x99, 0x93, 0x0, 0x1,
    0xf9, 0x0, 0x0, 0x0, 0x1, 0xf9, 0x0, 0x0,
    0x0, 0x1, 0xf9, 0x0, 0x0, 0x0, 0x1, 0xf9,
    0x0, 0x0, 0x0, 0x1, 0xf9, 0x0, 0x0, 0x0,
    0x1, 0xf9, 0x0, 0x0, 0x0, 0x1, 0xf9, 0x0,
    0x0, 0x0, 0x1, 0xf9, 0x0, 0x0, 0x0, 0x1,
    0xf9, 0x0, 0x0, 0x0, 0x1, 0xf9, 0x0, 0x0,

    /* U+0165 "ť" */
    0x0, 0x0, 0x5f, 0x30, 0x3e, 0x49, 0xd0, 0x4,
    0xf5, 0xa6, 0xb, 0xff, 0xff, 0xc0, 0x59, 0xfa,
    0x75, 0x0, 0x4f, 0x50, 0x0, 0x4, 0xf5, 0x0,
    0x0, 0x4f, 0x50, 0x0, 0x4, 0xf5, 0x0, 0x0,
    0x3f, 0x60, 0x0, 0x1, 0xfe, 0x98, 0x0, 0x5,
    0xdf, 0xa0,

    /* U+016A "Ū" */
    0x0, 0x12, 0x22, 0x21, 0x0, 0x0, 0xaf, 0xff,
    0xfa, 0x0, 0x0, 0x35, 0x55, 0x53, 0x0, 0x0,
    0x0, 0x0, 0x0, 0x0, 0xaf, 0x0, 0x0, 0x0,
    0xfa, 0xaf, 0x0, 0x0, 0x0, 0xfa, 0xaf, 0x0,
    0x0, 0x0, 0xfa, 0xaf, 0x0, 0x0, 0x0, 0xfa,
    0xaf, 0x0, 0x0, 0x0, 0xfa, 0xaf, 0x0, 0x0,
    0x0, 0xfa, 0xaf, 0x0, 0x0, 0x0, 0xfa, 0xaf,
    0x0, 0x0, 0x0, 0xfa, 0x8f, 0x30, 0x0, 0x3,
    0xf8, 0x3f, 0xc0, 0x0, 0xc, 0xf3, 0x9, 0xfe,
    0xaa, 0xef, 0x80, 0x0, 0x5c, 0xff, 0xc5, 0x0,

    /* U+016B "ū" */
    0x0, 0x22, 0x22, 0x20, 0x0, 0xe, 0xff, 0xff,
    0x60, 0x0, 0x45, 0x55, 0x52, 0x0, 0x0, 0x0,
    0x0, 0x0, 0x1f, 0x80, 0x0, 0x3f, 0x61, 0xf8,
    0x0, 0x3, 0xf6, 0x1f, 0x80, 0x0, 0x3f, 0x61,
    0xf8, 0x0, 0x3, 0xf6, 0x1f, 0x80, 0x0, 0x3f,
    0x60, 0xf9, 0x0, 0x5, 0xf6, 0xe, 0xe0, 0x0,
    0xbf, 0x60, 0x8f, 0xd9, 0xce, 0xf6, 0x0, 0x8e,
    0xfb, 0x3f, 0x60,

    /* U+016C "Ŭ" */
    0x0, 0x76, 0x11, 0x67, 0x0, 0x0, 0x6f, 0xff,
    0xf6, 0x0, 0x0, 0x0, 0x22, 0x0, 0x0, 0x0,
    0x0, 0x0, 0x0, 0x0, 0xaf, 0x0, 0x0, 0x0,
    0xfa, 0xaf, 0x0, 0x0, 0x0, 0xfa, 0xaf, 0x0,
    0x0, 0x0, 0xfa, 0xaf, 0x0, 0x0, 0x0, 0xfa,
    0xaf, 0x0, 0x0, 0x0, 0xfa, 0xaf, 0x0, 0x0,
    0x0, 0xfa, 0xaf, 0x0, 0x0, 0x0, 0xfa, 0xaf,
    0x0, 0x0, 0x0, 0xfa, 0x8f, 0x30, 0x0, 0x3,
    0xf8, 0x3f, 0xc0, 0x0, 0xc, 0xf3, 0x9, 0xfe,
    0xaa, 0xef, 0x80, 0x0, 0x5c, 0xff, 0xc5, 0x0,

    /* U+016D "ŭ" */
    0x1, 0xf9, 0x13, 0xf9, 0x0, 0x7, 0xff, 0xfc,
    0x10, 0x0, 0x0, 0x32, 0x0, 0x1, 0xf8, 0x0,
    0x3, 0xf6, 0x1f, 0x80, 0x0, 0x3f, 0x61, 0xf8,
    0x0, 0x3, 0xf6, 0x1f, 0x80, 0x0, 0x3f, 0x61,
    0xf8, 0x0, 0x3, 0xf6, 0xf, 0x90, 0x0, 0x5f,
    0x60, 0xee, 0x0, 0xb, 0xf6, 0x8, 0xfd, 0x9c,
    0xef, 0x60, 0x8, 0xef, 0xb3, 0xf6,

    /* U+016E "Ů" */
    0x0, 0x2, 0xcc, 0x20, 0x0, 0x0, 0x9, 0x99,
    0x90, 0x0, 0x0, 0xa, 0x88, 0xa0, 0x0, 0x0,
    0x3, 0xff, 0x30, 0x0, 0x0, 0x0, 0x0, 0x0,
    0x0, 0xaf, 0x0, 0x0, 0x0, 0xfa, 0xaf, 0x0,
    0x0, 0x0, 0xfa, 0xaf, 0x0, 0x0, 0x0, 0xfa,
    0xaf, 0x0, 0x0, 0x0, 0xfa, 0xaf, 0x0, 0x0,
    0x0, 0xfa, 0xaf, 0x0, 0x0, 0x0, 0xfa, 0xaf,
    0x0, 0x0, 0x0, 0xfa, 0xaf, 0x0, 0x0, 0x0,
    0xfa, 0x8f, 0x30, 0x0, 0x3, 0xf8, 0x3f, 0xc0,
    0x0, 0xc, 0xf3, 0x9, 0xfe, 0xaa, 0xef, 0x80,
    0x0, 0x5c, 0xff, 0xc5, 0x0,

    /* U+016F "ů" */
    0x0, 0x6, 0xeb, 0x10, 0x0, 0x0, 0xe5, 0xc6,
    0x0, 0x0, 0x9, 0xfe, 0x20, 0x0, 0x0, 0x1,
    0x0, 0x0, 0x1f, 0x80, 0x0, 0x3f, 0x61, 0xf8,
    0x0, 0x3, 0xf6, 0x1f, 0x80, 0x0, 0x3f, 0x61,
    0xf8, 0x0, 0x3, 0xf6, 0x1f, 0x80, 0x0, 0x3f,
    0x60, 0xf9, 0x0, 0x5, 0xf6, 0xe, 0xe0, 0x0,
    0xbf, 0x60, 0x8f, 0xd9, 0xce, 0xf6, 0x0, 0x8e,
    0xfb, 0x3f, 0x60,

    /* U+0170 "Ű" */
    0x0, 0x4, 0xf8, 0x2f, 0xb0, 0x0, 0x1e, 0xb0,
    0xcd, 0x10, 0x0, 0x25, 0x11, 0x52, 0x0, 0x0,
    0x0, 0x0, 0x0, 0x0, 0xaf, 0x0, 0x0, 0x0,
    0xfa, 0xaf, 0x0, 0x0, 0x0, 0xfa, 0xaf, 0x0,
    0x0, 0x0, 0xfa, 0xaf, 0x0, 0x0, 0x0, 0xfa,
    0xaf, 0x0, 0x0, 0x0, 0xfa, 0xaf, 0x0, 0x0,
    0x0, 0xfa, 0xaf, 0x0, 0x0, 0x0, 0xfa, 0xaf,
    0x0, 0x0, 0x0, 0xfa, 0x8f, 0x30, 0x0, 0x3,
    0xf8, 0x3f, 0xc0, 0x0, 0xc, 0xf3, 0x9, 0xfe,
    0xaa, 0xef, 0x80, 0x0, 0x5c, 0xff, 0xc5, 0x0,

    /* U+0171 "ű" */
    0x0, 0x9, 0xf5, 0x5f, 0x70, 0x4, 0xf7, 0x2f,
    0xa0, 0x0, 0x34, 0x3, 0x50, 0x1, 0xf8, 0x0,
    0x3, 0xf6, 0x1f, 0x80, 0x0, 0x3f, 0x61, 0xf8,
    0x0, 0x3, 0xf6, 0x1f, 0x80, 0x0, 0x3f, 0x61,
    0xf8, 0x0, 0x3, 0xf6, 0xf, 0x90, 0x0, 0x5f,
    0x60, 0xee, 0x0, 0xb, 0xf6, 0x8, 0xfd, 0x9c,
    0xef, 0x60, 0x8, 0xef, 0xb3, 0xf6,

    /* U+0172 "Ų" */
    0xaf, 0x0, 0x0, 0x0, 0xfa, 0xaf, 0x0, 0x0,
    0x0, 0xfa, 0xaf, 0x0, 0x0, 0x0, 0xfa, 0xaf,
    0x0, 0x0, 0x0, 0xfa, 0xaf, 0x0, 0x0, 0x0,
    0xfa, 0xaf, 0x0, 0x0, 0x0, 0xfa, 0xaf, 0x0,
    0x0, 0x0, 0xfa, 0xaf, 0x0, 0x0, 0x0, 0xfa,
    0x8f, 0x30, 0x0, 0x3, 0xf8, 0x3f, 0xc0, 0x0,
    0xc, 0xf3, 0x9, 0xfe, 0xaa, 0xef, 0x90, 0x0,
    0x5c, 0xff, 0xdf, 0x0, 0x0, 0x0, 0x0, 0xc5,
    0x0, 0x0, 0x0, 0x2, 0xf2, 0x0, 0x0, 0x0,
    0x2, 0xf8, 0x60, 0x0, 0x0, 0x0, 0x8e, 0xf2,

    /* U+0173 "ų" */
    0x1f, 0x80, 0x0, 0x3f, 0x61, 0xf8, 0x0, 0x3,
    0xf6, 0x1f, 0x80, 0x0, 0x3f, 0x61, 0xf8, 0x0,
    0x3, 0xf6, 0x1f, 0x80, 0x0, 0x3f, 0x60, 0xf9,
    0x0, 0x5, 0xf6, 0xe, 0xe0, 0x0, 0xbf, 0x60,
    0x8f, 0xd9, 0xce, 0xf6, 0x0, 0x8e, 0xfb, 0x4f,
    0x70, 0x0, 0x0, 0xb, 0xb0, 0x0, 0x0, 0x5,
    0xf1, 0x0, 0x0, 0x0, 0x5f, 0x62, 0x0, 0x0,
    0x0, 0xbf, 0x90,

    /* U+0174 "Ŵ" */
    0x0, 0x0, 0x0, 0x7, 0x82, 0x0, 0x0, 0x0,
    0x0, 0x0, 0x0, 0x9, 0xfd, 0xd1, 0x0, 0x0,
    0x0, 0x0, 0x0, 0x6, 0xf4, 0x1d, 0xb0, 0x0,
    0x0, 0x0, 0x0, 0x0, 0x0, 0x0, 0x0, 0x0,
    0x0, 0x0, 0xbf, 0x0, 0x0, 0xc, 0xf3, 0x0,
    0x0, 0x9f, 0x16, 0xf4, 0x0, 0x1, 0xff, 0x70,
    0x0, 0xd, 0xc0, 0x1f, 0x90, 0x0, 0x5f, 0xfc,
    0x0, 0x2, 0xf8, 0x0, 0xce, 0x0, 0xa, 0xf9,
    0xf1, 0x0, 0x7f, 0x30, 0x7, 0xf3, 0x0, 0xeb,
    0x4f, 0x50, 0xc, 0xe0, 0x0, 0x3f, 0x70, 0x3f,
    0x60, 0xfa, 0x1, 0xf9, 0x0, 0x0, 0xec, 0x8,
    0xf2, 0xb, 0xe0, 0x6f, 0x40, 0x0, 0x9, 0xf1,
    0xcd, 0x0, 0x7f, 0x3b, 0xf0, 0x0, 0x0, 0x4f,
    0x7f, 0x80, 0x2, 0xf8, 0xfa, 0x0, 0x0, 0x0,
    0xff, 0xf4, 0x0, 0xd, 0xff, 0x50, 0x0, 0x0,
    0xb, 0xff, 0x0, 0x0, 0x9f, 0xf1, 0x0, 0x0,
    0x0, 0x6f, 0xb0, 0x0, 0x5, 0xfc, 0x0, 0x0,

    /* U+0175 "ŵ" */
    0x0, 0x0, 0xb, 0xff, 0x40, 0x0, 0x0, 0x0,
    0x0, 0xab, 0x15, 0xd4, 0x0, 0x0, 0x0, 0x0,
    0x0, 0x0, 0x0, 0x0, 0x0, 0xae, 0x0, 0x2,
    0xfb, 0x0, 0x6, 0xf3, 0x5f, 0x40, 0x7, 0xff,
    0x10, 0xb, 0xe0, 0xf, 0x90, 0xc, 0xdf, 0x60,
    0xf, 0x90, 0xb, 0xe0, 0x1f, 0x6c, 0xb0, 0x5f,
    0x40, 0x6, 0xf3, 0x6f, 0x18, 0xf0, 0xae, 0x0,
    0x1, 0xf8, 0xbc, 0x3, 0xf5, 0xf9, 0x0, 0x0,
    0xbe, 0xf7, 0x0, 0xde, 0xf4, 0x0, 0x0, 0x6f,
    0xf2, 0x0, 0x9f, 0xf0, 0x0, 0x0, 0x1f, 0xd0,
    0x0, 0x4f, 0xa0, 0x0,

    /* U+0176 "Ŷ" */
    0x0, 0x0, 0x78, 0x20, 0x0, 0x0, 0x0, 0x8f,
    0xdd, 0x10, 0x0, 0x0, 0x5f, 0x51, 0xdc, 0x0,
    0x0, 0x0, 0x0, 0x0, 0x0, 0x0, 0x8f, 0x60,
    0x0, 0x0, 0xdf, 0x10, 0xee, 0x10, 0x0, 0x8f,
    0x60, 0x5, 0xf9, 0x0, 0x2f, 0xc0, 0x0, 0xb,
    0xf3, 0xb, 0xf3, 0x0, 0x0, 0x2f, 0xc5, 0xf9,
    0x0, 0x0, 0x0, 0x8f, 0xfe, 0x10, 0x0, 0x0,
    0x0, 0xdf, 0x50, 0x0, 0x0, 0x0, 0x9, 0xf1,
    0x0, 0x0, 0x0, 0x0, 0x9f, 0x10, 0x0, 0x0,
    0x0, 0x9, 0xf1, 0x0, 0x0, 0x0, 0x0, 0x9f,
    0x10, 0x0, 0x0, 0x0, 0x9, 0xf1, 0x0, 0x0,

    /* U+0177 "ŷ" */
    0x0, 0x1d, 0xfe, 0x20, 0x0, 0x1, 0xb9, 0x8,
    0xc2, 0x0, 0x0, 0x0, 0x0, 0x0, 0x0, 0xaf,
    0x10, 0x0, 0xd, 0xd0, 0x4f, 0x60, 0x0, 0x3f,
    0x70, 0xd, 0xd0, 0x0, 0xaf, 0x10, 0x7, 0xf3,
    0x0, 0xfa, 0x0, 0x1, 0xf9, 0x6, 0xf4, 0x0,
    0x0, 0xaf, 0xc, 0xe0, 0x0, 0x0, 0x3f, 0x8f,
    0x80, 0x0, 0x0, 0xd, 0xff, 0x20, 0x0, 0x0,
    0x6, 0xfb, 0x0, 0x0, 0x0, 0x4, 0xf5, 0x0,
    0x0, 0x0, 0xb, 0xe0, 0x0, 0x0, 0x2b, 0xaf,
    0x60, 0x0, 0x0, 0x4e, 0xf9, 0x0, 0x0, 0x0,

    /* U+0178 "Ÿ" */
    0x0, 0x8a, 0x0, 0x4c, 0x10, 0x0, 0x9, 0xd0,
    0x6, 0xe2, 0x0, 0x0, 0x0, 0x0, 0x0, 0x0,
    0x0, 0x0, 0x0, 0x0, 0x0, 0x0, 0x8f, 0x60,
    0x0, 0x0, 0xdf, 0x10, 0xee, 0x10, 0x0, 0x8f,
    0x60, 0x5, 0xf9, 0x0, 0x2f, 0xc0, 0x0, 0xb,
    0xf3, 0xb, 0xf3, 0x0, 0x0, 0x2f, 0xc5, 0xf9,
    0x0, 0x0, 0x0, 0x8f, 0xfe, 0x10, 0x0, 0x0,
    0x0, 0xdf, 0x50, 0x0, 0x0, 0x0, 0x9, 0xf1,
    0x0, 0x0, 0x0, 0x0, 0x9f, 0x10, 0x0, 0x0,
    0x0, 0x9, 0xf1, 0x0, 0x0, 0x0, 0x0, 0x9f,
    0x10, 0x0, 0x0, 0x0, 0x9, 0xf1, 0x0, 0x0,

    /* U+0179 "Ź" */
    0x0, 0x0, 0x0, 0x77, 0x0, 0x0, 0x0, 0x0,
    0x9f, 0x40, 0x0, 0x0, 0x0, 0x6f, 0x60, 0x0,
    0x0, 0x0, 0x0, 0x0, 0x0, 0x0, 0x3f, 0xff,
    0xff, 0xff, 0xff, 0x12, 0xaa, 0xaa, 0xaa, 0xbf,
    0xf1, 0x0, 0x0, 0x0, 0xb, 0xf5, 0x0, 0x0,
    0x0, 0x9, 0xf8, 0x0, 0x0, 0x0, 0x6, 0xfb,
    0x0, 0x0, 0x0, 0x4, 0xfd, 0x0, 0x0, 0x0,
    0x2, 0xee, 0x20, 0x0, 0x0, 0x0, 0xdf, 0x40,
    0x0, 0x0, 0x0, 0xbf, 0x60, 0x0, 0x0, 0x0,
    0x8f, 0x90, 0x0, 0x0, 0x0, 0x3f, 0xfa, 0xaa,
    0xaa, 0xaa, 0x4, 0xff, 0xff, 0xff, 0xff, 0xf0,

    /* U+017A "ź" */
    0x0, 0x0, 0x9f, 0x40, 0x0, 0x9, 0xe3, 0x0,
    0x0, 0x0, 0x0, 0x0, 0x4f, 0xff, 0xff, 0xf8,
    0x27, 0x77, 0x7d, 0xf5, 0x0, 0x0, 0x5f, 0x90,
    0x0, 0x2, 0xfc, 0x0, 0x0, 0xd, 0xf2, 0x0,
    0x0, 0x9f, 0x50, 0x0, 0x5, 0xf8, 0x0, 0x0,
    0x2f, 0xf7, 0x66, 0x63, 0x4f, 0xff, 0xff, 0xf9,

    /* U+017B "Ż" */
    0x0, 0x0, 0x5e, 0x30, 0x0, 0x0, 0x0, 0x5,
    0xf3, 0x0, 0x0, 0x0, 0x0, 0x0, 0x0, 0x0,
    0x0, 0x0, 0x0, 0x0, 0x0, 0x0, 0x3f, 0xff,
    0xff, 0xff, 0xff, 0x12, 0xaa, 0xaa, 0xaa, 0xbf,
    0xf1, 0x0, 0x0, 0x0, 0xb, 0xf5, 0x0, 0x0,
    0x0, 0x9, 0xf8, 0x0, 0x0, 0x0, 0x6, 0xfb,
    0x0, 0x0, 0x0, 0x4, 0xfd, 0x0, 0x0, 0x0,
    0x2, 0xee, 0x20, 0x0, 0x0, 0x0, 0xdf, 0x40,
    0x0, 0x0, 0x0, 0xbf, 0x60, 0x0, 0x0, 0x0,
    0x8f, 0x90, 0x0, 0x0, 0x0, 0x3f, 0xfa, 0xaa,
    0xaa, 0xaa, 0x4, 0xff, 0xff, 0xff, 0xff, 0xf0,

    /* U+017C "ż" */
    0x0, 0x9, 0xd0, 0x0, 0x0, 0xa, 0xd0, 0x0,
    0x0, 0x0, 0x0, 0x0, 0x4f, 0xff, 0xff, 0xf8,
    0x27, 0x77, 0x7d, 0xf5, 0x0, 0x0, 0x5f, 0x90,
    0x0, 0x2, 0xfc, 0x0, 0x0, 0xd, 0xf2, 0x0,
    0x0, 0x9f, 0x50, 0x0, 0x5, 0xf8, 0x0, 0x0,
    0x2f, 0xf7, 0x66, 0x63, 0x4f, 0xff, 0xff, 0xf9,

    /* U+017D "Ž" */
    0x0, 0x38, 0x20, 0x38, 0x10, 0x0, 0x0, 0xcd,
    0x4f, 0x90, 0x0, 0x0, 0x1, 0xdf, 0xb0, 0x0,
    0x0, 0x0, 0x0, 0x0, 0x0, 0x0, 0x3f, 0xff,
    0xff, 0xff, 0xff, 0x12, 0xaa, 0xaa, 0xaa, 0xbf,
    0xf1, 0x0, 0x0, 0x0, 0xb, 0xf5, 0x0, 0x0,
    0x0, 0x9, 0xf8, 0x0, 0x0, 0x0, 0x6, 0xfb,
    0x0, 0x0, 0x0, 0x4, 0xfd, 0x0, 0x0, 0x0,
    0x2, 0xee, 0x20, 0x0, 0x0, 0x0, 0xdf, 0x40,
    0x0, 0x0, 0x0, 0xbf, 0x60, 0x0, 0x0, 0x0,
    0x8f, 0x90, 0x0, 0x0, 0x0, 0x3f, 0xfa, 0xaa,
    0xaa, 0xaa, 0x4, 0xff, 0xff, 0xff, 0xff, 0xf0,

    /* U+017E "ž" */
    0x6, 0xf5, 0x3e, 0x90, 0x0, 0x5f, 0xf8, 0x0,
    0x0, 0x0, 0x0, 0x0, 0x4f, 0xff, 0xff, 0xf8,
    0x27, 0x77, 0x7d, 0xf5, 0x0, 0x0, 0x5f, 0x90,
    0x0, 0x2, 0xfc, 0x0, 0x0, 0xd, 0xf2, 0x0,
    0x0, 0x9f, 0x50, 0x0, 0x5, 0xf8, 0x0, 0x0,
    0x2f, 0xf7, 0x66, 0x63, 0x4f, 0xff, 0xff, 0xf9,

    /* U+2013 "–" */
    0x22, 0x22, 0x22, 0x22, 0x20, 0xff, 0xff, 0xff,
    0xff, 0xf5, 0x55, 0x55, 0x55, 0x55, 0x51,

    /* U+2014 "—" */
    0x22, 0x22, 0x22, 0x22, 0x22, 0x22, 0x22, 0x22,
    0x22, 0x1f, 0xff, 0xff, 0xff, 0xff, 0xff, 0xff,
    0xff, 0xff, 0xfb, 0x55, 0x55, 0x55, 0x55, 0x55,
    0x55, 0x55, 0x55, 0x55, 0x30,

    /* U+2018 "‘" */
    0x8, 0xd0, 0xe9, 0x4f, 0x58, 0xd1,

    /* U+2019 "’" */
    0xd, 0xd0, 0x2f, 0x70, 0x6f, 0x10, 0x89, 0x0,

    /* U+201A "‚" */
    0x6, 0xd2, 0xb, 0xd0, 0xf, 0x70, 0x3f, 0x20,

    /* U+201C "“" */
    0x8, 0xd0, 0xc9, 0xe, 0x92, 0xf5, 0x4f, 0x58,
    0xf1, 0x8d, 0x1b, 0xb0,

    /* U+201D "”" */
    0xd, 0xd1, 0xf9, 0x1f, 0x75, 0xf3, 0x5f, 0x19,
    0xd0, 0x8a, 0xb, 0x60,

    /* U+201E "„" */
    0xb, 0xa1, 0xd7, 0x1f, 0x75, 0xf3, 0x6f, 0x1a,
    0xd0, 0xab, 0xe, 0x70,

    /* U+2022 "•" */
    0x1a, 0xb2, 0x9f, 0xfc, 0xaf, 0xfd, 0x2d, 0xe4,

    /* U+2026 "…" */
    0x1, 0x0, 0x2, 0x0, 0x11, 0x1, 0xfc, 0x7,
    0xf5, 0xe, 0xe0, 0xd, 0xa0, 0x5f, 0x40, 0xcc,
    0x0,

    /* U+20AC "€" */
    0x0, 0x0, 0x8d, 0xfd, 0x80, 0x0, 0x1, 0xdf,
    0xc9, 0xcf, 0xc0, 0x0, 0xaf, 0x60, 0x0, 0x6f,
    0x90, 0x1f, 0xb0, 0x0, 0x0, 0x40, 0xaf, 0xff,
    0xee, 0xeb, 0x0, 0x1, 0x7f, 0x61, 0x11, 0x10,
    0x0, 0xaf, 0xff, 0xff, 0xfb, 0x0, 0x1, 0x3f,
    0xa2, 0x22, 0x10, 0x0, 0x0, 0xde, 0x0, 0x0,
    0xd, 0x70, 0x6, 0xfa, 0x0, 0xa, 0xf6, 0x0,
    0xa, 0xfd, 0xad, 0xfa, 0x0, 0x0, 0x6, 0xdf,
    0xd7, 0x0
};


/*---------------------
 *  GLYPH DESCRIPTION
 *--------------------*/

static const lv_font_fmt_txt_glyph_dsc_t glyph_dsc[] = {
    {.bitmap_index = 0, .adv_w = 0, .box_w = 0, .box_h = 0, .ofs_x = 0, .ofs_y = 0} /* id = 0 reserved */,
    {.bitmap_index = 0, .adv_w = 66, .box_w = 0, .box_h = 0, .ofs_x = 0, .ofs_y = 0},
    {.bitmap_index = 0, .adv_w = 82, .box_w = 3, .box_h = 12, .ofs_x = 1, .ofs_y = 0},
    {.bitmap_index = 18, .adv_w = 94, .box_w = 4, .box_h = 5, .ofs_x = 1, .ofs_y = 7},
    {.bitmap_index = 28, .adv_w = 171, .box_w = 11, .box_h = 12, .ofs_x = 0, .ofs_y = 0},
    {.bitmap_index = 94, .adv_w = 153, .box_w = 9, .box_h = 16, .ofs_x = 0, .ofs_y = -2},
    {.bitmap_index = 166, .adv_w = 216, .box_w = 13, .box_h = 12, .ofs_x = 0, .ofs_y = 0},
    {.bitmap_index = 244, .adv_w = 175, .box_w = 11, .box_h = 12, .ofs_x = 0, .ofs_y = 0},
    {.bitmap_index = 310, .adv_w = 58, .box_w = 2, .box_h = 5, .ofs_x = 1, .ofs_y = 7},
    {.bitmap_index = 315, .adv_w = 98, .box_w = 6, .box_h = 16, .ofs_x = 0, .ofs_y = -2},
    {.bitmap_index = 363, .adv_w = 98, .box_w = 6, .box_h = 16, .ofs_x = 0, .ofs_y = -2},
    {.bitmap_index = 411, .adv_w = 131, .box_w = 7, .box_h = 7, .ofs_x = 1, .ofs_y = 5},
    {.bitmap_index = 436, .adv_w = 170, .box_w = 9, .box_h = 9, .ofs_x = 1, .ofs_y = 1},
    {.bitmap_index = 477, .adv_w = 64, .box_w = 4, .box_h = 4, .ofs_x = 0, .ofs_y = -2},
    {.bitmap_index = 485, .adv_w = 113, .box_w = 7, .box_h = 3, .ofs_x = 0, .ofs_y = 4},
    {.bitmap_index = 496, .adv_w = 60, .box_w = 3, .box_h = 3, .ofs_x = 0, .ofs_y = 0},
    {.bitmap_index = 501, .adv_w = 109, .box_w = 7, .box_h = 15, .ofs_x = 0, .ofs_y = -1},
    {.bitmap_index = 554, .adv_w = 175, .box_w = 11, .box_h = 12, .ofs_x = 0, .ofs_y = 0},
    {.bitmap_index = 620, .adv_w = 113, .box_w = 6, .box_h = 12, .ofs_x = 0, .ofs_y = 0},
    {.bitmap_index = 656, .adv_w = 153, .box_w = 9, .box_h = 12, .ofs_x = 0, .ofs_y = 0},
    {.bitmap_index = 710, .adv_w = 149, .box_w = 9, .box_h = 12, .ofs_x = 0, .ofs_y = 0},
    {.bitmap_index = 764, .adv_w = 170, .box_w = 11, .box_h = 12, .ofs_x = 0, .ofs_y = 0},
    {.bitmap_index = 830, .adv_w = 157, .box_w = 10, .box_h = 12, .ofs_x = 0, .ofs_y = 0},
    {.bitmap_index = 890, .adv_w = 155, .box_w = 10, .box_h = 12, .ofs_x = 0, .ofs_y = 0},
    {.bitmap_index = 950, .adv_w = 147, .box_w = 9, .box_h = 12, .ofs_x = 0, .ofs_y = 0},
    {.bitmap_index = 1004, .adv_w = 167, .box_w = 10, .box_h = 12, .ofs_x = 0, .ofs_y = 0},
    {.bitmap_index = 1064, .adv_w = 155, .box_w = 9, .box_h = 12, .ofs_x = 0, .ofs_y = 0},
    {.bitmap_index = 1118, .adv_w = 72, .box_w = 3, .box_h = 9, .ofs_x = 1, .ofs_y = 0},
    {.bitmap_index = 1132, .adv_w = 74, .box_w = 4, .box_h = 11, .ofs_x = 0, .ofs_y = -2},
    {.bitmap_index = 1154, .adv_w = 170, .box_w = 7, .box_h = 8, .ofs_x = 2, .ofs_y = 1},
    {.bitmap_index = 1182, .adv_w = 170, .box_w = 8, .box_h = 7, .ofs_x = 1, .ofs_y = 2},
    {.bitmap_index = 1210, .adv_w = 170, .box_w = 7, .box_h = 8, .ofs_x = 2, .ofs_y = 1},
    {.bitmap_index = 1238, .adv_w = 138, .box_w = 8, .box_h = 12, .ofs_x = 0, .ofs_y = 0},
    {.bitmap_index = 1286, .adv_w = 269, .box_w = 17, .box_h = 16, .ofs_x = 0, .ofs_y = -4},
    {.bitmap_index = 1422, .adv_w = 187, .box_w = 12, .box_h = 12, .ofs_x = 0, .ofs_y = 0},
    {.bitmap_index = 1494, .adv_w = 166, .box_w = 9, .box_h = 12, .ofs_x = 1, .ofs_y = 0},
    {.bitmap_index = 1548, .adv_w = 196, .box_w = 12, .box_h = 12, .ofs_x = 0, .ofs_y = 0},
    {.bitmap_index = 1620, .adv_w = 188, .box_w = 11, .box_h = 12, .ofs_x = 1, .ofs_y = 0},
    {.bitmap_index = 1686, .adv_w = 161, .box_w = 8, .box_h = 12, .ofs_x = 1, .ofs_y = 0},
    {.bitmap_index = 1734, .adv_w = 149, .box_w = 8, .box_h = 12, .ofs_x = 1, .ofs_y = 0},
    {.bitmap_index = 1782, .adv_w = 206, .box_w = 13, .box_h = 12, .ofs_x = 0, .ofs_y = 0},
    {.bitmap_index = 1860, .adv_w = 204, .box_w = 11, .box_h = 12, .ofs_x = 1, .ofs_y = 0},
    {.bitmap_index = 1926, .adv_w = 75, .box_w = 3, .box_h = 12, .ofs_x = 1, .ofs_y = 0},
    {.bitmap_index = 1944, .adv_w = 143, .box_w = 8, .box_h = 12, .ofs_x = 0, .ofs_y = 0},
    {.bitmap_index = 1992, .adv_w = 170, .box_w = 10, .box_h = 12, .ofs_x = 1, .ofs_y = 0},
    {.bitmap_index = 2052, .adv_w = 143, .box_w = 8, .box_h = 12, .ofs_x = 1, .ofs_y = 0},
    {.bitmap_index = 2100, .adv_w = 231, .box_w = 12, .box_h = 12, .ofs_x = 1, .ofs_y = 0},
    {.bitmap_index = 2172, .adv_w = 211, .box_w = 11, .box_h = 12, .ofs_x = 1, .ofs_y = 0},
    {.bitmap_index = 2238, .adv_w = 212, .box_w = 13, .box_h = 12, .ofs_x = 0, .ofs_y = 0},
    {.bitmap_index = 2316, .adv_w = 159, .box_w = 9, .box_h = 12, .ofs_x = 1, .ofs_y = 0},
    {.bitmap_index = 2370, .adv_w = 213, .box_w = 13, .box_h = 13, .ofs_x = 0, .ofs_y = -1},
    {.bitmap_index = 2455, .adv_w = 172, .box_w = 10, .box_h = 12, .ofs_x = 1, .ofs_y = 0},
    {.bitmap_index = 2515, .adv_w = 166, .box_w = 10, .box_h = 12, .ofs_x = 0, .ofs_y = 0},
    {.bitmap_index = 2575, .adv_w = 153, .box_w = 10, .box_h = 12, .ofs_x = 0, .ofs_y = 0},
    {.bitmap_index = 2635, .adv_w = 192, .box_w = 10, .box_h = 12, .ofs_x = 1, .ofs_y = 0},
    {.bitmap_index = 2695, .adv_w = 191, .box_w = 12, .box_h = 12, .ofs_x = 0, .ofs_y = 0},
    {.bitmap_index = 2767, .adv_w = 263, .box_w = 17, .box_h = 12, .ofs_x = 0, .ofs_y = 0},
    {.bitmap_index = 2869, .adv_w = 172, .box_w = 11, .box_h = 12, .ofs_x = 0, .ofs_y = 0},
    {.bitmap_index = 2935, .adv_w = 168, .box_w = 11, .box_h = 12, .ofs_x = 0, .ofs_y = 0},
    {.bitmap_index = 3001, .adv_w = 174, .box_w = 11, .box_h = 12, .ofs_x = 0, .ofs_y = 0},
    {.bitmap_index = 3067, .adv_w = 89, .box_w = 4, .box_h = 16, .ofs_x = 1, .ofs_y = -2},
    {.bitmap_index = 3099, .adv_w = 109, .box_w = 7, .box_h = 15, .ofs_x = 0, .ofs_y = -1},
    {.bitmap_index = 3152, .adv_w = 89, .box_w = 4, .box_h = 16, .ofs_x = 1, .ofs_y = -2},
    {.bitmap_index = 3184, .adv_w = 152, .box_w = 8, .box_h = 6, .ofs_x = 1, .ofs_y = 7},
    {.bitmap_index = 3208, .adv_w = 119, .box_w = 8, .box_h = 3, .ofs_x = 0, .ofs_y = -2},
    {.bitmap_index = 3220, .adv_w = 63, .box_w = 4, .box_h = 3, .ofs_x = 0, .ofs_y = 10},
    {.bitmap_index = 3226, .adv_w = 140, .box_w = 8, .box_h = 9, .ofs_x = 0, .ofs_y = 0},
    {.bitmap_index = 3262, .adv_w = 160, .box_w = 9, .box_h = 12, .ofs_x = 1, .ofs_y = 0},
    {.bitmap_index = 3316, .adv_w = 147, .box_w = 9, .box_h = 9, .ofs_x = 0, .ofs_y = 0},
    {.bitmap_index = 3357, .adv_w = 160, .box_w = 9, .box_h = 12, .ofs_x = 0, .ofs_y = 0},
    {.bitmap_index = 3411, .adv_w = 149, .box_w = 9, .box_h = 9, .ofs_x = 0, .ofs_y = 0},
    {.bitmap_index = 3452, .adv_w = 102, .box_w = 7, .box_h = 12, .ofs_x = 0, .ofs_y = 0},
    {.bitmap_index = 3494, .adv_w = 161, .box_w = 9, .box_h = 13, .ofs_x = 0, .ofs_y = -4},
    {.bitmap_index = 3553, .adv_w = 153, .box_w = 8, .box_h = 12, .ofs_x = 1, .ofs_y = 0},
    {.bitmap_index = 3601, .adv_w = 65, .box_w = 3, .box_h = 12, .ofs_x = 1, .ofs_y = 0},
    {.bitmap_index = 3619, .adv_w = 75, .box_w = 5, .box_h = 16, .ofs_x = -1, .ofs_y = -4},
    {.bitmap_index = 3659, .adv_w = 136, .box_w = 8, .box_h = 12, .ofs_x = 1, .ofs_y = 0},
    {.bitmap_index = 3707, .adv_w = 62, .box_w = 2, .box_h = 12, .ofs_x = 1, .ofs_y = 0},
    {.bitmap_index = 3719, .adv_w = 233, .box_w = 13, .box_h = 9, .ofs_x = 1, .ofs_y = 0},
    {.bitmap_index = 3778, .adv_w = 153, .box_w = 8, .box_h = 9, .ofs_x = 1, .ofs_y = 0},
    {.bitmap_index = 3814, .adv_w = 158, .box_w = 10, .box_h = 9, .ofs_x = 0, .ofs_y = 0},
    {.bitmap_index = 3859, .adv_w = 162, .box_w = 9, .box_h = 13, .ofs_x = 1, .ofs_y = -4},
    {.bitmap_index = 3918, .adv_w = 158, .box_w = 9, .box_h = 13, .ofs_x = 0, .ofs_y = -4},
    {.bitmap_index = 3977, .adv_w = 95, .box_w = 5, .box_h = 9, .ofs_x = 1, .ofs_y = 0},
    {.bitmap_index = 4000, .adv_w = 127, .box_w = 8, .box_h = 9, .ofs_x = 0, .ofs_y = 0},
    {.bitmap_index = 4036, .adv_w = 104, .box_w = 7, .box_h = 12, .ofs_x = 0, .ofs_y = 0},
    {.bitmap_index = 4078, .adv_w = 153, .box_w = 9, .box_h = 9, .ofs_x = 0, .ofs_y = 0},
    {.bitmap_index = 4119, .adv_w = 144, .box_w = 9, .box_h = 9, .ofs_x = 0, .ofs_y = 0},
    {.bitmap_index = 4160, .adv_w = 217, .box_w = 14, .box_h = 9, .ofs_x = 0, .ofs_y = 0},
    {.bitmap_index = 4223, .adv_w = 134, .box_w = 9, .box_h = 9, .ofs_x = 0, .ofs_y = 0},
    {.bitmap_index = 4264, .adv_w = 147, .box_w = 10, .box_h = 13, .ofs_x = 0, .ofs_y = -4},
    {.bitmap_index = 4329, .adv_w = 133, .box_w = 8, .box_h = 9, .ofs_x = 0, .ofs_y = 0},
    {.bitmap_index = 4365, .adv_w = 106, .box_w = 6, .box_h = 17, .ofs_x = 0, .ofs_y = -2},
    {.bitmap_index = 4416, .adv_w = 70, .box_w = 2, .box_h = 18, .ofs_x = 1, .ofs_y = -4},
    {.bitmap_index = 4434, .adv_w = 106, .box_w = 6, .box_h = 17, .ofs_x = 0, .ofs_y = -2},
    {.bitmap_index = 4485, .adv_w = 162, .box_w = 10, .box_h = 4, .ofs_x = 0, .ofs_y = 4},
    {.bitmap_index = 4505, .adv_w = 66, .box_w = 0, .box_h = 0, .ofs_x = 0, .ofs_y = 0},
    {.bitmap_index = 4505, .adv_w = 81, .box_w = 3, .box_h = 13, .ofs_x = 1, .ofs_y = -4},
    {.bitmap_index = 4525, .adv_w = 146, .box_w = 9, .box_h = 12, .ofs_x = 0, .ofs_y = 0},
    {.bitmap_index = 4579, .adv_w = 158, .box_w = 10, .box_h = 12, .ofs_x = 0, .ofs_y = 0},
    {.bitmap_index = 4639, .adv_w = 154, .box_w = 8, .box_h = 8, .ofs_x = 1, .ofs_y = 2},
    {.bitmap_index = 4671, .adv_w = 152, .box_w = 10, .box_h = 12, .ofs_x = 0, .ofs_y = 0},
    {.bitmap_index = 4731, .adv_w = 76, .box_w = 3, .box_h = 18, .ofs_x = 1, .ofs_y = -4},
    {.bitmap_index = 4758, .adv_w = 152, .box_w = 8, .box_h = 15, .ofs_x = 1, .ofs_y = -3},
    {.bitmap_index = 4818, .adv_w = 123, .box_w = 7, .box_h = 2, .ofs_x = 0, .ofs_y = 11},
    {.bitmap_index = 4825, .adv_w = 220, .box_w = 14, .box_h = 14, .ofs_x = 0, .ofs_y = -1},
    {.bitmap_index = 4923, .adv_w = 91, .box_w = 6, .box_h = 5, .ofs_x = 0, .ofs_y = 6},
    {.bitmap_index = 4938, .adv_w = 156, .box_w = 9, .box_h = 8, .ofs_x = 0, .ofs_y = 1},
    {.bitmap_index = 4974, .adv_w = 170, .box_w = 7, .box_h = 5, .ofs_x = 2, .ofs_y = 2},
    {.bitmap_index = 4992, .adv_w = 169, .box_w = 10, .box_h = 11, .ofs_x = 0, .ofs_y = 2},
    {.bitmap_index = 5047, .adv_w = 82, .box_w = 7, .box_h = 3, .ofs_x = -1, .ofs_y = 9},
    {.bitmap_index = 5058, .adv_w = 101, .box_w = 6, .box_h = 7, .ofs_x = 0, .ofs_y = 7},
    {.bitmap_index = 5079, .adv_w = 170, .box_w = 9, .box_h = 10, .ofs_x = 1, .ofs_y = 0},
    {.bitmap_index = 5124, .adv_w = 99, .box_w = 6, .box_h = 8, .ofs_x = 0, .ofs_y = 6},
    {.bitmap_index = 5148, .adv_w = 96, .box_w = 6, .box_h = 8, .ofs_x = 0, .ofs_y = 6},
    {.bitmap_index = 5172, .adv_w = 63, .box_w = 4, .box_h = 3, .ofs_x = 0, .ofs_y = 10},
    {.bitmap_index = 5178, .adv_w = 153, .box_w = 9, .box_h = 13, .ofs_x = 0, .ofs_y = -4},
    {.bitmap_index = 5237, .adv_w = 152, .box_w = 8, .box_h = 14, .ofs_x = 0, .ofs_y = -2},
    {.bitmap_index = 5293, .adv_w = 70, .box_w = 3, .box_h = 3, .ofs_x = 1, .ofs_y = 5},
    {.bitmap_index = 5298, .adv_w = 60, .box_w = 4, .box_h = 5, .ofs_x = 0, .ofs_y = -5},
    {.bitmap_index = 5308, .adv_w = 76, .box_w = 4, .box_h = 8, .ofs_x = 0, .ofs_y = 6},
    {.bitmap_index = 5324, .adv_w = 99, .box_w = 6, .box_h = 5, .ofs_x = 0, .ofs_y = 6},
    {.bitmap_index = 5339, .adv_w = 156, .box_w = 9, .box_h = 8, .ofs_x = 0, .ofs_y = 1},
    {.bitmap_index = 5375, .adv_w = 226, .box_w = 14, .box_h = 13, .ofs_x = 0, .ofs_y = 0},
    {.bitmap_index = 5466, .adv_w = 235, .box_w = 15, .box_h = 13, .ofs_x = 0, .ofs_y = -1},
    {.bitmap_index = 5564, .adv_w = 246, .box_w = 16, .box_h = 13, .ofs_x = 0, .ofs_y = 0},
    {.bitmap_index = 5668, .adv_w = 126, .box_w = 8, .box_h = 13, .ofs_x = 0, .ofs_y = -4},
    {.bitmap_index = 5720, .adv_w = 187, .box_w = 12, .box_h = 16, .ofs_x = 0, .ofs_y = 0},
    {.bitmap_index = 5816, .adv_w = 187, .box_w = 12, .box_h = 16, .ofs_x = 0, .ofs_y = 0},
    {.bitmap_index = 5912, .adv_w = 187, .box_w = 12, .box_h = 16, .ofs_x = 0, .ofs_y = 0},
    {.bitmap_index = 6008, .adv_w = 187, .box_w = 12, .box_h = 16, .ofs_x = 0, .ofs_y = 0},
    {.bitmap_index = 6104, .adv_w = 187, .box_w = 12, .box_h = 16, .ofs_x = 0, .ofs_y = 0},
    {.bitmap_index = 6200, .adv_w = 187, .box_w = 12, .box_h = 16, .ofs_x = 0, .ofs_y = 0},
    {.bitmap_index = 6296, .adv_w = 274, .box_w = 16, .box_h = 12, .ofs_x = 0, .ofs_y = 0},
    {.bitmap_index = 6392, .adv_w = 196, .box_w = 12, .box_h = 16, .ofs_x = 0, .ofs_y = -4},
    {.bitmap_index = 6488, .adv_w = 161, .box_w = 8, .box_h = 16, .ofs_x = 1, .ofs_y = 0},
    {.bitmap_index = 6552, .adv_w = 161, .box_w = 8, .box_h = 16, .ofs_x = 1, .ofs_y = 0},
    {.bitmap_index = 6616, .adv_w = 161, .box_w = 8, .box_h = 16, .ofs_x = 1, .ofs_y = 0},
    {.bitmap_index = 6680, .adv_w = 161, .box_w = 8, .box_h = 16, .ofs_x = 1, .ofs_y = 0},
    {.bitmap_index = 6744, .adv_w = 75, .box_w = 5, .box_h = 16, .ofs_x = 0, .ofs_y = 0},
    {.bitmap_index = 6784, .adv_w = 75, .box_w = 5, .box_h = 16, .ofs_x = 1, .ofs_y = 0},
    {.bitmap_index = 6824, .adv_w = 75, .box_w = 7, .box_h = 16, .ofs_x = -1, .ofs_y = 0},
    {.bitmap_index = 6880, .adv_w = 77, .box_w = 5, .box_h = 16, .ofs_x = 0, .ofs_y = 0},
    {.bitmap_index = 6920, .adv_w = 204, .box_w = 12, .box_h = 12, .ofs_x = 1, .ofs_y = 0},
    {.bitmap_index = 6992, .adv_w = 211, .box_w = 11, .box_h = 16, .ofs_x = 1, .ofs_y = 0},
    {.bitmap_index = 7080, .adv_w = 212, .box_w = 13, .box_h = 16, .ofs_x = 0, .ofs_y = 0},
    {.bitmap_index = 7184, .adv_w = 212, .box_w = 13, .box_h = 16, .ofs_x = 0, .ofs_y = 0},
    {.bitmap_index = 7288, .adv_w = 212, .box_w = 13, .box_h = 16, .ofs_x = 0, .ofs_y = 0},
    {.bitmap_index = 7392, .adv_w = 212, .box_w = 13, .box_h = 17, .ofs_x = 0, .ofs_y = 0},
    {.bitmap_index = 7503, .adv_w = 212, .box_w = 13, .box_h = 16, .ofs_x = 0, .ofs_y = 0},
    {.bitmap_index = 7607, .adv_w = 170, .box_w = 8, .box_h = 8, .ofs_x = 1, .ofs_y = 1},
    {.bitmap_index = 7639, .adv_w = 214, .box_w = 13, .box_h = 12, .ofs_x = 0, .ofs_y = 0},
    {.bitmap_index = 7717, .adv_w = 192, .box_w = 10, .box_h = 16, .ofs_x = 1, .ofs_y = 0},
    {.bitmap_index = 7797, .adv_w = 192, .box_w = 10, .box_h = 16, .ofs_x = 1, .ofs_y = 0},
    {.bitmap_index = 7877, .adv_w = 192, .box_w = 10, .box_h = 16, .ofs_x = 1, .ofs_y = 0},
    {.bitmap_index = 7957, .adv_w = 192, .box_w = 10, .box_h = 16, .ofs_x = 1, .ofs_y = 0},
    {.bitmap_index = 8037, .adv_w = 168, .box_w = 11, .box_h = 16, .ofs_x = 0, .ofs_y = 0},
    {.bitmap_index = 8125, .adv_w = 161, .box_w = 9, .box_h = 12, .ofs_x = 1, .ofs_y = 0},
    {.bitmap_index = 8179, .adv_w = 155, .box_w = 8, .box_h = 12, .ofs_x = 1, .ofs_y = 0},
    {.bitmap_index = 8227, .adv_w = 140, .box_w = 8, .box_h = 12, .ofs_x = 0, .ofs_y = 0},
    {.bitmap_index = 8275, .adv_w = 140, .box_w = 8, .box_h = 12, .ofs_x = 0, .ofs_y = 0},
    {.bitmap_index = 8323, .adv_w = 140, .box_w = 8, .box_h = 12, .ofs_x = 0, .ofs_y = 0},
    {.bitmap_index = 8371, .adv_w = 140, .box_w = 8, .box_h = 12, .ofs_x = 0, .ofs_y = 0},
    {.bitmap_index = 8419, .adv_w = 140, .box_w = 8, .box_h = 12, .ofs_x = 0, .ofs_y = 0},
    {.bitmap_index = 8467, .adv_w = 140, .box_w = 8, .box_h = 13, .ofs_x = 0, .ofs_y = 0},
    {.bitmap_index = 8519, .adv_w = 239, .box_w = 15, .box_h = 9, .ofs_x = 0, .ofs_y = 0},
    {.bitmap_index = 8587, .adv_w = 147, .box_w = 9, .box_h = 13, .ofs_x = 0, .ofs_y = -4},
    {.bitmap_index = 8646, .adv_w = 150, .box_w = 9, .box_h = 12, .ofs_x = 0, .ofs_y = 0},
    {.bitmap_index = 8700, .adv_w = 150, .box_w = 9, .box_h = 12, .ofs_x = 0, .ofs_y = 0},
    {.bitmap_index = 8754, .adv_w = 150, .box_w = 9, .box_h = 12, .ofs_x = 0, .ofs_y = 0},
    {.bitmap_index = 8808, .adv_w = 150, .box_w = 9, .box_h = 12, .ofs_x = 0, .ofs_y = 0},
    {.bitmap_index = 8862, .adv_w = 65, .box_w = 5, .box_h = 12, .ofs_x = -1, .ofs_y = 0},
    {.bitmap_index = 8892, .adv_w = 65, .box_w = 5, .box_h = 12, .ofs_x = 0, .ofs_y = 0},
    {.bitmap_index = 8922, .adv_w = 65, .box_w = 7, .box_h = 12, .ofs_x = -1, .ofs_y = 0},
    {.bitmap_index = 8964, .adv_w = 65, .box_w = 6, .box_h = 12, .ofs_x = -1, .ofs_y = 0},
    {.bitmap_index = 9000, .adv_w = 158, .box_w = 10, .box_h = 14, .ofs_x = 0, .ofs_y = 0},
    {.bitmap_index = 9070, .adv_w = 153, .box_w = 8, .box_h = 12, .ofs_x = 1, .ofs_y = 0},
    {.bitmap_index = 9118, .adv_w = 158, .box_w = 10, .box_h = 12, .ofs_x = 0, .ofs_y = 0},
    {.bitmap_index = 9178, .adv_w = 158, .box_w = 10, .box_h = 12, .ofs_x = 0, .ofs_y = 0},
    {.bitmap_index = 9238, .adv_w = 158, .box_w = 10, .box_h = 12, .ofs_x = 0, .ofs_y = 0},
    {.bitmap_index = 9298, .adv_w = 158, .box_w = 10, .box_h = 12, .ofs_x = 0, .ofs_y = 0},
    {.bitmap_index = 9358, .adv_w = 158, .box_w = 10, .box_h = 12, .ofs_x = 0, .ofs_y = 0},
    {.bitmap_index = 9418, .adv_w = 170, .box_w = 8, .box_h = 7, .ofs_x = 1, .ofs_y = 2},
    {.bitmap_index = 9446, .adv_w = 157, .box_w = 10, .box_h = 9, .ofs_x = 0, .ofs_y = 0},
    {.bitmap_index = 9491, .adv_w = 153, .box_w = 9, .box_h = 12, .ofs_x = 0, .ofs_y = 0},
    {.bitmap_index = 9545, .adv_w = 153, .box_w = 9, .box_h = 12, .ofs_x = 0, .ofs_y = 0},
    {.bitmap_index = 9599, .adv_w = 153, .box_w = 9, .box_h = 12, .ofs_x = 0, .ofs_y = 0},
    {.bitmap_index = 9653, .adv_w = 153, .box_w = 9, .box_h = 12, .ofs_x = 0, .ofs_y = 0},
    {.bitmap_index = 9707, .adv_w = 147, .box_w = 10, .box_h = 16, .ofs_x = 0, .ofs_y = -4},
    {.bitmap_index = 9787, .adv_w = 160, .box_w = 9, .box_h = 16, .ofs_x = 1, .ofs_y = -4},
    {.bitmap_index = 9859, .adv_w = 147, .box_w = 10, .box_h = 16, .ofs_x = 0, .ofs_y = -4},
    {.bitmap_index = 9939, .adv_w = 187, .box_w = 12, .box_h = 16, .ofs_x = 0, .ofs_y = 0},
    {.bitmap_index = 10035, .adv_w = 140, .box_w = 8, .box_h = 13, .ofs_x = 0, .ofs_y = 0},
    {.bitmap_index = 10087, .adv_w = 187, .box_w = 12, .box_h = 16, .ofs_x = 0, .ofs_y = 0},
    {.bitmap_index = 10183, .adv_w = 140, .box_w = 8, .box_h = 12, .ofs_x = 0, .ofs_y = 0},
    {.bitmap_index = 10231, .adv_w = 187, .box_w = 12, .box_h = 16, .ofs_x = 0, .ofs_y = -4},
    {.bitmap_index = 10327, .adv_w = 140, .box_w = 9, .box_h = 13, .ofs_x = 0, .ofs_y = -4},
    {.bitmap_index = 10386, .adv_w = 196, .box_w = 12, .box_h = 16, .ofs_x = 0, .ofs_y = 0},
    {.bitmap_index = 10482, .adv_w = 147, .box_w = 9, .box_h = 12, .ofs_x = 0, .ofs_y = 0},
    {.bitmap_index = 10536, .adv_w = 196, .box_w = 12, .box_h = 16, .ofs_x = 0, .ofs_y = 0},
    {.bitmap_index = 10632, .adv_w = 147, .box_w = 9, .box_h = 12, .ofs_x = 0, .ofs_y = 0},
    {.bitmap_index = 10686, .adv_w = 196, .box_w = 12, .box_h = 17, .ofs_x = 0, .ofs_y = 0},
    {.bitmap_index = 10788, .adv_w = 147, .box_w = 9, .box_h = 12, .ofs_x = 0, .ofs_y = 0},
    {.bitmap_index = 10842, .adv_w = 196, .box_w = 12, .box_h = 16, .ofs_x = 0, .ofs_y = 0},
    {.bitmap_index = 10938, .adv_w = 147, .box_w = 9, .box_h = 12, .ofs_x = 0, .ofs_y = 0},
    {.bitmap_index = 10992, .adv_w = 188, .box_w = 11, .box_h = 16, .ofs_x = 1, .ofs_y = 0},
    {.bitmap_index = 11080, .adv_w = 160, .box_w = 12, .box_h = 12, .ofs_x = 0, .ofs_y = 0},
    {.bitmap_index = 11152, .adv_w = 204, .box_w = 12, .box_h = 12, .ofs_x = 1, .ofs_y = 0},
    {.bitmap_index = 11224, .adv_w = 160, .box_w = 11, .box_h = 12, .ofs_x = 0, .ofs_y = 0},
    {.bitmap_index = 11290, .adv_w = 161, .box_w = 8, .box_h = 16, .ofs_x = 1, .ofs_y = 0},
    {.bitmap_index = 11354, .adv_w = 150, .box_w = 9, .box_h = 13, .ofs_x = 0, .ofs_y = 0},
    {.bitmap_index = 11413, .adv_w = 161, .box_w = 8, .box_h = 16, .ofs_x = 1, .ofs_y = 0},
    {.bitmap_index = 11477, .adv_w = 150, .box_w = 9, .box_h = 12, .ofs_x = 0, .ofs_y = 0},
    {.bitmap_index = 11531, .adv_w = 161, .box_w = 9, .box_h = 16, .ofs_x = 1, .ofs_y = -4},
    {.bitmap_index = 11603, .adv_w = 150, .box_w = 10, .box_h = 13, .ofs_x = 0, .ofs_y = -4},
    {.bitmap_index = 11668, .adv_w = 161, .box_w = 8, .box_h = 16, .ofs_x = 1, .ofs_y = 0},
    {.bitmap_index = 11732, .adv_w = 150, .box_w = 9, .box_h = 12, .ofs_x = 0, .ofs_y = 0},
    {.bitmap_index = 11786, .adv_w = 206, .box_w = 13, .box_h = 16, .ofs_x = 0, .ofs_y = 0},
    {.bitmap_index = 11890, .adv_w = 161, .box_w = 9, .box_h = 16, .ofs_x = 0, .ofs_y = -4},
    {.bitmap_index = 11962, .adv_w = 206, .box_w = 13, .box_h = 16, .ofs_x = 0, .ofs_y = 0},
    {.bitmap_index = 12066, .adv_w = 161, .box_w = 9, .box_h = 16, .ofs_x = 0, .ofs_y = -4},
    {.bitmap_index = 12138, .adv_w = 206, .box_w = 13, .box_h = 17, .ofs_x = 0, .ofs_y = 0},
    {.bitmap_index = 12249, .adv_w = 161, .box_w = 9, .box_h = 16, .ofs_x = 0, .ofs_y = -4},
    {.bitmap_index = 12321, .adv_w = 206, .box_w = 13, .box_h = 16, .ofs_x = 0, .ofs_y = -4},
    {.bitmap_index = 12425, .adv_w = 161, .box_w = 9, .box_h = 16, .ofs_x = 0, .ofs_y = -4},
    {.bitmap_index = 12497, .adv_w = 204, .box_w = 11, .box_h = 16, .ofs_x = 1, .ofs_y = 0},
    {.bitmap_index = 12585, .adv_w = 153, .box_w = 11, .box_h = 16, .ofs_x = -2, .ofs_y = 0},
    {.bitmap_index = 12673, .adv_w = 204, .box_w = 13, .box_h = 12, .ofs_x = 0, .ofs_y = 0},
    {.bitmap_index = 12751, .adv_w = 153, .box_w = 9, .box_h = 12, .ofs_x = 0, .ofs_y = 0},
    {.bitmap_index = 12805, .adv_w = 75, .box_w = 7, .box_h = 16, .ofs_x = -1, .ofs_y = 0},
    {.bitmap_index = 12861, .adv_w = 65, .box_w = 6, .box_h = 12, .ofs_x = -1, .ofs_y = 0},
    {.bitmap_index = 12897, .adv_w = 75, .box_w = 4, .box_h = 16, .ofs_x = 0, .ofs_y = -4},
    {.bitmap_index = 12929, .adv_w = 65, .box_w = 5, .box_h = 16, .ofs_x = -1, .ofs_y = -4},
    {.bitmap_index = 12969, .adv_w = 75, .box_w = 3, .box_h = 16, .ofs_x = 1, .ofs_y = 0},
    {.bitmap_index = 12993, .adv_w = 65, .box_w = 2, .box_h = 9, .ofs_x = 1, .ofs_y = 0},
    {.bitmap_index = 13002, .adv_w = 218, .box_w = 12, .box_h = 12, .ofs_x = 1, .ofs_y = 0},
    {.bitmap_index = 13074, .adv_w = 140, .box_w = 7, .box_h = 16, .ofs_x = 1, .ofs_y = -4},
    {.bitmap_index = 13130, .adv_w = 143, .box_w = 10, .box_h = 16, .ofs_x = 0, .ofs_y = 0},
    {.bitmap_index = 13210, .adv_w = 72, .box_w = 7, .box_h = 16, .ofs_x = -1, .ofs_y = -4},
    {.bitmap_index = 13266, .adv_w = 170, .box_w = 10, .box_h = 16, .ofs_x = 1, .ofs_y = -4},
    {.bitmap_index = 13346, .adv_w = 136, .box_w = 8, .box_h = 16, .ofs_x = 1, .ofs_y = -4},
    {.bitmap_index = 13410, .adv_w = 143, .box_w = 8, .box_h = 16, .ofs_x = 1, .ofs_y = 0},
    {.bitmap_index = 13474, .adv_w = 62, .box_w = 5, .box_h = 16, .ofs_x = 0, .ofs_y = 0},
    {.bitmap_index = 13514, .adv_w = 143, .box_w = 8, .box_h = 16, .ofs_x = 1, .ofs_y = -4},
    {.bitmap_index = 13578, .adv_w = 62, .box_w = 3, .box_h = 16, .ofs_x = 0, .ofs_y = -4},
    {.bitmap_index = 13602, .adv_w = 143, .box_w = 8, .box_h = 13, .ofs_x = 1, .ofs_y = 0},
    {.bitmap_index = 13654, .adv_w = 62, .box_w = 5, .box_h = 12, .ofs_x = 1, .ofs_y = 0},
    {.bitmap_index = 13684, .adv_w = 143, .box_w = 9, .box_h = 12, .ofs_x = 0, .ofs_y = 0},
    {.bitmap_index = 13738, .adv_w = 77, .box_w = 5, .box_h = 12, .ofs_x = 0, .ofs_y = 0},
    {.bitmap_index = 13768, .adv_w = 211, .box_w = 11, .box_h = 16, .ofs_x = 1, .ofs_y = 0},
    {.bitmap_index = 13856, .adv_w = 153, .box_w = 8, .box_h = 12, .ofs_x = 1, .ofs_y = 0},
    {.bitmap_index = 13904, .adv_w = 211, .box_w = 11, .box_h = 16, .ofs_x = 1, .ofs_y = -4},
    {.bitmap_index = 13992, .adv_w = 153, .box_w = 8, .box_h = 13, .ofs_x = 1, .ofs_y = -4},
    {.bitmap_index = 14044, .adv_w = 211, .box_w = 11, .box_h = 16, .ofs_x = 1, .ofs_y = 0},
    {.bitmap_index = 14132, .adv_w = 153, .box_w = 8, .box_h = 12, .ofs_x = 1, .ofs_y = 0},
    {.bitmap_index = 14180, .adv_w = 211, .box_w = 11, .box_h = 16, .ofs_x = 1, .ofs_y = -4},
    {.bitmap_index = 14268, .adv_w = 153, .box_w = 8, .box_h = 13, .ofs_x = 1, .ofs_y = -4},
    {.bitmap_index = 14320, .adv_w = 212, .box_w = 13, .box_h = 16, .ofs_x = 0, .ofs_y = 0},
    {.bitmap_index = 14424, .adv_w = 158, .box_w = 10, .box_h = 13, .ofs_x = 0, .ofs_y = 0},
    {.bitmap_index = 14489, .adv_w = 212, .box_w = 13, .box_h = 16, .ofs_x = 0, .ofs_y = 0},
    {.bitmap_index = 14593, .adv_w = 158, .box_w = 10, .box_h = 12, .ofs_x = 0, .ofs_y = 0},
    {.bitmap_index = 14653, .adv_w = 307, .box_w = 18, .box_h = 12, .ofs_x = 0, .ofs_y = 0},
    {.bitmap_index = 14761, .adv_w = 269, .box_w = 17, .box_h = 9, .ofs_x = 0, .ofs_y = 0},
    {.bitmap_index = 14838, .adv_w = 172, .box_w = 10, .box_h = 16, .ofs_x = 1, .ofs_y = 0},
    {.bitmap_index = 14918, .adv_w = 95, .box_w = 5, .box_h = 12, .ofs_x = 1, .ofs_y = 0},
    {.bitmap_index = 14948, .adv_w = 172, .box_w = 10, .box_h = 16, .ofs_x = 1, .ofs_y = -4},
    {.bitmap_index = 15028, .adv_w = 95, .box_w = 6, .box_h = 13, .ofs_x = 0, .ofs_y = -4},
    {.bitmap_index = 15067, .adv_w = 172, .box_w = 10, .box_h = 16, .ofs_x = 1, .ofs_y = 0},
    {.bitmap_index = 15147, .adv_w = 95, .box_w = 7, .box_h = 12, .ofs_x = -1, .ofs_y = 0},
    {.bitmap_index = 15189, .adv_w = 166, .box_w = 10, .box_h = 16, .ofs_x = 0, .ofs_y = 0},
    {.bitmap_index = 15269, .adv_w = 129, .box_w = 8, .box_h = 12, .ofs_x = 0, .ofs_y = 0},
    {.bitmap_index = 15317, .adv_w = 166, .box_w = 10, .box_h = 16, .ofs_x = 0, .ofs_y = 0},
    {.bitmap_index = 15397, .adv_w = 129, .box_w = 8, .box_h = 12, .ofs_x = 0, .ofs_y = 0},
    {.bitmap_index = 15445, .adv_w = 166, .box_w = 10, .box_h = 16, .ofs_x = 0, .ofs_y = -4},
    {.bitmap_index = 15525, .adv_w = 129, .box_w = 8, .box_h = 13, .ofs_x = 0, .ofs_y = -4},
    {.bitmap_index = 15577, .adv_w = 166, .box_w = 10, .box_h = 16, .ofs_x = 0, .ofs_y = 0},
    {.bitmap_index = 15657, .adv_w = 129, .box_w = 8, .box_h = 12, .ofs_x = 0, .ofs_y = 0},
    {.bitmap_index = 15705, .adv_w = 153, .box_w = 10, .box_h = 16, .ofs_x = 0, .ofs_y = 0},
    {.bitmap_index = 15785, .adv_w = 107, .box_w = 7, .box_h = 12, .ofs_x = 0, .ofs_y = 0},
    {.bitmap_index = 15827, .adv_w = 192, .box_w = 10, .box_h = 16, .ofs_x = 1, .ofs_y = 0},
    {.bitmap_index = 15907, .adv_w = 153, .box_w = 9, .box_h = 13, .ofs_x = 0, .ofs_y = 0},
    {.bitmap_index = 15966, .adv_w = 192, .box_w = 10, .box_h = 16, .ofs_x = 1, .ofs_y = 0},
    {.bitmap_index = 16046, .adv_w = 153, .box_w = 9, .box_h = 12, .ofs_x = 0, .ofs_y = 0},
    {.bitmap_index = 16100, .adv_w = 192, .box_w = 10, .box_h = 17, .ofs_x = 1, .ofs_y = 0},
    {.bitmap_index = 16185, .adv_w = 153, .box_w = 9, .box_h = 13, .ofs_x = 0, .ofs_y = 0},
    {.bitmap_index = 16244, .adv_w = 192, .box_w = 10, .box_h = 16, .ofs_x = 1, .ofs_y = 0},
    {.bitmap_index = 16324, .adv_w = 153, .box_w = 9, .box_h = 12, .ofs_x = 0, .ofs_y = 0},
    {.bitmap_index = 16378, .adv_w = 192, .box_w = 10, .box_h = 16, .ofs_x = 1, .ofs_y = -4},
    {.bitmap_index = 16458, .adv_w = 153, .box_w = 9, .box_h = 13, .ofs_x = 0, .ofs_y = -4},
    {.bitmap_index = 16517, .adv_w = 263, .box_w = 17, .box_h = 16, .ofs_x = 0, .ofs_y = 0},
    {.bitmap_index = 16653, .adv_w = 217, .box_w = 14, .box_h = 12, .ofs_x = 0, .ofs_y = 0},
    {.bitmap_index = 16737, .adv_w = 168, .box_w = 11, .box_h = 16, .ofs_x = 0, .ofs_y = 0},
    {.bitmap_index = 16825, .adv_w = 147, .box_w = 10, .box_h = 16, .ofs_x = 0, .ofs_y = -4},
    {.bitmap_index = 16905, .adv_w = 168, .box_w = 11, .box_h = 16, .ofs_x = 0, .ofs_y = 0},
    {.bitmap_index = 16993, .adv_w = 174, .box_w = 11, .box_h = 16, .ofs_x = 0, .ofs_y = 0},
    {.bitmap_index = 17081, .adv_w = 133, .box_w = 8, .box_h = 12, .ofs_x = 0, .ofs_y = 0},
    {.bitmap_index = 17129, .adv_w = 174, .box_w = 11, .box_h = 16, .ofs_x = 0, .ofs_y = 0},
    {.bitmap_index = 17217, .adv_w = 133, .box_w = 8, .box_h = 12, .ofs_x = 0, .ofs_y = 0},
    {.bitmap_index = 17265, .adv_w = 174, .box_w = 11, .box_h = 16, .ofs_x = 0, .ofs_y = 0},
    {.bitmap_index = 17353, .adv_w = 133, .box_w = 8, .box_h = 12, .ofs_x = 0, .ofs_y = 0},
    {.bitmap_index = 17401, .adv_w = 150, .box_w = 10, .box_h = 3, .ofs_x = 0, .ofs_y = 4},
    {.bitmap_index = 17416, .adv_w = 299, .box_w = 19, .box_h = 3, .ofs_x = 0, .ofs_y = 4},
    {.bitmap_index = 17445, .adv_w = 52, .box_w = 3, .box_h = 4, .ofs_x = 0, .ofs_y = 8},
    {.bitmap_index = 17451, .adv_w = 52, .box_w = 4, .box_h = 4, .ofs_x = 0, .ofs_y = 8},
    {.bitmap_index = 17459, .adv_w = 61, .box_w = 4, .box_h = 4, .ofs_x = 0, .ofs_y = -2},
    {.bitmap_index = 17467, .adv_w = 96, .box_w = 6, .box_h = 4, .ofs_x = 0, .ofs_y = 8},
    {.bitmap_index = 17479, .adv_w = 96, .box_w = 6, .box_h = 4, .ofs_x = 0, .ofs_y = 8},
    {.bitmap_index = 17491, .adv_w = 92, .box_w = 6, .box_h = 4, .ofs_x = 0, .ofs_y = -2},
    {.bitmap_index = 17503, .adv_w = 131, .box_w = 4, .box_h = 4, .ofs_x = 2, .ofs_y = 3},
    {.bitmap_index = 17511, .adv_w = 174, .box_w = 11, .box_h = 3, .ofs_x = 0, .ofs_y = 0},
    {.bitmap_index = 17528, .adv_w = 183, .box_w = 11, .box_h = 12, .ofs_x = 0, .ofs_y = 0}
};

/*---------------------
 *  CHARACTER MAPPING
 *--------------------*/

static const uint8_t glyph_id_ofs_list_4[] = {
    0, 1, 0, 0, 2, 3, 4, 5,
    6, 7, 8, 9, 10, 11, 0, 12,
    13, 14, 15, 16, 17, 0, 0, 18,
    19, 20, 21, 22, 23, 24, 25, 0,
    26, 27, 28, 29, 0, 0, 30, 31,
    32, 33, 34, 35, 36, 37, 38, 39,
    40, 41, 42, 43, 44, 45, 46, 47,
    0, 0, 48, 49
};

static const uint16_t unicode_list_6[] = {
    0x0, 0x1, 0x5, 0x6, 0x7, 0x9, 0xa, 0xb,
    0xf, 0x13, 0x99
};

/*Collect the unicode lists and glyph_id offsets*/
static const lv_font_fmt_txt_cmap_t cmaps[] =
{
    {
        .range_start = 32, .range_length = 95, .glyph_id_start = 1,
        .unicode_list = NULL, .glyph_id_ofs_list = NULL, .list_length = 0, .type = LV_FONT_FMT_TXT_CMAP_FORMAT0_TINY
    },
    {
        .range_start = 160, .range_length = 13, .glyph_id_start = 96,
        .unicode_list = NULL, .glyph_id_ofs_list = NULL, .list_length = 0, .type = LV_FONT_FMT_TXT_CMAP_FORMAT0_TINY
    },
    {
        .range_start = 174, .range_length = 102, .glyph_id_start = 109,
        .unicode_list = NULL, .glyph_id_ofs_list = NULL, .list_length = 0, .type = LV_FONT_FMT_TXT_CMAP_FORMAT0_TINY
    },
    {
        .range_start = 278, .range_length = 18, .glyph_id_start = 211,
        .unicode_list = NULL, .glyph_id_ofs_list = NULL, .list_length = 0, .type = LV_FONT_FMT_TXT_CMAP_FORMAT0_TINY
    },
    {
        .range_start = 298, .range_length = 60, .glyph_id_start = 229,
        .unicode_list = NULL, .glyph_id_ofs_list = glyph_id_ofs_list_4, .list_length = 60, .type = LV_FONT_FMT_TXT_CMAP_FORMAT0_FULL
    },
    {
        .range_start = 362, .range_length = 21, .glyph_id_start = 279,
        .unicode_list = NULL, .glyph_id_ofs_list = NULL, .list_length = 0, .type = LV_FONT_FMT_TXT_CMAP_FORMAT0_TINY
    },
    {
        .range_start = 8211, .range_length = 154, .glyph_id_start = 300,
        .unicode_list = unicode_list_6, .glyph_id_ofs_list = NULL, .list_length = 11, .type = LV_FONT_FMT_TXT_CMAP_SPARSE_TINY
    }
};

/*-----------------
 *    KERNING
 *----------------*/


/*Map glyph_ids to kern left classes*/
static const uint8_t kern_left_class_mapping[] =
{
    0, 0, 0, 0, 0, 0, 0, 0,
    0, 1, 0, 0, 0, 0, 0, 0,
    0, 0, 0, 0, 0, 0, 0, 0,
    0, 0, 0, 0, 0, 0, 0, 0,
    0, 0, 2, 0, 0, 3, 0, 4,
    5, 0, 0, 0, 6, 7, 0, 0,
    8, 9, 0, 10, 0, 11, 3, 12,
    13, 14, 15, 0, 0, 0, 0, 0,
    0, 0, 16, 17, 17, 0, 17, 18,
    0, 16, 0, 0, 19, 0, 16, 20,
    17, 17, 0, 0, 21, 22, 0, 23,
    23, 24, 23, 0, 0, 0, 0, 0,
    0, 0, 0, 0, 0, 0, 0, 0,
    0, 0, 0, 0, 0, 0, 0, 0,
    0, 0, 0, 0, 0, 0, 0, 0,
    0, 0, 0, 0, 0, 0, 0, 25,
    25, 25, 25, 25, 25, 0, 0, 0,
    0, 0, 0, 0, 0, 0, 0, 3,
    0, 3, 3, 3, 3, 3, 0, 3,
    3, 3, 3, 3, 26, 0, 0, 16,
    16, 16, 16, 16, 16, 17, 17, 17,
    17, 17, 17, 0, 0, 0, 0, 0,
    16, 17, 17, 17, 17, 17, 0, 17,
    0, 0, 0, 0, 23, 17, 23, 25,
    16, 25, 16, 27, 28, 0, 17, 0,
    17, 0, 17, 0, 17, 3, 29, 3,
    0, 0, 17, 0, 17, 30, 31, 0,
    0, 0, 0, 0, 0, 0, 0, 0,
    0, 0, 0, 0, 0, 0, 0, 30,
    32, 0, 0, 0, 0, 0, 0, 0,
    19, 0, 0, 0, 0, 0, 29, 0,
    0, 0, 16, 0, 16, 0, 16, 0,
    0, 3, 17, 3, 17, 0, 17, 0,
    0, 0, 0, 0, 0, 0, 0, 0,
    0, 0, 0, 0, 0, 26, 33, 3,
    0, 3, 0, 3, 0, 3, 0, 3,
    30, 26, 23, 26, 23, 26, 0, 0,
    0, 0, 0, 0, 0, 0, 0, 34,
    0, 0, 0, 35, 0, 0, 0
};

/*Map glyph_ids to kern right classes*/
static const uint8_t kern_right_class_mapping[] =
{
    0, 0, 1, 1, 0, 0, 0, 0,
    1, 0, 2, 1, 0, 0, 0, 0,
    0, 0, 0, 0, 0, 0, 0, 0,
    0, 0, 0, 0, 0, 0, 0, 0,
    1, 0, 3, 0, 4, 0, 0, 0,
    5, 0, 6, 0, 0, 0, 0, 0,
    7, 0, 0, 0, 0, 8, 0, 9,
    10, 0, 11, 0, 0, 0, 1, 0,
    0, 0, 12, 0, 12, 12, 12, 13,
    12, 13, 13, 14, 13, 13, 15, 15,
    12, 15, 12, 15, 16, 13, 15, 17,
    17, 18, 17, 19, 0, 0, 1, 0,
    0, 0, 0, 0, 0, 0, 0, 0,
    0, 0, 0, 0, 0, 0, 0, 0,
    0, 0, 0, 0, 0, 0, 0, 0,
    0, 0, 0, 0, 0, 0, 0, 20,
    20, 20, 20, 20, 20, 20, 0, 0,
    0, 0, 0, 0, 0, 0, 0, 0,
    0, 0, 0, 0, 0, 0, 0, 0,
    0, 0, 0, 0, 21, 0, 0, 12,
    12, 12, 12, 13, 12, 12, 12, 12,
    12, 12, 12, 13, 13, 13, 13, 12,
    15, 12, 12, 12, 12, 12, 0, 12,
    15, 15, 15, 15, 17, 0, 17, 20,
    12, 20, 12, 20, 12, 0, 12, 0,
    12, 0, 12, 0, 12, 0, 12, 0,
    12, 0, 12, 0, 12, 0, 12, 0,
    13, 0, 0, 0, 12, 0, 12, 0,
    12, 0, 0, 0, 13, 0, 13, 0,
    0, 0, 0, 0, 0, 0, 0, 0,
    13, 0, 13, 0, 13, 0, 13, 0,
    13, 0, 15, 0, 15, 0, 15, 0,
    15, 0, 12, 0, 12, 0, 12, 0,
    15, 0, 15, 0, 15, 0, 15, 0,
    15, 0, 15, 0, 15, 21, 13, 0,
    15, 0, 15, 0, 15, 0, 15, 0,
    15, 21, 17, 21, 17, 21, 0, 15,
    0, 15, 0, 15, 0, 0, 0, 22,
    0, 1, 1, 0, 0, 0, 0
};

/*Kern values between classes*/
static const int8_t kern_class_values[] =
{
    0, 0, 0, 0, 0, 0, 0, 0,
    0, 0, 0, -2, 0, 0, -1, -1,
    0, 0, -1, 0, 0, 0, 0, 0,
    0, -6, -8, 0, -6, -6, -14, -12,
    -5, -2, 0, 0, 0, 0, -5, 0,
    0, 0, 0, 0, 0, 0, 0, 0,
    0, 0, 0, -3, -3, -3, -3, 0,
    0, 0, 0, 0, 0, 0, 0, 0,
    -3, 0, 0, 0, 0, 0, 0, 0,
    0, 0, 0, 0, 0, -2, 0, -1,
    -3, -3, -1, 0, -3, 0, 0, 0,
    0, 0, -3, 0, 0, -4, 0, 0,
    0, 0, 0, 0, 0, 0, 0, 0,
    0, 0, 0, 0, 0, 0, 0, 0,
    0, 0, 0, 0, 0, 0, 0, 0,
    0, -4, 0, 0, -1, -1, -4, 0,
    -1, 0, 0, 0, 0, 0, 0, 0,
    0, 0, -5, -21, 0, 0, -6, 0,
    0, 0, 0, 0, -2, 0, 0, 0,
    0, 0, 0, 0, 0, 0, 0, 0,
    0, -3, -3, -3, -4, 0, 0, 0,
    0, 0, 0, 0, 0, 0, -3, 0,
    0, 0, 0, 0, 0, 0, 0, 0,
    0, 0, 0, -3, 0, 0, -1, -1,
    0, 0, -1, 0, 0, 0, 0, 0,
    1, 0, 0, 0, 0, -2, 0, 0,
    0, 0, 0, 0, 0, 0, -2, 0,
    0, 0, 0, 0, 0, 0, -18, 0,
    0, 0, 0, 0, 0, 0, 0, -17,
    0, 0, -12, -12, -5, 0, -9, 0,
    0, 0, 0, 0, -14, 0, 0, 0,
    -2, 0, 0, 0, 0, -11, 0, 0,
    -2, -2, 0, 0, -2, 0, 0, 0,
    0, 0, -12, 0, 0, 0, 0, 0,
    0, 0, 0, -11, 0, 0, -2, -2,
    0, 0, -2, 0, 0, 0, 0, 0,
    0, 0, 0, 0, 0, 0, 0, 0,
    0, -7, 0, 0, 0, 0, -4, 0,
    0, 0, 0, 0, 0, 0, 0, 0,
    0, 0, 0, 0, 0, 0, 0, -18,
    0, 0, -9, -9, -5, 0, -10, 0,
    0, 0, 0, 0, 0, 0, 0, 0,
    0, 0, 0, 0, 0, 0, 0, 0,
    0, 0, -2, 0, 0, 0, 0, 0,
    0, -2, 0, 0, 0, 0, 0, 0,
    0, 0, 0, 0, 0, 0, 0, 0,
    -4, -2, 0, 0, 0, 0, 0, 0,
    0, 0, 0, 0, 0, 0, 0, 0,
    0, -2, 0, 0, 0, 0, 0, 0,
    0, 0, 0, 0, 0, -1, 0, 0,
    0, 0, 0, 0, 0, 0, 0, -4,
    0, 0, 0, 0, 0, 0, 0, 0,
    0, 0, 0, -1, 0, 0, 0, 0,
    0, 0, 0, 0, 0, 0, 0, 0,
    0, 0, -2, 0, 0, 0, 0, 0,
    0, 0, 0, 0, 0, 0, 0, 0,
    0, 0, 0, 0, 0, 0, 0, 0,
    0, 0, 0, 0, 0, 0, 0, 0,
    0, 0, 0, 0, 0, 0, 0, 0,
    0, -1, 0, 0, 0, 0, 0, 0,
    0, 0, 0, 0, 0, 0, 0, 0,
    0, 0, 0, 0, 0, 0, 0, -4,
    0, 0, 0, 0, 0, 0, 0, 0,
    0, 7, 0, 0, 0, 0, 0, 0,
    0, 0, 0, 0, 0, -2, 0, 0,
    0, 0, 0, 0, 0, 0, 0, 0,
    0, 0, 0, 0, 0, 0, 0, 0,
    0, 0, 0, 0, 0, 0, 0, 0,
    -5, 0, 0, 0, 0, 0, 0, 0,
    0, 0, 0, 0, 0, 0, 0, 0,
    0, -8, 0, 0, 0, 0, 0, 0,
    0, 0, 0, 0, 0, 0, 0, 0,
    0, 0, 0, 0, 0, 0, 0, 0,
    0, 30, 0, 0, 0, 0, 0, 0,
    0, 0, 0, 0, 0, 0, 0, 0,
    0, 0, 0, 0, 0, 0, 0, 16,
    0, 0, -2, 0, 0, 0, 0, 0,
    23, 23, 0, 0, 0, 0, 0, 0,
    0, 0, 0, 0, 23, 0, 0, 0,
    0, 0, 0, 0, 0, 0, 0, 0,
    0, 0, 0, 0, 0, 0, 0, 0,
    0, 0, 0, 9, 0, 0, 0, 0,
    0, 0, 0, 0, 0, 0, 0, 0,
    0, 0, 0, 0, 0, 0, 0, 0,
    0, 16, 0, 0, 0, 0, 0, 0,
    0, 0, 0, 0, 0, 0, 0, 0,
    0, 0, 0, 0, 0, 0, 0, 8,
    0, 0, 0, 0, 0, 0, 0, 0,
    0, 0, 0, 0, 0, 0, 0, 0,
    0, 0, 0, -1, 25, 0, 0, 0,
    0, 0, 0, 0, 0, 0, 0, 0,
    0, 0, 0, 0, 0, 0, 0, 0,
    0, 0, 0, 0, 0, -19, 0, 0,
    0, 0, 0, 0, 0, 0, 8, 0,
    0, 0, 0, 0, 0, 0, 0, 0,
    0, 0, 0, 0, 0, 0, 0, 8,
    0, 0
};


/*Collect the kern class' data in one place*/
static const lv_font_fmt_txt_kern_classes_t kern_classes =
{
    .class_pair_values   = kern_class_values,
    .left_class_mapping  = kern_left_class_mapping,
    .right_class_mapping = kern_right_class_mapping,
    .left_class_cnt      = 35,
    .right_class_cnt     = 22,
};

/*--------------------
 *  ALL CUSTOM DATA
 *--------------------*/

#if LVGL_VERSION_MAJOR == 8
/*Store all the custom data of the font*/
static  lv_font_fmt_txt_glyph_cache_t cache;
#endif

#if LVGL_VERSION_MAJOR >= 8
static const lv_font_fmt_txt_dsc_t font_dsc = {
#else
static lv_font_fmt_txt_dsc_t font_dsc = {
#endif
    .glyph_bitmap = glyph_bitmap,
    .glyph_dsc = glyph_dsc,
    .cmaps = cmaps,
    .kern_dsc = &kern_classes,
    .kern_scale = 16,
    .cmap_num = 7,
    .bpp = 4,
    .kern_classes = 1,
    .bitmap_format = 0,
#if LVGL_VERSION_MAJOR == 8
    .cache = &cache
#endif
};



/*-----------------
 *  PUBLIC FONT
 *----------------*/

/*Initialize a public general font descriptor*/
#if LVGL_VERSION_MAJOR >= 8
const lv_font_t fig_md_17 = {
#else
lv_font_t fig_md_17 = {
#endif
    .get_glyph_dsc = lv_font_get_glyph_dsc_fmt_txt,    /*Function pointer to get glyph's data*/
    .get_glyph_bitmap = lv_font_get_bitmap_fmt_txt,    /*Function pointer to get glyph's bitmap*/
    .line_height = 22,          /*The maximum line height required by the font*/
    .base_line = 5,             /*Baseline measured from the bottom of the line*/
#if !(LVGL_VERSION_MAJOR == 6 && LVGL_VERSION_MINOR == 0)
    .subpx = LV_FONT_SUBPX_NONE,
#endif
#if LV_VERSION_CHECK(7, 4, 0) || LVGL_VERSION_MAJOR >= 8
    .underline_position = -2,
    .underline_thickness = 1,
#endif
    .dsc = &font_dsc,          /*The custom font data. Will be accessed by `get_glyph_bitmap/dsc` */
#if LV_VERSION_CHECK(8, 2, 0) || LVGL_VERSION_MAJOR >= 9
    .fallback = NULL,
#endif
    .user_data = NULL,
};



#endif /*#if FIG_MD_17*/

